TIMESTAMP,RECORD,BattV_Min,AirTC_Avg,RH,DT_Avg,Q_Avg,TCDT_Avg,DBTCDT_Avg,BP_mbar_Avg,CM3Up_Avg,CM3Dn_Avg,CG3Up_Avg,CG3Dn_Avg,Albedo_Avg,NetRs_Avg,NetRl_Avg,NetTot_Avg,WS_ms_Avg,WS_ms_Max,WindDir,WS_ms_S_WVT,WindDir_D1_WVT,WindDir_SD1_WVT,UpTot_Avg,DnTot_Avg,CG3UpCo_Avg,CG3DnCo_Avg
2022-10-09 00:00:00,6,13.3669230769231,7.68961538461538,22.3538461538462,2.39769230769231,225.961538461538,2.43123076923077,0.0173846153846154,181.925609,NaN,-1423.7,NaN,NaN,NaN,NaN,NaN,NaN,0.529,1.18107692307692,254.007692307692,0.529,179.715384615385,31.0092307692308,NaN,NaN,NaN,NaN
2022-10-10 00:00:00,24.5,13.4904166666667,6.05104166666667,40.3791666666667,2.40425,243.995833333333,2.43075,0.0186875,NaN,NaN,NaN,NaN,NaN,NaN,NaN,NaN,NaN,1.34554166666667,2.371375,240.7875,1.34554166666667,223.845833333333,29.6915833333333,NaN,NaN,NaN,NaN
2022-10-11 00:00:00,48.5,13.5195833333333,5.23129166666667,40.6620833333333,2.409375,216.604166666667,2.43229166666667,0.0177083333333333,NaN,NaN,NaN,NaN,NaN,NaN,NaN,NaN,NaN,2.66366666666667,4.32616666666667,230.091666666667,2.66366666666667,218.3,34.415,NaN,NaN,NaN,NaN
2022-10-12 00:00:00,72.5,13.5204166666667,4.45575,46.055,2.41470833333333,199.808333333333,2.43420833333333,0.0154166666666667,NaN,NaN,NaN,NaN,NaN,NaN,NaN,NaN,NaN,2.28116666666667,3.72241666666667,225.133333333333,2.28120833333333,223.75,30.4345833333333,NaN,NaN,NaN,NaN
2022-10-13 00:00:00,96.5,13.5654166666667,2.84608333333333,51.6245833333333,2.42183333333333,200.654166666667,2.43433333333333,0.0154583333333333,NaN,NaN,NaN,NaN,NaN,NaN,NaN,NaN,NaN,1.03329166666667,2.12154166666667,181.407916666667,1.03329166666667,194.725,54.7391666666667,NaN,NaN,NaN,NaN
2022-10-14 00:00:00,120.5,13.5120833333333,5.38358333333333,31.30125,2.41145833333333,199.991666666667,2.435,0.0150416666666667,NaN,NaN,NaN,NaN,NaN,NaN,NaN,NaN,NaN,2.131,3.40525,222.183333333333,2.131,226.454166666667,27.7304166666667,NaN,NaN,NaN,NaN
2022-10-15 00:00:00,144.5,13.53375,4.94054166666667,44.7425,2.413125,199.495833333333,2.43475,0.0152916666666667,NaN,NaN,NaN,NaN,NaN,NaN,NaN,NaN,NaN,1.1535,2.19866666666667,172.915916666667,1.1535,155.477083333333,39.9145833333333,NaN,NaN,NaN,NaN
2022-10-16 00:00:00,168.5,13.4595833333333,1.72720833333333,69.7945833333333,2.4265,201.733333333333,2.434,0.016125,NaN,NaN,NaN,NaN,NaN,NaN,NaN,NaN,NaN,0.396916666666667,1.03279166666667,163.747,0.396916666666667,146.613333333333,30.0995,NaN,NaN,NaN,NaN
2022-10-17 00:00:00,192.5,13.48,3.87908333333333,43.6070833333333,2.4185,202.733333333333,2.43529166666667,0.015,NaN,NaN,NaN,NaN,NaN,NaN,NaN,NaN,NaN,0.370125,0.907916666666667,234.696666666667,0.370125,212.207916666667,22.299125,NaN,NaN,NaN,NaN
2022-10-18 00:00:00,216.5,13.4770833333333,4.76475,30.6566666666667,2.41541666666667,203.420833333333,2.436125,0.01425,NaN,NaN,NaN,-221.734,429.133333333333,NaN,NaN,-919.333333333333,NaN,0.420375,1.00183333333333,172.885833333333,0.420375,177.7375,26.5763333333333,NaN,NaN,NaN,NaN
2022-10-19 00:00:00,240.5,13.4633333333333,6.86258333333333,25.6958333333333,2.40654166666667,202.333333333333,2.436375,0.0135416666666667,NaN,NaN,NaN,NaN,NaN,NaN,NaN,NaN,NaN,0.580791666666666,1.428625,234.11375,0.580791666666666,234.133333333333,52.72625,NaN,NaN,NaN,NaN
2022-10-20 00:00:00,264.5,13.4758333333333,7.04583333333333,25.9129166666667,2.405125,201.1625,2.43591666666667,0.014,NaN,NaN,NaN,NaN,NaN,NaN,NaN,NaN,NaN,1.69908333333333,2.92904166666667,224.5,1.69908333333333,221.966666666667,35.0766666666667,NaN,NaN,NaN,NaN
2022-10-21 00:00:00,288.5,13.5445833333333,5.48458333333333,29.6779166666667,2.41104166666667,199.4625,2.43508333333333,0.0147083333333333,NaN,NaN,NaN,NaN,NaN,NaN,NaN,NaN,NaN,2.799,4.27158333333333,222.6,2.799,225.204166666667,27.8279166666667,NaN,NaN,NaN,NaN
2022-10-22 00:00:00,312.5,13.5379166666667,5.000125,37.07375,2.41191666666667,204.4875,2.433875,0.0159583333333333,NaN,NaN,NaN,NaN,NaN,NaN,NaN,NaN,NaN,3.71166666666667,5.60375,215.525,3.71166666666667,216.070833333333,26.3966666666667,NaN,NaN,NaN,NaN
2022-10-23 00:00:00,336.5,13.40875,-1.97425,79.5041666666667,2.36033333333333,242.145833333333,2.35220833333333,0.025421875,NaN,NaN,NaN,NaN,-195.925,NaN,NaN,NaN,NaN,2.12291666666667,3.81295833333333,232.358333333333,2.12291666666667,225.904166666667,32.13,NaN,NaN,NaN,NaN
2022-10-24 00:00:00,360.5,13.51375,-9.66033333333333,82.7929166666667,2.3175,255.445833333333,2.276,0.0433211805555556,NaN,NaN,NaN,NaN,-88.192,NaN,NaN,NaN,NaN,2.44929166666667,4.05008333333333,227.295833333333,2.44929166666667,214.929166666667,29.8133333333333,NaN,NaN,NaN,NaN
2022-10-25 00:00:00,384.5,13.5,-5.93229166666667,80.3875,2.41329166666667,249.429166666667,2.38683333333333,0.048209530651341,NaN,NaN,NaN,-100.055,169.465,NaN,NaN,-407.5,NaN,2.81383333333333,4.15229166666667,223.2,2.81383333333333,218.483333333333,19.5895833333333,NaN,NaN,NaN,NaN
2022-10-26 00:00:00,408.5,13.10375,-4.18166666666667,79.61875,2.37233333333333,263.079166666667,2.354125,0.0834913793103448,NaN,NaN,NaN,-134.984285714286,172.922222222222,NaN,NaN,-762.46,NaN,1.6305,2.81779166666667,218.904166666667,1.6305,224.720833333333,28.4908333333333,NaN,NaN,NaN,NaN
2022-10-27 00:00:00,432.5,13.07375,-6.54954166666667,85.8625,2.30658333333333,236.804166666667,2.27883333333333,0.121389367816092,NaN,NaN,NaN,NaN,-340.582,NaN,NaN,NaN,NaN,0.8125,1.63558333333333,173.8375,0.8125,138.894166666667,31.47,NaN,NaN,NaN,NaN
2022-10-28 00:00:00,456.5,13.4645833333333,-0.728708333333333,34.4329166666667,2.34383333333333,218.466666666667,2.34066666666667,0.108791666666667,NaN,NaN,NaN,NaN,NaN,NaN,NaN,NaN,NaN,2.78504166666667,4.05504166666667,199.05,2.78504166666667,193.658333333333,20.74125,NaN,NaN,NaN,NaN
2022-10-29 00:00:00,480.5,13.60375,0.401166666666667,31.0004166666667,2.36979166666667,220.220833333333,2.3715,0.0780416666666666,NaN,NaN,NaN,-262.64,354.36,NaN,NaN,-890.333333333333,NaN,1.49270833333333,2.40108333333333,221.42875,1.49270833333333,217.576708333333,22.2890833333333,NaN,NaN,NaN,NaN
2022-10-30 00:00:00,504.5,13.5408333333333,-0.996291666666667,50.05125,2.379625,223.475,2.37520833333333,0.075,NaN,NaN,NaN,-352.976666666667,-39.6463636363636,NaN,NaN,-928,NaN,0.796166666666667,1.61095833333333,227.387375,0.796166666666667,232.057083333333,33.9687083333333,NaN,NaN,NaN,NaN
2022-10-31 00:00:00,528.5,13.5429166666667,-0.228166666666667,50.4879166666667,2.38958333333333,206.15,2.38841666666667,0.0625416666666667,NaN,NaN,NaN,-706.1,-144.433333333333,NaN,NaN,-966,NaN,2.45233333333333,3.7825,201.6875,2.45233333333333,189.616666666667,26.7216666666667,NaN,NaN,NaN,NaN
2022-11-01 00:00:00,552.5,13.5291666666667,3.162,36.6783333333333,2.38441666666667,203.404166666667,2.39820833333333,0.05275,NaN,NaN,NaN,NaN,NaN,NaN,NaN,NaN,NaN,2.57666666666667,4.01995833333333,215.154166666667,2.57666666666667,214.195833333333,25.19875,NaN,NaN,NaN,NaN
2022-11-02 00:00:00,576.5,13.49875,2.664125,32.8379166666667,2.40495833333333,206.1875,2.41658333333333,0.0334166666666667,NaN,NaN,NaN,NaN,NaN,NaN,NaN,NaN,NaN,2.25466666666667,4.01216666666667,223.929166666667,2.25466666666667,223.829166666667,28.93375,NaN,NaN,NaN,NaN
2022-11-03 00:00:00,600.5,13.415,-3.81033333333333,73.6516666666667,2.41895833333333,218.5875,2.40225,0.0198946078431373,NaN,NaN,NaN,NaN,-52.88,NaN,NaN,NaN,NaN,1.18579166666667,2.35025,177.405291666667,1.18579166666667,185.912333333333,33.4814583333333,NaN,NaN,NaN,NaN
2022-11-04 00:00:00,624.5,13.3595833333333,-10.26025,78.9054166666667,2.311625,266.933333333333,2.26783333333333,0.0285,NaN,NaN,NaN,NaN,-352.25,NaN,NaN,NaN,NaN,2.13645833333333,3.57958333333333,205.949583333333,2.13645833333333,211.016666666667,36.4358333333333,NaN,NaN,NaN,NaN
2022-11-05 00:00:00,647.708333333333,13.1470833333333,-5.38604166666667,89.3833333333333,2.3145,263.791666666667,2.292,0.0383823529411765,178.848170666667,NaN,NaN,NaN,NaN,NaN,NaN,NaN,NaN,2.91679166666667,4.69716666666667,222.691666666667,2.91679166666667,226.283333333333,34.4945833333333,NaN,NaN,NaN,NaN
2022-11-06 00:00:00,671.5,13.0383333333333,-5.098,84.2354166666667,2.31045833333333,286.016666666667,2.28866666666667,0.0482647058823529,50.91127,NaN,NaN,NaN,NaN,NaN,NaN,NaN,NaN,1.79329166666667,3.32620833333333,220.139166666667,1.79329166666667,215.63125,36.3420833333333,NaN,NaN,NaN,NaN
2022-11-07 00:00:00,695.5,13.4754166666667,3.65945833333333,49.9045833333333,2.32429166666667,239.145833333333,2.33995833333333,0.0576388888888889,NaN,NaN,NaN,NaN,NaN,NaN,NaN,NaN,NaN,1.98475,3.68941666666667,227.27375,1.98475,216.302916666667,34.4245833333333,NaN,NaN,NaN,NaN
2022-11-08 00:00:00,719.5,13.4858333333333,4.35875,27.4054166666667,2.37729166666667,227.495833333333,2.39620833333333,0.0514861111111111,NaN,NaN,NaN,NaN,NaN,NaN,NaN,NaN,NaN,2.65941666666667,4.548625,208.879166666667,2.65941666666667,219.9875,31.90875,NaN,NaN,NaN,NaN
2022-11-09 00:00:00,743.5,13.5058333333333,1.541125,40.6591666666667,2.253875,225.725,2.26254166666667,0.0423253205128205,NaN,NaN,NaN,NaN,NaN,NaN,NaN,NaN,NaN,2.73741666666667,4.785,215.504166666667,2.73741666666667,218.291666666667,33.7695833333333,NaN,NaN,NaN,NaN
2022-11-10 00:00:00,767.5,13.2325,-11.2133333333333,83.64875,2.060625,282.475,2.01741666666667,0.0440576923076923,NaN,NaN,NaN,NaN,NaN,NaN,NaN,NaN,NaN,2.025875,3.53570833333333,209.395791666667,2.025875,223.616666666667,35.6941666666667,NaN,NaN,NaN,NaN
2022-11-11 00:00:00,791.5,13.4525,-12.5275,73.4879166666667,2.22941666666667,263.083333333333,2.17670833333333,0.0505192307692308,NaN,NaN,NaN,NaN,NaN,NaN,NaN,NaN,NaN,2.19758333333333,3.52570833333333,187.695833333333,2.19758333333333,187.2625,33.6004166666667,NaN,NaN,NaN,NaN
2022-11-12 00:00:00,815.5,13.54625,-5.04020833333333,32.0154166666667,2.373375,279.95,2.35129166666667,0.0565769230769231,NaN,NaN,NaN,NaN,-637.15,NaN,NaN,NaN,NaN,1.84079166666667,3.21633333333333,199.511625,1.84079166666667,194.305833333333,29.8670833333333,NaN,NaN,NaN,NaN
2022-11-13 00:00:00,839.5,13.57375,-5.496125,52.84625,2.389,238.341666666667,2.364875,0.0788371212121212,NaN,NaN,NaN,NaN,-238.6,NaN,NaN,NaN,NaN,1.7745,2.84579166666667,190.692625,1.7745,180.085833333333,27.585,NaN,NaN,NaN,NaN
2022-11-14 00:00:00,863.5,13.5920833333333,-11.9587916666667,75.7479166666667,2.23425,277.525,2.18483333333333,0.0865454545454546,NaN,NaN,NaN,NaN,127.7,NaN,NaN,NaN,NaN,0.520791666666667,1.2025,179.752708333333,0.520791666666667,163.792083333333,37.2337083333333,NaN,NaN,NaN,NaN
2022-11-15 00:00:00,887.5,13.285,-14.5695833333333,78.7120833333333,1.44370833333333,219.157916666667,1.403625,0.0909090909090909,NaN,NaN,NaN,NaN,NaN,NaN,NaN,NaN,NaN,1.147625,2.24520833333333,178.389583333333,1.147625,178.209583333333,39.0958333333333,NaN,NaN,NaN,NaN
2022-11-16 00:00:00,911.5,13.2775,-12.6254166666667,76.6070833333333,2.25004166666667,273.679166666667,2.19733333333333,0.09525,NaN,NaN,NaN,NaN,NaN,NaN,NaN,NaN,NaN,1.88370833333333,3.306875,220.133333333333,1.88370833333333,208.858333333333,35.6604166666667,NaN,NaN,NaN,NaN
2022-11-17 00:00:00,935.5,12.9041666666667,-12.8395833333333,83.7208333333333,2.10325,270.333333333333,2.05366666666667,0.118022727272727,NaN,NaN,NaN,NaN,NaN,NaN,NaN,NaN,NaN,1.55429166666667,2.74129166666667,200.167083333333,1.55429166666667,190.89875,28.3720833333333,NaN,NaN,NaN,NaN
2022-11-18 00:00:00,959.5,13.2483333333333,-15.5379166666667,70.8358333333334,2.10295833333333,282.716666666667,2.04170833333333,0.158386363636364,NaN,NaN,NaN,NaN,NaN,NaN,NaN,NaN,NaN,1.12079166666667,2.18958333333333,207.3825,1.12079166666667,180.651666666667,46.4445833333333,NaN,NaN,NaN,NaN
2022-11-19 00:00:00,983.5,13.3358333333333,-10.4903333333333,45.3370833333333,2.2785,262.491666666667,2.23404166666667,0.197278409090909,NaN,NaN,NaN,NaN,251.4,NaN,NaN,NaN,NaN,2.11579166666667,3.4355,198.175,2.11579166666667,201.9,35.1804166666667,NaN,NaN,NaN,NaN
2022-11-20 00:00:00,1007.5,13.5375,-6.18429166666667,32.99125,2.25804166666667,236.9875,2.23216666666667,0.189,NaN,NaN,NaN,NaN,NaN,NaN,NaN,NaN,NaN,2.39308333333333,3.91716666666667,179.474583333333,2.39308333333333,191.366666666667,41.6429166666667,NaN,NaN,NaN,NaN
2022-11-21 00:00:00,1031.5,13.55625,-2.75229166666667,21.06875,2.07266666666667,256.054166666667,2.06233333333333,0.261078125,NaN,NaN,NaN,NaN,-23.35,NaN,NaN,NaN,NaN,2.21370833333333,3.226625,218.091666666667,2.21370833333333,208.691666666667,22.6095833333333,NaN,NaN,NaN,NaN
2022-11-22 00:00:00,1055.5,13.5429166666667,-3.12870833333333,19.8820833333333,2.04691666666667,260.695833333333,2.03629166666667,0.200828125,NaN,NaN,NaN,NaN,-284,NaN,NaN,NaN,NaN,1.82783333333333,3.07545833333333,206.175833333333,1.82783333333333,212.654166666667,28.7541666666667,NaN,NaN,NaN,NaN
2022-11-23 00:00:00,1079.5,13.4833333333333,-6.305,51.0525,2.24533333333333,248.754166666667,2.21983333333333,0.134517307692308,NaN,NaN,NaN,NaN,-113.76,NaN,NaN,NaN,NaN,1.82858333333333,3.02970833333333,240.9,1.82858333333333,225.741666666667,37.9108333333333,NaN,NaN,NaN,NaN
2022-11-24 00:00:00,1103.5,13.3229166666667,-8.538,76.5320833333333,2.18654166666667,279.416666666667,2.15220833333333,0.142761538461538,NaN,NaN,NaN,NaN,NaN,NaN,NaN,NaN,NaN,0.43825,1.12645833333333,176.364583333333,0.43825,152.219166666667,45.5925,NaN,NaN,NaN,NaN
2022-11-25 00:00:00,1127.5,13.4445833333333,0.344083333333333,43.3125,2.24920833333333,291.825,2.25041666666667,0.152730769230769,NaN,NaN,NaN,-38.01,-358.7,NaN,NaN,320.7,NaN,0.590125,1.140375,197.01,0.590125,222.611666666667,27.95,NaN,NaN,NaN,NaN
2022-11-26 00:00:00,1151.5,13.5670833333333,-2.31954166666667,57.87375,2.305625,244.508333333333,2.295625,0.166085242771413,NaN,NaN,NaN,NaN,NaN,NaN,NaN,NaN,NaN,1.469125,2.693125,193.042083333333,1.469125,194.179166666667,41.53625,NaN,NaN,NaN,NaN
2022-11-27 00:00:00,587.409090909091,13.3027272727273,-7.8845,79.0681818181818,2.08136363636364,268.45,2.051,0.194667553191489,347.873154083333,74.497,72.6230909090909,-67.3290909090909,-10.3920909090909,0.0768750000000001,1.87681818181818,-56.9372727272727,-55.0596363636364,1.87263636363636,3.26681818181818,194.097272727273,1.87263636363636,179.336818181818,42.995,NaN,NaN,NaN,NaN
2022-11-28 00:00:00,23.5,13.3029166666667,-7.41375,71.6166666666667,2.06041666666667,275.720833333333,2.03245833333333,0.224922872340426,339.880870833333,18.7191666666667,14.0612916666667,-13.9790833333333,-3.99108333333333,Inf,4.65891666666667,-9.98754166666667,-5.3295,2.54733333333333,4.49145833333333,218.329166666667,2.54733333333333,202.521666666667,36.66625,NaN,NaN,NaN,NaN
2022-11-29 00:00:00,47.5,12.7745833333333,-15.4633333333333,83.6233333333333,1.30166666666667,289.854166666667,1.26475,0.255178191489362,344.1657125,12.2177083333333,22.7371666666667,-7.71054166666667,-1.66908333333333,Inf,-10.519125,-6.04166666666667,-16.5607916666667,1.561625,2.78545833333333,187.854583333333,1.561625,193.189583333333,47.5116666666667,NaN,NaN,NaN,NaN
2022-11-30 00:00:00,71.5,13.3495833333333,-7.49666666666667,52.7795833333333,1.93829166666667,266.095833333333,1.91275,0.285433510638298,340.6219875,79.05025,80.6010833333333,-73.4045833333333,-15.578,0.0620526315789473,-1.54854166666667,-57.8258333333333,-59.3775,3.16483333333333,4.740375,226.016666666667,3.16483333333333,220.733333333333,23.59375,NaN,NaN,NaN,NaN
2022-12-01 00:00:00,95.5,13.55375,-2.18041666666667,46.09125,2.17591666666667,256.191666666667,2.16716666666667,0.315688829787234,336.3590125,87.4839166666667,93.51125,-87.3358333333333,-19.3658333333333,Inf,-6.031375,-67.9645833333333,-73.9925,3.62066666666667,5.560375,211.204166666667,3.62066666666667,217.0875,27.2133333333333,NaN,NaN,NaN,NaN
2022-12-02 00:00:00,119.5,12.9416666666667,-9.45379166666667,80.04625,1.4065,276.67,1.38654166666667,0.34594414893617,340.408233333333,13.3297916666667,11.5553333333333,-23.6139583333333,-5.819,-Inf,1.774,-17.7978333333333,-16.0246666666667,2.65945833333333,4.579125,192.459166666667,2.65945833333333,212.645833333333,47.35125,NaN,NaN,NaN,NaN
2022-12-03 00:00:00,143.5,13.4283333333333,-6.05175,62.7020833333333,1.1,214.7125,1.09116666666667,0.376199468085106,340.123841666667,35.0487916666667,30.3495,-43.73475,-13.713625,Inf,4.69733333333333,-30.02375,-25.3260833333333,1.624125,2.88379166666667,216.945833333333,1.624125,224.479166666667,29.6554166666667,NaN,NaN,NaN,NaN
2022-12-04 00:00:00,167.5,13.4695833333333,-1.30945833333333,78.30375,2.10479166666667,242.516666666667,2.09975,0.397974734042553,336.464720833333,50.5785416666666,53.326625,-23.08825,-6.26770833333333,1230.90630769231,-2.74429166666667,-16.819875,-19.562875,2.47208333333333,4.005125,218.075,2.47208333333333,216.854166666667,29.50875,NaN,NaN,NaN,NaN
2022-12-05 00:00:00,191.5,12.9679166666667,-4.966375,87.0083333333333,1.89929166666667,274.591666666667,1.88225,0.438866869918699,338.4960625,17.4020833333333,13.9310416666667,-9.059375,-2.873625,0.753692307692308,3.471625,-6.18558333333333,-2.713125,2.116875,3.87670833333333,208.7625,2.116875,210.058333333333,37.4454166666667,NaN,NaN,NaN,NaN
2022-12-06 00:00:00,215.5,12.8208333333333,-10.0170833333333,84.785,1.87308333333333,270.9125,1.83829166666667,0.522216463414634,341.406045833333,17.1172916666667,23.3284583333333,-0.0908333333333333,-6.16291666666667,NaN,-6.21058333333333,6.07108333333333,-0.138916666666666,1.17233333333333,2.36308333333333,225.829166666667,1.17233333333333,214.608333333333,39.9,NaN,NaN,NaN,NaN
2022-12-07 00:00:00,239.5,13.2483333333333,-6.21295833333333,68.5070833333333,1.98658333333333,269.675,1.96375,0.536511029411765,340.210541666667,40.376875,50.823,-28.4176666666667,-15.73325,Inf,-10.4415833333333,-12.6869583333333,-23.1269583333333,2.175,3.26129166666667,231.241666666667,2.175,228.754166666667,22.8075,NaN,NaN,NaN,NaN
2022-12-08 00:00:00,263.5,13.4791666666667,-10.0182083333333,77.5425,1.70620833333333,266.704166666667,1.67504166666667,0.558277788252053,342.025866666667,26.6990416666667,24.1702916666667,-47.959125,-10.224,-500.1381875,2.53445833333333,-37.7359583333333,-35.199,2.60420833333333,3.917875,223.9875,2.60420833333333,225.166666666667,23.7770833333333,NaN,NaN,NaN,NaN
2022-12-09 00:00:00,287.5,13.5408333333333,-8.19020833333333,50.5608333333333,1.8525,270.725,1.82441666666667,0.571826923076923,341.022066666667,50.5157083333333,49.8266666666667,-62.3284583333333,-15.1743333333333,-470.519882352941,0.689874999999998,-47.1560416666667,-46.469375,2.73908333333333,4.09429166666667,215.166666666667,2.73908333333333,220.008333333333,26.7175,NaN,NaN,NaN,NaN
2022-12-10 00:00:00,311.5,13.5520833333333,-5.650625,42.165,1.99933333333333,272.516666666667,1.97829166666667,0.582185897435897,339.132833333333,82.3433333333333,99.4228333333333,-88.335,-20.70275,0.232157894736842,-17.0770833333333,-67.6295833333333,-84.7133333333333,2.93883333333333,4.4055,218.979166666667,2.93883333333333,220.733333333333,22.7583333333333,NaN,NaN,NaN,NaN
2022-12-11 00:00:00,335.5,13.56,-1.006,22.5954166666667,2.014625,255.108333333333,2.01079166666667,0.592544871794872,335.4650875,84.8485,97.6364166666666,-92.5583333333333,-28.5145833333333,Inf,-12.798125,-64.035,-76.8333333333333,2.1085,3.843125,215.016666666667,2.1085,224.179166666667,36.91375,NaN,NaN,NaN,NaN
2022-12-12 00:00:00,359.5,13.4491666666667,-3.76170833333333,46.98875,2.031375,269.116666666667,2.01725,0.602903846153846,336.2203125,66.9547083333333,73.3962083333333,-63.8882083333333,-20.0583333333333,0.304055555555556,-6.44341666666667,-43.823625,-50.267125,1.28166666666667,2.55558333333333,197.475,1.28166666666667,188.429166666667,44.4025,NaN,NaN,NaN,NaN
2022-12-13 00:00:00,383.5,13.3425,-15.3354166666667,81.7445833333333,1.69254166666667,266.808333333333,1.644375,0.613262820512821,344.304433333333,45.4717083333333,35.4245416666667,-8.89429166666667,-1.68608333333333,Inf,10.0519583333333,-7.20833333333333,2.84333333333333,2.17933333333333,3.78729166666667,200.808875,2.17933333333333,204.366666666667,37.55375,NaN,NaN,NaN,NaN
2022-12-14 00:00:00,407.5,13.21125,-15.15875,86.3125,1.135625,231.466666666667,1.10354166666667,0.623621794871795,344.995975,35.147875,28.80475,-9.76320833333333,-1.941625,Inf,6.342875,-7.82208333333333,-1.4785,2.619875,4.16841666666667,217.7125,2.619875,217.191666666667,36.1195833333333,NaN,NaN,NaN,NaN
2022-12-15 00:00:00,431.5,13.2770833333333,-17.5804166666667,83.3458333333333,1.08445833333333,180.54875,1.049125,0.633980769230769,345.724466666667,40.016,35.9955,-9.8885,-4.63479166666667,Inf,4.0255,-5.25208333333333,-1.22725,1.49866666666667,2.84591666666667,145.101666666667,1.49866666666667,154.0275,59.9808333333333,NaN,NaN,NaN,NaN
2022-12-16 00:00:00,455.5,13.2908333333333,-19.4458333333333,79.4379166666667,0.7005,113.6775,0.675,0.644339743589744,347.161041666667,66.82975,70.9192916666667,-2.11616666666667,-7.969125,0.228533333333333,-4.09116666666667,5.85325,1.76004166666667,2.93025,4.70375,202.255,2.93025,207.229166666667,28.8879166666667,NaN,NaN,NaN,NaN
2022-12-17 00:00:00,479.5,13.2420833333333,-14.1308333333333,65.91,1.799625,287.241666666667,1.75266666666667,0.654698717948718,344.727495833333,74.4513333333333,82.3188333333333,-89.0454166666667,-14.73625,Inf,-7.86283333333333,-74.30125,-82.16375,3.327625,4.699125,201.375833333333,3.327625,207.520833333333,22.4170833333333,NaN,NaN,NaN,NaN
2022-12-18 00:00:00,503.5,13.3808333333333,-8.06966666666667,40.2229166666667,1.85066666666667,269.295833333333,1.82329166666667,0.662262464387465,340.833929166667,82.1676666666667,96.5299583333334,-103.391666666667,-25.1779166666667,Inf,-14.3705416666667,-78.2170833333333,-92.5870833333333,2.280625,3.412125,220.829166666667,2.280625,222.495833333333,18.3125,NaN,NaN,NaN,NaN
2022-12-19 00:00:00,527.5,13.5275,-11.0294583333333,48.3191666666667,1.88566666666667,205.2875,1.84708333333333,0.653166666666667,342.2695,80.7955416666667,96.41475,-98.1625,-20.2491666666667,Inf,-15.6185,-77.9120833333333,-93.5333333333333,2.43904166666667,3.72745833333333,229.4875,2.43904166666667,222.220833333333,25.3216666666667,NaN,NaN,NaN,NaN
2022-12-20 00:00:00,551.5,13.5995833333333,-8.82733333333333,61.5183333333333,1.88458333333333,205.9625,1.853875,0.64605951758969,335.897010833333,76.1636666666667,81.325875,-60.88875,-11.301625,Inf,-5.16008333333333,-49.580375,-54.7406666666666,3.23416666666667,4.55720833333333,226.420833333333,3.23416666666667,221.558333333333,19.5108333333333,NaN,NaN,NaN,NaN
2022-12-21 00:00:00,575.5,13.35375,-9.87333333333333,83.00875,1.71991666666667,267.170833333333,1.68883333333333,0.695783699059561,344.767825,12.2710416666667,10.0502916666667,-11.26325,-2.60154166666667,0.792888888888889,2.221,-8.66279166666667,-6.4415,2.521875,4.450125,221.62375,2.521875,226.025,45.4425,NaN,NaN,NaN,NaN
2022-12-22 00:00:00,599.5,13.5366666666667,-21.18875,64.6458333333333,1.36975,221.679166666667,1.315625,0.789084944270289,350.707304166667,68.3537916666667,63.2711666666667,-39.0639166666667,-4.99604166666667,Inf,5.087,-34.0665,-28.9797083333333,3.19445833333333,4.70725,219.295833333333,3.19445833333333,221.133333333333,32.5658333333333,NaN,NaN,NaN,NaN
2022-12-23 00:00:00,623.5,13.4604166666667,-11.5924583333333,61.6154166666667,1.824625,278.7875,1.78558333333333,0.752097222222222,346.232220833333,76.9091666666666,90.6052916666667,-63.3367916666667,-10.9742916666667,Inf,-13.6929166666667,-52.3674583333333,-66.0627083333333,3.19795833333333,4.49225,210.544583333333,3.19795833333333,213.820833333333,30.2470833333333,NaN,NaN,NaN,NaN
2022-12-24 00:00:00,647.5,13.3095833333333,-7.54,93.1875,1.848875,265.795833333333,1.823125,0.694120964714715,343.843495833333,25.0607083333333,20.3435,-4.0965,-0.89825,2182.13445454545,4.716625,-3.19825,1.51804166666667,2.37283333333333,3.74329166666667,198.755833333333,2.37283333333333,201.858333333333,33.9666666666667,NaN,NaN,NaN,NaN
2022-12-25 00:00:00,671.5,13.2929166666667,-5.66779166666667,89.4220833333333,1.855375,266.433333333333,1.836125,0.70060472972973,344.703116666667,32.1572083333333,26.3438333333333,-23.3204583333333,-3.76145833333333,Inf,5.81583333333333,-19.5597916666667,-13.742625,2.99454166666667,4.41208333333333,223.141666666667,2.99454166666667,219.916666666667,25.2429166666667,NaN,NaN,NaN,NaN
2022-12-26 00:00:00,695.5,13.45375,-4.29025,86.4008333333333,1.75020833333333,274.220833333333,1.73641666666667,0.722820945945946,346.632958333333,59.0319166666667,51.2140416666667,-39.0778333333333,-7.00204166666667,0.0632857142857143,7.8135,-32.0748333333333,-24.26175,2.66541666666667,4.09916666666667,208.17625,2.66541666666667,209.579166666667,28.2958333333333,NaN,NaN,NaN,NaN
2022-12-27 00:00:00,719.5,13.48625,-0.723666666666667,65.1658333333333,1.62883333333333,276.05,1.62708333333333,0.745037162162162,344.343933333333,59.7693333333333,52.9277083333333,-60.421125,-13.9400416666667,Inf,6.84608333333333,-46.4794166666667,-39.6300416666667,3.92441666666667,5.3145,222.870833333333,3.92441666666667,223.9125,20.4541666666667,NaN,NaN,NaN,NaN
2022-12-28 00:00:00,743.5,13.4029166666667,-5.63866666666667,85.6366666666667,1.49754166666667,302.995833333333,1.481875,0.767253378378378,347.035958333333,23.551625,18.6462916666667,-8.49479166666667,-3.32454166666667,-532.7764,4.90404166666667,-5.16983333333333,-0.265958333333334,1.876125,3.09525,207.936666666667,1.876125,213.483333333333,35.7758333333333,NaN,NaN,NaN,NaN
2022-12-29 00:00:00,767.5,13.10875,-13.3420833333333,81.04125,1.225375,217.819583333333,1.19558333333333,0.789469594594594,346.694395833333,49.013625,57.0379583333333,-33.0859583333333,-7.57333333333333,Inf,-8.02683333333333,-25.510375,-33.5411666666667,2.24275,3.58820833333333,214.341666666667,2.24275,208.320833333333,33.9604166666667,NaN,NaN,NaN,NaN
2022-12-30 00:00:00,791.5,12.9208333333333,-10.6535,77.5129166666667,1.61229166666667,234.93125,1.58125,0.810021597490347,347.834791666667,42.366375,36.2260416666667,-40.0704166666667,-7.123375,-0.0110588235294178,6.13616666666667,-32.9500833333333,-26.8144583333333,3.617625,5.03091666666667,219.766666666667,3.617625,217.179166666667,19.90625,NaN,NaN,NaN,NaN
2022-12-31 00:00:00,815.5,12.8633333333333,-5.05120833333333,88.95,1.57058333333333,267.745833333333,1.555875,0.899678571428572,350.953704166667,9.88975,8.449375,-3.84833333333333,-1.8605,889.517555555556,1.440625,-1.98745833333333,-0.547041666666667,2.09291666666667,3.64058333333333,214.135416666667,2.09291666666667,226.141666666667,39.4775,NaN,NaN,NaN,NaN
2023-01-01 00:00:00,839.5,13.2854166666667,-3.21366666666667,82.6629166666667,1.34125,280.945833333333,1.33270833333333,0.9973125,371.996233333333,25.9418333333333,21.5965416666667,-13.9409166666667,-5.52191666666667,Inf,4.344,-8.41925,-4.076,2.14845833333333,3.64145833333333,226.0875,2.14845833333333,225.922916666667,33.2583333333333,NaN,NaN,NaN,NaN
2023-01-02 00:00:00,863.5,13.5329166666667,-9.18108333333333,89.0558333333333,1.57120833333333,341.375,1.54454166666667,1.080825,345.566395833333,65.78775,61.7924583333333,-4.48925,-7.84508333333333,0.518000000000029,3.99870833333333,3.35658333333333,7.35566666666667,0.318625,0.975,155.839333333333,0.318625,156.075416666667,52.3470833333333,NaN,NaN,NaN,NaN
2023-01-03 00:00:00,887.5,13.0220833333333,-11.3083333333333,88.2058333333333,1.22120833333333,231.246666666667,1.19625,1.166025,345.8746,20.8882916666667,29.17025,-0.0112916666666667,-4.49033333333333,NaN,-8.27820833333333,4.47925,-3.79933333333333,1.47966666666667,2.64016666666667,212.807916666667,1.47966666666667,212.141666666667,41.5308333333333,NaN,NaN,NaN,NaN
2023-01-04 00:00:00,911.5,13.2641666666667,-13.6208333333333,85.0529166666667,1.213625,237.033333333333,1.18304166666667,1.16549375,348.516291666667,43.2015833333333,43.3070416666667,-10.5781666666667,-6.68679166666667,Inf,-0.107583333333333,-3.89166666666667,-3.998,3.07795833333333,4.60120833333333,218.8875,3.07795833333333,217.4875,25.4725,NaN,NaN,NaN,NaN
2023-01-05 00:00:00,935.5,13.4466666666667,-6.66916666666666,62.3883333333333,1.54333333333333,234.675,1.52420833333333,0.996166666666667,351.835525,80.761375,87.4509583333333,-55.5004166666667,-17.0916666666667,Inf,-6.69154166666667,-38.4075,-45.0975416666667,2.84575,4.059625,220.1875,2.84575,221.4375,20.0304166666667,NaN,NaN,NaN,NaN
2023-01-06 00:00:00,959.5,13.2458333333333,-6.33825,80.8941666666667,1.480625,262.708333333333,1.463375,0.987054964539007,346.552325,38.3520833333333,31.7773333333333,-22.3612083333333,-6.26695833333333,-726.606272727273,6.57616666666667,-16.094125,-9.51866666666666,2.21083333333333,3.59116666666667,220.416666666667,2.21083333333333,222.204166666667,26.68625,NaN,NaN,NaN,NaN
2023-01-07 00:00:00,983.5,13.4104166666667,-7.725875,80.145,1.325375,262.516666666667,1.30633333333333,1.04977659574468,349.3186,79.4295416666667,91.826625,-60.040125,-12.2964583333333,Inf,-12.4007083333333,-47.7392083333333,-60.1377083333333,2.3805,3.62008333333333,197.72375,2.3805,205.745,28.8870833333333,NaN,NaN,NaN,NaN
2023-01-08 00:00:00,1007.5,13.4945833333333,-4.89591666666667,44.7425,1.417,255.683333333333,1.40416666666667,1.06991843971631,344.66825,78.8957916666667,93.3149583333333,-90.485,-22.7479166666667,Inf,-14.4205,-67.73875,-82.16,3.07266666666667,4.48625,222.529166666667,3.07266666666667,219.654166666667,19.8254166666667,NaN,NaN,NaN,NaN
2023-01-09 00:00:00,1031.5,13.55,-4.84345833333333,69.2495833333333,1.47929166666667,260.083333333333,1.466125,1.02376080246914,345.7725,71.38425,80.7211666666667,-41.3129166666667,-10.1705,728.139909090909,-9.33345833333333,-31.145375,-40.47575,3.06745833333333,4.57254166666667,225.666666666667,3.06745833333333,220.8375,26.3554166666667,NaN,NaN,NaN,NaN
2023-01-10 00:00:00,1055.5,13.2495833333333,-3.34791666666667,81.71125,1.50591666666667,261.225,1.49666666666667,0.994368827160494,364.701745833333,14.7472083333333,12.3040416666667,-13.266,-4.57583333333333,0.572777777777778,2.4435,-8.690125,-6.24591666666667,2.48075,4.17620833333333,214.004166666667,2.48075,218.745833333333,34.3908333333333,NaN,NaN,NaN,NaN
2023-01-11 00:00:00,1079.5,13.15125,-7.06104166666667,85.4175,1.396875,275.2625,1.379,1.01251851851852,355.233420833333,35.6399166666667,29.6505416666667,-15.901375,-4.19479166666667,NaN,5.99183333333333,-11.7062083333333,-5.71408333333333,2.35470833333333,3.91791666666667,217.65875,2.35470833333333,216.729166666667,33.90625,NaN,NaN,NaN,NaN
2023-01-12 00:00:00,1103.5,13.4870833333333,-8.66904166666666,73.94,1.22579166666667,266.116666666667,1.20633333333333,1.03562962962963,349.692095833333,92.0750833333334,115.010583333333,-56.64625,-14.8699583333333,Inf,-22.947875,-41.7794583333333,-64.7163333333333,2.58454166666667,3.94991666666667,190.44375,2.58454166666667,196.279166666667,33.5545833333333,NaN,NaN,NaN,NaN
2023-01-13 00:00:00,1127.5,13.5020833333333,-1.68408333333333,63.3070833333333,1.40041666666667,254.925,1.39604166666667,1.05797222222222,358.046945833333,83.0565416666667,78.8444583333333,-79.7845833333333,-21.2779166666667,Inf,4.207375,-58.505,-54.2995,1.88470833333333,3.07004166666667,224.266666666667,1.88470833333333,194.214583333333,36.9191666666667,NaN,NaN,NaN,NaN
2023-01-14 00:00:00,1151.5,13.52375,-0.541583333333333,51.1970833333333,1.45604166666667,210.020833333333,1.45470833333333,1.04545833333333,349.554983333333,83.2475416666667,93.3169166666667,-78.3479166666667,-20.88,Inf,-10.0636666666667,-57.4733333333333,-67.5304166666667,2.664125,4.23466666666667,218.5625,2.664125,219.570833333333,26.9466666666667,NaN,NaN,NaN,NaN
2023-01-15 00:00:00,1175.5,13.4020833333333,-5.17104166666667,78.8220833333333,1.42666666666667,236.7375,1.41316666666667,1.03363379204893,347.402216666667,32.178375,26.2826666666667,-21.9171666666667,-8.523625,NaN,5.892125,-13.394,-7.50145833333333,1.63825,2.83391666666667,237.408333333333,1.63825,229.3575,36.8454166666667,NaN,NaN,NaN,NaN
2023-01-16 00:00:00,1199.5,13.2354166666667,-7.94745833333333,80.2916666666667,1.383625,282.358333333333,1.36329166666667,1.08178440366972,350.5491625,51.1059583333333,50.23725,-21.802375,-7.18470833333333,615.911230769231,0.863833333333333,-14.6175,-13.7546666666667,2.23879166666667,3.659375,217.3625,2.23879166666667,220.708333333333,27.0045833333333,NaN,NaN,NaN,NaN
2023-01-17 00:00:00,1223.5,13.3858333333333,-7.41504166666667,76.4404166666666,1.413875,267.1125,1.3945,1.13616972477064,350.347416666667,52.7569166666667,46.5525416666667,-30.5180416666667,-10.212125,0.426230769230769,6.215125,-20.304625,-14.090375,1.00679166666667,1.94391666666667,178.487458333333,1.00679166666667,186.189375,40.2179166666667,NaN,NaN,NaN,NaN
2023-01-18 00:00:00,1247.5,12.8866666666667,-11.9866666666667,85.3966666666666,1.13858333333333,264.375,1.11320833333333,1.19055504587156,346.6973125,14.479125,44.153875,-0.0758333333333333,-5.66395833333333,2.49881818181819,-29.6744166666667,5.58770833333333,-24.092125,0.672083333333333,1.34345833333333,132.6975,0.672083333333333,103.179166666667,27.7854166666667,NaN,NaN,NaN,NaN
2023-01-19 00:00:00,1271.5,13.2358333333333,-11.4210833333333,56.365,1.21195833333333,263.907083333333,1.18691666666667,1.24494036697248,348.299891666667,92.579,113.790375,-44.582625,-18.6375,667.495583333333,-21.207875,-25.9433333333333,-47.1624583333333,2.159625,3.32379166666667,218.783333333333,2.159625,219.466666666667,25.54375,NaN,NaN,NaN,NaN
2023-01-20 00:00:00,1295.5,13.47125,-11.761375,66.28375,1.36066666666667,251.4125,1.33108333333333,1.16875,346.866654166667,73.2832083333333,77.7950416666667,-54.6283333333333,-17.2754166666667,1.1459,-4.501,-37.3504166666667,-41.8487083333333,0.405791666666667,0.938708333333333,213.974041666667,0.405791666666667,222.974166666667,30.2431666666667,NaN,NaN,NaN,NaN
2023-01-21 00:00:00,1319.5,13.5141666666667,-14.4791666666667,78.1654166666666,1.14070833333333,201.99375,1.10983333333333,1.09971547619048,348.336670833333,49.063125,43.080125,-7.96566666666666,-6.37391666666667,Inf,5.97745833333333,-1.59104166666667,4.387125,0.930916666666667,1.89875,229.216666666667,0.930916666666667,243.770833333333,35.0520833333333,NaN,NaN,NaN,NaN
2023-01-22 00:00:00,1343.5,13.4429166666667,-10.8834166666667,79.92375,1.17854166666667,221.816666666667,1.15608333333333,1.09342203907204,349.456866666667,94.0548333333333,105.649125,-28.5936666666667,-12.3410833333333,616.050230769231,-11.5975,-16.2487916666667,-27.847625,1.74791666666667,2.946125,212.59875,1.74791666666667,207.254583333333,30.9534583333333,NaN,NaN,NaN,NaN
2023-01-23 00:00:00,1367.5,13.4345833333333,-10.066,76.9908333333333,1.4235,263.004166666667,1.39716666666667,1.08126625457875,349.306129166667,94.9614583333333,107.012125,-48.7580833333333,-15.280375,0.537214285714286,-12.0485,-33.4766666666667,-45.5252916666667,0.709208333333333,1.37091666666667,159.715,0.709208333333333,134.342916666667,28.9125,NaN,NaN,NaN,NaN
2023-01-24 00:00:00,1391.5,13.48875,-13.1604166666667,79.9475,1.41429166666667,257.383333333333,1.379875,1.14048604910714,347.8523375,65.9822083333334,61.996875,-35.4327083333333,-10.1346666666667,0.2150625,3.9795,-25.29775,-21.3174166666667,1.46483333333333,2.68708333333333,183.034583333333,1.46483333333333,174.519166666667,47.4858333333333,NaN,NaN,NaN,NaN
2023-01-25 00:00:00,1415.5,13.2495833333333,-16.20125,77.26,0.948333333333333,195.182083333333,0.919875,1.41339192708333,348.743425,52.77625,50.7037916666667,-0.4245,-5.54945833333333,Inf,2.070625,5.12458333333333,7.195375,0.950958333333333,1.93879166666667,191.251666666667,0.950958333333333,201.191666666667,53.2970833333333,NaN,NaN,NaN,NaN
2023-01-26 00:00:00,1439.5,13.1641666666667,-15.1079166666667,79.9366666666667,1.042375,204.90875,1.01404166666667,1.33000914634146,349.035958333333,71.6732916666667,81.5542916666667,-15.2254166666667,-6.00879166666667,421.508105263158,-9.88179166666667,-9.21645833333333,-19.0986666666667,2.80866666666667,4.38541666666667,211.025,2.80866666666667,210.970833333333,24.89375,NaN,NaN,NaN,NaN
2023-01-27 00:00:00,1463.5,13.1429166666667,-10.4895833333333,85.6908333333333,1.12275,246.425,1.10058333333333,1.36717073170732,354.7877375,37.3361666666667,30.9584583333333,-8.94220833333333,-2.77175,1143.19628571429,6.37925,-6.17058333333333,0.20875,2.49341666666667,3.80175,220.558333333333,2.49341666666667,220.154166666667,26.6929166666667,NaN,NaN,NaN,NaN
2023-01-28 00:00:00,1487.5,12.925,-11.11375,88.5708333333333,1.027375,243.75,1.00629166666667,1.45034095528455,352.156195833333,47.514875,38.7473333333333,-8.81304166666667,-3.070375,Inf,8.7645,-5.74233333333333,3.02204166666667,1.74825,2.99825,220.916666666667,1.74825,221.1,32.5529166666667,NaN,NaN,NaN,NaN
2023-01-29 00:00:00,1511.5,12.8029166666667,-10.5058333333333,89.7041666666667,0.940166666666667,243.291666666667,0.921708333333333,1.56316394927536,353.17315,28.1695416666667,24.1253333333333,-3.09783333333333,-2.3325,0.726083333333312,4.04483333333333,-0.765291666666667,3.279,1.57858333333333,3.239,210.854166666667,1.57858333333333,210.095833333333,38.4675,NaN,NaN,NaN,NaN
2023-01-30 00:00:00,1535.5,12.76625,-14.5995833333333,86.8791666666667,0.785375,231.5,0.764291666666667,1.64627355072464,351.451175,12.616625,19.55875,-1.8155,-2.89004166666667,616.343538461538,-6.942625,1.07425,-5.868,1.358125,2.636125,218.592916666667,1.358125,218.358333333333,39.9095833333333,NaN,NaN,NaN,NaN
2023-01-31 00:00:00,1559.5,13.1733333333333,-17.00625,57.1383333333333,0.908458333333333,256.375,0.880125,1.65186538461538,350.116804166667,118.560958333333,140.220791666667,-82.2764166666667,-16.4104166666667,Inf,-21.6574166666667,-65.8764583333333,-87.5305,3.01970833333333,4.203125,214.641666666667,3.01970833333333,210.7,21.0058333333333,NaN,NaN,NaN,NaN
2023-02-01 00:00:00,1583.5,13.4291666666667,-11.3760833333333,74.82375,1.08579166666667,242.483333333333,1.063,1.45659294871795,354.376075,107.005791666667,119.45175,-83.1116666666667,-17.1383333333333,Inf,-12.4388333333333,-65.9716666666667,-78.4108333333333,2.1825,3.753875,207.25,2.1825,179.6375,43.5870833333333,NaN,NaN,NaN,NaN
2023-02-02 00:00:00,1607.5,13.64875,-8.44141666666667,59.5083333333333,1.14666666666667,226.041666666667,1.12858333333333,1.371375,358.780633333333,117.516333333333,134.350166666667,-93.3558333333333,-21.4125,Inf,-16.83575,-71.9383333333333,-88.7725,2.03779166666667,3.43895833333333,192.146666666667,2.03779166666667,204.312083333333,47.4516666666667,NaN,NaN,NaN,NaN
2023-02-03 00:00:00,1631.5,13.6375,-4.138875,29.5645833333333,1.130625,253.629166666667,1.1215,1.32430833333333,354.136816666667,110.293958333333,121.0425,-105.7,-31.3554166666667,Inf,-10.7523333333333,-74.3425,-85.0970833333333,2.019625,3.17320833333333,206.147083333333,2.019625,218.7375,25.7683333333333,NaN,NaN,NaN,NaN
2023-02-04 00:00:00,1655.5,13.6775,-5.33329166666667,43.8316666666667,1.22775,233.858333333333,1.21566666666667,1.28408333333333,345.217341666667,95.5759166666667,105.254041666667,-84.2433333333333,-20.9045833333333,0.0612727272727273,-9.67529166666666,-63.3455833333333,-73.01875,2.70858333333333,4.18091666666667,222.2375,2.70858333333333,223.341666666667,25.1770833333333,NaN,NaN,NaN,NaN
2023-02-05 00:00:00,1679.5,13.6154166666667,-2.783125,39.605,1.242125,244.120833333333,1.23575,1.26580612745098,345.518566666667,102.280708333333,88.0322916666667,-64.8158333333333,-20.7025,0.1434375,14.244875,-44.1125,-29.8692916666667,2.77779166666667,4.26241666666667,222.383333333333,2.77779166666667,216.2,27.9808333333333,NaN,NaN,NaN,NaN
2023-02-06 00:00:00,1703.5,13.3341666666667,-10.485,84.51625,1.07395833333333,254.8375,1.05325,1.36642095588235,345.274766666667,76.3060833333333,75.2716666666667,-6.74866666666667,-5.99216666666667,NaN,1.033125,-0.756250000000001,0.276458333333333,1.27029166666667,2.42708333333333,226.44625,1.27029166666667,209.9375,41.4341666666667,NaN,NaN,NaN,NaN
2023-02-07 00:00:00,1727.5,13.405,-9.45075,71.3508333333333,1.12891666666667,284.7,1.10925,1.40137582364341,347.143175,104.811041666667,147.219833333333,-50.5979166666667,-18.4041666666667,0.603272727272727,-42.4069583333333,-32.1916666666667,-74.5983333333333,2.715375,3.91158333333333,208.979166666667,2.715375,205.9625,21.7933333333333,NaN,NaN,NaN,NaN
2023-02-08 00:00:00,1751.5,13.3029166666667,-10.2132083333333,80.04125,1.11445833333333,273.929166666667,1.09375,1.43825581395349,349.943379166667,70.4390416666667,63.325125,-33.199375,-7.294,421.346473684211,7.11658333333333,-25.9101666666667,-18.793375,1.95854166666667,3.4355,188.576,1.95854166666667,194.685416666667,42.0358333333333,NaN,NaN,NaN,NaN
2023-02-09 00:00:00,1775.5,13.1391666666667,-15.1425,75.7183333333333,0.753583333333333,182.406958333333,0.732416666666667,1.4701996124031,348.133820833333,53.6133333333333,87.6849166666667,-17.1420416666667,-13.063125,Inf,-34.074375,-4.078375,-38.1511666666667,0.873625,2.014,189.682916666667,0.873625,186.649166666667,61.5883333333333,NaN,NaN,NaN,NaN
2023-02-10 00:00:00,1799.5,13.4441666666667,-7.08895833333333,42.0316666666667,0.761833333333333,198.827916666667,0.755708333333333,1.39725,352.984679166667,126.5585,146.720958333333,-96.5725,-27.4645833333333,Inf,-20.1625,-69.1191666666667,-89.2833333333333,1.96716666666667,3.36858333333333,193.041666666667,1.96716666666667,194.466666666667,35.0291666666667,NaN,NaN,NaN,NaN
2023-02-11 00:00:00,1823.5,13.6145833333333,0.686458333333333,24.2125,1.13508333333333,281.45,1.13666666666667,1.30895833333333,353.471970833333,115.958,123.963916666667,-111.05,-36.3716666666667,-0.00624999999999998,-7.99716666666667,-74.68125,-82.68,1.98475,2.856125,223.395833333333,1.98475,225.870833333333,19.79875,NaN,NaN,NaN,NaN
2023-02-12 00:00:00,1847.5,13.5904166666667,-3.92583333333333,42.7329166666667,1.25375,246.2,1.24454166666667,1.25591666666667,344.7342625,110.183291666667,96.95625,-82.0625,-24.6858333333333,Inf,13.228875,-57.37875,-44.1489166666667,1.58066666666667,2.7385,217.296666666667,1.58066666666667,218.354166666667,34.1225,NaN,NaN,NaN,NaN
2023-02-13 00:00:00,1871.5,13.5958333333333,-3.44879166666667,51.5129166666667,1.18254166666667,276.3625,1.175375,1.24760320512821,345.06535,111.446958333333,119.692916666667,-86.85875,-22.5365,Inf,-8.25308333333333,-64.3152083333333,-72.5695416666667,2.13229166666667,3.2135,217.741666666667,2.13233333333333,216.558333333333,23.7225,NaN,NaN,NaN,NaN
2023-02-14 00:00:00,1895.5,13.5745833333333,-10.4150416666667,74.3566666666667,0.921708333333334,281.24375,0.903708333333333,1.28064038461538,345.7828125,112.086666666667,107.571875,-44.787875,-8.89004166666667,Inf,4.51020833333333,-35.892875,-31.3849166666667,2.01979166666667,3.21295833333333,217.887916666667,2.01979166666667,211.421333333333,30.7675,NaN,NaN,NaN,NaN
2023-02-15 00:00:00,891.6875,13.5673958333333,-18.5191666666667,79.6555208333333,1.10109375,251.912916666667,1.0630625,1.31654807692308,346.943579791667,38.5558333333333,64.6910520833333,-0.455072916666667,-5.53723958333333,Inf,-26.1334583333333,5.08239583333333,-21.0497708333333,0.387864583333333,0.928854166666667,157.786427083333,0.387864583333333,106.880010416667,48.4906666666667,59.7757307692308,92.8505384615384,NaN,NaN
2023-02-16 00:00:00,101.5,13.7585416666667,-16.0991666666667,52.1935416666667,0.915520833333333,207.771458333333,0.88665625,1.3968125,353.327505208333,104.8234375,156.447552083333,-50.3936145833333,-20.5877604166667,Inf,-51.6218333333333,-29.80353125,-81.4288958333333,1.371,2.05922916666667,214.188916666667,1.371,220.771979166667,34.5877916666667,54.4345208333333,135.861541666667,NaN,NaN
2023-02-17 00:00:00,197.5,13.6736458333333,-6.65123958333334,39.1958333333333,1.21226041666667,267.0375,1.1974375,1.26119097222222,354.260182291667,149.324791666667,155.952197916667,-106.759375,-25.1940625,Inf,-6.62598958333334,-81.5616666666667,-88.18528125,2.62657291666667,3.44567708333333,214.683333333333,2.62657291666667,212.463541666667,22.8194791666667,42.5672604166667,130.755604166667,NaN,NaN
2023-02-18 00:00:00,293.5,13.6811458333333,-6.00007291666667,31.2772916666667,0.723864583333333,201.079270833333,0.7176875,1.350375,345.592877083333,149.911791666667,152.44025,-109.921875,-27.1367708333333,Inf,-2.531625,-82.7869791666667,-85.3179479166667,2.44907291666667,3.29098958333333,224.032291666667,2.44907291666667,225.23125,25.2583333333333,39.9898125,125.306135416667,NaN,NaN
2023-02-19 00:00:00,389.5,13.3284375,-10.1948125,75.8617708333333,0.795447916666666,183.764166666667,0.780572916666667,1.47472679479656,346.404523958333,24.1733645833333,20.638875,-16.8893958333333,-5.19707291666667,Inf,3.53429166666667,-11.69165625,-8.157125,2.49463541666667,3.66695833333333,232.030208333333,2.49463541666667,225.65625,36.2428125,7.2856875,15.4426354166667,NaN,NaN
2023-02-20 00:00:00,485.5,13.0925,-6.96115625,80.7951041666667,1.12335416666667,276.908333333333,1.10882291666667,1.42918397887324,352.066433333333,19.4617291666667,16.7524375,-13.95834375,-4.166875,Inf,2.70921875,-9.79192708333334,-7.08275,2.83019791666667,3.83601041666667,220.933020833333,2.83019791666667,219.208645833333,25.3971875,5.503,12.58503125,NaN,NaN
2023-02-21 00:00:00,581.5,13.6360416666667,-3.87404166666667,69.7376041666667,1.04503125,266.165625,1.0375,1.4060713028169,368.758198958333,117.082333333333,113.57478125,-34.6291145833333,-9.32029166666667,NaN,3.50746875,-25.30890625,-21.80175,3.40363541666667,4.58840625,215.398958333333,3.40363541666667,216.792708333333,26.2990625,82.4543645833333,104.257239583333,NaN,NaN
2023-02-22 00:00:00,677.5,13.5240625,-11.5954895833333,80.3003125,0.74421875,240.744895833333,0.72921875,1.38295862676056,351.666752083333,61.6904270833334,55.9774375,-4.18588541666667,-4.00059375,Inf,5.71646875,-0.185270833333333,5.53104166666667,1.38032291666667,2.26347916666667,178.299947916667,1.38032291666667,179.864572916667,40.6742708333333,57.5048020833333,51.9752291666667,NaN,NaN
2023-02-23 00:00:00,773.5,13.6278125,-14.8901041666667,70.1657291666667,0.587947916666667,137.445520833333,0.571729166666667,1.35984595070423,349.471714583333,115.451041666667,100.717979166667,-21.2863854166667,-5.22298958333333,Inf,14.7342395833333,-16.0633541666667,-1.32909375,2.00851041666667,3.2093125,210.291666666667,2.0085,212.975,35.9792708333333,94.1664583333333,95.4932604166667,NaN,NaN
2023-02-24 00:00:00,869.5,13.5801041666667,-10.9128125,62.3078125,0.857875,192.732604166667,0.840385416666667,1.33673327464789,350.544729166667,63.9430520833333,54.09865625,-40.08240625,-10.1477604166667,Inf,9.84477083333333,-29.9348958333333,-20.0900208333333,2.30065625,3.55617708333333,219.9725,2.30065625,219.369791666667,39.4665625,23.8614583333333,43.9515625,NaN,NaN
2023-02-25 00:00:00,965.5,13.5654166666667,-4.72164583333333,58.959375,1.08267708333333,253.4778125,1.073875,1.3145547241784,367.019738541667,52.074375,42.2333229166667,-45.1055625,-16.1079375,Inf,9.83735416666667,-28.9949791666667,-19.15709375,1.50770833333333,2.47444791666667,225.945552083333,1.50770833333333,225.85625,40.7989583333333,6.9746875,26.1264583333333,NaN,NaN
2023-02-26 00:00:00,1061.5,13.72625,-2.99776041666667,54.7383333333333,1.1225,253.660416666667,1.11678125,1.30929296875,368.329583333333,96.3468854166667,97.8118020833333,-65.3203854166667,-20.572625,Inf,-1.46338541666667,-44.7431666666667,-46.2070729166667,2.19471875,3.15610416666667,217.477708333333,2.19471875,221.225,29.4359375,31.0358125,77.2411458333333,NaN,NaN
2023-02-27 00:00:00,1157.5,13.7280208333333,-9.19940625,71.5426041666667,1.10945833333333,252.203125,1.09052083333333,1.32669735863095,352.318011458333,74.6558645833333,61.885625,-27.01303125,-7.49685416666667,NaN,12.7675208333333,-19.5158854166667,-6.748625,2.01558333333333,3.1130625,212.076979166667,2.01558333333333,216.252083333333,35.0523958333333,47.6412291666667,54.39190625,NaN,NaN
2023-02-28 00:00:00,1253.5,13.4635416666667,-12.3701041666667,78.9009375,0.751322916666667,190.615520833333,0.73440625,1.39103968253968,351.353797916667,47.1276666666667,39.1075104166667,-15.0238333333333,-3.68072916666667,Inf,8.0210625,-11.3433645833333,-3.32208333333333,2.48783333333333,3.81915625,213.347697916667,2.48783333333333,219.242708333333,38.9163541666667,32.1030625,35.42640625,NaN,NaN
2023-03-01 00:00:00,1349.5,13.6584375,-10.4836354166667,64.2573958333333,0.797260416666667,213.173020833333,0.782166666666667,1.47713492063492,353.477839583333,70.2308333333333,70.1157395833333,-27.9012083333333,-11.2486458333333,Inf,0.114375,-16.6526041666667,-16.5382395833333,1.24721875,1.84583333333333,197.350520833333,1.24721875,196.168854166667,27.7696875,42.3313958333333,58.8676770833333,NaN,NaN
2023-03-02 00:00:00,1445.5,13.6715625,-9.39144791666666,65.768125,1.01771875,237.223645833333,1.00025,1.54887318497475,360.757314583333,177.085270833333,168.195645833333,-67.0332291666667,-14.3096666666667,Inf,8.89416666666667,-52.7214895833333,-43.82684375,1.91761458333333,2.76160416666667,213.781354166667,1.91761458333333,216.425,27.8953125,110.053979166667,153.881322916667,NaN,NaN
2023-03-03 00:00:00,1541.5,13.5607291666667,-10.7314479166667,78.9916666666667,1.0185,281.132291666667,0.998270833333333,1.58288920454545,354.151196875,59.25596875,51.0040208333333,-22.0058020833333,-6.776125,Inf,8.25258333333333,-15.22928125,-6.97704166666667,2.12364583333333,3.01240625,217.8625,2.12364583333333,218.898958333333,30.0383333333333,37.2491458333333,44.2251770833333,NaN,NaN
2023-03-04 00:00:00,1637.5,13.7436458333333,-9.03861458333333,54.4755208333333,0.92375,263.38125,0.908416666666667,1.57081260478763,356.93176875,118.076114583333,111.49071875,-41.7781979166667,-12.45765625,Inf,6.58620833333333,-29.3187083333333,-22.7313645833333,2.50819791666667,3.59492708333333,212.034166666667,2.50819791666667,215.619791666667,30.1552708333333,76.2995729166667,99.0285416666666,NaN,NaN
2023-03-05 00:00:00,1733.5,13.39,-9.44791666666667,80.8108333333333,0.91565625,246.697291666667,0.89940625,1.48610245901639,357.337426041667,53.4392395833333,47.0597083333334,-8.49847916666667,-4.68752083333333,-Inf,6.3799375,-3.8111875,2.56863541666667,1.59901041666667,2.55715625,201.858229166667,1.59901041666667,201.590416666667,37.3057708333333,44.9394479166667,42.372125,NaN,NaN
2023-03-06 00:00:00,1829.5,13.6048958333333,-6.41576041666667,59.3711458333333,1.02615625,247.1409375,1.0140625,1.40423053278689,369.413126041667,189.934364583333,185.515927083333,-75.2003854166667,-20.6878125,NaN,4.41507291666667,-54.513125,-50.0961770833333,1.67579166666667,2.70052083333333,212.190020833333,1.67579166666667,230.301041666667,38.8704166666667,114.732875,164.82740625,NaN,NaN
2023-03-07 00:00:00,1925.5,13.7822916666667,-7.49210416666667,65.1780208333333,1.08339583333333,271.46875,1.06811458333333,1.37935224627561,366.760485416667,168.912989583333,158.871979166667,-84.6713541666667,-20.3907291666667,Inf,10.0399583333333,-64.2812916666667,-54.2428333333333,1.22320833333333,1.98436458333333,232.902916666667,1.22320833333333,234.927083333333,37.0463541666667,84.2420625,138.481447916667,NaN,NaN
2023-03-08 00:00:00,2021.5,13.7665625,-4.495625,40.1008333333333,1.11719791666667,341.153125,1.10790625,1.37017248603352,358.1164625,121.60478125,101.473635416667,-50.1657291666667,-17.1383333333333,Inf,20.1306979166667,-33.0285833333333,-12.8976666666667,2.26603125,3.6293125,213.765520833333,2.26603125,214.279166666667,37.3697916666667,71.4424270833333,84.3373125,NaN,NaN
2023-03-09 00:00:00,2117.5,13.6344791666667,-8.63852083333333,65.3069791666667,1.09123958333333,273.545833333333,1.07383333333333,1.36075349162011,349.6701375,95.8329583333333,79.93628125,-43.4564166666667,-11.85059375,-181.598965909091,15.8925833333333,-31.6030104166667,-15.7098541666667,1.95116666666667,2.9095,219.444375,1.95116666666667,225.679166666667,35.7321875,52.3798333333333,68.0890104166667,NaN,NaN
2023-03-10 00:00:00,2213.5,13.6311458333333,-3.13458333333333,69.0390625,0.942552083333333,266.11875,0.936989583333333,1.3513344972067,376.990430208333,56.0856041666667,46.7910520833333,-16.6109791666667,-8.39880208333333,Inf,9.29314583333334,-8.21229166666667,1.08091666666667,2.74510416666667,3.98204166666667,213.882291666667,2.74510416666667,213.621875,34.4566666666667,39.46940625,38.391875,NaN,NaN
2023-03-11 00:00:00,2309.5,13.6570833333333,-6.45919791666667,71.2107291666667,1.06711458333333,275.190625,1.05436458333333,1.3419155027933,379.277028125,192.15865625,171.654364583333,-53.192125,-10.5447708333333,NaN,20.5109583333333,-42.6443645833333,-22.1327291666667,2.02671875,3.00042708333333,220.758333333333,2.02671875,221.592708333333,33.2029166666667,138.972354166667,161.107614583333,NaN,NaN
2023-03-12 00:00:00,2405.5,13.6605208333333,-7.83738541666667,81.006875,1.12232291666667,270.425,1.106,1.33249650837989,362.662829166667,89.2475104166667,73.8655208333333,-19.3963958333333,-5.78969791666667,NaN,15.37984375,-13.60678125,1.77290625,1.48407291666667,2.22588541666667,221.243125,1.48407291666667,222.602083333333,29.0007291666667,69.84621875,68.0775729166667,NaN,NaN
2023-03-13 00:00:00,2501.5,13.6591666666667,-5.45205208333333,75.61875,1.1513125,303.994791666667,1.13979166666667,1.32307751396648,382.862933333333,186.275708333333,161.92171875,-58.9649583333333,-11.5534166666667,Inf,24.3460520833333,-47.4120729166667,-23.06578125,1.82738541666667,2.6815,208.136770833333,1.82738541666667,221.322916666667,35.3476041666667,127.29965625,150.36634375,NaN,NaN
2023-03-14 00:00:00,2597.5,13.7608333333333,-2.4293125,59.4704166666667,1.17665625,265.995833333333,1.17133333333333,1.31403317039106,386.077371875,168.345260416667,142.797708333333,-58.7513541666667,-12.9197604166667,NaN,25.547625,-45.83,-20.2856458333333,2.85675,3.85835416666667,221.49375,2.85675,220.919791666667,25.1801041666667,109.59234375,129.882072916667,NaN,NaN
2023-03-15 00:00:00,2693.5,13.6790625,-1.5690625,79.5041666666667,1.13858333333333,270.910416666667,1.13535416666667,1.3369375,422.763994791667,72.97153125,56.0713125,-11.7451354166667,-6.03459375,NaN,16.8962604166667,-5.71055208333333,11.1871458333333,2.361,3.36988541666667,207.434375,2.361,203.643333333333,32.5446875,61.2258125,50.0381666666667,NaN,NaN
2023-03-16 00:00:00,2789.5,13.5135416666667,-11.6941875,80.5360416666667,1.04485416666667,265.791354166667,1.02196875,1.40288541666667,367.512247916667,99.3878645833333,118.170395833333,-0.724072916666667,-11.57721875,Inf,-18.7830520833333,10.8531145833333,-7.92913541666667,0.778197916666667,1.40254166666667,164.901114583333,0.778197916666667,150.87640625,45.2702083333333,98.6610104166667,106.58925,NaN,NaN
2023-03-17 00:00:00,2885.5,13.6091666666667,-14.1402708333333,62.9380208333333,1.11961458333333,281.479166666667,1.09032291666667,1.41123863636364,355.139884375,216.650458333333,202.95365625,-56.20184375,-17.8490104166667,Inf,13.6854270833333,-38.3541145833333,-24.6653854166667,0.87515625,1.40478125,231.743135416667,0.87515625,232.679208333333,34.9123125,160.439614583333,185.106760416667,NaN,NaN
2023-03-18 00:00:00,2981.5,13.72,-11.4163020833333,34.4826041666667,1.15961458333333,261.61875,1.13521875,1.36142803030303,354.26568125,220.971739583333,199.921802083333,-107.112395833333,-25.4653125,Inf,21.0497708333333,-81.6460416666667,-60.59678125,1.07147916666667,1.67235416666667,220.177239583333,1.07147916666667,237.616614583333,37.8871979166667,113.854177083333,174.457604166667,NaN,NaN
2023-03-19 00:00:00,3077.5,13.7897916666667,-7.64685416666667,43.5582291666667,1.17272916666667,258.61875,1.15611458333333,1.3748643018018,352.094216666667,223.175583333333,195.828677083333,-100.510208333333,-19.1983333333333,Inf,27.3273125,-81.3054166666667,-53.9820729166667,2.5395,3.30054166666667,224.82234375,2.5395,223.320833333333,26.815,122.648645833333,176.632520833333,NaN,NaN
2023-03-20 00:00:00,3173.5,13.4517708333333,-6.03,78.4171875,1.10663541666667,263.689583333333,1.09430208333333,1.47626013513513,358.983045833333,64.90728125,52.3474270833333,-14.31925,-6.93221875,NaN,12.5590729166667,-7.38691666666667,5.17161458333333,1.35564583333333,1.97717708333333,219.280208333333,1.35564583333333,220.276041666667,24.4180208333333,50.5891666666667,45.4148541666667,NaN,NaN
2023-03-21 00:00:00,3269.5,13.5802083333333,-7.02255208333333,74.0398958333333,1.0338125,279.507604166667,1.02048958333333,1.5818277027027,370.783316666667,125.64875,126.693333333333,-17.1739270833333,-9.18879166666666,NaN,-1.04689583333333,-7.983625,-9.03055208333333,1.5345,2.38969791666667,207.314552083333,1.5345,212.527604166667,31.9785416666667,108.477989583333,117.506072916667,NaN,NaN
2023-03-22 00:00:00,3365.5,13.1829166666667,-5.245,87.2632291666667,1.05608333333333,255.613541666667,1.04609375,1.69783721221221,422.913909375,20.7001979166667,43.8960520833333,-1.46991666666667,-4.70261458333333,-Inf,-23.1970104166667,3.2321875,-19.9642083333333,1.60754166666667,2.59463541666667,207.406354166667,1.60754166666667,204.953125,35.6435416666667,19.2307083333333,39.1985729166667,NaN,NaN
2023-03-23 00:00:00,3461.5,13.4357291666667,-7.66814583333333,79.9286458333333,1.00354166666667,254.7090625,0.989416666666667,1.85389814814815,412.276934375,96.9692604166667,132.189395833333,-8.65208333333334,-7.726375,1.03696212121212,-35.22540625,-0.925927083333334,-36.1515833333333,1.73748958333333,2.54501041666667,210.877770833333,1.73748958333333,216.009375,31.869375,88.3133541666667,124.460708333333,NaN,NaN
2023-03-24 00:00:00,3557.5,13.568125,-8.73386458333333,75.7563541666667,1.12486458333333,268.1,1.10664583333333,1.97567592592593,395.591520833334,171.681916666667,154.93878125,-19.5607604166667,-10.0789270833333,Inf,16.7296875,-9.48296875,7.24932291666667,1.54347916666667,2.28113541666667,210.928645833333,1.54347916666667,211.594791666667,34.5966666666667,152.1088125,144.857833333333,NaN,NaN
2023-03-25 00:00:00,3653.5,13.5715625,-15.7057291666667,70.7204166666667,0.864229166666667,244.133020833333,0.838822916666667,2.07105240181457,359.867425,199.73309375,164.143666666667,-54.5840729166667,-9.93552083333333,Inf,35.58115625,-44.6461458333333,-9.06202083333333,2.57620833333333,3.55841666666667,218.9375,2.57620833333333,218.727083333333,27.499375,145.146729166667,154.208385416667,NaN,NaN
2023-03-26 00:00:00,3749.5,13.5778125,-14.4879166666667,69.158125,0.902458333333333,243.2115625,0.878072916666667,2.05079026845638,364.15055625,160.330510416667,141.456270833333,-39.214125,-11.2940104166667,Inf,18.8774375,-27.91903125,-9.04119791666666,1.25501041666667,1.8704375,218.047916666667,1.25501041666667,209.996979166667,30.0198645833333,121.129875,130.161177083333,NaN,NaN
2023-03-27 00:00:00,3845.5,13.135625,-16.0384375,73.7948958333333,0.540239583333333,151.44625,0.52421875,2.02131375838926,356.9296,46.1251979166667,90.73203125,-0.332604166666667,-9.475125,Inf,-44.6042604166667,9.14247916666667,-35.4639270833333,1.29283333333333,2.01148958333333,206.950729166667,1.29283333333333,199.703333333333,35.7455416666667,45.7927604166667,81.2560625,NaN,NaN
2023-03-28 00:00:00,3941.5,13.6289583333333,-7.35471875,35.5347916666667,0.806458333333333,238.410729166667,0.795145833333334,1.99183724832215,379.305565625,251.852885416667,216.312885416667,-60.2844375,-22.9070833333333,Inf,35.5198333333333,-37.38190625,-1.86469791666667,2.51455208333333,3.30378125,221.022916666667,2.51455208333333,222.760416666667,23.4501041666667,191.541645833333,193.401385416667,NaN,NaN
2023-03-29 00:00:00,4037.5,13.7684375,0.228395833333333,32.2685416666667,0.917052083333333,249.705208333333,0.9195625,1.96236073825503,378.093063541667,213.118197916667,173.51840625,-81.1186458333333,-24.7466666666667,Inf,39.5896666666667,-56.372375,-16.7843333333333,2.644375,3.71840625,213.89375,2.644375,214.988541666667,27.2197916666667,131.989583333333,148.766760416667,NaN,NaN
2023-03-30 00:00:00,4133.5,13.7088541666667,-2.34877083333333,52.8651041666667,1.16188541666667,279.683333333333,1.1581875,1.93288422818792,367.139355208333,196.386875,151.30615625,-55.1526041666667,-17.26046875,Inf,45.0651875,-37.8912083333333,7.17447916666666,1.98775,3.01892708333333,210.434479166667,1.98775,211.840625,30.640625,141.22346875,134.048375,NaN,NaN
2023-03-31 00:00:00,4229.5,13.3784375,-10.3347916666667,88.7572916666667,0.864541666666667,210.320520833333,0.847510416666667,1.85131546537099,349.098451041667,68.5859270833333,58.460375,-5.69223958333334,-1.90408333333333,NaN,10.127125,-3.78832291666667,6.33879166666667,2.80539583333333,3.87765625,222.928125,2.80539583333333,222.541666666667,27.3366666666667,62.8915104166667,56.55290625,NaN,NaN
2023-04-01 00:00:00,4325.5,13.7679166666667,-3.64477083333333,57.3694791666667,1.085875,251.086458333333,1.08009375,1.55212030764374,377.792807291667,259.650072916667,218.725197916667,-69.1129791666667,-13.9409270833333,-Inf,40.9337291666667,-55.1727395833333,-14.2388020833333,3.2703125,4.41221875,216.527083333333,3.2703125,215.851041666667,25.1148958333333,190.541760416667,204.78603125,NaN,NaN
2023-04-02 00:00:00,4421.5,13.8234375,-1.3394375,45.9821875,1.29695833333333,233.946875,1.29371875,1.45791617389963,372.870740625,81.3856979166667,66.6171666666667,-39.5176041666667,-15.9980208333333,Inf,14.7636041666667,-23.5198020833333,-8.75672916666666,1.81830208333333,2.95566666666667,217.342677083333,1.81830208333333,218.301041666667,43.1594791666667,41.8615104166667,50.6207708333333,NaN,NaN
2023-04-03 00:00:00,4517.5,13.7360416666667,0.277395833333333,48.456875,1.30795833333333,259.66875,1.30851041666667,1.42875857843137,374.53626875,226.310072916667,159.24996875,-51.9184895833333,-15.1329895833333,Inf,67.05690625,-36.7838229166667,30.2704791666667,3.02433333333333,4.46436458333333,190.080979166667,3.02433333333333,192.271229166667,34.3635416666667,174.392020833333,144.114489583333,NaN,NaN
2023-04-04 00:00:00,4613.5,12.8628125,-12.5562291666667,84.3742708333333,0.942010416666667,264.814270833333,0.920333333333333,1.78984895833333,346.542244791667,20.4239166666667,65.34546875,-0.00948958333333334,-6.00047916666667,-Inf,-44.9203645833333,5.99073958333333,-38.9310416666667,0.402197916666667,0.87878125,100.53615625,0.402197916666667,90.1707291666667,35.9362395833333,20.4152708333333,59.3451458333333,NaN,NaN
2023-04-05 00:00:00,4709.5,13.0645833333333,-14.158125,71.3394791666667,0.691010416666667,267.655520833333,0.67253125,1.99031595744681,348.678432291667,158.645833333333,140.997072916667,-19.1587083333333,-11.784375,Inf,17.6443020833333,-7.37435416666667,10.26971875,1.7235625,2.40752083333333,212.367614583333,1.7235625,220.07403125,25.8702083333333,139.491229166667,129.211083333333,NaN,NaN
2023-04-06 00:00:00,4805.5,13.500625,-9.10922916666667,55.2829166666667,0.898072916666667,271.597916666667,0.882208333333333,1.96958404255319,350.428386458333,268.49253125,221.932791666667,-93.3846875,-19.7703229166667,Inf,46.5445520833333,-73.6165625,-27.06703125,1.99290625,2.80819791666667,215.260416666667,1.99290625,213.255208333333,29.2857083333333,175.091770833333,202.166385416667,NaN,NaN
2023-04-07 00:00:00,4901.5,13.7767708333333,0.247072916666666,27.4513541666667,1.02613541666667,225.628125,1.02760416666667,1.68678645833333,364.9257125,263.58740625,213.299489583333,-113.877083333333,-32.1733333333333,Inf,50.2986875,-81.7008333333333,-31.40203125,1.80489583333333,2.56182291666667,220.548854166667,1.80490625,223.083333333333,29.3432395833333,149.7340625,181.124083333333,NaN,NaN
2023-04-08 00:00:00,4997.5,13.7659375,0.0260104166666667,52.778125,1.21414583333333,214.083333333333,1.21419791666667,1.53606730769231,368.765372916667,130.40784375,98.11209375,-52.6694479166667,-18.8149791666667,Inf,32.2947916666667,-33.8544479166667,-1.55921875,1.61363541666667,2.45232291666667,224.0275,1.61363541666667,222.839583333333,33.50375,77.7397604166667,79.2991770833333,NaN,NaN
2023-04-09 00:00:00,5093.5,13.7640625,-0.251010416666667,56.3360416666667,1.25607291666667,222.117708333333,1.25546875,1.49449519230769,377.151921875,245.51365625,171.698875,-100.8321875,-23.4172916666667,Inf,73.8198854166667,-77.4148958333333,-3.59358333333333,2.02623958333333,2.91296875,200.571375,2.02625,201.242604166667,39.7075,144.690677083333,148.282927083333,NaN,NaN
2023-04-10 00:00:00,5189.5,13.6935416666667,5.39770833333333,35.4997916666667,1.30130208333333,224.939583333333,1.31422916666667,1.4517672275641,407.014819791667,279.86975,193.398572916667,-114.066666666667,-37.6604166666667,Inf,86.46825,-76.4084375,10.0581770833333,1.69671875,2.4495,210.056354166667,1.69671875,213.705208333333,31.7439791666667,165.809135416667,155.740635416667,NaN,NaN
2023-04-11 00:00:00,5285.5,13.6882291666667,8.64429166666667,24.0982291666667,1.365875,246.813541666667,1.38736458333333,1.36289423076923,399.042384375,289.770104166667,177.600114583333,-121.628125,-41.1880208333333,Inf,112.172947916667,-80.4385416666667,31.7344583333333,2.64485416666667,3.59604166666667,220.0375,2.64485416666667,218.765625,24.8026041666667,168.1390625,136.4156875,NaN,NaN
2023-04-12 00:00:00,5381.5,13.7065625,8.16129166666667,32.2913541666667,1.45376041666667,212.165625,1.47528125,1.27495833333333,374.419367708333,254.419979166667,160.38090625,-102.384479166667,-36.8492708333333,Inf,94.0429895833334,-65.5341666666667,28.5104270833333,2.776875,3.92010416666667,213.410416666667,2.776875,211.927083333333,27.6264583333333,152.041197916667,123.533645833333,NaN,NaN
2023-04-13 00:00:00,5477.5,13.7241666666667,4.8966875,35.9414583333333,1.52123958333333,208.276041666667,1.53477083333333,1.21540842661692,349.585446875,198.599666666667,124.10021875,-80.2684375,-26.1086979166667,Inf,74.49778125,-54.1590625,20.33803125,2.66020833333333,3.90389583333333,210.991666666667,2.66020833333333,212.983333333333,30.6978125,118.33475,97.9896458333333,NaN,NaN
2023-04-14 00:00:00,5573.5,13.5197916666667,-4.18876041666667,83.8027083333334,1.26035416666667,249.558333333333,1.25115625,1.2215802238806,341.165320833333,79.2097083333333,74.90515625,-5.25473958333333,-5.576375,Inf,4.30589583333333,0.321479166666666,4.62745833333333,1.253375,1.96832291666667,192.926458333333,1.253375,189.226666666667,34.3878125,73.9580104166667,69.3301979166667,NaN,NaN
2023-04-15 00:00:00,5669.5,13.60125,-9.32995833333333,80.3301041666667,0.8475,240.101041666667,0.83240625,1.26483395522388,344.068958333333,157.129145833333,130.213520833333,-0.194864583333333,-10.7854270833333,Inf,26.9065520833333,10.58965625,37.4950208333333,2.02107291666667,2.92419791666667,219.129947916667,2.02107291666667,219.467708333333,34.0017708333333,156.92746875,119.43303125,NaN,NaN
2023-04-16 00:00:00,5765.5,13.6927083333333,-2.21642708333333,47.8932291666667,0.914114583333333,174.726770833333,0.91459375,1.30619822761194,349.86755,299.784375,233.43840625,-78.4344270833333,-23.9092708333333,Inf,66.3458645833333,-54.5266875,11.8169270833333,1.97928125,2.74508333333333,211.539583333333,1.97928125,214.897916666667,28.138125,221.356989583333,209.526979166667,NaN,NaN
2023-04-17 00:00:00,5861.5,13.750625,3.59554166666667,31.0892708333333,1.47098958333333,218.361458333333,1.4806875,1.26977083333333,369.107284375,288.499666666667,202.4854375,-110.346770833333,-32.9630208333333,Inf,86.0224791666667,-77.3859375,8.640625,2.15288541666667,3.06047916666667,218.1265625,2.15288541666667,222.857291666667,29.95475,178.1615625,169.520125,NaN,NaN
2023-04-18 00:00:00,5957.5,13.723125,2.75859375,41.1283333333333,1.54090625,239.216666666667,1.54861458333333,1.21921055327869,351.423965625,249.638114583333,169.451291666667,-82.4647916666667,-22.8880208333333,Inf,80.1865729166667,-59.5720833333333,20.6141145833333,2.61854166666667,3.917,212.095833333333,2.61854166666667,210.192708333333,28.5052083333333,167.180864583333,146.563302083333,NaN,NaN
2023-04-19 00:00:00,6053.5,13.7107291666667,-8.00060416666667,81.6430208333333,1.39522916666667,293.8625,1.3745,1.21553278688525,342.867598958333,121.666510416667,99.3555729166667,-16.2349375,-4.051375,Inf,22.3118854166667,-12.1838125,10.1274375,1.63688541666667,2.3476875,224.643020833333,1.63688541666667,224.977708333333,29.8841666666667,105.437083333333,95.3043854166667,NaN,NaN
2023-04-20 00:00:00,6149.5,13.7173958333333,-11.7721875,72.8271875,1.27992708333333,290.682291666667,1.25175,1.21297540983607,345.843347916667,175.664989583333,139.54925,-46.9885625,-9.30329166666667,Inf,36.1168020833333,-37.6842291666667,-1.56722916666666,2.04108333333333,2.97171875,215.216770833333,2.04108333333333,222.286458333333,30.2461458333333,128.679260416667,130.245854166667,NaN,NaN
2023-04-21 00:00:00,6245.5,13.5494791666667,-10.018,80.8116666666667,1.0684375,301.567395833333,1.04785416666667,1.21041803278689,346.396338541667,73.3619895833333,60.3072916666667,-25.22734375,-4.79790625,0.26234375,13.0559791666667,-20.4293229166667,-7.37390625,2.3065625,3.26451041666667,230.22390625,2.3065625,222.561458333333,35.4197916666667,48.1302916666667,55.5098541666667,NaN,NaN
2023-04-22 00:00:00,6341.5,13.6461458333333,-7.05577083333333,75.0544791666667,1.41634375,265.6875,1.39819791666667,1.2078606557377,350.9275625,221.60365625,193.924364583333,-19.8388333333333,-12.0349270833333,0.50715625,27.6833541666667,-7.80361458333333,19.8786354166667,0.759864583333333,1.33610416666667,209.597916666667,0.759864583333333,216.6434375,43.4436458333333,201.7621875,181.889625,NaN,NaN
2023-04-23 00:00:00,6437.5,13.7840625,-3.7324375,60.7265625,1.54945833333333,233.7625,1.53880208333333,1.19869006147541,364.48035,310.8594375,226.34021875,-59.9503854166667,-17.592125,Inf,84.5310208333333,-42.3594583333333,42.1704375,1.05182291666667,1.73957291666667,208.419822916667,1.05182291666667,215.346875,40.3363229166667,250.926864583333,208.752791666667,NaN,NaN
2023-04-24 00:00:00,6533.5,13.7892708333333,-0.510864583333333,60.5544791666667,1.57764583333333,206.4125,1.57609375,1.17462847222222,383.301384375,254.888479166667,171.23959375,-78.5126875,-19.2400208333333,Inf,83.6429270833333,-59.2742708333333,24.3698125,1.29482291666667,2.00428125,213.521875,1.29482291666667,216.8028125,39.8566666666667,176.371739583333,151.998291666667,NaN,NaN
2023-04-25 00:00:00,6629.5,13.4591666666667,-2.08175,80.6710416666667,1.49998958333333,249.088854166667,1.49444791666667,1.18231944444444,386.406809375,158.042552083333,118.314416666667,-12.55778125,-9.08797916666667,Inf,39.7406145833333,-3.46796875,36.2731041666667,0.894666666666667,1.53927083333333,170.048416666667,0.894666666666667,146.734895833333,47.5245833333333,145.507729166667,109.227927083333,NaN,NaN
2023-04-26 00:00:00,6725.5,13.6910416666667,0.0648541666666668,69.2477083333333,1.53773958333333,226.279166666667,1.53808333333333,1.19173611111111,414.896778125,214.124010416667,172.314354166667,-58.3968229166667,-17.5840520833333,Inf,41.8064166666667,-40.8113333333333,0.99196875,0.670145833333333,1.194875,133.229375,0.670145833333333,135.9165625,44.35328125,155.713635416667,154.732114583333,NaN,NaN
2023-04-27 00:00:00,6821.5,13.72125,-1.15402083333333,70.9342708333333,1.54359375,233.919791666667,1.54067708333333,1.16171527777778,406.745646875,211.8436875,145.485645833333,-49.76703125,-12.043375,Inf,66.3545208333333,-37.7213020833333,28.63146875,1.75998958333333,2.58558333333333,205.90309375,1.75998958333333,183.518854166667,41.8045833333333,162.077166666667,133.445447916667,NaN,NaN
2023-04-28 00:00:00,6917.5,13.715,-3.77921875,64.8277083333333,1.54405208333333,248.069791666667,1.53372916666667,1.14897222222222,384.970063541667,265.314791666667,235.42971875,-58.7117604166667,-15.8584895833333,Inf,29.8868854166667,-42.8528541666667,-12.9625520833333,1.01027083333333,1.72611458333333,186.742291666667,1.01027083333333,183.09840625,57.463125,206.596645833333,219.569291666667,NaN,NaN
2023-04-29 00:00:00,7013.5,13.7491666666667,3.52475,44.3967708333333,1.62080208333333,218.411458333333,1.63116666666667,1.12035416666667,432.293345833333,314.86078125,189.190979166667,-98.7358333333333,-30.7396875,Inf,125.64815625,-67.9958333333333,57.6555729166666,1.13569791666667,1.93495833333333,199.41759375,1.13569791666667,210.864583333333,50.5658333333333,216.119479166667,158.45515625,NaN,NaN
2023-04-30 00:00:00,7109.5,13.7247916666667,5.35627083333333,39.0057291666667,1.67208333333333,228.014583333333,1.68845833333333,1.06211458333333,444.290232291667,281.850135416667,157.551135416667,-100.067604166667,-34.0667708333333,Inf,124.321645833333,-65.9972916666667,58.3261666666667,0.824739583333333,1.34478125,222.606114583333,0.824739583333333,239.47484375,42.1334270833333,181.823854166667,123.480927083333,NaN,NaN
2023-05-01 00:00:00,7205.5,13.7052083333333,7.39582291666667,40.3703125,1.73208333333333,210.721875,1.7553125,0.995052083333333,445.567160416667,264.066479166667,144.76190625,-97.0509375,-39.2033333333333,Inf,119.315302083333,-57.8446875,61.4708125,0.67509375,1.14589583333333,220.8714375,0.67509375,235.4125,37.5017083333333,167.02334375,105.559333333333,NaN,NaN
2023-05-02 00:00:00,7301.5,13.7248958333333,6.07194791666667,54.4722916666667,1.77604166666667,204.00625,1.79553125,0.955302083333334,413.451613541667,145.4666875,84.5824583333333,-68.3108333333333,-28.19221875,Inf,60.88034375,-40.11990625,20.7621770833333,0.722364583333333,1.33691666666667,214.88153125,0.722364583333333,209.911041666667,33.87715625,77.1498229166667,56.3847291666667,NaN,NaN
2023-05-03 00:00:00,7397.5,13.7244791666667,7.07325,40.2315625,1.82177083333333,205.738541666667,1.84525,0.905177083333333,421.347988541667,312.9701875,157.958770833333,-107.244583333333,-36.8222916666667,Inf,155.0135,-70.4208333333333,84.5954166666667,0.811479166666667,1.35130208333333,233.882135416667,0.811479166666667,244.619375,40.4962604166667,205.750395833333,121.139177083333,NaN,NaN
2023-05-04 00:00:00,7493.5,13.7098958333333,4.7546875,56.3633333333333,1.87647916666667,220.663541666667,1.8926875,0.858510416666666,396.566082291667,164.4078125,83.6030208333333,-43.38021875,-22.62671875,Inf,80.8105208333333,-20.7524583333333,60.05690625,0.684739583333333,1.19589583333333,234.831979166667,0.684739583333333,240.977083333333,31.5683229166667,121.036552083333,60.9730729166667,NaN,NaN
2023-05-05 00:00:00,7589.5,13.765,4.53425,37.4152083333333,1.91604166666667,213.354166666667,1.93184375,0.818802083333333,412.01015,274.691583333333,145.802583333333,-92.4623958333333,-27.7757291666667,Inf,128.893291666667,-64.6896666666667,64.2007291666667,1.86491666666667,2.82788541666667,208.727083333333,1.86491666666667,207.270833333333,29.680625,182.227802083333,118.028833333333,NaN,NaN
2023-05-06 00:00:00,7685.5,13.7480208333333,1.54252083333333,49.773125,1.96360416666667,222.894791666667,1.9691875,0.77553125,369.550858333333,236.737958333333,143.567625,-58.8703645833333,-16.9482604166667,Inf,93.1571145833333,-41.92265625,51.2314583333333,1.9713125,3.01390625,207.785416666667,1.9713125,213.78125,32.1758333333333,177.85596875,126.61584375,NaN,NaN
2023-05-07 00:00:00,7781.5,13.8610416666667,0.528104166666667,72.2525,1.94651041666667,246.804166666667,1.94841666666667,0.760867424242424,380.486425,194.827541666667,124.124052083333,-15.7735208333333,-10.5068645833333,Inf,70.7127291666667,-5.26663541666667,65.4429166666667,1.73141666666667,2.54335416666667,216.290625,1.73141666666667,220.992708333333,25.9694791666667,179.06175,113.6180625,NaN,NaN
2023-05-08 00:00:00,7877.5,13.708125,4.71067708333333,46.2952083333333,1.97682291666667,230.535416666667,1.99370833333333,0.748726325757576,436.200027083333,231.790239583333,143.412395833333,-59.917625,-27.695375,Inf,88.3689479166667,-32.2196666666667,56.15071875,1.39002083333333,2.18232291666667,232.60634375,1.39002083333333,232.427083333333,34.68478125,171.859927083333,115.713072916667,NaN,NaN
2023-05-09 00:00:00,7973.5,13.7370833333333,7.68698958333333,28.8507291666667,2.0180625,207.436458333333,2.04613541666667,0.704208333333333,422.292321875,311.235302083333,156.981708333333,-100.665833333333,-36.2616666666667,Inf,154.24934375,-64.4039583333333,89.8440520833333,1.4020625,2.2651875,235.8103125,1.4020625,230.871875,33.5275625,210.56971875,120.720708333333,NaN,NaN
2023-05-10 00:00:00,8069.5,13.7213541666667,4.37030208333333,69.3970833333333,2.055125,226.810416666667,2.07165625,0.647088541666666,386.203423958333,261.432541666667,135.280760416667,-53.6498125,-20.91609375,Inf,126.16325,-32.7338645833333,93.4259583333333,1.20923958333333,1.96133333333333,199.891583333333,1.20923958333333,190.746458333333,34.3309166666667,207.797041666667,114.362770833333,NaN,NaN
2023-05-11 00:00:00,8165.5,13.7414583333333,1.1729375,94.8572916666667,2.1295625,239.407291666667,2.13407291666667,0.613286458333333,407.100714583333,72.5060520833333,44.1830416666667,0.123322916666667,-5.45229166666667,0.557758333333333,28.3206666666667,5.57529166666667,33.89746875,0.3725625,0.806635416666667,156.76596875,0.3725625,102.43625,39.7324583333333,72.6304166666667,38.7338125,NaN,NaN
2023-05-12 00:00:00,8261.5,13.7241666666667,0.404635416666667,97.009375,2.12379166666667,262.342708333333,2.12527083333333,0.600864583333333,447.207808333333,98.36259375,74.9531145833333,-0.646822916666667,-4.4655,0.671416666666667,23.4027604166667,3.81875,27.2242604166667,0.2795625,0.604458333333333,94.05628125,0.2795625,42.3572916666667,28.9040625,97.711375,70.4951979166667,NaN,NaN
2023-05-13 00:00:00,8357.5,13.7679166666667,1.76588541666667,90.4876041666667,2.0028125,305.260416666667,2.00982291666667,0.585008333333333,474.799689583333,187.693364583333,98.440875,-19.2763229166667,-13.55625,Inf,89.2484270833333,-5.71944791666667,83.52625,0.51503125,1.00669791666667,107.175822916667,0.51503125,97.885875,45.5322916666667,168.413208333333,84.8845833333333,NaN,NaN
2023-05-14 00:00:00,8453.5,13.7423958333333,3.46967708333333,87.0528125,2.19080208333333,248.139583333333,2.20479166666667,0.531960416666667,511.049058333333,193.267020833333,90.7246770833333,-18.8595729166667,-17.91978125,Inf,102.54390625,-0.940729166666666,101.601708333333,0.409427083333333,0.85121875,191.505645833333,0.409427083333333,177.635979166667,43.19,174.407416666667,72.8036666666667,NaN,NaN
2023-05-15 00:00:00,8549.5,13.7753125,4.74866666666667,77.3830208333333,2.20740625,224.097916666667,2.2266875,0.487770833333333,539.8669375,172.7849375,81.17665625,-21.927875,-19.9668958333333,Inf,91.6068854166667,-1.96083333333333,89.642625,0.703135416666667,1.15769791666667,213.8885,0.703135416666667,191.465208333333,32.79475,150.8534375,61.2095,NaN,NaN
2023-05-16 00:00:00,8645.5,13.7730208333333,6.29858333333333,61.6717708333333,2.29329166666667,214.08125,2.3194375,0.431489583333333,554.181717708333,231.6224375,104.94778125,-39.5173854166667,-26.4723958333333,Inf,126.6755,-13.04353125,113.634114583333,1.39508333333333,2.11870833333333,210.023229166667,1.39508333333333,213.910770833333,37.0631145833333,192.1136875,78.4773541666667,NaN,NaN
2023-05-17 00:00:00,8741.5,13.7384375,8.01485416666667,48.4673958333333,2.36597916666667,214.945833333333,2.40042708333333,0.349572916666667,555.979530208333,289.550697916667,119.555864583333,-83.7954791666667,-35.8299479166667,Inf,170.016114583333,-47.9616145833333,122.05653125,0.7279375,1.27590625,218.544864583333,0.7279375,233.621145833333,46.1768645833333,205.757489583333,83.7189375,NaN,NaN
2023-05-18 00:00:00,8837.5,13.6752083333333,4.74875,75.4479166666667,2.453875,209.089583333333,2.47498958333333,0.275489583333333,526.819066666667,175.286791666667,69.0248229166667,-26.3054791666667,-19.1858333333333,Inf,106.259239583333,-7.11935416666666,99.1378645833333,0.477291666666667,0.936375,181.008052083333,0.477291666666667,176.784041666667,29.9934375,148.975239583333,49.8386770833333,NaN,NaN
2023-05-19 00:00:00,8933.5,13.7997916666667,3.20491666666667,86.6389583333333,2.52151041666667,208.15,2.5363125,0.213979166666667,546.917184375,181.589104166667,67.3457291666667,-22.5770416666667,-15.1187916666667,-110.762569444444,114.239739583333,-7.45896875,106.78025,0.347083333333333,0.72690625,158.3675,0.347083333333333,118.868635416667,28.3003854166667,159.010010416667,52.2280729166667,NaN,NaN
2023-05-20 00:00:00,9029.5,13.783125,6.02166666666667,64.7303125,2.58263541666667,211.567708333333,2.61089583333333,0.139875,558.911375,203.542489583333,73.1608645833333,-63.9341666666667,-21.6752395833333,Inf,130.37625,-42.2601666666667,88.1177083333333,1.00257291666667,1.58616666666667,214.968958333333,1.00258333333333,217.212708333333,33.8685416666667,139.59840625,51.4868958333334,NaN,NaN
2023-05-21 00:00:00,9125.5,13.7304166666667,7.40105208333333,49.0759375,2.666375,212.64375,2.70216666666667,0.04803125,558.42715,270.190104166667,72.16240625,-91.5751041666667,-23.3246145833333,Inf,198.033708333333,-68.2541666666667,129.777052083333,0.57996875,1.06288541666667,165.030302083333,0.57996875,158.074895833333,31.3633645833333,178.6149375,48.83584375,NaN,NaN
2023-05-22 00:00:00,9221.5,13.7365625,8.281625,47.4196875,2.71454166666667,202.314583333333,2.75536458333333,-0.00663541666666666,545.443278125,241.0565,39.1036666666667,-86.234375,-11.725875,Inf,201.969395833333,-74.5114583333333,127.46078125,0.699864583333333,1.2325,201.080572916667,0.699864583333333,195.345125,37.88009375,154.845072916667,27.3789895833333,NaN,NaN
2023-05-23 00:00:00,9317.5,13.7467708333333,8.00965625,57.3370833333333,2.71901041666667,203.415625,2.75841666666667,-0.00807291666666667,538.380232291667,187.665375,20.5893854166667,-77.1958333333333,-3.70003125,Inf,167.087447916667,-73.5005208333333,93.5812291666667,0.744260416666667,1.30571875,192.280135416667,0.744260416666667,182.904416666667,38.5233958333333,110.472270833333,16.8892291666667,NaN,NaN
2023-05-24 00:00:00,9413.5,13.7511458333333,6.33571875,70.286875,2.72277083333333,202.453125,2.75401041666667,-0.00441666666666667,537.873729166667,181.306510416667,14.9151875,-41.2508854166667,3.7371875,-0.385302083333333,166.3963125,-44.98521875,121.411645833333,0.907552083333333,1.54502083333333,205.555552083333,0.907552083333333,209.659385416667,39.7426041666667,140.07090625,18.6529270833333,NaN,NaN
2023-05-25 00:00:00,9509.5,13.6788541666667,8.22811458333333,57.7333333333333,2.71303125,210.51875,2.75340625,-0.0034375,564.884804166667,251.491666666667,20.10021875,-52.7075729166667,5.8260625,Inf,231.3835625,-58.53303125,172.85909375,0.817822916666667,1.4124375,208.742625,0.817822916666667,204.932104166667,40.4211979166667,198.790239583333,25.9248958333333,NaN,NaN
2023-05-26 00:00:00,9605.5,13.7253125,7.88638541666667,51.4398958333333,2.71169791666667,220.94375,2.75034375,-0.00113541666666667,537.303548958333,222.873208333333,19.1704791666667,-69.2966666666667,2.443,Inf,203.7010625,-71.7396875,131.95496875,1.21177083333333,1.87409375,219.628125,1.21177083333333,223.5196875,32.67425,153.57115625,21.61409375,NaN,NaN
2023-05-27 00:00:00,9701.5,13.7360416666667,8.04254166666667,45.2248958333333,2.70720833333333,245.651041666667,2.74671875,-0.000842379385964927,497.531397916667,274.260645833333,25.01025,-81.8244791666667,7.73957291666667,Inf,249.263354166667,-89.56375,159.685447916667,1.40119791666667,2.19565625,200.707364583333,1.40119791666667,212.8353125,36.3714583333333,192.435833333333,32.7478541666667,NaN,NaN
2023-05-28 00:00:00,9797.5,13.7261458333333,7.09914583333333,49.0827083333333,2.72141666666667,231.651041666667,2.75646875,-0.00780241228070177,462.361182291667,259.696052083333,26.5775104166667,-86.068,10.2685729166667,Inf,233.129958333333,-96.3317708333333,136.775666666667,1.16729166666667,1.89159375,224.59028125,1.16729166666667,224.586145833333,38.1521875,173.62925,36.8483125,NaN,NaN
2023-05-29 00:00:00,9893.5,13.6932291666667,9.29669791666667,40.4951041666667,2.70997916666667,241.6375,2.755625,-0.00688794642857144,465.0593375,263.61846875,29.9575729166667,-90.5032291666666,13.97615625,-0.709892361111111,233.65228125,-104.475625,129.173395833333,1.16497916666667,1.88890625,215.985947916667,1.16497916666667,219.590416666667,34.5854166666667,173.105947916667,43.9343541666667,NaN,NaN
2023-05-30 00:00:00,9989.5,13.6632291666667,9.5380625,33.0697916666667,2.70711458333333,249.466666666667,2.75380208333333,-0.00566223473084887,445.028171875,214.099625,25.6040104166667,-95.266875,11.387375,Inf,188.500041666667,-106.653229166667,81.85509375,0.692958333333333,1.24175,221.306979166667,0.692958333333333,229.477604166667,40.0518854166667,118.841489583333,36.9909895833333,NaN,NaN
2023-05-31 00:00:00,10085.5,13.7033333333333,8.48658333333333,44.3792708333333,2.7123125,233.04375,2.7539375,-0.00570606884057972,414.201182291667,258.496520833333,31.91146875,-76.7963541666667,25.9113541666667,Inf,226.595416666667,-102.708854166667,123.886854166667,1.25076041666667,1.97323958333333,212.726354166667,1.25076041666667,217.127083333333,31.8459479166667,181.695395833333,57.82209375,NaN,NaN
2023-06-01 00:00:00,10181.5,13.8346875,4.8155,76.4847916666667,2.72763541666667,221.341666666667,2.75154166666667,-0.00217708333333333,397.854047916667,139.442989583333,11.51840625,-18.9489791666667,11.1506875,Inf,127.920020833333,-30.0996770833333,97.8354791666667,1.18180208333333,1.79913541666667,211.270208333333,1.18180208333333,208.666979166667,29.6202604166667,120.492552083333,22.6694895833333,NaN,NaN
2023-06-02 00:00:00,10277.5,13.7979166666667,2.89239583333333,91.7539583333333,2.73161458333333,205.745833333333,2.74602083333333,0.00390625,450.129717708333,172.808447916667,11.2770520833333,1.66267708333333,16.0939375,Inf,161.540708333333,-14.4310104166667,147.109020833333,1.29455208333333,1.90713541666667,206.577083333333,1.29455208333333,205.685416666667,25.1602083333333,174.4794375,27.3708020833333,NaN,NaN
2023-06-03 00:00:00,10373.5,13.8189583333333,4.47579166666667,84.55125,2.72508333333333,213.840625,2.74736458333333,0.00288541666666667,486.508397916667,129.614822916667,7.77295833333333,-4.45425,8.62345833333333,-0.505833333333333,121.8433125,-13.0777916666667,108.764239583333,0.955729166666667,1.4281875,181.67103125,0.955729166666667,174.709479166667,30.59959375,125.158,16.39671875,NaN,NaN
2023-06-04 00:00:00,10469.5,13.7575,4.23680208333333,94.4361458333333,2.72207291666667,233.213541666667,2.74307291666667,0.00650000000000001,523.492014583333,95.33253125,5.62401041666666,0.719135416666667,10.5770833333333,Inf,89.7073645833333,-9.85789583333333,79.8479895833333,0.270041666666667,0.571166666666667,153.04746875,0.270041666666667,128.53940625,26.5991979166667,96.0479270833333,16.2008958333333,NaN,NaN
2023-06-05 00:00:00,10565.5,13.7603125,7.09525,75.5536458333333,2.71186458333333,215.810416666667,2.74669791666667,0.00321875,547.947414583333,223.2515,17.3886041666667,-37.9737916666667,9.58459375,Inf,205.881885416667,-47.5564479166667,158.3184375,0.668947916666667,1.18264583333333,167.942875,0.668947916666667,164.451020833333,39.300875,185.287822916667,26.9731875,NaN,NaN
2023-06-06 00:00:00,10661.5,13.70625,9.1561875,58.2442708333334,2.70394791666667,207.85625,2.74884375,0.00112500000000001,538.64375,241.832739583333,21.8340625,-86.1384375,6.53609375,Inf,220.005229166667,-92.67375,127.35,0.75959375,1.28477083333333,195.318364583333,0.75959375,192.778854166667,32.523625,155.695114583333,28.36784375,NaN,NaN
2023-06-07 00:00:00,10757.5,13.7082291666667,7.62326041666667,69.9360416666667,2.71020833333333,221.280208333333,2.7476875,0.0025625,531.5281,178.956770833333,17.2895208333333,-49.5311875,8.82515625,Inf,161.66715625,-58.3583333333334,103.310489583333,1.39378125,2.02332291666667,181.1109375,1.39378125,177.35125,26.9264375,129.419822916667,26.11546875,NaN,NaN
2023-06-08 00:00:00,10853.5,13.7372916666667,7.74970833333333,73.6861458333333,2.70528125,228.828125,2.74329166666667,0.00486979166666667,560.062121875,241.284447916667,19.2458229166667,-44.95778125,11.3665625,Inf,222.031395833333,-56.32090625,165.71090625,0.729135416666667,1.27761458333333,187.02990625,0.729135416666667,193.6453125,33.9676354166667,196.315604166667,30.6134270833333,NaN,NaN
2023-06-09 00:00:00,10949.5,13.7202083333333,9.53134375,45.3064583333333,2.69696875,200.566666666667,2.74357291666667,0.00643750000000001,539.775886458333,245.822791666667,24.545875,-71.7977083333333,11.3327708333333,Inf,221.282177083333,-83.1245833333333,138.161989583333,0.72446875,1.3196875,177.798458333333,0.72446875,173.334291666667,37.90021875,174.031635416667,35.8770625,NaN,NaN
2023-06-10 00:00:00,11045.5,13.7317708333333,8.03702083333333,55.568125,2.70630208333333,195.041666666667,2.74566666666667,0.00445833333333334,495.135148958333,238.544104166667,27.9992604166667,-82.25375,16.6439479166667,-0.461038194444444,210.55309375,-98.895,111.650166666667,0.73640625,1.30458333333333,202.544572916667,0.73640625,195.113583333333,41.9068125,156.292083333333,44.6425208333333,NaN,NaN
2023-06-11 00:00:00,11141.5,13.6373958333333,6.88065625,71.8740625,2.71226041666667,199.780208333333,2.74603125,0.00379166666666667,477.423866666667,247.745760416667,29.1980104166667,-61.0248958333333,23.8768854166667,Inf,218.548989583333,-84.9007395833333,133.643677083333,0.82978125,1.40525,172.575854166667,0.82978125,156.0639375,36.8794270833333,186.712541666667,53.0753958333333,NaN,NaN
2023-06-12 00:00:00,11237.5,13.7794791666667,4.40413541666667,81.96125,2.72509375,206.766666666667,2.74698958333333,0.00333333333333334,507.002290625,161.437770833333,13.4383229166667,-2.54396875,13.032625,Inf,148.007208333333,-15.577125,132.425083333333,0.947927083333333,1.57228125,204.010833333333,0.947927083333333,202.689895833333,34.35934375,158.899020833333,26.4712604166667,NaN,NaN
2023-06-13 00:00:00,11333.5,13.8001041666667,3.24011458333333,88.8245833333333,2.72725,208.702083333333,2.74340625,0.00648958333333334,541.201244791667,107.923135416667,7.20673958333333,0.411947916666667,8.25672916666667,Inf,100.714625,-7.84486458333334,92.8720729166667,0.841177083333333,1.35941666666667,182.570625,0.841177083333333,180.669166666667,29.5975520833333,108.339447916667,15.4638229166667,NaN,NaN
2023-06-14 00:00:00,11429.5,13.7625,6.63551041666667,74.9114583333333,2.71509375,211.404166666667,2.74784375,0.00248958333333334,565.153289583333,259.753010416667,22.7200625,-37.4203854166667,10.0761458333333,Inf,237.038447916667,-47.49621875,189.527875,2.05998958333333,2.95369791666667,210.492708333333,2.05998958333333,213.508333333333,27.0859375,222.33009375,32.7965833333333,NaN,NaN
2023-06-15 00:00:00,11525.5,13.7953125,5.54435416666667,81.9298958333333,2.716,207.915625,2.74332291666667,0.00598958333333334,569.160682291667,196.474552083333,14.3143645833333,-7.64923958333334,12.169125,Inf,182.154125,-19.8188541666667,162.327260416667,1.62441666666667,2.433,211.951041666667,1.62441666666667,203.980520833333,32.1938541666667,188.819125,26.4835,NaN,NaN
2023-06-16 00:00:00,11621.5,13.7614583333333,5.12590625,80.3169791666667,2.71744791666667,202.205208333333,2.74278125,0.00709375000000001,587.91668125,257.579958333333,20.74546875,-22.58884375,15.3391666666667,Inf,236.82859375,-37.9295625,198.899375,1.1775625,1.78573958333333,198.75778125,1.1775625,190.805416666667,35.1055208333333,234.982364583333,36.0846041666667,NaN,NaN
2023-06-17 00:00:00,11717.5,13.7769791666667,5.20963541666667,72.5366666666667,2.71815625,199.058333333333,2.74395833333333,0.00671875000000001,579.70905625,214.759354166667,18.7349583333333,-42.1785833333333,12.1113333333333,Inf,196.022364583333,-54.2892395833333,141.736541666667,1.10335416666667,1.876125,218.562395833333,1.10335416666667,220.365104166667,40.47125,172.5845625,30.8464479166667,NaN,NaN
2023-06-18 00:00:00,11813.5,13.733125,10.2851145833333,47.0360416666667,2.6913125,198.285416666667,2.74133333333333,0.00856250000000001,568.778777083333,171.052979166667,18.26034375,-74.8595833333333,-1.37086458333333,-0.295229166666667,152.794625,-73.4897916666667,79.30971875,2.01564583333333,3.1125625,217.5146875,2.01564583333333,211.211458333333,31.0310416666667,96.1949583333333,16.8892291666667,NaN,NaN
2023-06-19 00:00:00,11909.5,13.6248958333333,14.2678125,22.1464583333333,2.67535416666667,197.480208333333,2.74416666666667,0.00700000000000001,504.403614583333,347.506666666667,45.3902916666667,-119.383333333333,12.0587604166667,Inf,302.147791666667,-131.436041666667,170.690104166667,2.88658333333333,4.22023958333333,211.56875,2.88658333333333,208.966666666667,27.8148958333333,228.116666666667,57.4474479166666,NaN,NaN
2023-06-20 00:00:00,12005.5,13.674375,13.3425,18.5057291666667,2.6744375,198.421875,2.73892708333333,0.0114895833333333,425.275289583333,275.875572916667,36.6297395833333,-111.3228125,12.1604583333333,-0.370409722222222,239.2241875,-123.484166666667,115.753270833333,1.89476041666667,2.90147916666667,217.547916666667,1.89476041666667,213.260416666667,29.4779166666667,164.517625,48.78803125,NaN,NaN
2023-06-21 00:00:00,12101.5,13.6264583333333,13.9534375,42.1030208333333,2.67046875,201.466666666667,2.73767708333333,0.0122916666666667,417.230166666667,288.1653125,40.01690625,-92.6873020833333,25.2875104166667,Inf,248.141875,-117.976458333333,130.171864583333,1.40336458333333,2.20126041666667,172.148739583333,1.40336458333333,172.736125,38.8442708333333,195.468572916667,65.3026666666667,NaN,NaN
2023-06-22 00:00:00,12197.5,13.6275,11.56646875,61.4375,2.68676041666667,195.217708333333,2.74276041666667,0.00672916666666667,398.161284375,250.207270833333,34.6644895833333,-77.0060208333333,26.8922395833333,Inf,215.539416666667,-103.898333333333,111.645104166667,0.79525,1.35821875,182.884166666667,0.79525,184.701822916667,36.8651354166667,173.19759375,61.5550416666667,NaN,NaN
2023-06-23 00:00:00,12293.5,13.6146875,11.9456458333333,33.0442708333333,2.6796875,199.470833333333,2.73740625,0.01175,370.263764583333,362.982645833333,51.0392604166667,-109.88875,32.7956979166667,Inf,311.942416666667,-142.689895833333,169.233854166667,1.75759375,2.85288541666667,221.481875,1.75759375,228.214989583333,34.2030208333333,253.075833333333,83.8392708333333,NaN,NaN
2023-06-24 00:00:00,12389.5,13.6953125,8.99445833333333,32.0891666666667,2.68873958333333,210.077083333333,2.73251041666667,0.015875,345.87278125,339.65503125,47.7851354166667,-108.924270833333,32.7815625,-0.461034722222222,291.877104166667,-141.7059375,150.172916666667,1.71096875,2.70782291666667,225.740260416667,1.71096875,226.730208333333,40.3641666666667,230.7396875,80.567875,NaN,NaN
2023-06-25 00:00:00,12485.5,13.5961458333333,13.48265625,26.180625,2.64860416666667,211.634375,2.712875,0.0182447916666667,367.474919791667,360.01175,50.5615520833333,-119.44125,36.0746041666667,Inf,309.436875,-155.524375,153.929135416667,1.0608125,1.74488541666667,205.616197916667,1.0608125,213.541104166667,43.44484375,240.54921875,86.6332395833333,NaN,NaN
2023-06-26 00:00:00,12581.5,13.6063541666667,15.7225,11.6829166666667,2.62251041666667,215.819791666667,2.69671875,0.0196791666666667,348.060082291667,363.411239583333,52.33203125,-129.390625,30.08753125,-0.349322916666667,311.071864583333,-159.470833333333,151.584604166667,2.10028125,3.29129166666667,206.306666666667,2.10028125,206.344791666667,33.4205208333333,234.005625,82.4165416666667,NaN,NaN
2023-06-27 00:00:00,12677.5,13.6179166666667,15.6327083333333,18.4939583333333,2.62133333333333,216.194791666667,2.69511458333333,0.0217354166666667,340.033928125,344.069302083333,49.3012604166667,-111.7534375,30.05178125,Inf,294.773572916667,-141.8034375,152.961770833333,2.47863541666667,3.7669375,208.29375,2.47863541666667,208.907291666667,34.1751041666667,232.309791666667,79.3518645833333,NaN,NaN
2023-06-28 00:00:00,12773.5,13.6239583333333,14.2564479166667,23.1169791666667,2.59440625,216.10625,2.66085416666667,0.0214401041666667,337.453970833333,325.1311875,48.3999166666667,-115.5034375,31.0690416666667,Inf,276.72159375,-146.576666666667,130.137875,1.53564583333333,2.46288541666667,224.595291666667,1.53564583333333,222.66625,33.3402708333333,209.616864583333,79.4696875,NaN,NaN
2023-06-29 00:00:00,12869.5,13.5797916666667,12.0858125,50.1985416666667,2.582875,211.238541666667,2.63817708333333,0.023421875,341.239,338.97221875,49.0310416666667,-76.7544375,42.79509375,Inf,289.94771875,-119.553260416667,170.37715625,1.08033333333333,1.98801041666667,199.248552083333,1.08033333333333,189.805864583333,41.4435520833333,262.19853125,91.8301458333334,NaN,NaN
2023-06-30 00:00:00,12965.5,13.7602083333333,6.61920833333333,77.4202083333333,2.62955208333333,203.670833333333,2.66084375,0.0165989583333333,338.106141666667,164.935760416667,22.8803854166667,-36.53084375,20.7867708333333,Inf,142.068510416667,-57.3210520833333,84.7486666666667,0.871770833333333,1.477625,187.627604166667,0.871770833333333,197.4828125,40.9755833333333,128.407854166667,43.6657395833333,-41.30625,0.730270833333333
2023-07-01 00:00:00,13061.5,13.663125,9.91020833333334,62.6675,2.63464583333333,207.109375,2.68127083333333,0.0125659722222222,365.564322916667,347.548302083333,38.26590625,-56.3368541666667,17.6232916666667,Inf,309.26328125,-73.9664895833333,235.320395833333,0.839541666666667,1.4933125,214.3371875,0.839541666666667,205.283229166667,49.22065625,291.209916666667,55.8909479166667,NaN,NaN
2023-07-02 00:00:00,13157.5,13.6380208333333,12.8583541666667,44.2247916666667,2.63253125,218.13125,2.693375,0.02249375,377.865448958333,339.182166666667,40.9555520833333,-90.420125,16.9634479166667,Inf,298.226114583333,-107.386354166667,190.827114583333,1.10626041666667,1.82677083333333,224.95575,1.10627083333333,235.252083333333,41.4616458333333,248.754354166667,57.9253958333333,NaN,NaN
2023-07-03 00:00:00,13253.5,13.5971875,14.5813541666667,30.7525,2.63658333333333,224.373958333333,2.7058125,0.0270520833333333,377.0531,327.759854166667,44.8980208333333,-105.664895833333,28.0589895833333,Inf,282.873385416667,-133.724375,149.1409375,1.20548958333333,1.8958125,213.866,1.20548958333333,222.139270833333,44.0765625,222.093635416667,72.95696875,NaN,NaN
2023-07-04 00:00:00,13349.5,13.5926041666667,11.20065625,61.86125,2.66042708333333,219.628125,2.71429166666667,0.0225677083333333,368.9408,267.614697916667,34.56115625,-53.8731458333333,28.7096041666667,Inf,233.05284375,-82.5846875,150.465541666667,0.92434375,1.65504166666667,197.109145833333,0.92434375,190.610552083333,46.4534583333333,213.744145833333,63.2695729166667,NaN,NaN
2023-07-05 00:00:00,13445.5,13.6127083333333,11.1441979166667,64.8290625,2.66833333333333,218.5375,2.72201041666667,0.0205416666666667,389.90030625,301.790072916667,38.5423541666667,-45.0799791666667,26.8688541666667,Inf,263.262614583333,-71.9494791666667,191.306697916667,1.18702083333333,2.07521875,185.334,1.18702083333333,198.061604166667,44.2575,256.7268125,65.4087604166667,NaN,NaN
2023-07-06 00:00:00,13541.5,13.6594791666667,10.1644270833333,60.1834375,2.66840625,243.109375,2.71765625,0.0213424479166667,390.372820833333,214.548270833333,19.4195,-33.5208229166667,7.70198958333333,Inf,195.117229166667,-41.2223854166667,153.881864583333,1.32560416666667,2.07864583333333,200.881416666667,1.32560416666667,215.048083333333,38.1459375,181.015416666667,27.1215,NaN,NaN
2023-07-07 00:00:00,13637.5,13.5989583333333,10.31403125,63.2416666666667,2.67484375,235.372916666667,2.72467708333333,0.0222669270833333,404.444717708333,269.180333333333,31.03703125,-61.8045208333333,15.11803125,Inf,238.115541666667,-76.9233333333333,161.2173125,1.01559375,1.68227083333333,200.774895833333,1.01559375,191.836802083333,46.0200520833333,207.352260416667,46.1535625,NaN,NaN
2023-07-08 00:00:00,13733.5,13.6441666666667,10.3521145833333,64.4185416666667,2.67954166666667,254.911458333333,2.7295625,0.011375,413.155575,243.946510416667,27.7011145833333,-39.23015625,12.48096875,Inf,216.246354166667,-51.7085833333333,164.538697916667,0.648177083333333,1.2525625,195.50940625,0.648177083333333,199.218270833333,48.13003125,204.715791666667,40.1831770833333,NaN,NaN
2023-07-09 00:00:00,13829.5,13.6180208333333,13.4520729166667,45.819375,2.67639583333333,218.75625,2.74125,0.00554166666666667,430.48325,282.714510416667,36.22125,-74.2089166666667,15.5576145833333,Inf,246.510135416667,-89.7596145833333,156.74103125,0.904708333333333,1.50351041666667,225.306572916667,0.904708333333333,230.33378125,41.9956875,208.513802083333,51.776875,NaN,NaN
2023-07-10 00:00:00,13925.5,13.6011458333333,16.4185416666667,28.4265625,2.66035416666667,219.030208333333,2.73908333333333,0.00981250000000001,425.121265625,278.05875,37.7163229166667,-101.243541666667,16.6633541666667,Inf,240.350979166667,-117.902916666667,122.448447916667,1.07871875,1.80492708333333,220.936395833333,1.07871875,239.905208333333,41.3654166666667,176.8134375,54.37946875,NaN,NaN
2023-07-11 00:00:00,14021.5,13.5751041666667,16.9622916666667,22.2117708333333,2.63461458333333,234.205208333333,2.71502083333333,0.0231439732142857,401.831283333333,356.43453125,49.6361458333333,-119.992708333333,27.7773333333333,-0.438288194444444,306.76009375,-147.772708333333,159.01815625,1.81739583333333,2.7906875,223.667875,1.81739583333333,230.322916666667,36.8883333333333,236.419072916667,77.4097291666667,NaN,NaN
2023-07-12 00:00:00,14117.5,13.57375,16.6607291666667,26.29875,2.63308333333333,249.866666666667,2.71214583333333,0.0196659226190476,379.420780208333,288.656479166667,39.4498958333333,-100.25875,24.0341875,Inf,249.204989583333,-124.303229166667,124.897416666667,1.0329375,1.81171875,236.878645833333,1.0329375,233.347364583333,47.453125,188.39509375,63.4798229166667,NaN,NaN
2023-07-13 00:00:00,14213.5,13.56375,16.665,27.828125,2.649,225.845833333333,2.72851041666667,0.0168958333333333,370.690794791667,276.358375,38.7980520833333,-100.74125,24.795375,Inf,237.570604166667,-125.5303125,112.024427083333,0.912458333333333,1.58125,217.146239583333,0.912458333333333,228.622395833333,46.6610208333333,175.6081875,63.5911145833334,NaN,NaN
2023-07-14 00:00:00,14309.5,13.6189583333333,14.4211041666667,35.6925,2.645875,216.295833333333,2.71455208333333,0.01053125,351.174992708333,268.789208333333,38.700125,-93.9707604166667,25.8381145833333,Inf,230.068791666667,-119.811145833333,110.266760416667,0.972166666666667,1.71477083333333,211.360625,0.972166666666667,225.068354166667,52.4717708333333,174.80171875,64.5410729166667,NaN,NaN
2023-07-15 00:00:00,14405.5,13.586875,14.3321770833333,34.6214583333333,2.61448958333333,215.741666666667,2.68214583333333,0.00950000000000001,352.358333333333,314.197229166667,43.690125,-103.559895833333,32.9413541666667,Inf,270.465604166667,-136.504166666667,133.996270833333,0.896875,1.53923958333333,214.680385416667,0.896875,238.003229166667,46.1616875,210.63315625,76.63090625,NaN,NaN
2023-07-16 00:00:00,14501.5,13.565625,15.8526041666667,28.8828125,2.62183333333333,211.146875,2.6964375,0.0221961805555556,351.937375,332.409072916667,46.2106458333333,-113.429166666667,32.77365625,-0.612447916666667,286.224427083333,-146.202083333333,140.0290625,1.17947916666667,1.99164583333333,212.000208333333,1.17947916666667,223.34365625,47.6272916666667,219.0096875,78.9836666666667,NaN,NaN
2023-07-17 00:00:00,14597.5,13.5160416666667,18.969375,24.0120833333333,2.6116875,223.836458333333,2.70091666666667,0.0114978632478632,359.83331875,325.2424375,46.5753958333333,-114.583333333333,31.0922083333333,Inf,278.632958333333,-145.678229166667,132.97340625,1.26069791666667,2.02269791666667,218.18540625,1.26069791666667,224.97365625,40.763875,210.664552083333,77.6671458333333,NaN,NaN
2023-07-18 00:00:00,14693.5,13.5736458333333,16.7371875,36.109375,2.65722916666667,217.934375,2.73738541666667,0.00542227564102564,337.014247916667,257.076322916667,35.45421875,-81.22225,24.1810104166667,Inf,221.6239375,-105.400833333333,116.219197916667,1.20685416666667,2.07964583333333,207.919583333333,1.20685416666667,221.809895833333,48.3173958333333,175.844375,59.6353229166667,NaN,NaN
2023-07-19 00:00:00,14789.5,13.6047916666667,13.9183333333333,55.1994791666667,2.68104166666667,204.623958333333,2.74838541666667,0.00152083333333333,338.029871875,215.161864583333,26.8990104166667,-64.7244479166667,19.2327291666667,Inf,188.252947916667,-83.9615520833333,104.302354166667,1.11345833333333,1.76044791666667,218.762239583333,1.11345833333333,226.8978125,36.72878125,150.430864583333,46.1336979166667,NaN,NaN
2023-07-20 00:00:00,14885.5,13.5926041666667,12.0295520833333,75.9740625,2.67861458333333,207.779166666667,2.7368125,0.0115,359.774972916667,234.581197916667,27.2161145833333,-27.6074791666667,15.6826666666667,Inf,207.357083333333,-43.2900833333333,164.062145833333,1.24419791666667,2.01335416666667,198.725822916667,1.24419791666667,193.358375,40.9045833333333,206.953427083333,42.8982916666667,NaN,NaN
2023-07-21 00:00:00,14981.5,13.6061458333333,11.8722708333333,53.9721875,2.68094791666667,212.76875,2.73829166666667,0.00954166666666668,365.1113875,293.481041666667,36.2848541666667,-57.76071875,17.96671875,Inf,257.201864583333,-75.7317395833334,181.463552083333,0.754177083333333,1.32048958333333,206.650177083333,0.754177083333333,213.385833333333,46.2916770833333,235.712010416667,54.2517083333333,NaN,NaN
2023-07-22 00:00:00,15077.5,13.5601041666667,15.7244791666667,34.585625,2.64695833333333,234.232291666667,2.72183333333333,0.0137547348484849,377.770373958333,324.096822916667,41.6734791666667,-108.480520833333,21.7816145833333,Inf,282.44834375,-130.2640625,152.191041666667,0.728052083333333,1.34215625,205.304166666667,0.728052083333333,205.8828125,54.9122916666667,215.64125,63.4559375,NaN,NaN
2023-07-23 00:00:00,15173.5,13.5663541666667,17.7376041666667,28.4567708333333,2.62922916666667,258.357291666667,2.7133125,0.0138754734848485,370.504810416667,252.83078125,35.2139270833333,-96.7673958333333,19.9094375,Inf,217.61459375,-116.677708333333,100.940364583333,1.22266666666667,1.819125,214.556875,1.22266666666667,209.634895833333,34.4168020833333,156.059677083333,55.1198125,NaN,NaN
2023-07-24 00:00:00,15269.5,13.5077083333333,19.4766666666667,28.8871875,2.63373958333333,245.833333333333,2.72597916666667,0.0106631944444445,375.928770833333,303.35953125,40.5676666666667,-101.6340625,28.4967291666667,Inf,262.8223125,-130.138541666667,132.686395833333,1.18648958333333,1.916625,221.919145833333,1.18648958333333,223.055208333333,38.9224895833333,201.756666666667,69.0645520833333,NaN,NaN
2023-07-25 00:00:00,15365.5,13.5536458333333,17.4683333333333,36.3159375,2.64590625,220.663541666667,2.72913541666667,0.0057951388888889,346.181760416667,234.36196875,31.4869895833333,-85.4935416666667,19.40753125,Inf,202.847677083333,-104.8959375,97.9697291666667,1.37408333333333,2.16953125,228.941979166667,1.37408333333333,232.148854166667,37.0578125,148.849375,50.8948020833333,NaN,NaN
2023-07-26 00:00:00,15461.5,13.5697916666667,16.4089583333333,40.7732291666667,2.67036458333333,189.66875,2.74929166666667,0.000697916666666665,341.168240625,196.665114583333,26.59425,-87.391875,15.4485416666667,Inf,170.0755,-102.841770833333,67.23871875,1.41658333333333,2.156375,215.9503125,1.41658333333333,217.079166666667,35.3038541666667,109.28859375,42.04221875,NaN,NaN
2023-07-27 00:00:00,15557.5,13.5779166666667,16.1585416666667,40.8013541666667,2.67245833333333,190.572916666667,2.75017708333333,-0.000135416666666663,344.066503125,229.223375,31.8454791666667,-94.7179166666667,19.8295625,Inf,197.369510416667,-114.55375,82.8292708333333,1.24457291666667,1.94119791666667,220.938541666667,1.24457291666667,232.907291666667,34.6135625,134.500052083333,51.6749270833333,NaN,NaN
2023-07-28 00:00:00,15653.5,13.5259375,17.2488541666667,36.7210416666667,2.66725,190.304166666667,2.74995833333333,6.24999999999989e-05,348.774429166667,256.6856875,35.8555625,-89.351875,25.3749479166667,Inf,220.801072916667,-114.724791666667,106.081541666667,1.20090625,2.01164583333333,214.279479166667,1.20090625,213.778958333333,46.1577708333333,167.300354166667,61.2313958333333,NaN,NaN
2023-07-29 00:00:00,15749.5,13.5422916666667,17.9108333333333,34.4747916666667,2.66490625,191.053125,2.75078125,-0.000510416666666661,344.43108125,229.649666666667,32.07221875,-93.033125,22.3933229166667,Inf,197.568479166667,-115.426979166667,82.1432083333333,1.25619791666667,1.9175,208.895708333333,1.25619791666667,204.2104375,33.7168854166667,136.601145833333,54.46475,NaN,NaN
2023-07-30 00:00:00,15845.5,13.53,16.3232291666667,50.2685416666667,2.66960416666667,192.091666666667,2.74805208333333,0.00187500000000001,347.086401041667,243.0675625,32.7930104166667,-63.21203125,24.6519166666667,Inf,210.257895833333,-87.8648333333334,122.388697916667,1.65252083333333,2.47070833333333,210.96278125,1.65252083333333,214.875520833333,31.356875,179.847666666667,57.4465833333333,NaN,NaN
2023-07-31 00:00:00,15941.5,13.5963541666667,13.5986458333333,69.2569791666667,2.67788541666667,193.230208333333,2.74357291666667,0.00578125000000001,357.337348958333,132.13065625,12.8568645833333,-29.2140416666667,2.96276041666667,Inf,119.26703125,-32.1755625,87.09715625,0.867739583333333,1.39708333333333,185.80903125,0.86775,173.606635416667,37.9300520833333,102.919572916667,15.8193541666667,NaN,NaN
2023-08-01 00:00:00,16037.5,13.6576041666667,13.3203125,68.3058333333333,2.68060416666667,195.49375,2.7450625,0.00455208333333334,378.29876875,210.112197916667,21.9795729166667,-43.9281875,9.04251041666667,Inf,188.130114583333,-52.97209375,135.157177083333,1.30915625,2.01940625,203.2610625,1.30915625,204.106666666667,33.6071354166667,166.178697916667,31.0213958333333,NaN,NaN
2023-08-02 00:00:00,16133.5,13.6085416666667,11.8329166666667,76.5391666666667,2.68227083333333,239.530208333333,2.73969791666667,0.00573096264367817,458.882558333333,138.240135416667,9.73920833333333,-18.4252708333333,4.7718125,Inf,128.506729166667,-23.1957395833333,105.311864583333,1.26101041666667,1.88096875,195.974333333333,1.26101041666667,193.895479166667,33.2150208333333,119.82446875,14.51134375,NaN,NaN
2023-08-03 00:00:00,16229.5,13.6704166666667,10.8841770833333,72.1428125,2.69326041666667,227.165625,2.74626041666667,-0.0012830459770115,455.47321875,184.55521875,16.3778333333333,-34.7570729166667,4.77990625,Inf,168.162510416667,-39.5373541666667,128.629791666667,1.94109375,2.91434375,221.6,1.94109375,217.822916666667,27.984375,149.7785625,21.15809375,NaN,NaN
2023-08-04 00:00:00,16325.5,13.6555208333333,12.2301041666667,52.5533333333333,2.6961875,207.344791666667,2.75585416666667,-0.00711458333333334,417.597252083333,196.707166666667,17.94196875,-82.2795833333333,-3.03325,Inf,178.759104166667,-79.2467708333333,99.5133541666666,1.66254166666667,2.57975,225.113958333333,1.66255208333333,224.26875,32.5929270833333,114.422270833333,14.9091979166667,NaN,NaN
2023-08-05 00:00:00,16421.5,13.6241666666667,12.1104166666667,53.685625,2.70114583333333,213.835416666667,2.76028125,-0.0101354166666667,396.891979166667,278.775260416667,33.3432604166667,-87.6305416666667,15.1194270833333,Inf,245.380177083333,-102.75375,142.647572916667,1.23219791666667,1.97709375,205.000104166667,1.23219791666667,215.341489583333,43.07034375,191.114552083333,48.4600833333333,NaN,NaN
2023-08-06 00:00:00,16517.5,13.6436458333333,10.31684375,70.1925,2.71219791666667,215.875,2.76279166666667,-0.0127595486111111,412.824927083333,213.621729166667,24.3790416666667,-47.05153125,15.2903541666667,Inf,189.231239583333,-62.3401041666667,126.896020833333,1.04027083333333,1.6805625,163.040989583333,1.04027083333333,157.424739583333,40.5144791666667,166.5655625,39.6699166666667,NaN,NaN
2023-08-07 00:00:00,16613.5,13.7160416666667,10.7496875,50.7525,2.71138541666667,232.89375,2.76421875,-0.0163185763888889,393.498372916667,125.9806875,16.1751458333333,-72.8130208333333,1.52085416666667,-0.655197916666667,109.807177083333,-74.333125,35.46784375,1.40229166666667,2.23269791666667,215.6078125,1.40230208333333,220.951041666667,32.9665833333333,53.1659479166667,17.69540625,NaN,NaN
2023-08-08 00:00:00,16709.5,13.6428125,11.8305416666667,45.94875,2.70864583333333,221.016666666667,2.76660416666667,-0.0194583333333334,396.386184375,191.537197916667,24.2273958333333,-77.5483333333334,10.57603125,Inf,167.313010416667,-88.1178125,79.1929270833333,1.34436458333333,2.1364375,210.5641875,1.34436458333333,219.859375,37.6213541666667,113.99559375,34.80371875,NaN,NaN
2023-08-09 00:00:00,16805.5,13.6209375,10.7585208333333,50.6169791666667,2.70653125,254.436458333333,2.75898958333333,-0.0159118806306306,387.326729166667,314.530114583333,40.9771666666667,-102.6190625,29.6618333333333,Inf,273.561114583333,-132.2753125,141.286197916667,1.709,2.59834375,213.5203125,1.709,220.435416666667,36.2089583333333,211.936666666667,70.63365625,NaN,NaN
2023-08-10 00:00:00,16901.5,13.5908333333333,13.8689583333333,38.9990625,2.67719791666667,281.666666666667,2.74428125,-0.0077652027027027,380.690329166667,279.772875,37.015,-97.7986458333333,23.1481770833333,Inf,242.753291666667,-120.946458333333,121.804166666667,1.75434375,2.83070833333333,220.983958333333,1.75434375,226.622395833333,41.4064583333333,181.96478125,60.163875,NaN,NaN
2023-08-11 00:00:00,16997.5,13.5863541666667,14.2586458333333,45.2232291666667,2.67683333333333,270.941666666667,2.74571875,-0.0055760135135135,379.7528125,266.806416666667,34.7371041666667,-81.63209375,25.7321145833333,Inf,232.097260416667,-107.365,124.715125,1.47002083333333,2.36920833333333,196.136854166667,1.47002083333333,219.078125,40.0726041666667,185.185833333333,60.4661458333333,NaN,NaN
2023-08-12 00:00:00,17093.5,13.59375,14.4551041666667,45.3783333333333,2.68211458333333,263.8,2.75208333333333,-0.00500211148648647,380.110801041667,195.392114583333,23.3748229166667,-73.28125,16.03171875,Inf,172.002354166667,-89.3095833333333,82.6948333333333,0.949104166666667,1.51315625,221.759375,0.949104166666667,222.953229166667,38.8502083333333,122.098854166667,39.4035,NaN,NaN
2023-08-13 00:00:00,17189.5,13.62,11.1924270833333,62.6975,2.70273958333333,241.415625,2.75733333333333,-0.00767708333333335,366.657898958333,215.7064375,28.3048958333333,-82.255625,23.6223333333333,Inf,187.39621875,-105.876666666667,81.52378125,0.787729166666667,1.4025,180.356635416667,0.787729166666667,189.482916666667,46.1566145833333,133.441510416667,51.9275520833333,NaN,NaN
2023-08-14 00:00:00,17285.5,13.5621875,11.4711979166667,45.9702083333333,2.69579166666667,236.375,2.7515,0.000947916666666669,368.86505,314.074854166667,42.7440833333333,-100.678125,34.0311979166667,Inf,271.34440625,-134.714270833333,136.618385416667,0.635427083333333,1.14413541666667,211.295197916667,0.6354375,202.4334375,32.2066458333333,213.392489583333,76.7742604166666,NaN,NaN
2023-08-15 00:00:00,17381.5,13.5053125,16.373125,26.0533333333333,2.67072916666667,248.482291666667,2.74936458333333,0.000875000000000007,375.769015625,308.521635416667,41.8313020833333,-120.290625,27.0404791666667,Inf,266.677229166667,-147.333020833333,119.341458333333,0.837020833333333,1.48646875,204.336614583333,0.837020833333333,207.111864583333,49.2895104166667,188.223916666667,68.8711875,NaN,NaN
2023-08-16 00:00:00,17477.5,13.5117708333333,17.3684375,36.8844791666667,2.674625,245.489583333333,2.75822916666667,-0.00831250000000002,376.421733333333,267.16303125,35.3471041666667,-100.84,23.9628958333333,Inf,231.810947916667,-124.801458333333,107.0139375,0.974666666666667,1.58151041666667,213.465625,0.974666666666667,203.0096875,39.28003125,166.3265625,59.3131354166667,NaN,NaN
2023-08-17 00:00:00,17573.5,13.4960416666667,18.6119791666667,32.174375,2.66532291666667,256.544791666667,2.75447916666667,-0.00802604166666668,371.137202083333,247.50834375,33.12090625,-96.0210416666667,22.33,Inf,214.3841875,-118.3496875,96.0331041666667,1.33602083333333,2.02815625,209.353927083333,1.33602083333333,207.735,36.9704895833333,151.478114583333,55.4492395833333,NaN,NaN
2023-08-18 00:00:00,17669.5,13.6158333333333,14.3864583333333,59.3952083333333,2.69196875,240.160416666667,2.76188541666667,-0.01646875,354.292195833333,135.258604166667,18.7066041666667,-55.5555208333334,9.98058333333333,Inf,116.553489583333,-65.5330729166667,51.01859375,1.91296875,2.77292708333333,216.704375,1.91296875,217.089583333333,27.0270833333333,79.7021041666666,28.68465625,NaN,NaN
2023-08-19 00:00:00,17765.5,13.5407291666667,15.6357291666667,51.303125,2.68880208333333,244.783333333333,2.76467708333333,-0.0172350101626017,390.669083333333,242.167989583333,30.0939791666667,-81.81875,10.5415208333333,Inf,212.06828125,-92.3558333333333,119.709052083333,1.7095625,2.55828125,190.122072916667,1.7095625,208.2810625,40.3098958333333,160.331458333333,40.6372291666667,NaN,NaN
2023-08-20 00:00:00,17861.5,13.5073958333333,18.2171875,37.0741666666667,2.65711458333333,272.329166666667,2.74408333333333,0.00268597560975609,381.424830208333,284.328072916667,37.3826354166667,-109.232291666667,22.4571458333333,Inf,246.938010416667,-131.686041666667,115.2503125,1.20801041666667,1.95596875,208.624375,1.20801041666667,210.120635416667,42.08753125,175.081354166667,59.8415520833333,NaN,NaN
2023-08-21 00:00:00,17957.5,13.4789583333333,19.1489583333333,22.1277083333333,2.645125,260.964583333333,2.73622916666667,0.00778844987542618,363.788927083333,262.738802083333,35.8159270833333,-114.8734375,22.3153958333333,Inf,226.9183125,-137.182916666667,89.74634375,1.2663125,2.0225625,204.92603125,1.2663125,213.642395833333,37.5604166666667,147.873895833333,58.1311979166667,NaN,NaN
2023-08-22 00:00:00,18053.5,13.5426041666667,16.9736458333333,34.9815625,2.65879166666667,285.402083333333,2.74013541666667,0.00395766129032258,338.386503125,198.822260416667,26.7801458333333,-93.0783333333333,16.6567916666667,Inf,172.034458333333,-109.736666666667,62.3032291666667,1.746625,2.48654166666667,189.203541666667,1.746625,194.535416666667,29.6901041666667,105.734885416667,43.4375104166667,NaN,NaN
2023-08-23 00:00:00,18149.5,13.5355208333333,14.5686458333333,55.7755208333333,2.67061458333333,266.090625,2.74079166666667,0.00250604838709678,343.7747125,212.401270833333,28.91540625,-64.7499270833334,24.75959375,Inf,183.501072916667,-89.5143333333333,93.98565625,1.32730208333333,2.05339583333333,193.330635416667,1.32730208333333,203.143229166667,32.04,147.647052083333,53.6782604166667,NaN,NaN
2023-08-24 00:00:00,18245.5,13.5177083333333,11.855625,78.8609375,2.68744791666667,227.720833333333,2.74508333333333,0.00508333333333334,368.203036458333,110.417520833333,10.8728541666667,-11.3403854166667,7.34185416666666,Inf,99.5465625,-18.68121875,80.8615208333333,0.687322916666667,1.159375,184.743885416667,0.687322916666667,180.400145833333,30.10084375,99.0790104166667,18.2156458333333,NaN,NaN
2023-08-25 00:00:00,18341.5,13.6522916666667,8.82346875,96.059375,2.69621875,246.709375,2.7394375,0.0118802083333333,421.267202083333,44.6335625,3.44096875,-4.31251041666667,7.22244791666667,Inf,41.1876354166667,-11.5349583333333,29.6548333333333,0.349583333333333,0.69296875,155.769947916667,0.349583333333333,134.74834375,28.2808854166667,40.31984375,10.6631145833333,NaN,NaN
2023-08-26 00:00:00,18437.5,13.5777083333333,12.2038229166667,79.1263541666667,2.67746875,231.532291666667,2.73646875,0.0144583333333333,430.304201041667,284.115072916667,28.439125,-60.2200520833333,13.5993854166667,Inf,255.693177083333,-73.8188125,181.86759375,0.605145833333333,1.06767708333333,222.03734375,0.605145833333333,195.427572916667,30.31759375,223.896927083333,42.0376458333333,NaN,NaN
2023-08-27 00:00:00,18533.5,13.5565625,13.38875,64.7301041666667,2.67045833333333,233.539583333333,2.735,0.0150416666666667,414.395963541667,207.31553125,26.47640625,-73.3160729166667,12.6404375,Inf,180.83190625,-85.9533333333333,94.8839895833333,0.7478125,1.28822916666667,184.311385416667,0.7478125,180.674239583333,44.44596875,134.001927083333,39.1162708333333,NaN,NaN
2023-08-28 00:00:00,18629.5,13.5582291666667,11.89828125,64.3735416666667,2.67622916666667,251.395833333333,2.73378125,0.0134453125,405.842928125,231.38253125,29.4609583333333,-63.2952083333333,19.6827916666667,Inf,201.918666666667,-82.9736458333333,118.93871875,0.649708333333333,1.15440625,204.53284375,0.64971875,193.203125,34.9029166666667,168.083760416667,49.1442604166667,NaN,NaN
2023-08-29 00:00:00,18725.5,13.54125,12.8937395833333,45.97875,2.67383333333333,250.008333333333,2.73604166666667,0.0117890625,402.554039583333,283.196270833333,36.773875,-100.857708333333,22.1850416666667,Inf,246.430270833333,-123.035833333333,123.377291666667,0.600197916666667,1.08717708333333,213.4378125,0.600197916666667,214.652395833333,32.1772083333333,182.335385416667,58.96046875,NaN,NaN
2023-08-30 00:00:00,18821.5,13.5278125,16.9719791666667,29.0565625,2.65960416666667,232.614583333333,2.74090625,0.00933333333333334,389.764876041667,234.328541666667,31.71475,-109.85625,13.8123229166667,Inf,202.605072916667,-123.6684375,78.93928125,1.85967708333333,2.70521875,215.4925,1.85967708333333,218.447916666667,30.545625,124.4584375,45.5223958333333,NaN,NaN
2023-08-31 00:00:00,18917.5,13.5109375,16.9598958333333,22.3097916666667,2.66078125,231.038541666667,2.74209375,0.00794791666666667,363.956305208333,253.393854166667,35.2408854166667,-116.327083333333,18.5323854166667,Inf,218.16053125,-134.85625,83.2924895833333,1.72639583333333,2.641,213.365177083333,1.72639583333333,221.634375,33.3860416666667,137.059302083333,53.7746458333333,NaN,NaN
2023-09-01 00:00:00,19013.5,13.5020833333333,16.6142708333333,35.3860416666667,2.66680208333333,241.717708333333,2.74665625,0.00268880208333333,353.703758333333,219.979322916667,30.2142916666667,-90.5517708333333,19.7757291666667,Inf,189.771947916667,-110.330104166667,79.4452083333333,1.44564583333333,2.33382291666667,203.026177083333,1.44564583333333,210.405520833333,35.89625,129.431489583333,49.9926979166667,NaN,NaN
2023-09-02 00:00:00,19109.5,13.5826041666667,13.9911458333333,54.1607291666667,2.68532291666667,242.2875,2.75320833333333,-0.00699609374999999,344.738134375,185.679979166667,24.5766875,-77.3279166666667,14.7478229166667,Inf,161.110375,-92.076875,69.0331666666667,1.32204166666667,2.02408333333333,209.55625,1.32204166666667,216.4625,27.1384270833333,108.349875,39.32540625,NaN,NaN
2023-09-03 00:00:00,19205.5,13.5792708333333,13.2065625,62.6189583333333,2.68917708333333,239.485416666667,2.75339583333333,-0.00425090579710144,360.986117708333,174.6055,23.0864375,-70.5345729166667,7.66264583333333,Inf,151.520322916667,-78.1977083333333,73.3211666666667,1.60578125,2.42158333333333,210.3128125,1.60578125,211.6196875,28.5947916666667,104.07753125,30.751375,NaN,NaN
2023-09-04 00:00:00,19301.5,13.6259375,9.01623958333333,66.2689583333333,2.68963541666667,314.059375,2.73352083333333,-0.00183876811594201,360.525682291667,125.053770833333,15.1718229166667,-61.41225,1.94839583333333,-0.380739583333333,109.881479166667,-63.3582291666667,46.5179166666667,2.3985,3.53376041666667,215.738541666667,2.3985,215.066666666667,33.2980208333333,63.6439270833333,17.1189270833333,NaN,NaN
2023-09-05 00:00:00,19397.5,13.5841666666667,8.40533333333333,62.0671875,2.69785416666667,292.805208333333,2.73884375,-0.000186594202898541,388.212683333333,247.894604166667,33.28128125,-93.9077083333333,21.6447708333333,Inf,214.639572916667,-115.55,99.0811458333333,1.74952083333333,2.60928125,213.8428125,1.74952083333333,217.521875,34.0721979166667,154.016260416667,54.9306875,NaN,NaN
2023-09-06 00:00:00,19493.5,13.5502083333333,13.7408333333333,32.8676041666667,2.67455208333333,247.973958333333,2.74092708333333,0.00410960144927537,378.142196875,255.431666666667,36.6038541666667,-114.778125,18.8489791666667,-0.502447916666667,218.830875,-133.625520833333,85.1954166666667,1.70278125,2.589125,220.512677083333,1.70278125,224.195833333333,34.141875,140.642916666667,55.4518125,NaN,NaN
2023-09-07 00:00:00,19589.5,13.5545833333333,13.0603125,23.5669791666667,2.67728125,227.172916666667,2.74047916666667,0.00972916666666668,353.838071875,261.333822916667,38.1971041666667,-119.017708333333,21.5370833333333,Inf,223.126427083333,-140.560416666667,82.570625,1.48766666666667,2.296625,227.532291666667,1.48766666666667,227,35.5711041666667,142.308958333333,59.7356979166667,NaN,NaN
2023-09-08 00:00:00,19685.5,13.5259375,14.543125,18.1708333333333,2.66980208333333,237.988541666667,2.73989583333333,0.0111770833333333,349.078227083333,243.14309375,35.75896875,-122.154166666667,17.0500104166667,Inf,207.409375,-139.2,68.2070729166667,1.27517708333333,2.0320625,221.906666666667,1.27517708333333,228.682291666667,39.9369375,121.018541666667,52.806375,NaN,NaN
2023-09-09 00:00:00,19781.5,13.5338541666667,13.4407291666667,25.9440625,2.68351041666667,262.842708333333,2.74867708333333,0.000277083333333334,340.105128125,220.65353125,31.7593229166667,-102.980625,18.76984375,Inf,188.8914375,-121.751770833333,67.1351458333333,1.0225625,1.705625,223.58878125,1.0225625,227.634375,42.4021666666667,117.659375,50.53021875,NaN,NaN
2023-09-10 00:00:00,19877.5,13.61,8.85759375,63.8227083333333,2.72007291666667,223.70625,2.76377083333333,-0.0122800595238095,330.537848958333,132.08540625,16.3653125,-38.0818854166667,14.8937916666667,Inf,115.716791666667,-52.9781875,62.741625,0.76,1.33878125,169.261916666667,0.76,149.40003125,41.1116875,94.00065625,31.2599166666667,NaN,NaN
2023-09-11 00:00:00,19973.5,13.6066666666667,5.85722916666667,77.4279166666667,2.72160416666667,225.467708333333,2.75054166666667,0.00134375,339.204922916667,162.02740625,18.6604791666667,-40.6600729166667,9.86401041666667,Inf,143.380291666667,-50.5281354166667,92.8523333333333,0.456947916666667,0.851625,216.543322916667,0.456947916666667,174.02321875,24.5265833333333,121.37953125,28.5243541666667,NaN,NaN
2023-09-12 00:00:00,20069.5,13.5722916666667,8.62329166666667,47.8342708333333,2.70767708333333,229.28125,2.74985416666667,0.000989583333333335,348.341795833333,251.499145833333,35.9233541666667,-99.6746875,19.87034375,Inf,215.5803125,-119.548958333333,96.0323541666667,0.571239583333333,0.994604166666667,186.8615625,0.571239583333333,187.636770833333,27.9069895833333,151.826114583333,55.7940520833333,NaN,NaN
2023-09-13 00:00:00,20165.5,13.5835416666667,9.0778125,48.2523958333333,2.71011458333333,219.634375,2.75470833333333,-0.00472916666666667,342.699228125,150.886385416667,21.7294166666667,-75.1883333333333,12.8969895833333,Inf,129.167145833333,-88.0865625,41.0797291666667,0.942895833333333,1.50219791666667,204.30425,0.942895833333333,185.4321875,32.6588229166667,75.7062395833333,34.6242291666667,NaN,NaN
2023-09-14 00:00:00,20261.5,13.6379166666667,5.00882291666667,81.9471875,2.7345625,220.911458333333,2.75953125,-0.00809375000000001,342.418115625,54.5089166666667,6.43415625,-18.1975,6.8988125,Inf,48.0763125,-25.0965520833333,22.9783125,0.56753125,0.946083333333333,188.947770833333,0.56753125,153.909479166667,21.9826770833333,36.31215625,13.33271875,NaN,NaN
2023-09-15 00:00:00,20357.5,13.5863541666667,4.61776041666667,79.7733333333333,2.73380208333333,225.830208333333,2.75676041666667,-0.00680208333333333,361.691004166667,182.375666666667,18.2786041666667,-44.7174166666667,11.7441458333333,Inf,164.086177083333,-56.4628645833333,107.615197916667,0.450833333333333,0.870291666666667,153.904979166667,0.450833333333333,125.485135416667,28.1858645833333,137.64959375,30.0230729166667,NaN,NaN
2023-09-16 00:00:00,20453.5,13.5823958333333,8.4600625,43.6011458333333,2.72619791666667,207.316666666667,2.76788541666667,-0.0174270833333333,364.151027083333,247.6168125,34.62134375,-115.61875,12.966,Inf,212.988854166667,-128.584375,84.4064583333334,1.04204166666667,1.598,223.750489583333,1.04204166666667,218.690625,27.49628125,131.99290625,47.5851354166667,NaN,NaN
2023-09-17 00:00:00,20549.5,13.5657291666667,10.6549166666667,38.66625,2.71405208333333,209.383333333333,2.76623958333333,-0.01584375,361.77651875,233.5088125,34.1108854166667,-109.6746875,15.6180208333333,Inf,199.390229166667,-125.296875,74.0839583333333,1.48121875,2.2646875,217.558333333333,1.48121875,220.477708333333,35.3155208333333,123.817177083333,49.7315,NaN,NaN
2023-09-18 00:00:00,20645.5,13.5764583333333,8.84584375,47.1919791666667,2.72470833333333,203.528125,2.76841666666667,-0.0180520833333334,347.296986458333,159.332833333333,22.8193958333333,-81.0347916666667,11.27840625,Inf,136.51596875,-92.3126041666667,44.2011666666667,1.57503125,2.38701041666667,207.349895833333,1.57503125,212.4653125,34.4,78.2982708333333,34.09778125,NaN,NaN
2023-09-19 00:00:00,20741.5,13.5830208333333,6.32175,67.2980208333334,2.72928125,225.05625,2.76051041666667,-0.0113615196078431,355.195727083333,164.03565625,23.99665625,-62.7819895833333,17.6055208333333,Inf,140.044979166667,-80.3822083333333,59.6621145833333,1.62765625,2.35792708333333,203.169989583333,1.62766666666667,202.7328125,30.9769791666667,101.267208333333,41.5994479166667,NaN,NaN
2023-09-20 00:00:00,20837.5,13.6073958333333,8.43304166666667,47.9792708333333,2.70710416666667,257.322916666667,2.74851041666667,0.00180943627450981,368.907860416667,136.51778125,18.3897916666667,-83.0538541666667,-0.746302083333333,Inf,118.1198125,-82.3059375,35.8188541666667,1.45520833333333,2.181875,201.234208333333,1.45520833333333,207.642625,31.206875,53.4555,17.64284375,NaN,NaN
2023-09-21 00:00:00,20933.5,13.6107291666667,8.504375,47.0938541666667,2.71317708333333,232.258333333333,2.75498958333333,-0.00496875,356.380309375,167.2133125,23.6513229166667,-84.354375,7.36535416666667,Inf,143.551583333333,-91.7145833333333,51.84215625,1.31236458333333,2.04236458333333,220.35125,1.31236458333333,217.34375,31.4895729166667,82.8598541666667,31.0156041666667,NaN,NaN
2023-09-22 00:00:00,21029.5,13.6178125,7.68555208333333,35.8167708333333,2.71971875,220.117708333333,2.75760416666667,0.00736458333333333,342.91903125,226.8095625,34.0066979166667,-93.9769791666667,17.5859791666667,Inf,192.788375,-111.561041666667,81.2321770833333,2.0113125,3.17986458333333,212.01559375,2.01132291666667,215.625,35.193125,132.823166666667,51.59165625,NaN,NaN
2023-09-23 00:00:00,21125.5,13.6563541666667,3.5775,44.3870833333333,2.74370833333333,208.545833333333,2.76136458333333,0.00439583333333333,336.974796875,234.556166666667,36.2581354166667,-99.6946145833333,21.9452708333333,-0.326923611111111,198.294864583333,-121.6421875,76.6524687500001,2.50272916666667,3.60092708333333,216.99375,2.50273958333333,217.384375,30.1711458333333,134.862260416667,58.20865625,NaN,NaN
2023-09-24 00:00:00,21221.5,13.58125,7.36854166666667,24.7307291666667,2.72666666666667,209.9125,2.76307291666667,0.00245833333333335,341.065396875,228.85696875,35.67175,-118.089583333333,17.6268125,Inf,193.202625,-135.7128125,57.4931458333334,1.14705208333333,1.80758333333333,211.331875,1.14705208333333,221.6328125,38.44928125,110.785604166667,53.2966666666667,NaN,NaN
2023-09-25 00:00:00,21317.5,13.5298958333333,10.494625,20.9020833333333,2.71067708333333,212.321875,2.762,0.00361458333333334,346.075397916667,220.68809375,34.63959375,-118.673958333333,15.9849583333333,Inf,186.05146875,-134.656145833333,51.3919270833333,0.846395833333333,1.45584375,221.982604166667,0.846395833333333,226.164,32.1157395833333,102.015,50.6266875,NaN,NaN
2023-09-26 00:00:00,21413.5,13.5214583333333,11.9879270833333,21.8604166666667,2.70242708333333,213.735416666667,2.76090625,0.00503125,342.643579166667,219.606489583333,34.6024895833333,-117.015625,15.1601770833333,Inf,184.998208333333,-132.182083333333,52.8222708333333,0.9375,1.53160416666667,227.809166666667,0.9375,223.1409375,32.6301041666667,102.582614583333,49.7620833333334,NaN,NaN
2023-09-27 00:00:00,21509.5,13.514375,13.0008229166667,22.1091666666667,2.69852083333333,213.739583333333,2.76179166666667,0.00340625000000001,337.231602083333,220.215760416667,34.07803125,-123.151041666667,13.8187604166667,-0.503548611111111,186.137614583333,-136.972916666667,49.1657708333333,1.56442708333333,2.29678125,215.014895833333,1.56442708333333,216.489583333333,28.293375,97.06196875,47.8940625,NaN,NaN
2023-09-28 00:00:00,21605.5,13.531875,13.2703125,20.4265625,2.69592708333333,220.683333333333,2.76055208333333,0.00454166666666667,328.6382125,220.4888125,34.3391875,-116.580729166667,14.9272395833333,Inf,186.154479166667,-131.5075,54.64215625,1.91261458333333,2.7410625,211.930625,1.912625,211.477083333333,27.717625,103.907677083333,49.2580416666667,NaN,NaN
2023-09-29 00:00:00,21701.5,13.5472916666667,11.5027916666667,25.37625,2.70395833333333,222.983333333333,2.76021875,0.00479166666666666,326.346188541667,167.017875,25.71171875,-111.860416666667,6.30140625,-0.547479166666667,141.304916666667,-118.160520833333,23.1403958333333,2.04038541666667,3.02723958333333,217.76875,2.04038541666667,212.065625,26.9922916666667,55.1550520833333,32.01278125,NaN,NaN
2023-09-30 00:00:00,21797.5,13.5479166666667,12.2805208333333,25.8896875,2.70163541666667,221.617708333333,2.7615625,0.00311458333333333,326.225282291667,180.715708333333,27.9907395833333,-102.329270833333,10.2366666666667,Inf,152.733604166667,-112.566041666667,40.170125,1.73682291666667,2.59558333333333,213.865625,1.73682291666667,211.771875,32.9547916666667,78.3929166666667,38.2276875,NaN,NaN
2023-10-01 00:00:00,21893.5,13.5698958333333,10.7264166666667,38.6091666666667,2.71272916666667,210.894791666667,2.76527083333333,-0.000135416666666654,325.664202083333,139.047708333333,22.6445729166667,-91.4327083333333,7.48346875,Inf,116.402208333333,-98.9201041666667,17.4844166666667,1.70408333333333,2.47957291666667,206.8175,1.70408333333333,206.99825,25.7873541666667,47.61678125,30.12665625,NaN,NaN
2023-10-02 00:00:00,21989.5,13.5366666666667,6.92561458333333,58.0360416666667,2.73425,199.6125,2.76839583333333,-0.00316666666666667,330.386865625,155.330520833333,24.2955104166667,-57.1371041666667,13.464625,Inf,131.045552083333,-70.598625,60.4420833333333,1.7703125,2.66361458333333,207.01034375,1.7703125,221.032208333333,32.2095416666667,98.19990625,37.7588645833333,NaN,NaN
2023-10-03 00:00:00,22085.5,13.6952083333333,0.556447916666667,74.601875,2.7635,198.334375,2.76626041666667,-0.00356250000000001,336.784782291667,111.376104166667,11.7166354166667,-29.8762395833333,6.65697916666667,Inf,99.6594791666667,-36.53365625,63.1257291666667,1.93982291666667,2.92573958333333,220.352083333333,1.93982291666667,220.661458333333,29.7586979166667,81.50025,18.3738958333333,NaN,NaN
2023-10-04 00:00:00,22181.5,13.6132291666667,1.92616666666667,67.866875,2.76175,201.022916666667,2.77134375,-0.00608333333333335,335.478559375,160.02534375,21.8413125,-64.3337916666667,12.3218020833333,Inf,138.179822916667,-76.659375,61.5245208333333,1.67159375,2.60125,208.236354166667,1.67159375,197.391875,39.9013541666667,95.6865,34.1606145833333,NaN,NaN
2023-10-05 00:00:00,22277.5,13.6096875,3.61798958333333,64.2428125,2.75805208333333,193.15625,2.77611458333333,-0.01190625,334.334051041667,191.45125,26.8792083333333,-74.4219791666667,18.2195625,Inf,164.56071875,-92.6427083333333,71.9175208333333,1.22995833333333,2.11415625,209.526729166667,1.22995833333333,205.270833333333,47.941875,117.01915625,45.097375,NaN,NaN
2023-10-06 00:00:00,22373.5,13.5944791666667,4.11898958333333,63.5657291666667,2.75675,193.8875,2.7773125,-0.0125833333333333,334.856738541667,178.32184375,24.74065625,-79.0053125,17.7157291666667,Inf,153.584208333333,-96.7176041666667,56.8616458333333,0.863229166666667,1.42830208333333,180.5321875,0.863229166666667,189.9903125,35.009125,99.3173229166667,42.4539583333333,NaN,NaN
2023-10-07 00:00:00,22469.5,13.5422916666667,7.50871875,40.2910416666667,2.73784375,199.409375,2.77492708333333,-0.0101458333333333,338.81714375,197.735427083333,29.3583333333333,-111.933333333333,12.9279479166667,Inf,168.3671875,-124.8628125,43.5083333333333,1.15027083333333,1.78141666666667,199.21440625,1.15027083333333,202.4153125,39.60725,85.7943333333333,42.29171875,NaN,NaN
2023-10-08 00:00:00,22565.5,13.52875,8.51923958333333,32.9388541666667,2.73134375,199.98125,2.77339583333333,-0.00853125000000002,337.844766666667,198.8795,30.1352291666667,-115.75625,12.4961041666667,Inf,168.746614583333,-128.248854166667,40.4978333333333,0.920729166666667,1.5328125,213.107395833333,0.920729166666667,204.580625,39.6878958333333,83.1323125,42.63253125,NaN,NaN
2023-10-09 00:00:00,22661.5,13.5335416666667,8.28813541666667,28.4972916666667,2.73085416666667,206.317708333333,2.77180208333333,-0.00709375000000001,334.403455208333,196.32809375,29.849875,-113.522916666667,12.7771666666667,Inf,166.476875,-126.303229166667,40.1817708333333,0.896208333333333,1.51045833333333,224.410208333333,0.896208333333333,229.638020833333,36.2174270833333,82.8078125,42.6253541666667,NaN,NaN
2023-10-10 00:00:00,22757.5,13.5491666666667,7.7915,27.6622916666667,2.73135416666667,206.033333333333,2.76990625,-0.00695833333333334,331.282023958333,167.52290625,25.7697708333333,-98.2013541666667,12.1036458333333,Inf,141.752552083333,-110.305833333333,31.4452916666667,1.11775,1.76720833333333,234.249270833333,1.11775,237.322916666667,33.7013645833333,69.3209895833334,37.87534375,NaN,NaN
2023-10-11 00:00:00,22853.5,13.5792708333333,3.65107291666667,65.1590625,2.7490625,217.666666666667,2.76734375,-0.00155803571428572,333.747248958333,87.1707083333333,12.3150520833333,-40.2473958333333,5.64829166666667,Inf,74.8577916666667,-45.8958125,28.9606875,2.01465625,3.03875,210.003541666667,2.01465625,212.435416666667,28.8461458333333,46.9232604166667,17.9640104166667,NaN,NaN
2023-10-12 00:00:00,22949.5,13.2094791666667,-3.72060416666667,90.865625,2.5001875,257.171145833333,2.48342708333333,0.0853837676962677,340.429054166667,43.2437291666667,31.08528125,-2.43773958333333,-0.577822916666667,-90.4275946969697,12.15790625,-1.85980208333333,10.2980104166667,1.33896875,2.17088541666667,189.568645833333,1.33896875,188.838333333333,45.5801041666667,40.8095625,30.5110729166667,NaN,NaN
2023-10-13 00:00:00,23045.5,13.4628125,-4.76088541666667,85.48125,2.53285416666667,268.367395833333,2.51113541666667,0.102476351351351,341.745414583333,135.547239583333,116.19665625,-44.57125,-7.90457291666667,174.092076086956,19.36096875,-36.6633854166667,-17.3016666666667,1.60778125,2.37739583333333,202.167708333333,1.60778125,197.352604166667,30.4318333333333,90.98340625,108.28775,NaN,NaN
2023-10-14 00:00:00,23141.5,13.6897916666667,-0.945302083333333,74.72375,2.66394791666667,243.569791666667,2.65925,0.0953854166666667,340.899367708333,142.960020833333,95.80878125,-81.2985416666667,-14.5792604166667,-0.341381944444444,47.1486979166667,-66.7178125,-19.5705104166667,1.62054166666667,2.37614583333333,192.771770833333,1.62054166666667,190.410416666667,32.4256875,61.66028125,81.2293958333334,NaN,NaN
2023-10-15 00:00:00,23237.5,13.645,2.48226041666667,60.2763541666667,2.69267708333333,224.334375,2.70480208333333,0.0687552083333334,341.213983333333,182.793322916667,112.395447916667,-97.5120833333333,-21.4876041666667,Inf,70.3934479166667,-76.0271875,-5.63185416666667,1.33772916666667,2.09079166666667,199.7484375,1.33772916666667,189.577510416667,37.7895833333333,85.2773958333333,90.90790625,NaN,NaN
2023-10-16 00:00:00,7787.52083333333,13.5610763888889,7.3060625,43.4751736111111,2.71627083333333,206.799652777778,2.75226736111111,0.0129201388888889,343.070389583333,177.981475694444,47.7766736111111,-104.4090625,-19.1244930555556,Inf,130.199583333333,-85.2870138888889,44.9114652777778,1.48185069444444,2.14197222222222,212.223958333333,1.48185069444444,211.312847222222,31.7246909722222,73.5664340277778,28.6531180555555,NaN,NaN
2023-10-17 00:00:00,110.5,13.57875,8.72479166666666,37.7646875,2.72529166666667,203.117708333333,2.768375,-0.00316666666666667,340.759260416667,166.728052083333,19.00821875,-107.197916666667,-8.73236458333333,Inf,147.719479166667,-98.4686458333333,49.2559375,2.22017708333333,3.14447916666667,219.926041666667,2.22017708333333,221.553125,26.7950833333333,59.5296875,10.27634375,NaN,NaN
2023-10-18 00:00:00,206.5,13.5946875,5.5215625,51.9065625,2.73957291666667,198.392708333333,2.7670625,-0.00214583333333334,337.849959375,162.038135416667,22.050375,-100.496875,2.0950625,Inf,139.989552083333,-102.596041666667,37.3945208333333,1.79864583333333,2.59609375,217.11284375,1.79864583333333,216.8125,34.6728125,61.5380208333333,24.14740625,NaN,NaN
2023-10-19 00:00:00,302.5,13.5302083333333,7.74310416666667,42.3272916666667,2.72947916666667,197.530208333333,2.76775,-0.002875,345.043691666667,173.617083333333,25.2384270833333,-113.351041666667,3.36420833333333,Inf,148.3776875,-116.715625,31.66359375,1.59389583333333,2.37614583333333,213.583958333333,1.59389583333333,207.073229166667,34.3866666666667,60.2666458333333,28.60059375,NaN,NaN
2023-10-20 00:00:00,398.5,13.5042708333333,10.0301666666667,22.0652083333333,2.71880208333333,196.717708333333,2.76815625,-0.00334375000000001,337.127333333333,172.418427083333,26.3184791666667,-121.375,0.134697916666667,Inf,146.102104166667,-121.509375,24.59,1.556,2.22834375,205.470833333333,1.556,201.170208333333,27.905,51.0410104166667,26.452875,NaN,NaN
2023-10-21 00:00:00,494.5,13.5010416666667,9.88586458333333,27.8788541666667,2.72029166666667,197.1625,2.76898958333333,-0.00398958333333333,337.107816666667,157.471677083333,23.0354270833333,-103.1253125,3.98848958333333,Inf,134.439375,-107.1103125,27.32690625,0.832645833333333,1.33997916666667,211.09571875,0.832645833333333,228.718541666667,37.254,54.3520833333333,27.0230833333333,NaN,NaN
2023-10-22 00:00:00,590.5,13.5427083333333,7.52336458333333,35.4842708333333,2.73184375,195.727083333333,2.76911458333333,-0.00383333333333333,332.133521875,147.492166666667,22.5748958333333,-102.8771875,5.65455208333333,Inf,124.912614583333,-108.528229166667,16.3906666666667,1.26347916666667,1.86095833333333,221.6896875,1.26348958333333,223.467708333333,28.1189166666667,44.6213541666666,28.22921875,NaN,NaN
2023-10-23 00:00:00,686.5,13.5328125,8.9085625,27.4558333333333,2.72469791666667,196.644791666667,2.76869791666667,-0.00382291666666667,330.00161875,159.568125,24.6233020833333,-103.970416666667,5.34614583333333,Inf,134.940239583333,-109.312395833333,25.6224375,1.9441875,2.91817708333333,210.652083333333,1.9441875,213.990625,26.23934375,55.5942708333333,29.9685416666667,NaN,NaN
2023-10-24 00:00:00,782.5,13.5983333333333,5.37086458333333,40.4320833333333,2.74147916666667,196.102083333333,2.76827083333333,-0.00328125000000001,332.302592708333,91.25046875,14.6770104166667,-91.6144791666667,0.69653125,Inf,76.5756875,-92.3129166666666,-15.7390625,1.53890625,2.16439583333333,221.409375,1.53890625,222.659375,25.7256666666667,-0.361343750000005,15.3744479166667,NaN,NaN
2023-10-25 00:00:00,878.5,13.5694791666667,5.65577083333333,40.3628125,2.74052083333333,198.266666666667,2.76866666666667,-0.00329166666666667,332.368621875,157.965854166667,24.9812395833333,-109.283854166667,6.98201041666667,-0.531815972222222,132.9876875,-116.253854166667,16.73278125,2.12257291666667,2.98197916666667,217.541666666667,2.12257291666667,220.413541666667,24.405,48.6911458333333,31.9616458333333,NaN,NaN
2023-10-26 00:00:00,974.5,13.4975,0.463791666666666,57.3480208333333,2.758375,214.769791666667,2.76042708333333,-0.00487280701754387,335.329548958333,121.20246875,17.2124583333333,-65.7849270833334,6.99915625,Inf,103.995927083333,-72.7844479166667,31.20853125,3.14630208333333,4.40670833333333,210.407291666667,3.14630208333333,211.111458333333,27.6423958333333,55.4216041666666,24.2106145833333,NaN,NaN
2023-10-27 00:00:00,1070.5,13.5419791666667,-1.03129166666667,71.91125,2.77889583333333,218.4625,2.77361458333333,-0.00771031373075547,339.582234375,47.3491354166667,23.8604895833333,-29.9890625,-3.49013541666667,Inf,23.4925,-26.498125,-3.00630208333333,1.64044791666667,2.49872916666667,209.34,1.64044791666667,212.48125,33.4484375,17.36053125,20.3702291666667,NaN,NaN
2023-10-28 00:00:00,1166.5,12.7985416666667,-5.50302083333333,90.9114583333333,2.45786458333333,274.226041666667,2.43273958333333,0.0330892857142857,340.6507625,13.68690625,27.85246875,-0.679395833333333,-1.60395833333333,Inf,-14.1643333333333,0.9245,-13.24075,0.598302083333333,1.09992708333333,125.766895833333,0.598302083333333,125.098125,29.0169791666667,13.0080416666667,26.2481875,NaN,NaN
2023-10-29 00:00:00,1262.5,13.0582291666667,-12.9335416666667,77.6133333333333,2.48847916666667,244.941354166667,2.42871875,0.090483418367347,345.391628125,36.630625,98.7647916666667,0.1218125,-11.62675,Inf,-62.1377395833333,11.7488854166667,-50.38521875,1.00083333333333,1.61848958333333,182.498645833333,1.00083333333333,149.234125,33.0440833333333,36.7511666666667,87.13834375,NaN,NaN
2023-10-30 00:00:00,1358.5,13.3020833333333,-9.86329166666667,44.14125,2.70936458333333,220.496875,2.65983333333333,0.104604166666667,344.878779166667,139.859145833333,130.3288125,-46.64571875,-18.2735416666667,173.971663043478,9.53,-28.3751666666667,-18.8443854166667,2.08930208333333,2.96542708333333,201.2040625,2.08930208333333,198.136979166667,30.0365625,93.2091770833334,112.054072916667,NaN,NaN
2023-10-31 00:00:00,1454.5,13.5561458333333,-5.3513125,46.6473958333333,2.6844375,249.804166666667,2.65777083333333,0.0921059523809524,342.097060416667,144.1945,116.544010416667,-95.9075,-17.2977083333333,Inf,27.6504583333333,-78.6090625,-50.9553645833333,2.37880208333333,3.19996875,188.828885416667,2.37880208333333,188.5059375,27.9392916666667,48.2919375,99.2454375,NaN,NaN
2023-11-01 00:00:00,1550.5,13.6120833333333,-1.432125,43.3667708333333,2.6941875,253.929166666667,2.68697916666667,0.0643732142857143,339.178175,126.005708333333,90.3186041666667,-91.31125,-19.019375,Inf,35.6876979166667,-72.2922916666667,-36.6070833333333,1.96239583333333,2.7535,223.9625,1.96239583333333,214.311458333333,24.2676041666667,34.690125,71.29671875,NaN,NaN
2023-11-02 00:00:00,1646.5,13.651875,0.368802083333333,40.2934375,2.705125,228.273958333333,2.70685416666667,0.0574322916666667,337.861870833333,107.688791666667,78.6851041666667,-76.123125,-17.3558333333333,NaN,29.0041041666667,-58.7680729166667,-29.7619583333333,2.13208333333333,3.12017708333333,216.3990625,2.13208333333333,215.2375,29.459375,31.56403125,61.32921875,NaN,NaN
2023-11-03 00:00:00,1742.5,13.5961458333333,1.83244791666667,54.9242708333333,2.71785416666667,214.441666666667,2.72694791666667,0.0394583333333333,336.718791666667,117.603677083333,70.9451458333333,-75.1494791666667,-14.6659583333333,Inf,46.6581979166667,-60.4806458333333,-13.8208958333333,2.43065625,3.34119791666667,221.026041666667,2.43065625,222.360416666667,27.1944791666667,42.4565208333333,56.2755729166666,NaN,NaN
2023-11-04 00:00:00,1838.5,13.6169791666667,2.43155208333333,51.5788541666667,2.73371875,214.4,2.74578125,0.0180104166666667,339.559980208333,140.267572916667,58.5010520833333,-99.6911458333333,-13.9114375,Inf,81.7702916666667,-85.7801041666667,-4.01278125,2.50870833333333,3.42216666666667,212.692604166667,2.50870833333333,215.540625,27.3533333333333,40.57459375,44.5867604166667,NaN,NaN
2023-11-05 00:00:00,1934.5,13.5354166666667,4.75828125,36.5282291666667,2.74086458333333,207.533333333333,2.76453125,0.000624999999999996,335.247078125,122.209166666667,17.98678125,-93.0761458333333,-14.3603020833333,Inf,104.221875,-78.7110416666667,25.516125,2.67413541666667,3.907125,216.790416666667,2.67413541666667,220.294791666667,34.0982291666667,29.1377083333333,3.62753125,NaN,NaN
2023-11-06 00:00:00,2030.5,13.5652083333333,4.87439583333333,33.0196875,2.74027083333333,204.933333333333,2.76463541666667,-0.000156249999999987,333.621697916667,98.476375,10.90290625,-66.069375,-9.57661458333333,Inf,87.5733229166667,-56.4884375,31.0804791666667,2.40352083333333,3.75983333333333,202.143645833333,2.40352083333333,206.152083333333,36.58125,32.4047916666667,1.32636458333333,NaN,NaN
2023-11-07 00:00:00,2126.5,13.5880208333333,3.75590625,42.2259375,2.75689583333333,213.995833333333,2.77575,-0.0100426136363636,332.94664375,106.027208333333,13.212,-53.7505625,-0.495239583333333,Inf,92.813125,-53.2535208333333,39.5590625,2.62151041666667,3.98947916666667,206.517614583333,2.62151041666667,207.04375,35.4010416666667,52.2732604166667,12.7173541666667,NaN,NaN
2023-11-08 00:00:00,2222.5,13.5047916666667,-6.08511458333333,82.5758333333333,2.69686458333333,285.36875,2.66661458333333,-0.00232954545454544,341.120754166667,44.59984375,47.2003645833333,-0.483708333333333,-6.1089375,NaN,-2.60030208333333,5.62585416666667,3.02577083333333,0.7886875,1.36171875,187.663666666667,0.7886875,184.6096875,40.1799270833333,44.1152395833334,41.0895729166667,NaN,NaN
2023-11-09 00:00:00,2318.5,13.6408333333333,-7.13021875,62.1805208333333,2.77875,260.653125,2.74227083333333,0.0145795454545455,342.40060625,113.552375,97.5883333333333,-49.7130520833333,-12.4609791666667,0.103458333333333,15.9636979166667,-37.2548645833333,-21.294875,1.49219791666667,2.1933125,185.385854166667,1.49219791666667,191.528125,32.4669583333333,63.8360104166667,85.1275208333333,NaN,NaN
2023-11-10 00:00:00,2414.5,13.6552083333333,-4.56559375,31.37625,2.77570833333333,222.589583333333,2.75232291666667,0.0128551136363637,341.26075,144.375885416667,71.8058541666667,-111.061458333333,-9.85713541666667,Inf,72.5716875,-101.2,-28.6265,2.02645833333333,2.82952083333333,205.4268125,2.02645833333333,202.72128125,26.5303125,33.3236041666667,61.95009375,NaN,NaN
2023-11-11 00:00:00,2510.5,13.6369791666667,-3.55379166666667,36.7021875,2.78655208333333,224.407291666667,2.76835416666667,-0.00215625,340.727253125,131.61565625,29.9539270833333,-100.599166666667,-3.405875,Inf,101.664479166667,-97.1933333333333,4.46476041666666,2.44334375,3.44290625,210.55,2.44334375,218.252083333333,31.5425625,31.0077083333333,26.5467083333333,NaN,NaN
2023-11-12 00:00:00,2606.5,13.55875,1.00070833333333,25.3335416666667,2.7643125,218.926041666667,2.76910416666667,-0.00390625000000001,337.896192708333,123.54028125,17.8591979166667,-110.488541666667,-7.23764583333333,Inf,105.683520833333,-103.251041666667,2.42941666666666,1.59375,2.37977083333333,200.324822916667,1.59375,210.083333333333,30.6491770833333,13.0521875,10.62165625,NaN,NaN
2023-11-13 00:00:00,2702.5,13.5544791666667,4.82611458333333,17.7159375,2.73622916666667,230.401041666667,2.76027083333333,0.00103645833333332,333.643236458333,122.887552083333,17.50409375,-116.0496875,-11.2167291666667,Inf,105.383739583333,-104.832708333333,0.549052083333328,2.16642708333333,3.0401875,216.055104166667,2.16642708333333,218.413541666667,24.8086458333333,6.83635416666666,6.28757291666667,NaN,NaN
2023-11-14 00:00:00,2798.5,13.5161458333333,2.27977083333333,27.5904166666667,2.75367708333333,210.060416666667,2.765125,0.00101041666666667,335.191221875,117.886864583333,17.76075,-113.183333333333,-3.58463541666667,-0.462677083333333,100.12721875,-109.601041666667,-9.47656250000001,2.3506875,3.33113541666667,216.942708333333,2.3506875,218.960416666667,25.2998958333333,4.69896875000001,14.1761979166667,NaN,NaN
2023-11-15 00:00:00,2894.5,13.5234375,3.05925,27.2328125,2.75382291666667,204.428125,2.76916666666667,-0.00403125000000001,335.168885416667,113.725010416667,16.52459375,-107.597916666667,-3.59483333333333,Inf,97.1963854166667,-103.996666666667,-6.79795833333334,2.21267708333333,3.01559375,213.847916666667,2.21267708333333,216.654166666667,22.1958333333333,6.13052083333334,12.9291041666667,NaN,NaN
2023-11-16 00:00:00,2990.5,13.4284375,0.733572916666667,68.5560416666667,2.54670833333333,245.217708333333,2.550625,-0.00333422619047618,338.750178125,22.4176666666667,14.7692395833333,-33.1281145833333,-5.76725,Inf,7.64716666666666,-27.3617291666667,-19.71484375,2.73663541666667,3.8905625,217.6625,2.73663541666667,218.590625,28.113125,-10.7121458333333,9.00469791666667,NaN,NaN
2023-11-17 00:00:00,3086.5,13.5694791666667,-0.0500729166666666,69.8403125,2.610375,279.346875,2.610125,0.0247,344.265053125,110.937479166667,76.7799270833333,-88.3470520833333,-11.8697291666667,Inf,34.1573125,-76.4781354166667,-42.32015625,2.45234375,3.28711458333333,215.380208333333,2.45234375,213.822916666667,25.1915625,22.5885520833333,64.90715625,NaN,NaN
2023-11-18 00:00:00,3182.5,13.6079166666667,-0.160739583333333,62.5479166666667,2.6043125,278.05625,2.60421875,0.0493857142857143,340.014653125,93.9157708333333,29.0715520833333,-69.9458229166667,-6.88801041666666,-0.187020833333333,64.84334375,-63.0607604166667,1.78437499999999,2.11869791666667,2.96109375,211.666666666667,2.11869791666667,209.441666666667,25.1265625,23.9688333333333,22.184,NaN,NaN
2023-11-19 00:00:00,3278.5,13.3764583333333,-3.69219791666667,86.5654166666667,2.2526875,286.811458333333,2.23759375,0.0740714285714286,342.217398958333,44.1423541666667,32.1237916666667,-6.59092708333333,-3.88539583333333,Inf,12.01684375,-2.70546875,9.31105208333333,0.9328125,1.5905625,204.418302083333,0.932822916666667,205.7974375,39.47984375,37.5525833333333,28.2417083333333,NaN,NaN
2023-11-20 00:00:00,3374.5,12.8676041666667,-6.23283333333333,91.4260416666667,2.375125,284.683333333333,2.3475625,0.0981770833333333,342.478198958333,11.1278645833333,25.5808333333333,-0.0631145833333333,-4.2735625,Inf,-14.4521979166667,4.21057291666667,-10.2417291666667,0.501635416666667,1.03855208333333,142.936291666667,0.501645833333333,151.78953125,55.76996875,11.06484375,21.30646875,NaN,NaN
2023-11-21 00:00:00,3470.5,13.434375,-4.73907291666667,70.5136458333333,2.60848958333333,230.776041666667,2.58601041666667,0.0717552083333333,344.219352083333,106.230041666667,102.018125,-49.3910833333333,-16.9773333333333,Inf,4.20977083333333,-32.4150625,-28.2027291666667,1.48883333333333,2.1771875,191.386770833333,1.48883333333333,192.65490625,27.6615520833333,56.8342083333333,85.04109375,NaN,NaN
2023-11-22 00:00:00,3566.5,13.6320833333333,0.878822916666667,43.7629166666667,2.71113541666667,239.379166666667,2.71533333333333,0.0501875,341.25255625,113.001135416667,91.0298958333333,-90.7794791666667,-20.3691666666667,Inf,21.9682083333333,-70.4109375,-48.4432708333333,2.28886458333333,3.04347916666667,203.180208333333,2.28886458333333,202.25625,20.518125,22.22034375,70.6594375,NaN,NaN
2023-11-23 00:00:00,3662.5,13.621875,-6.01982291666667,74.6194791666667,2.75583333333333,215.096875,2.72502083333333,0.0407487980769231,342.05390625,60.9661145833333,40.7597708333333,-40.8315,-3.6479375,-0.05171875,20.2094583333333,-37.1824270833333,-16.9720625,0.694916666666667,1.13058333333333,121.379458333333,0.694916666666667,105.352260416667,26.23859375,20.1381666666667,37.1108333333333,NaN,NaN
2023-11-24 00:00:00,3758.5,13.4546875,-11.1214270833333,83.6605208333334,2.2833125,278.63125,2.23403125,0.0577355769230769,345.202508333333,30.2991354166667,41.0028229166667,-0.235041666666667,-3.70779166666667,Inf,-10.7037708333333,3.47258333333333,-7.23138541666667,0.331177083333333,0.683958333333333,156.67275,0.331177083333333,138.621145833333,24.2955520833333,30.06521875,37.2966041666667,NaN,NaN
2023-11-25 00:00:00,3854.5,13.22,-12.2383958333333,81.8715625,2.60738541666667,258.434375,2.54854166666667,0.108551851851852,345.717291666667,23.2861145833333,52.01878125,0.07303125,-5.95807291666667,NaN,-28.731875,6.03070833333333,-22.7028958333333,0.90328125,1.56310416666667,182.808635416667,0.90328125,199.666041666667,37.6083125,23.3585104166667,46.0614583333333,NaN,NaN
2023-11-26 00:00:00,3950.5,13.4608333333333,-12.07853125,67.7577083333334,2.55189583333333,229.209375,2.49554166666667,0.11545162037037,346.636004166667,108.202229166667,104.073041666667,-63.09621875,-15.4156770833333,Inf,4.12802083333333,-47.67784375,-43.5481770833333,2.22172916666667,3.05591666666667,208.7446875,2.22173958333333,210.351666666667,23.1108854166667,45.1118125,88.65528125,NaN,NaN
2023-11-27 00:00:00,4046.5,13.5823958333333,-10.23140625,58.7110416666667,2.69310416666667,241.545833333333,2.64207291666667,0.12175,345.512529166667,112.2853125,99.1541979166666,-100.4490625,-17.0170833333333,Inf,13.1292291666667,-83.4289583333333,-70.2967708333333,2.14553125,2.95953125,193.363854166667,2.14553125,188.653020833333,27.5288541666667,11.8354895833333,82.1352291666667,NaN,NaN
2023-11-28 00:00:00,4142.5,13.6002083333333,-4.61082291666667,33.8665625,2.6718125,222.695833333333,2.64911458333333,0.11621875,342.847791666667,111.608479166667,96.61103125,-115.869791666667,-23.9815625,Inf,14.9958333333333,-91.8904166666667,-76.8976041666667,2.552125,3.40180208333333,196.380739583333,2.552125,199.329166666667,23.1309375,-4.26456250000001,72.6309583333333,NaN,NaN
2023-11-29 00:00:00,4238.5,13.61875,-2.67814583333333,22.6632291666667,2.67122916666667,210.713541666667,2.65808333333333,0.108791666666667,341.087391666667,101.191489583333,77.9947604166667,-94.7107291666667,-24.6839583333333,Inf,23.19409375,-70.0290625,-46.8369895833333,1.89867708333333,2.60059375,197.1284375,1.89867708333333,198.3671875,23.7559375,6.47629166666667,53.3103229166667,NaN,NaN
2023-11-30 00:00:00,4334.5,13.6235416666667,-5.2003125,55.9429166666667,2.66655208333333,223.263541666667,2.641125,0.108037308673469,341.615419791667,87.7252604166666,62.9461979166667,-52.2430520833333,-12.4825,-0.00227430555555549,24.7773125,-39.7583958333333,-14.9842291666667,1.03875,1.585875,188.174375,1.03875,191.719375,26.587,35.479875,50.4657291666667,NaN,NaN
2023-12-01 00:00:00,4430.5,13.1426041666667,-9.8996875,81.2759375,2.03917708333333,292.3034375,2.00164583333333,0.166139030612245,344.678128125,37.8582395833333,27.666,-8.47216666666667,-3.07488541666667,Inf,10.1949791666667,-5.39719791666667,4.79720833333333,1.33920833333333,2.07970833333333,217.420197916667,1.33920833333333,216.509375,27.7975,29.3866979166667,24.5910208333333,NaN,NaN
2023-12-02 00:00:00,4526.5,12.8314583333333,-12.0175,85.740625,1.33934375,289.227916666667,1.30876041666667,0.237220663265306,346.655955208333,20.15815625,17.1311979166667,-4.82295833333333,-0.897354166666667,-Inf,3.02501041666667,-3.92563541666667,-0.900489583333333,2.211125,3.33079166666667,219.722177083333,2.211125,222.780208333333,34.6944791666667,15.3345625,16.2357604166667,NaN,NaN
2023-12-03 00:00:00,4622.5,13.1588541666667,-8.92875,88.56875,1.27847916666667,279.320104166667,1.25860416666667,0.308302295918367,354.182970833333,27.8966041666667,22.8843229166667,-4.65144791666667,-1.247625,-2946.56385526316,5.01177083333333,-3.40378125,1.60771875,2.783,4.06339583333333,215.508885416667,2.783,225.101458333333,39.6889583333333,23.2491979166667,21.6391979166667,NaN,NaN
2023-12-04 00:00:00,4718.5,13.4811458333333,-4.1430625,85.4554166666667,2.34048958333333,254.780208333333,2.32278125,0.369576743197279,388.388057291667,46.2917395833333,38.7241041666667,-25.111125,-4.41991666666667,NaN,7.56954166666667,-20.6913333333333,-13.1211666666667,3.209375,4.30860416666667,220.828125,3.209375,218.966666666667,24.6407291666667,21.1794895833333,34.3054375,NaN,NaN
2023-12-05 00:00:00,4814.5,13.6104166666667,-2.293375,70.03875,2.39954166666667,246.064583333333,2.389125,0.317770833333333,389.270217708333,96.1043125,88.045,-90.6576041666667,-16.2743020833333,-0.114857638888889,8.06029166666667,-74.3828125,-66.3200416666667,2.97746875,3.9076875,190.59396875,2.97746875,187.276770833333,22.955625,5.45114583333333,71.7719270833333,NaN,NaN
2023-12-06 00:00:00,4910.5,13.5478125,2.45167708333333,35.4552083333333,2.45027083333333,244.848958333333,2.46117708333333,0.292161458333333,364.369425,102.802322916667,96.3628333333333,-119.748958333333,-28.9090625,Inf,6.44160416666667,-90.8411458333333,-84.4023333333333,3.2209375,4.06503125,211.422916666667,3.2209375,208.55625,17.59875,-16.9475520833333,67.4561458333333,NaN,NaN
2023-12-07 00:00:00,5006.5,13.4444791666667,-3.53403125,68.7390625,2.27438541666667,268.469791666667,2.26065625,0.271967147435897,342.681823958333,21.78321875,16.6844166666667,-38.0420625,-9.626125,NaN,5.09846875,-28.4160729166667,-23.3173541666667,2.72305208333333,3.9978125,208.362375,2.72305208333333,217.547916666667,35.5771875,-16.2579895833333,7.05867708333333,NaN,NaN
2023-12-08 00:00:00,5102.5,13.5995833333333,-9.75760416666667,77.86625,2.20201041666667,268.1790625,2.16270833333333,0.282378205128205,345.8745875,76.3263229166667,74.1663645833333,-36.0006145833333,-7.37513541666667,Inf,2.1598125,-28.62946875,-26.4672708333333,1.41588541666667,2.05477083333333,193.403708333333,1.41589583333333,191.3315625,29.5930833333333,40.3258645833333,66.7879479166667,NaN,NaN
2023-12-09 00:00:00,5198.5,13.1669791666667,-13.9845833333333,79.4223958333333,1.47361458333333,318.255208333333,1.43521875,0.294685897435897,347.448607291667,20.9381145833333,37.9894375,-13.8780625,-8.21103125,381.639785714286,-17.0503854166667,-5.66715625,-22.7182708333333,1.54294791666667,2.33507291666667,195.520625,1.54294791666667,192.862625,34.5503020833333,7.05748958333333,29.7763645833333,NaN,NaN
2023-12-10 00:00:00,5294.5,13.4244791666667,-9.28038541666667,78.2461458333333,2.33689583333333,267.44375,2.29764583333333,0.30699358974359,353.965804166667,21.6418125,16.4290208333333,-18.9292604166667,-3.18022916666667,Inf,5.21222916666667,-15.74821875,-10.5360416666667,3.13696875,4.02390625,218.01875,3.13696875,218.3375,21.1705208333333,2.71261458333333,13.24734375,NaN,NaN
2023-12-11 00:00:00,5390.5,13.52625,-5.22488541666667,86.9264583333333,2.08840625,295.9375,2.0681875,0.319301282051282,378.91774375,42.03978125,38.98978125,-20.7595625,-5.87836458333333,NaN,3.05057291666667,-14.8816354166667,-11.8324583333333,1.84645833333333,2.59773958333333,222.241041666667,1.84645833333333,220.934375,22.03634375,21.28084375,33.1109166666667,NaN,NaN
2023-12-12 00:00:00,5486.5,13.5513541666667,-4.62860416666667,68.1820833333333,2.46180208333333,262.479166666667,2.44065625,0.321173878205128,371.977484375,81.0886979166667,73.4221145833334,-40.7474479166667,-17.6823541666667,Inf,7.66594791666667,-23.0676666666667,-15.3994583333333,0.478791666666667,0.857114583333333,224.748614583333,0.478791666666667,245.431354166667,25.1816354166667,40.3393229166667,55.7417083333333,NaN,NaN
2023-12-13 00:00:00,5582.5,13.5720833333333,-3.826875,65.8291666666667,2.47935416666667,250.13125,2.46183333333333,0.300920555286912,360.055105208333,84.16171875,76.7260104166667,-59.9603854166667,-20.1516041666667,Inf,7.436625,-39.8104479166667,-32.3731458333333,0.601979166666667,1.01009375,220.20215625,0.601979166666667,238.920645833333,29.8022916666667,24.2002916666667,56.5783854166667,NaN,NaN
2023-12-14 00:00:00,5678.5,13.5792708333333,-3.71094791666667,70.6729166666667,2.45175,288.963541666667,2.43505208333333,0.313242746615087,362.593883333333,91.7333645833333,86.9716354166667,-89.2860416666667,-20.5014583333333,Inf,4.76090625,-68.7870833333333,-64.0255520833333,1.40465625,2.09807291666667,196.744375,1.40465625,195.809479166667,31.7044166666667,2.44484375,66.4739166666667,NaN,NaN
2023-12-15 00:00:00,5774.5,13.6005208333333,-6.31715625,62.2196875,2.43859375,273.963541666667,2.41010416666667,0.333694652643456,360.302052083333,87.29509375,77.8300625,-94.8611458333333,-18.6784375,-0.165885416666667,9.46457291666666,-76.1821875,-66.71971875,2.08861458333333,3.02938541666667,181.039822916667,2.08861458333333,180.331145833333,30.4598541666667,-7.56605208333334,59.15075,NaN,NaN
2023-12-16 00:00:00,5870.5,13.5736458333333,-2.790125,39.3617708333333,2.37473958333333,250.20625,2.36223958333333,0.308458333333333,354.25036875,105.3544375,98.06678125,-101.85625,-24.3579166666667,Inf,7.28246875,-77.5015625,-70.2167916666667,2.26197916666667,3.05634375,219.684375,2.26197916666667,213.770833333333,23.7239583333333,3.49896874999999,73.70709375,NaN,NaN
2023-12-17 00:00:00,5966.5,13.5551041666667,-2.99785416666667,31.6015625,2.48315625,247.4625,2.46941666666667,0.28675,346.099925,96.9058125,92.5476458333333,-107.73125,-27.6715625,Inf,4.35839583333333,-80.0597916666666,-75.7001979166667,1.78282291666667,2.50313541666667,185.4809375,1.78282291666667,183.115833333333,34.5991666666667,-10.8257083333333,64.8767708333333,NaN,NaN
2023-12-18 00:00:00,6062.5,13.5534375,0.22296875,21.1334375,2.45920833333333,268.04375,2.4600625,0.2865,345.105289583333,94.1089270833333,79.4391666666667,-106.356770833333,-30.59625,-0.325565972222222,14.66984375,-75.7591666666667,-61.0876041666667,2.38021875,3.17592708333333,208.1030625,2.38021875,201.772604166667,22.2398958333333,-12.2465,48.8406458333333,NaN,NaN
2023-12-19 00:00:00,6158.5,13.5442708333333,-0.594989583333333,38.9729166666667,2.46596875,257.086458333333,2.46326041666667,0.28659375,339.921357291667,49.82475,42.3754791666667,-86.5816666666667,-23.1509375,Inf,7.44864583333333,-63.4301041666667,-55.9873125,2.17327083333333,2.93582291666667,218.02359375,2.17327083333333,224.35,22.5986354166667,-36.76040625,19.226125,NaN,NaN
2023-12-20 00:00:00,6254.5,13.5325,-0.432010416666667,55.1610416666667,2.47942708333333,225.834375,2.47746875,0.287625,342.438710416667,74.60228125,57.9688229166667,-62.4107291666667,-16.2794791666667,Inf,16.6312395833333,-46.1329166666667,-29.5029375,1.33592708333333,1.93664583333333,224.586458333333,1.33592708333333,221.795833333333,22.3043854166667,12.18596875,41.6899479166667,NaN,NaN
2023-12-21 00:00:00,6350.5,13.4925,-2.85659375,77.5278125,2.49398958333333,206.598958333333,2.48092708333333,0.284166666666667,343.599979166667,49.3391145833333,38.0438958333333,-55.0583020833333,-12.64640625,Inf,11.2954375,-42.4145729166667,-31.1194270833333,1.05698958333333,1.78382291666667,152.810833333333,1.05698958333333,142.495208333333,46.9322916666667,-5.72467708333334,25.3936354166667,NaN,NaN
2023-12-22 00:00:00,6446.5,13.5617708333333,-1.96264583333333,60.7048958333333,2.4898125,209.821875,2.48076041666667,0.284125,348.353077083333,91.8503333333333,84.5355833333333,-98.6265625,-20.6142708333333,-0.271625,7.3149375,-78.0165625,-70.7022708333333,1.89609375,2.66888541666667,212.139583333333,1.89609375,210.513541666667,22.95625,-6.78025,63.9218854166667,NaN,NaN
2023-12-23 00:00:00,6542.5,13.4848958333333,-3.63622916666667,82.2436458333333,2.40371875,240.469791666667,2.38792708333333,0.322918619791667,346.03536875,43.0577083333334,34.0082916666667,-10.98028125,-6.52552083333333,NaN,9.047125,-4.45469791666667,4.59248958333334,0.793625,1.35621875,204.876677083333,0.793625,189.317833333333,27.659625,32.075125,27.4832395833333,NaN,NaN
2023-12-24 00:00:00,6638.5,12.9510416666667,-13.655,83.6210416666667,2.17645833333333,259.764583333333,2.12177083333333,0.432212682038835,346.39324375,20.7699791666667,49.2549583333333,0.0189583333333333,-9.3555625,-Inf,-28.4837395833333,9.37466666666666,-19.1089375,0.575864583333333,1.07722916666667,146.942364583333,0.575864583333333,127.62225,39.135875,20.7897395833333,39.9005520833333,NaN,NaN
2023-12-25 00:00:00,6734.5,12.9555208333333,-17.0926041666667,74.1516666666667,0.408666666666667,57.7085416666667,0.395572916666667,0.434614229368932,349.157363541667,36.9051458333333,64.3447395833333,-15.6516145833333,-8.34194791666667,NaN,-27.4371666666667,-7.30919791666667,-34.7454791666667,1.77076041666667,2.6496875,185.776875,1.77077083333333,184.1640625,34.2569791666667,21.25659375,56.0024583333333,NaN,NaN
2023-12-26 00:00:00,6830.5,12.7476041666667,-13.5119791666667,74.5178125,1.87022916666667,217.675,1.8245625,0.435524423543689,348.435336458333,42.8597708333333,33.3814375,-8.34786458333333,-1.78094791666667,Inf,9.47678125,-6.56707291666667,2.90941666666667,1.96098958333333,2.88679166666667,212.231458333333,1.96098958333333,213.98125,30.9411458333333,34.5122083333333,31.6006875,NaN,NaN
2023-12-27 00:00:00,6926.5,13.0464583333333,-9.46778125,70.3716666666667,1.75791666666667,296.936145833333,1.72734375,0.436434617718447,350.869053125,85.38946875,81.4812083333333,-68.4129375,-14.9469375,Inf,3.90585416666667,-53.46846875,-49.5623958333333,1.76398958333333,2.62245833333333,210.358333333333,1.76398958333333,209.761458333333,26.4117708333333,16.9701041666667,66.5352604166667,NaN,NaN
2023-12-28 00:00:00,7022.5,13.3439583333333,-6.54303125,47.2008333333333,2.35813541666667,257.339583333333,2.3296875,0.43094972441343,356.464860416667,98.8953125,97.9581041666667,-100.095833333333,-29.7742708333333,Inf,0.937656250000001,-70.3258333333333,-69.3878229166667,0.78184375,1.38002083333333,170.448708333333,0.78184375,168.188135416667,41.4502291666667,-1.20604166666667,68.1844791666667,NaN,NaN
2023-12-29 00:00:00,7118.5,13.5896875,-3.89597916666667,32.7294791666667,2.31291666666667,286.986458333333,2.29610416666667,0.414761642156863,347.903547916667,98.96734375,98.49709375,-104.20625,-30.5521875,Inf,0.474479166666667,-73.6504166666667,-73.1803645833333,1.40186458333333,2.11863541666667,196.527083333333,1.40186458333333,197.757708333333,37.1244791666667,-5.23638541666667,67.9420833333333,NaN,NaN
2023-12-30 00:00:00,7214.5,13.5879166666667,-2.970625,42.5642708333333,2.3739375,243.855208333333,2.36089583333333,0.400092524509804,346.350176041667,98.83403125,97.09815625,-101.888854166667,-27.1317708333333,Inf,1.737125,-74.7563541666667,-73.01875,1.80988541666667,2.4888125,196.731958333333,1.80988541666667,192.757083333333,24.0558645833333,-3.05458333333332,69.9646875,NaN,NaN
2023-12-31 00:00:00,7310.5,13.6092708333333,-3.17807291666667,45.7973958333333,2.38083333333333,206.8625,2.36692708333333,0.39815625,343.965747916667,58.2773958333333,53.5522916666667,-81.9277083333333,-23.9046875,Inf,4.72188541666667,-58.0229166666667,-53.30065625,1.38966666666667,2.04448958333333,203.84678125,1.38966666666667,204.11875,25.87496875,-23.6521666666667,29.648375,NaN,NaN
2024-01-01 00:00:00,7406.5,13.5933333333333,-4.20494791666667,57.4439583333333,2.38579166666667,224.19375,2.36719791666667,0.396125,347.711311458333,98.8281145833333,87.6224583333334,-83.6848958333333,-20.6504166666667,Inf,11.205375,-63.0366666666667,-51.8314479166667,1.49963541666667,2.18008333333333,198.498020833333,1.49963541666667,205.2,26.673375,15.1403541666667,66.97340625,NaN,NaN
2024-01-02 00:00:00,7502.5,13.5832291666667,-6.07711458333333,54.5527083333333,2.39441666666667,248.744791666667,2.36755208333333,0.397601206140351,345.214808333333,99.8813958333333,94.87975,-101.035729166667,-22.6797916666667,Inf,4.999125,-78.3590625,-73.3536145833333,1.65603125,2.31734375,195.8925,1.65603125,197.672604166667,29.83384375,-1.15635416666666,72.1987916666667,NaN,NaN
2024-01-03 00:00:00,7598.5,13.6279166666667,-6.01669791666667,45.1077083333333,2.39023958333333,283.135416666667,2.36375,0.420446052631579,344.8405125,102.741041666667,95.0598229166667,-98.9065625,-21.0546875,Inf,7.67927083333333,-77.8542708333333,-70.175125,2.17260416666667,2.98190625,201.027083333333,2.17260416666667,199.248958333333,22.3961979166667,3.82470833333334,74.006125,NaN,NaN
2024-01-04 00:00:00,7694.5,13.5878125,-6.99736458333333,59.8302083333333,2.3961875,296.203125,2.36530208333333,0.451456578947368,343.705263541667,69.1156979166667,55.72259375,-35.2048125,-12.4802083333333,Inf,13.3930729166667,-22.7240104166667,-9.33044791666667,0.523364583333333,0.930302083333333,177.899427083333,0.523364583333333,137.86984375,28.7980833333333,33.9136979166667,43.2417708333334,NaN,NaN
2024-01-05 00:00:00,7790.5,13.3172916666667,-11.5788541666667,84.0901041666666,2.23563541666667,265.442708333333,2.18777083333333,0.482467105263158,345.822060416667,48.6025833333333,50.5522291666667,-4.18419791666667,-4.20110416666667,174.324702898551,-1.94373958333333,0.0168229166666671,-1.92603125,1.15671875,1.8305625,189.986666666667,1.15671875,184.636979166667,40.8710520833333,44.4225104166667,46.3472291666667,NaN,NaN
2024-01-06 00:00:00,7886.5,13.316875,-13.91125,72.798125,2.14679166666667,250.901041666667,2.09144791666667,0.507747807017544,347.342991666667,86.6704583333333,92.6768020833333,-50.19809375,-13.79834375,-0.0253611111111111,-6.00547916666667,-36.3988229166667,-42.4046979166667,1.79485416666667,2.5260625,218.424447916667,1.79485416666667,211.914583333333,34.1317708333333,36.479,78.8817083333333,NaN,NaN
2024-01-07 00:00:00,7982.5,12.9836458333333,-12.2725,73.9455208333333,2.3059375,226.866666666667,2.2534375,0.481364583333333,347.388915625,37.0980416666667,29.5153333333333,-18.4997395833333,-8.82722916666667,Inf,7.58061458333333,-9.67265625,-2.09195833333334,0.99878125,1.49152083333333,237.801885416667,0.99878125,203.80671875,22.18525,18.59684375,20.68875,NaN,NaN
2024-01-08 00:00:00,8078.5,12.9525,-16.61875,80.6832291666666,1.78115625,291.123229166667,1.72614583333333,0.491510869565217,348.580858333333,35.0122604166667,52.74678125,-0.0659583333333333,-7.1700625,NaN,-17.7370208333333,7.10422916666667,-10.6338020833333,1.03634375,1.58803125,177.411677083333,1.03634375,155.569791666667,36.678875,34.9436041666667,45.5776041666667,NaN,NaN
2024-01-09 00:00:00,8174.5,12.9461458333333,-14.6272916666667,79.1483333333333,2.196,263.758333333333,2.13634375,0.521771739130435,349.766553125,56.811125,45.8769791666667,-11.1689895833333,-4.88721875,NaN,10.9337708333333,-6.28117708333333,4.65167708333333,2.97810416666667,3.98542708333333,203.385729166667,2.97810416666667,206.863125,29.5054166666667,45.6411979166667,40.9879270833333,NaN,NaN
2024-01-10 00:00:00,8270.5,12.8233333333333,-14.7159375,83.3284375,1.18961458333333,222.047083333333,1.15677083333333,0.552032608695652,349.145634375,38.3658333333333,33.0029895833333,-6.91157291666667,-2.22566666666667,Inf,5.36233333333333,-4.68598958333333,0.675833333333333,1.84035416666667,3.00409375,202.11621875,1.84035416666667,221.702083333333,47.1427083333333,31.4545625,30.7771875,NaN,NaN
2024-01-11 00:00:00,8366.5,12.8246875,-16.7621875,82.0121875,1.03858333333333,159.5971875,1.00744791666667,0.582293478260869,349.887610416667,29.6842604166667,49.4367708333333,-0.316364583333333,-6.58130208333333,Inf,-19.7558229166667,6.26542708333333,-13.4885208333333,1.54790625,2.37963541666667,203.781979166667,1.54790625,200.0284375,36.6517708333333,29.367125,42.85828125,NaN,NaN
2024-01-12 00:00:00,8462.5,12.6829166666667,-16.8820833333333,83.3041666666667,0.587708333333333,97.3038541666667,0.5713125,0.612554347826087,350.888475,23.7401145833333,19.64459375,-1.34878125,-0.581197916666667,Inf,4.0949375,-0.767625,3.3271875,2.34330208333333,3.6790625,228.497916666667,2.34330208333333,223.6203125,47.3820833333333,22.39153125,19.0629895833333,NaN,NaN
2024-01-13 00:00:00,8558.5,12.9220833333333,-15.7007291666667,84.121875,1.34347916666667,220.615625,1.30416666666667,0.642815217391304,352.528453125,61.8708958333333,52.76615625,-14.9648958333333,-1.66876041666667,Inf,9.10210416666667,-13.2958020833333,-4.19395833333333,2.85172916666667,4.23926041666667,220.069166666667,2.85172916666667,223.738541666667,43.3121875,46.90584375,51.0978958333333,NaN,NaN
2024-01-14 00:00:00,8654.5,12.7669791666667,-10.220625,90.525,1.47366666666667,274.7121875,1.4454375,0.673076086956522,359.5411375,21.02684375,22.6663333333333,-0.376583333333333,-2.256875,-Inf,-1.64033333333333,1.880375,0.240010416666667,1.97861458333333,2.99014583333333,216.897916666667,1.97861458333333,216.988541666667,33.1755208333333,20.6495625,20.4119166666667,NaN,NaN
2024-01-15 00:00:00,8750.5,12.7455208333333,-20.0992708333333,81.1826041666667,0.954770833333333,194.48,0.919354166666666,0.703336956521739,355.145920833333,25.0837291666667,41.5428958333333,-1.10344791666667,-8.22486458333333,Inf,-16.46003125,7.12132291666667,-9.33842708333333,2.22532291666667,3.29941666666667,198.212604166667,2.22532291666667,192.673125,43.7739583333333,23.98125,33.3210104166667,NaN,NaN
2024-01-16 00:00:00,8846.5,12.9892708333333,-16.2420833333333,70.1647916666667,1.45297916666667,214.898333333333,1.412375,0.733597826086957,355.217034375,110.362447916667,110.292041666667,-51.3853333333333,-13.1194375,0.0530381944444444,0.0684687499999996,-38.26675,-38.1981979166667,3.31579166666667,4.23704166666667,215.615625,3.31579166666667,215.43125,19.4883333333333,58.9737708333333,97.1756875,NaN,NaN
2024-01-17 00:00:00,8942.5,12.7830208333333,-8.06095833333333,75.8355208333333,1.66505208333333,260.966666666667,1.6401875,0.763858695652174,376.790363541667,14.5433020833333,12.5943854166667,-26.5806666666667,-6.23359375,Inf,1.94914583333333,-20.346375,-18.3974791666667,2.8955,3.98759375,214.953125,2.8955,217.65,28.061875,-12.03790625,6.360625,NaN,NaN
2024-01-18 00:00:00,9038.5,12.7689583333333,-7.380625,84.9813541666667,1.41198958333333,280.366666666667,1.39279166666667,0.794119565217391,412.110701041667,15.7590833333333,13.4503229166667,-17.9812291666667,-3.89939583333333,Inf,2.30897916666667,-14.08146875,-11.7723958333333,2.65472916666667,3.77920833333333,224.634375,2.65472916666667,220.391666666667,29.7377083333333,-2.22164583333333,9.55063541666666,NaN,NaN
2024-01-19 00:00:00,9134.5,13.2739583333333,-5.93244791666667,85.2851041666667,1.547625,299.611458333333,1.53010416666667,0.824380434782609,443.621520833333,54.8475,42.7651354166667,-34.0154270833333,-7.40633333333333,Inf,12.0811666666667,-26.6094375,-14.52803125,1.99416666666667,2.84990625,203.403229166667,1.99416666666667,203.55875,31.2930208333333,20.8329166666667,35.3583541666667,NaN,NaN
2024-01-20 00:00:00,9230.5,13.6073958333333,-1.47122916666667,66.7471875,1.8781875,257.664583333333,1.87322916666667,0.834931892050298,461.831170833333,91.45359375,85.6310208333334,-61.446875,-14.9283125,Inf,5.82092708333333,-46.5196875,-40.69915625,2.49236458333333,3.26095833333333,214.652083333333,2.49236458333333,215.016666666667,20.2098958333333,30.0049895833333,70.70525,NaN,NaN
2024-01-21 00:00:00,9326.5,13.649375,-3.83572916666667,85.5484375,1.92880208333333,277.208333333333,1.915125,0.809540441176471,444.696169791667,39.6116979166667,30.4878541666667,-25.2150625,-5.82229166666667,Inf,9.12367708333334,-19.3932291666667,-10.2693541666667,1.893375,2.69503125,207.382291666667,1.893375,214.409375,29.2434375,14.3936770833333,24.6641145833333,NaN,NaN
2024-01-22 00:00:00,3922.41666666667,13.6539930555556,-4.28990277777778,76.8919791666667,1.99338194444444,240.418402777778,1.97763541666667,0.792296758789723,440.816274270833,53.53271875,41.8239722222222,-47.2108506944444,-12.4032777777778,Inf,11.7070347222222,-34.8081666666667,-23.1005659722222,1.50897222222222,2.14079166666667,209.585069444444,1.50897222222222,212.695486111111,23.9678888888889,6.32443402777778,29.4211631944444,NaN,NaN
2024-01-23 00:00:00,81.5,13.6380208333333,-3.8176875,68.138125,1.94177083333333,293.55,1.92813541666667,0.784336206896552,441.072889583333,89.84653125,79.4029479166667,-61.8036458333333,-17.7502083333333,Inf,10.4434895833333,-44.0532291666667,-33.61275,0.981979166666667,1.44461458333333,216.58125,0.981979166666667,218.654166666667,22.8627708333333,28.0417708333333,61.65265625,NaN,NaN
2024-01-24 00:00:00,177.5,13.516875,-5.46352083333333,80.9319791666667,2.02013541666667,245.666666666667,1.99984375,0.76278125,427.0397125,61.98559375,49.0594791666667,-22.4262291666667,-9.4989375,NaN,12.9270833333333,-12.927375,-0.000385416666667693,1.01236458333333,1.62896875,210.131666666667,1.01236458333333,211.718333333333,30.7535416666667,39.5626354166667,39.5581145833333,NaN,NaN
2024-01-25 00:00:00,273.5,13.6779166666667,-6.82634375,70.9002083333333,2.02347916666667,253.257291666667,1.99801041666667,0.757023958333333,417.207445833333,80.0020416666667,75.5045833333333,-24.0810625,-17.279625,Inf,4.49945833333333,-6.80223958333333,-2.30425,1.13847916666667,1.75242708333333,214.042802083333,1.13847916666667,214.118020833333,31.1134270833333,55.9236354166667,58.2265833333333,NaN,NaN
2024-01-26 00:00:00,369.5,13.6760416666667,-8.59775,83.5291666666667,2.03028125,247.376041666667,1.99798958333333,0.765441666666666,395.554985416667,60.22234375,46.8955729166667,-20.8780208333333,-8.37077083333333,Inf,13.3261875,-12.5072083333333,0.818843750000001,0.64234375,1.093,230.533958333333,0.642354166666667,219.59875,26.9869583333333,39.3429583333333,38.5226458333333,NaN,NaN
2024-01-27 00:00:00,465.5,13.666875,-7.40148958333333,66.8065625,1.99536458333333,281.701041666667,1.96819791666667,0.763246428571428,399.681203125,128.856041666667,125.71384375,-69.6636875,-16.1646354166667,Inf,3.14351041666667,-53.5013333333333,-50.3599375,2.40169791666667,3.38378125,191.805208333333,2.40169791666667,188.084270833333,32.6549791666667,59.1937708333333,109.54815625,NaN,NaN
2024-01-28 00:00:00,561.5,13.5309375,-3.31241666666667,73.8369791666667,2.03083333333333,236.783333333333,2.01844791666667,0.746761904761905,435.42893125,103.973375,96.6271145833334,-76.8014166666667,-14.9713333333333,Inf,7.34851041666667,-61.83303125,-54.4870625,2.16334375,3.09229166666667,159.37875,2.16334375,148.463958333333,37.1011458333333,27.1700104166667,81.6565416666667,NaN,NaN
2024-01-29 00:00:00,657.5,13.5795833333333,-1.40605208333333,73.1030208333333,2.06365625,207.301041666667,2.05829166666667,0.706645833333333,461.594504166667,105.053166666667,94.8448854166667,-82.1252083333333,-17.33246875,NaN,10.207375,-64.79265625,-54.5870520833333,1.67630208333333,2.468125,203.154270833333,1.67630208333333,198.0421875,31.2759375,22.9338958333333,77.51478125,NaN,NaN
2024-01-30 00:00:00,753.5,13.5842708333333,0.832458333333333,40.2416666666667,2.07047916666667,210.002083333333,2.07352083333333,0.690322916666667,440.060511458333,125.987260416667,112.90475,-119.338541666667,-30.2532291666667,Inf,13.0818229166667,-89.0885416666667,-76.0061770833333,2.07489583333333,2.76753125,205.838541666667,2.07489583333333,204.090625,17.9636041666667,6.64197916666667,82.6512916666667,NaN,NaN
2024-01-31 00:00:00,849.5,13.6314583333333,0.238572916666667,38.7891666666667,2.0854375,221.728125,2.08625,0.679552083333333,372.822519791667,128.22965625,110.304072916667,-112.951145833333,-25.5459375,0.105579861111111,17.9215833333333,-87.4052083333333,-69.4892395833333,2.51655208333333,3.26590625,186.583020833333,2.51655208333333,182.6646875,29.4277291666667,15.27584375,84.7553541666667,NaN,NaN
2024-02-01 00:00:00,945.5,13.6180208333333,-1.15938541666667,54.7666666666667,2.1096875,240.615625,2.10517708333333,0.66321875,362.467651041667,128.878416666667,108.47253125,-87.8802083333333,-18.2072916666667,Inf,20.4086458333333,-69.673125,-49.2667604166667,1.89632291666667,2.60711458333333,194.19590625,1.89632291666667,201.815625,24.96796875,40.9994270833333,90.2658125,NaN,NaN
2024-02-02 00:00:00,1041.5,13.6013541666667,-1.93701041666667,61.6609375,2.11990625,215.6125,2.11234375,0.652,356.84661875,82.83671875,59.7760208333333,-46.6668541666667,-14.4583854166667,Inf,23.0580520833333,-32.2095416666667,-9.15053125,0.747458333333333,1.28996875,211.231739583333,0.747458333333333,209.210645833333,35.9113020833333,36.16846875,45.3150729166667,NaN,NaN
2024-02-03 00:00:00,1137.5,13.1396875,-6.80332291666667,89.6104166666667,1.92828125,267.879895833333,1.90419791666667,0.655712121212121,349.314388541667,19.2096354166667,22.9379583333333,-0.388364583333334,-2.90858333333333,NaN,-3.72816666666667,2.52023958333333,-1.20815625,0.976416666666667,1.59565625,195.314270833333,0.976416666666667,192.179895833333,33.4971666666667,18.8205833333333,20.0290208333333,NaN,NaN
2024-02-04 00:00:00,1233.5,13.3730208333333,-8.89916666666666,72.3875,1.90135416666667,277.25625,1.87001041666667,0.675579545454545,356.727715625,28.2279791666667,99.3754791666667,-0.17128125,-18.20465625,Inf,-71.1510520833333,18.03290625,-53.1174791666667,1.97159375,2.67065625,200.930208333333,1.97159375,198.615625,23.7489583333333,28.0574791666667,81.1718958333333,NaN,NaN
2024-02-05 00:00:00,1329.5,13.5764583333333,-1.11057291666667,46.931875,1.9314375,284.638541666667,1.92798958333333,0.695761363636364,367.754889583333,140.8850625,130.601333333333,-74.95553125,-20.9170833333333,Inf,10.2793854166667,-54.0385104166667,-43.75728125,2.85376041666667,3.65972916666667,221.590625,2.85376041666667,223.759375,19.8757291666667,65.9262291666667,109.685125,NaN,NaN
2024-02-06 00:00:00,1425.5,13.6180208333333,2.3441875,30.5841666666667,2.00182291666667,283.586458333333,2.01034375,0.71563446969697,360.656325,93.46503125,77.32959375,-78.6647916666667,-27.6021875,Inf,16.1343541666667,-51.0623958333333,-34.9295104166667,1.47785416666667,2.34872916666667,234.570833333333,1.47785416666667,228.828125,29.0390625,14.7958854166667,49.7274895833333,NaN,NaN
2024-02-07 00:00:00,1521.5,13.5485416666667,-4.26948958333333,69.89375,1.73202083333333,290.138541666667,1.71964583333333,0.7350046875,349.378651041667,95.8900625,79.5447916666667,-48.43240625,-12.0960625,Inf,16.3469895833333,-36.3366770833333,-19.9909270833333,2.30483333333333,3.253,219.292916666667,2.30483333333333,218.021875,26.5992708333333,47.45884375,67.4499166666667,NaN,NaN
2024-02-08 00:00:00,1617.5,13.6239583333333,-8.862875,81.2189583333333,1.5219375,310.858333333333,1.49676041666667,0.76285625,355.677761458333,99.0369166666667,81.94175,-41.8197604166667,-7.90565625,Inf,17.0930833333333,-33.9139375,-16.819125,2.60341666666667,3.48397916666667,212.85625,2.60341666666667,217.416666666667,23.0739583333333,57.2165208333333,74.0356875,NaN,NaN
2024-02-09 00:00:00,1713.5,13.5836458333333,-10.1676458333333,77.5227083333333,1.80579166666667,286.180208333333,1.77159375,0.79075625,352.437842708333,87.8579791666667,72.5151979166667,-30.55596875,-14.7537291666667,Inf,15.3423958333333,-15.8026458333333,-0.458677083333335,0.685875,1.13184375,219.84246875,0.685864583333333,220.46459375,29.3574583333333,57.3034791666667,57.7589166666667,NaN,NaN
2024-02-10 00:00:00,1809.5,13.1041666666667,-12.3419791666667,83.469375,1.77876041666667,262.420729166667,1.73776041666667,0.81865625,348.461982291667,22.4742083333333,56.81140625,-0.29540625,-14.2837604166667,Inf,-34.3365833333333,13.9883541666667,-20.3471770833333,0.23953125,0.53525,145.856197916667,0.23953125,131.0473125,22.34003125,22.17896875,42.5255104166667,NaN,NaN
2024-02-11 00:00:00,1905.5,13.4405208333333,-12.0995104166667,65.4952083333333,1.93594791666667,251.596875,1.8924375,0.84655625,349.9575,41.92190625,146.936052083333,0.0879375,-12.2315729166667,Inf,-105.01246875,12.3197708333333,-92.6944270833334,1.820875,2.469875,198.940625,1.820875,199.008020833333,23.6060416666667,42.0089583333333,134.702375,NaN,NaN
2024-02-12 00:00:00,2001.5,13.1319791666667,-8.51853125,72.0563541666667,1.943125,208.010416666667,1.91252083333333,0.8526703125,353.564498958333,51.0306770833333,55.42915625,-49.2241354166667,-10.8514375,Inf,-4.3965625,-38.3735729166667,-42.7694791666667,2.17688541666667,3.05764583333333,192.667395833333,2.17688541666667,190.3475,29.8232291666667,1.80602083333333,44.5791875,NaN,NaN
2024-02-13 00:00:00,2097.5,13.6096875,-6.20791666666667,55.4983333333333,1.95435416666667,227.066666666667,1.932,0.832802083333333,358.647447916667,124.009260416667,108.850822916667,-69.7088541666667,-16.7546875,Inf,15.1564375,-52.9543333333333,-37.7983854166667,1.94163541666667,2.765625,213.998645833333,1.94163541666667,220.707291666667,28.5666666666667,54.2969791666667,92.0980729166666,NaN,NaN
2024-02-14 00:00:00,2193.5,13.0969791666667,-7.30470833333333,75.879375,1.81734375,253.395833333333,1.79290625,0.845420138888889,354.895347916667,33.534375,27.103125,-16.0175416666667,-6.08805208333333,Inf,6.4285625,-9.92978125,-3.50095833333333,2.14145833333333,3.10092708333333,218.9653125,2.14145833333333,216.166666666667,32.3289583333333,17.5145729166667,21.015625,NaN,NaN
2024-02-15 00:00:00,2289.5,13.4866666666667,-6.041625,76.3625,1.72345833333333,252.960416666667,1.70426041666667,0.971024154589372,382.295063541667,47.94546875,38.9842916666667,-17.3091770833333,-5.69117708333333,NaN,8.96294791666667,-11.6176666666667,-2.65520833333333,2.44976041666667,3.57628125,211.614583333333,2.44976041666667,213.875,30.3865625,30.63721875,33.2938541666667,NaN,NaN
2024-02-16 00:00:00,2385.5,12.9152083333333,-9.66817708333333,84.56875,1.67677083333333,251.9003125,1.6471875,0.965686874284897,371.230348958333,30.9398958333333,25.3055625,-0.972520833333333,-3.03308333333333,NaN,5.636,2.06059375,7.696875,1.40372916666667,2.21897916666667,214.604833333333,1.40372916666667,211.304479166667,35.9487083333333,29.96859375,22.2725625,NaN,NaN
2024-02-17 00:00:00,2481.5,13.4855208333333,-11.18975,56.858125,1.76425,273.65625,1.72772916666667,1.00354769736842,361.259489583333,156.813739583333,159.90634375,-52.6533645833333,-19.9624791666667,NaN,-3.08878125,-32.68915625,-35.7808958333333,1.69676041666667,2.35242708333333,201.45465625,1.69676041666667,204.626770833333,24.4554166666667,104.16953125,139.942927083333,NaN,NaN
2024-02-18 00:00:00,2577.5,13.6463541666667,-6.42067708333333,52.329375,1.66922916666667,271.119791666667,1.64977083333333,1.03378453947368,354.030170833333,89.8826458333333,75.9169479166667,-55.1185208333333,-15.98871875,NaN,13.9650416666667,-39.1268958333333,-25.1629479166667,2.49755208333333,3.4266875,212.957291666667,2.49755208333333,211.602083333333,26.3542708333333,34.7621666666667,59.9248645833333,NaN,NaN
2024-02-19 00:00:00,2673.5,13.6530208333333,-3.93725,53.8130208333333,1.76554166666667,265.620833333333,1.75263541666667,1.06402138157895,376.255257291667,168.16546875,149.587,-81.6224479166667,-18.4948645833333,Inf,18.5753854166667,-63.1338229166667,-44.5566145833333,2.8393125,3.78039583333333,219.0375,2.8393125,219.851041666667,23.0688541666667,86.5365416666667,131.092239583333,NaN,NaN
2024-02-20 00:00:00,2769.5,13.015,-2.31325,77.2701041666667,1.66246875,263.783333333333,1.65542708333333,1.09425822368421,386.885930208333,39.4388229166667,31.74971875,-9.46045833333333,-5.78425,NaN,7.69173958333333,-3.67580208333333,4.01603125,2.16992708333333,3.32473958333333,205.378125,2.16992708333333,207.014583333333,31.9897916666667,29.98084375,25.9654270833333,NaN,NaN
2024-02-21 00:00:00,2865.5,13.3686458333333,-3.18073958333333,64.7541666666667,1.48292708333333,301.067708333333,1.47433333333333,1.12449506578947,405.842078125,65.6051979166667,55.7329375,-28.87184375,-10.4945520833333,Inf,9.87239583333333,-18.3783854166667,-8.50635416666666,2.14658333333333,3.16660416666667,208.364583333333,2.14658333333333,210.983333333333,28.8651041666667,36.7340104166667,45.2412083333333,NaN,NaN
2024-02-22 00:00:00,2961.5,13.0433333333333,-7.408125,87.1367708333333,1.47758333333333,281.739583333333,1.45710416666667,1.15473190789474,382.870652083333,33.0985104166667,67.0686041666667,-0.0350520833333333,-6.76394791666667,Inf,-33.9696458333333,6.72904166666667,-27.244375,1.70001041666667,2.40111458333333,213.2770625,1.70001041666667,215.852083333333,27.3777083333333,33.0652708333333,60.3049166666667,NaN,NaN
2024-02-23 00:00:00,3057.5,13.4958333333333,-8.96291666666667,74.1078125,1.42505208333333,284.477083333333,1.40073958333333,1.15315501644737,382.563217708333,157.09528125,153.0314375,-53.64025,-12.5561666666667,Inf,4.06516666666667,-41.0851354166667,-37.0188541666667,2.44329166666667,3.33208333333333,213.504072916667,2.44329166666667,213.043125,26.9790625,103.458666666667,140.47175,NaN,NaN
2024-02-24 00:00:00,3153.5,13.7240625,-4.79497916666667,43.0922916666667,1.61703125,287.4625,1.60301041666667,1.099875,382.7826125,181.387875,164.347166666667,-107.280208333333,-24.3202083333333,Inf,17.0464895833333,-82.95875,-65.9114583333333,2.54953125,3.37001041666667,219.536041666667,2.54954166666667,224.570833333333,24.9167708333333,74.1067083333333,140.019375,NaN,NaN
2024-02-25 00:00:00,3249.5,13.7167708333333,-2.96064583333333,38.2809375,1.70936458333333,258.638541666667,1.7000625,1.04720833333333,366.182672916667,185.20384375,163.760052083333,-107.024895833333,-26.1115625,Inf,21.4475729166667,-80.9111458333334,-59.4683958333333,2.26576041666667,3.211625,224.903541666667,2.26576041666667,225.679166666667,35.7360416666667,78.1801041666667,137.649302083333,NaN,NaN
2024-02-26 00:00:00,3345.5,13.7311458333333,-2.68076041666667,58.0761458333333,1.67095833333333,298.16875,1.66271875,1.0191400862069,361.620035416667,93.8566666666666,73.7570416666667,-41.99875,-13.08209375,Inf,20.1038333333333,-28.9184375,-8.81379166666667,1.91627083333333,3.24453125,213.661979166667,1.91627083333333,214.33875,51.3992708333333,51.8627083333333,60.6768541666667,NaN,NaN
2024-02-27 00:00:00,3441.5,13.0046875,-12.6800833333333,76.0253125,1.0175625,318.432291666667,0.99740625,1.00020905172414,351.537403125,22.17696875,40.4654479166667,-12.38153125,-4.81660416666667,Inf,-18.2896875,-7.56515625,-25.8548125,1.95082291666667,3.10213541666667,202.087604166667,1.95082291666667,206.1946875,49.9501041666667,9.79542708333333,35.65003125,NaN,NaN
2024-02-28 00:00:00,3537.5,13.6388541666667,-10.2502916666667,49.1057291666667,1.09260416666667,262.321458333333,1.07514583333333,0.98127801724138,356.163309375,196.469791666667,177.33915625,-96.5823958333333,-17.5758333333333,Inf,19.13178125,-79.0063541666667,-59.87565625,3.45102083333333,4.34027083333333,217.130208333333,3.45103125,215.285416666667,20.9195833333333,99.8878125,159.757083333333,NaN,NaN
2024-02-29 00:00:00,3633.5,13.6667708333333,-2.45791666666667,28.6676041666667,1.62191666666667,273.572916666667,1.61416666666667,0.962346982758621,354.314176041667,192.9095,168.991166666667,-110.435416666667,-25.7658333333333,0.15296875,23.9163541666667,-84.6682291666667,-60.7530208333333,3.22390625,4.17866666666667,218.064583333333,3.22390625,218.186458333333,24.4438541666667,82.4777708333333,143.223364583333,NaN,NaN
2024-03-01 00:00:00,3729.5,13.6858333333333,-1.60434375,43.7695833333333,1.76452083333333,251.173958333333,1.75934375,0.943723778735632,349.367788541667,192.936333333333,156.4870625,-103.416666666667,-21.0373958333333,Inf,36.4462604166667,-82.3803125,-45.9314270833333,3.15041666666667,4.28580208333333,210.311458333333,3.15041666666667,211.173958333333,27.57875,89.5214270833334,135.4483125,NaN,NaN
2024-03-02 00:00:00,3825.5,13.7210416666667,-1.26738541666667,47.6902083333333,1.701875,276.03125,1.69833333333333,0.957588541666667,343.343398958333,190.35184375,145.723125,-77.2740416666667,-16.9649270833333,NaN,44.617875,-60.3089583333334,-15.69,3.71384375,5.27569791666667,204.316458333333,3.71384375,204.880208333333,32.7198958333333,113.074447916667,128.759239583333,NaN,NaN
2024-03-03 00:00:00,3921.5,12.9973958333333,-11.6027083333333,79.8555208333333,0.973354166666667,322.7996875,0.951697916666667,1.0026875,345.553916666667,48.7762604166667,63.3279166666667,-1.01765625,-3.5958125,0.75436231884058,-14.5520833333333,2.57809375,-11.9719895833333,1.47880208333333,2.46907291666667,204.611854166667,1.47880208333333,208.120833333333,44.5276041666667,47.7569270833333,59.7320520833333,NaN,NaN
2024-03-04 00:00:00,4017.5,12.8376041666667,-11.8572916666667,86.6145833333333,0.955697916666666,341.392708333333,0.934729166666666,1.0476875,346.451280208333,35.05409375,53.28140625,-0.854697916666667,-3.215625,Inf,-18.2241770833333,2.36091666666667,-15.86221875,1.4174375,2.27434375,215.2078125,1.4174375,210.627083333333,34.4438541666667,34.19784375,50.06253125,NaN,NaN
2024-03-05 00:00:00,4113.5,12.9290625,-8.09184375,89.6605208333333,1.16928125,296.959375,1.15184375,1.0926875,349.626767708333,43.17365625,73.6063541666667,-0.00644791666666665,-6.76135416666667,-82.7939131944444,-30.4334375,6.75484375,-23.6795625,1.63221875,2.44597916666667,214.637708333333,1.63221875,214.551041666667,30.521875,43.16859375,66.8439166666667,NaN,NaN
2024-03-06 00:00:00,4209.5,13.5561458333333,-4.98510416666667,73.8926041666667,1.28561458333333,292.096875,1.27355208333333,1.1376875,362.444359375,118.852635416667,119.5020625,-14.60415625,-11.6145104166667,Inf,-0.647333333333336,-2.98889583333333,-3.63825,1.91796875,2.72495833333333,209.545833333333,1.91796875,213.784375,25.88290625,104.25015625,107.888885416667,NaN,NaN
2024-03-07 00:00:00,4305.5,13.7198958333333,-5.42245833333333,75.2247916666667,1.32721875,307.830208333333,1.31319791666667,1.1826875,362.473134375,125.0041875,106.54709375,-38.6518333333333,-15.634,NaN,18.4588645833333,-23.0182604166667,-4.55954166666667,0.697072916666667,1.17594791666667,207.76253125,0.697072916666667,207.426520833333,32.1368125,86.3532083333334,90.9105520833333,NaN,NaN
2024-03-08 00:00:00,4401.5,13.6945833333333,-9.57454166666666,80.8301041666667,1.52955208333333,271.470833333333,1.50252083333333,1.2276875,352.16938125,116.962,118.3839375,-21.46746875,-10.1067395833333,Inf,-1.4184375,-11.3606458333333,-12.7796770833333,0.5078125,0.939385416666667,136.044239583333,0.5078125,120.654479166667,29.6798645833333,95.496625,108.273875,NaN,NaN
2024-03-09 00:00:00,4497.5,13.759375,-6.43466666666667,44.8188541666667,1.5700625,219.460416666667,1.55145833333333,1.21438541666667,356.501026041667,219.035104166667,188.755520833333,-105.306875,-22.40996875,0.0534826388888889,30.28228125,-82.8945833333333,-52.60790625,1.87203125,2.58502083333333,205.428333333333,1.87203125,193.335520833333,28.5275,113.738958333333,166.344354166667,NaN,NaN
2024-03-10 00:00:00,4593.5,13.729375,-2.0369375,28.7867708333333,1.61867708333333,237.351041666667,1.61254166666667,1.14877604166667,350.004309375,218.888635416667,172.565447916667,-117.907291666667,-26.9670833333333,-0.0798090277777778,46.3200520833333,-90.9451041666666,-44.6259270833333,2.56239583333333,3.30880208333333,221.301041666667,2.56239583333333,220.032291666667,20.5127083333333,100.966979166667,145.59771875,NaN,NaN
2024-03-11 00:00:00,4689.5,13.6692708333333,-1.51451041666667,45.3241666666667,1.61546875,222.929166666667,1.611125,1.12396966911765,348.162832291667,182.742395833333,143.700739583333,-74.2340729166667,-19.7990625,0.0896875,39.0372291666667,-54.4313229166667,-15.3954166666667,2.00392708333333,2.94519791666667,219.503125,2.00392708333333,216.976041666667,27.0716666666667,108.507041666667,123.901614583333,NaN,NaN
2024-03-12 00:00:00,4785.5,13.6065625,-3.27248958333333,74.3713541666667,1.57655208333333,282.508333333333,1.56715625,1.22702573529412,352.646757291667,185.50184375,152.252177083333,-26.1474479166667,-10.1720208333333,0.304739583333333,33.2567291666667,-15.9735520833333,17.28109375,1.89822916666667,2.75538541666667,222.028125,1.89822916666667,220.003125,29.7,159.364489583333,142.083364583333,NaN,NaN
2024-03-13 00:00:00,4881.5,13.5489583333333,-4.73226041666667,81.9966666666667,1.5199375,276.629166666667,1.50695833333333,1.39026102941176,354.195589583333,97.9957395833333,84.5763020833333,-12.715875,-7.08536458333333,0.60059649122807,13.42315625,-5.63117708333333,7.79060416666667,0.80559375,1.30727083333333,183.6534375,0.80559375,160.606041666667,36.4827083333333,85.2790729166667,77.4896666666667,NaN,NaN
2024-03-14 00:00:00,4977.5,12.9135416666667,-8.19728125,90.8885416666667,1.231125,265.6625,1.21240625,1.54206648284314,346.705785416667,30.4518333333333,71.9053125,0.039375,-4.0093125,-531.316933333333,-41.4491979166667,4.04870833333333,-37.4038854166667,1.00922916666667,1.67690625,104.2261875,1.00922916666667,75.64775,49.1180208333333,30.4888229166667,67.8926145833333,NaN,NaN
2024-03-15 00:00:00,5073.5,13.4945833333333,-4.44729166666667,72.4176041666667,1.3353125,242.147916666667,1.32480208333333,1.42090625,370.586120833333,208.825416666667,182.33703125,-59.7429479166667,-19.7712083333333,Inf,26.49671875,-39.96809375,-13.4707708333333,0.903927083333333,1.46101041666667,221.117364583333,0.903927083333333,221.482552083333,32.500875,149.09528125,162.564885416667,NaN,NaN
2024-03-16 00:00:00,5169.5,13.7479166666667,-4.61735416666667,70.9735416666667,1.51441666666667,208.839583333333,1.5015625,1.26352083333333,371.59551875,220.234229166667,164.65059375,-65.2709166666667,-17.2017604166667,Inf,55.5785833333333,-48.068125,7.51079166666666,0.59975,1.04577083333333,171.623458333333,0.59975,142.829645833333,42.036375,154.957197916667,147.448677083333,NaN,NaN
2024-03-17 00:00:00,5265.5,13.7659375,-5.61363541666667,77.0738541666667,1.59467708333333,191.940625,1.57814583333333,1.18685416666667,368.853439583333,134.889072916667,91.4541979166667,-38.23290625,-7.3710625,Inf,43.4349375,-30.8621875,12.5715625,0.456395833333333,0.9013125,139.024489583333,0.456395833333333,136.225104166667,32.3548333333333,96.6600104166667,84.08484375,NaN,NaN
2024-03-18 00:00:00,5361.5,13.7057291666667,-1.84876041666667,53.2470833333333,1.621,192.575,1.61536458333333,1.14963541666667,397.790751041667,235.64425,168.574697916667,-91.2251041666667,-24.8891666666667,Inf,67.0628854166667,-66.334375,0.728166666666669,0.792145833333333,1.31675,207.563395833333,0.792145833333333,195.475,39.6316354166667,144.4115625,143.684364583333,NaN,NaN
2024-03-19 00:00:00,5457.5,13.7025,0.0493333333333334,42.4158333333333,1.65965625,212.9625,1.65972916666667,1.10529166666667,415.427078125,238.018833333333,164.479666666667,-112.603125,-25.9032291666667,Inf,73.5493854166667,-86.6980208333333,-13.14625,1.09519791666667,1.6845625,213.8140625,1.09519791666667,215.678020833333,35.0084375,125.430739583333,138.580302083333,NaN,NaN
2024-03-20 00:00:00,5553.5,13.7114583333333,-0.557385416666667,47.3842708333333,1.70660416666667,211.36875,1.70490625,1.06011458333333,401.047919791667,240.283479166667,162.13615625,-111.305208333333,-22.0940625,Inf,78.14790625,-89.2117708333333,-11.0663541666667,1.40479166666667,2.22632291666667,211.0336875,1.40479166666667,205.945802083333,43.9963854166667,128.984854166667,140.047260416667,NaN,NaN
2024-03-21 00:00:00,5649.5,13.7095833333333,-0.74696875,59.6870833333333,1.74290625,223.332291666667,1.74048958333333,1.02586458333333,392.692994791667,242.37903125,160.151927083333,-94.2395729166667,-17.5909583333333,173.957105072464,82.2160416666667,-76.6473854166667,5.56575,2.07430208333333,2.95704166666667,214.843229166667,2.07430208333333,205.5465625,36.5198958333333,148.129625,142.55715625,NaN,NaN
2024-03-22 00:00:00,5745.5,13.7375,-1.39745833333333,49.9183333333333,1.767125,209.515625,1.7625,1.00295833333333,381.469766666667,231.892052083333,165.2858125,-96.8352083333333,-17.3097291666667,Inf,66.58428125,-79.5228125,-12.94065625,2.0614375,2.78383333333333,217.283125,2.0614375,221.591666666667,23.1444791666667,135.032979166667,147.976572916667,NaN,NaN
2024-03-23 00:00:00,5841.5,13.750625,-0.1340625,52.9473958333333,1.79565625,236.223958333333,1.79517708333333,0.974027387152778,378.008670833333,149.909354166667,102.678416666667,-61.921625,-14.4173125,Inf,47.23471875,-47.5025416666667,-0.26830208333333,2.47169791666667,3.42853125,218.597916666667,2.47169791666667,219.180208333333,26.1597916666667,87.9938958333333,88.2625208333333,NaN,NaN
2024-03-24 00:00:00,5937.5,13.6579166666667,-4.05355208333333,69.3072916666667,1.767375,290.648958333333,1.75446875,0.9723078125,374.806225,133.287989583333,92.80084375,-46.6059479166667,-10.6198333333333,0.459555555555556,40.4948333333333,-35.9863020833333,4.50552083333333,1.52333333333333,2.32548958333333,164.939583333333,1.52333333333333,153.339239583333,36.9070833333333,86.6839270833333,82.18025,NaN,NaN
2024-03-25 00:00:00,6033.5,13.6927083333333,-11.5297291666667,73.49125,1.64911458333333,279.340625,1.61370833333333,0.9768328125,350.229315625,141.228416666667,167.037541666667,-35.0145208333333,-9.63308333333333,-Inf,-25.8119583333333,-25.3824166666667,-51.1939479166667,0.9793125,1.47148958333333,204.3359375,0.9793125,162.9753125,30.3271145833333,106.2121875,157.4015,NaN,NaN
2024-03-26 00:00:00,6129.5,13.7752083333333,-9.33175,74.2498958333334,1.76536458333333,280.166666666667,1.73486458333333,0.981357812500001,355.779604166667,186.281541666667,149.39071875,-33.6546979166667,-5.87271875,Inf,36.8968541666667,-27.7827604166667,9.11303125,1.81140625,2.61798958333333,217.387708333333,1.81140625,217.883333333333,29.4809375,152.62859375,143.519270833333,NaN,NaN
2024-03-27 00:00:00,6225.5,13.6815625,-7.92596875,70.2829166666667,1.65871875,287.736458333333,1.63454166666667,0.9858828125,358.446732291667,223.500208333333,176.335916666667,-54.1289791666667,-8.6005625,-347.650083333333,47.17015625,-45.5278125,1.64491666666667,2.4976875,3.424375,220.5103125,2.4976875,218.378125,27.875,169.379020833333,167.73434375,NaN,NaN
2024-03-28 00:00:00,6321.5,13.73625,-3.02740625,58.7386458333333,1.77758333333333,305.847916666667,1.76772916666667,0.9904078125,363.827963541667,182.755333333333,144.623333333333,-54.8275833333333,-11.2821458333333,Inf,38.12471875,-43.54378125,-5.41432291666667,2.44032291666667,3.432875,215.891666666667,2.44033333333333,213.102083333333,27.1509375,127.920604166667,133.33965625,NaN,NaN
2024-03-29 00:00:00,6417.5,13.5747916666667,-4.0110625,83.4546875,1.52315625,268.0971875,1.51209375,0.9949328125,374.120489583333,72.275875,72.2666770833333,-5.3116875,-4.12017708333333,Inf,0.00932291666666673,-1.19121875,-1.1836875,1.38569791666667,2.15090625,205.801229166667,1.38569791666667,210.1078125,32.4686458333333,66.9636354166667,68.14571875,NaN,NaN
2024-03-30 00:00:00,6513.5,13.4917708333333,-1.21719791666667,68.9676041666667,1.36691666666667,270.735104166667,1.36402083333333,0.9994578125,432.179561458333,77.00553125,61.57415625,-24.8471979166667,-9.94966666666667,Inf,15.43078125,-14.8972604166667,0.533854166666668,2.26432291666667,3.41315625,205.765520833333,2.26432291666667,204.584375,34.5939583333333,52.1576354166667,51.6199270833333,NaN,NaN
2024-03-31 00:00:00,6609.5,13.6465625,-1.49961458333333,67.7903125,1.63040625,269.003125,1.62588541666667,1.0039828125,423.758734375,170.8474375,128.47278125,-36.0649166666667,-11.1765104166667,Inf,42.3626666666667,-24.887625,17.4746354166667,2.21941666666667,3.32558333333333,207.555208333333,2.21941666666667,210.56875,32.4385416666667,134.77228125,117.295739583333,NaN,NaN
2024-04-01 00:00:00,6705.5,13.7101041666667,-5.11408333333333,74.6165625,1.50940625,272.5190625,1.49590625,1.0085078125,400.713386458333,204.553604166667,157.555947916667,-55.2379270833333,-9.33934375,Inf,46.9853958333333,-45.9002083333333,1.08522916666667,1.29546875,1.98509375,188.240833333333,1.29546875,190.375,48.4367708333333,149.300875,148.2143125,NaN,NaN
2024-04-02 00:00:00,6801.5,13.7705208333333,-4.53395833333333,64.4644791666667,1.77311458333333,235.505208333333,1.75826041666667,1.00485959201389,388.327951041667,274.646145833333,204.80421875,-68.5994583333333,-14.8334583333333,Inf,69.8236041666667,-53.7603229166667,16.0603958333333,1.32026041666667,2.04438541666667,203.6609375,1.32026041666667,202.13025,38.8003125,206.027927083333,189.972822916667,NaN,NaN
2024-04-03 00:00:00,6897.5,13.7139583333333,0.671135416666667,51.70625,1.78142708333333,215.1625,1.78347916666667,0.981708333333333,427.341309375,271.125822916667,189.91753125,-108.136770833333,-24.9919791666667,Inf,81.1784791666666,-83.1459375,-1.95984375,1.30785416666667,1.9735625,215.251875,1.30785416666667,223.330208333333,34.889375,162.95790625,164.926489583333,NaN,NaN
2024-04-04 00:00:00,6993.5,13.6994791666667,4.85510416666667,27.461875,1.7959375,200.022916666667,1.81183333333333,0.95309375,419.671354166667,267.540604166667,175.944833333333,-113.005104166667,-32.3042708333333,Inf,91.5979583333333,-80.6985416666666,10.8940520833333,1.61359375,2.4199375,218.308229166667,1.61359375,214.592708333333,29.2295833333333,154.523302083333,143.639729166667,NaN,NaN
2024-04-05 00:00:00,7089.5,13.6759375,5.87836458333333,24.4159375,1.82323958333333,199.791666666667,1.84276041666667,0.90815625,380.746545833333,271.000260416667,164.21225,-96.6179166666667,-31.5302083333333,Inf,106.79225,-65.0880208333333,41.7069895833333,2.49314583333333,3.57922916666667,194.270833333333,2.49315625,192.75625,24.7864583333333,174.3846875,132.67815625,NaN,NaN
2024-04-06 00:00:00,7185.5,13.6948958333333,-7.95755208333333,77.9434375,1.43054166666667,218.1096875,1.41090625,0.996349330357143,344.1728625,66.5259375,54.0460625,-17.4098645833333,-3.98834375,-Inf,12.478625,-13.42125,-0.941864583333333,3.02692708333333,4.123125,215.193333333333,3.02692708333333,218.242708333333,26.8482291666667,49.1163229166667,50.0549479166667,NaN,NaN
2024-04-07 00:00:00,7281.5,13.8604166666667,-9.120625,73.19,1.56970833333333,247.039583333333,1.54328125,1.0121171875,348.176691666667,234.731958333333,180.25696875,-41.9991041666667,-4.33248958333333,Inf,54.4766666666667,-37.6663645833333,16.80803125,3.46982291666667,4.50127083333333,221.215625,3.46983333333333,218.759375,25.1346875,192.7323125,175.924625,NaN,NaN
2024-04-08 00:00:00,7377.5,13.7961458333333,-6.8671875,51.4065625,1.83990625,270.66875,1.81659375,0.9281875,352.271642708333,251.942333333333,188.878083333333,-87.6890833333333,-14.25503125,Inf,63.0692083333334,-73.4346979166667,-10.3635416666667,1.35809375,2.09005208333333,219.720604166667,1.35809375,223.789583333333,36.9563541666667,164.25665625,174.6225625,NaN,NaN
2024-04-09 00:00:00,7473.5,13.80625,-3.56211458333333,49.9397916666667,1.86588541666667,256.042708333333,1.85378125,0.881101325757576,355.593241666667,291.920572916667,202.7460625,-90.73134375,-16.66434375,Inf,89.1832708333333,-74.07196875,15.112625,1.74698958333333,2.57134375,197.036875,1.74698958333333,194.1590625,41.8421875,201.198552083333,186.08328125,NaN,NaN
2024-04-10 00:00:00,7569.5,13.7320833333333,-3.53542708333333,74.2332291666667,1.73083333333333,314.286458333333,1.71942708333333,0.878107954545455,357.241772916667,171.339208333333,138.453333333333,-20.9385729166667,-10.4006041666667,Inf,32.88496875,-10.53815625,22.3454583333333,1.26630208333333,2.04958333333333,219.280520833333,1.26630208333333,226.300833333333,43.67840625,150.397114583333,128.051166666667,NaN,NaN
2024-04-11 00:00:00,7665.5,13.7691666666667,-0.951729166666667,40.6097916666667,1.84220833333333,249.15625,1.83898958333333,0.886660511363636,368.564116666667,294.238864583333,209.140583333333,-108.5525,-24.4966666666667,Inf,85.0910833333333,-84.0546875,1.03754166666668,1.54984375,2.34275,224.983333333333,1.54984375,220.025,31.1658333333333,185.691354166667,184.647822916667,NaN,NaN
2024-04-12 00:00:00,7761.5,13.6882291666667,5.51680208333333,27.4636458333333,1.85833333333333,216.047916666667,1.87686458333333,0.872666666666667,394.030557291667,288.38015625,173.395489583333,-114.679479166667,-36.4952083333333,-0.151263888888889,115.008177083333,-78.180625,36.825125,1.80307291666667,2.54017708333333,218.016770833333,1.80307291666667,223.06875,32.2346875,173.7221875,136.901072916667,NaN,NaN
2024-04-13 00:00:00,7857.5,13.6616666666667,6.04365625,33.6057291666667,1.8995,206.869791666667,1.92041666666667,0.829833333333333,387.706370833333,267.75253125,151.746385416667,-98.960625,-33.00375,Inf,116.01740625,-65.9546875,50.062125,1.17178125,1.8565625,233.7089375,1.17178125,236.975114583333,40.309375,168.8115625,118.7483125,NaN,NaN
2024-04-14 00:00:00,7953.5,13.6685416666667,7.80736458333333,22.8722916666667,1.94107291666667,212.044791666667,1.96852083333333,0.7816875,374.581915625,300.311708333333,167.966364583333,-117.402083333333,-38.9344791666667,Inf,132.3519375,-78.4672916666667,53.8851041666667,1.46321875,2.20085416666667,198.268645833333,1.46321875,200.91875,30.862,182.91946875,129.030854166667,NaN,NaN
2024-04-15 00:00:00,8049.5,13.5303125,1.61504166666667,50.8123958333333,1.91740625,220.272916666667,1.92373958333333,0.797447222222222,347.292903125,120.82765625,76.2962916666667,-61.1238854166667,-20.9131458333333,-Inf,44.5318229166667,-40.20809375,4.32504166666667,1.27672916666667,1.93358333333333,207.644895833333,1.27672916666667,203.891291666667,36.4291770833333,59.7070416666667,55.3807916666667,NaN,NaN
2024-04-16 00:00:00,8145.5,13.4315625,-1.554375,87.350625,1.5835,252.297916666667,1.579,1.03462048611111,353.625758333333,97.7917604166667,83.2094583333333,-30.8276875,-7.01196875,-Inf,14.5842291666667,-23.81565625,-9.2300625,2.35263541666667,3.34963541666667,206.02409375,2.35263541666667,213.594791666667,36.4792708333333,66.9640416666667,76.1967708333333,NaN,NaN
2024-04-17 00:00:00,8241.5,13.7065625,0.654208333333333,76.015,1.65463541666667,225.710416666667,1.65660416666667,1.09430208333333,380.903603125,101.708322916667,79.0038229166667,-27.6848645833333,-10.5550104166667,Inf,22.7013541666667,-17.1311041666667,5.56909375,1.59857291666667,2.42411458333333,205.405,1.59857291666667,213.922916666667,34.4403125,74.0231979166666,68.451375,NaN,NaN
2024-04-18 00:00:00,8337.5,13.6732291666667,-2.30127083333333,73.4464583333333,1.73251041666667,285.275,1.725125,1.05425,373.66591875,156.335552083333,121.400791666667,-25.86103125,-7.68369791666667,Inf,34.93484375,-18.1775625,16.7584375,1.00895833333333,1.73966666666667,188.384625,1.00895833333333,198.216020833333,42.3138541666667,130.475958333333,113.719145833333,NaN,NaN
2024-04-19 00:00:00,8433.5,13.849375,-3.04220833333333,73.1002083333333,1.78664583333333,289.027083333333,1.77652083333333,1.03025,370.922694791667,105.868541666667,80.4118020833333,-29.9173020833333,-8.341,Inf,25.4564895833333,-21.5775833333333,3.87996875,0.963958333333333,1.58186458333333,158.19346875,0.963979166666666,157.483541666667,34.5885,75.9559479166667,72.0742395833333,NaN,NaN
2024-04-20 00:00:00,8529.5,13.6733333333333,-3.25497916666667,78.4589583333333,1.66464583333333,262.708333333333,1.65452083333333,1.00465036231884,379.937725,109.03040625,87.2550625,-7.5489375,-6.78113541666667,Inf,21.77678125,-0.767895833333333,21.0093333333333,0.70771875,1.22029166666667,195.327208333333,0.70771875,174.945739583333,39.3150833333333,101.4801875,80.4738229166667,NaN,NaN
2024-04-21 00:00:00,8625.5,13.7683333333333,1.69429166666667,40.0973958333333,1.75305208333333,236.146875,1.75863541666667,0.950078804347826,409.467689583333,310.22028125,213.854020833333,-87.9825,-28.5964583333333,Inf,96.36628125,-59.3865416666667,36.9846979166667,1.34458333333333,2.05511458333333,218.108229166667,1.34458333333333,218.664791666667,30.8901770833333,222.224614583333,185.260125,NaN,NaN
2024-04-22 00:00:00,8721.51388888889,13.7476041666667,5.47215972222222,38.7519791666667,1.83770833333333,206.86875,1.85601736111111,0.893951388888889,419.47590625,228.122045138889,147.218277777778,-78.5974305555555,-28.8208333333333,Inf,80.91178125,-49.7759722222222,31.1357569444444,1.99057986111111,3.04456944444444,226.226215277778,1.99057986111111,228.250694444444,37.9793055555556,149.531413194444,118.39653125,NaN,NaN
2024-04-23 00:00:00,8817.5,13.71875,3.37641666666667,62.0648958333333,1.89838541666667,198.09375,1.91001041666667,0.840302083333334,403.313442708333,202.141572916667,132.632302083333,-50.6765520833333,-22.40790625,Inf,69.51771875,-28.2675729166667,41.247375,1.02834375,1.72458333333333,229.6171875,1.02835416666667,229.152645833333,40.1870416666667,151.4723125,110.22428125,NaN,NaN
2024-04-24 00:00:00,8913.5,13.6884375,6.03623958333333,55.7191666666667,1.93460416666667,211.042708333333,1.95585416666667,0.794666666666667,436.713228125,235.936385416667,148.915333333333,-50.5311145833333,-29.2605625,Inf,87.0124375,-21.26965625,65.7424895833333,0.838520833333333,1.41535416666667,236.983958333333,0.838520833333333,250.2321875,37.01009375,185.404489583333,119.657677083333,NaN,NaN
2024-04-25 00:00:00,9009.5,13.7280208333333,4.94426041666667,47.8761458333333,1.98627083333333,213.676041666667,2.00398958333333,0.747693108974359,409.9005,232.162416666667,136.98725,-69.8768541666667,-28.2421770833333,Inf,95.1893333333333,-41.6365520833333,53.5516041666667,1.64960416666667,2.60880208333333,195.730625,1.64960416666667,203.077916666667,43.9848958333333,162.299979166667,108.74984375,NaN,NaN
2024-04-26 00:00:00,9105.5,13.7109375,0.3390625,81.9207291666667,1.9801875,233.264583333333,1.98153125,0.730704191495125,398.665892708333,208.38646875,129.881770833333,-23.1963020833333,-9.99104166666667,0.4139875,78.5075520833333,-13.20478125,65.30046875,1.47389583333333,2.1353125,214.8891875,1.47390625,185.024822916667,28.5036458333333,185.192927083333,119.89184375,NaN,NaN
2024-04-27 00:00:00,9201.5,13.6071875,-3.06161458333333,88.9794791666666,1.80277083333333,297.764583333333,1.79261458333333,0.763336267605634,386.718021875,139.682229166667,121.572854166667,-14.4733854166667,-5.57744791666667,Inf,18.1159895833333,-8.89565625,9.21898958333333,0.38915625,0.724552083333333,171.405135416667,0.38915625,65.5374895833333,29.46246875,125.21671875,115.99546875,NaN,NaN
2024-04-28 00:00:00,9297.5,13.7611458333333,-2.58573958333333,83.831875,1.86213541666667,256.90625,1.85319791666667,0.81868838028169,396.62611875,129.880833333333,98.478125,-10.75775,-6.60688541666667,Inf,31.3971666666667,-4.15094791666667,27.2471666666667,1.29875,2.08375,211.910729166667,1.29875,205.315729166667,41.7326041666667,119.117916666667,91.87365625,NaN,NaN
2024-04-29 00:00:00,9393.48611111111,13.7201388888889,0.484260416666667,65.5299305555555,1.86027083333333,254.562152777778,1.86194444444444,0.859060690532081,436.870173263889,242.753128472222,174.514357638889,-50.2795451388889,-15.3338402777778,Inf,68.2417048611111,-34.94746875,33.2938611111111,2.19296527777778,3.09704166666667,215.137152777778,2.19296527777778,216.178472222222,29.9636805555556,192.492493055556,159.185548611111,NaN,NaN
2024-04-30 00:00:00,9489.5,13.4898958333333,0.87071875,62.4440625,1.83114583333333,226.561458333333,1.83447916666667,0.895145833333333,457.228666666667,205.909708333333,142.123770833333,-47.7868541666667,-15.3850729166667,Inf,63.79228125,-32.39896875,31.3897395833333,1.87730208333333,2.94466666666667,209.6690625,1.87730208333333,221.80575,46.9760416666667,158.131,126.744739583333,NaN,NaN
2024-05-01 00:00:00,9585.5,13.6751041666667,-0.507583333333333,68.9463541666667,1.8253125,228.791666666667,1.82384375,0.856947916666667,471.500717708333,110.20409375,81.9303125,-22.5941354166667,-8.96960416666667,Inf,28.2738333333333,-13.6238645833333,14.6514270833333,1.29920833333333,2.14486458333333,209.443614583333,1.29920833333333,223.151822916667,42.3205208333333,87.6125,72.9613854166667,NaN,NaN
2024-05-02 00:00:00,9681.5,13.7729166666667,-3.26884375,45.553125,1.861,240.965625,1.84965625,0.883489583333333,435.228027083333,232.6528125,176.262458333333,-74.8515625,-18.76365625,Inf,56.39409375,-56.0847916666667,0.307302083333332,1.76315625,2.65908333333333,225.626041666667,1.76316666666667,230.070833333333,34.0602083333333,157.807645833333,157.5003125,NaN,NaN
2024-05-03 00:00:00,9777.5,13.7586458333333,-0.0581354166666668,53.77375,1.76534375,216.746875,1.76607291666667,0.876835069444444,437.242904166667,151.94053125,108.605604166667,-44.3709583333333,-15.2308333333333,Inf,43.3325,-29.14071875,14.1946041666667,2.21385416666667,3.35532291666667,214.762291666667,2.21385416666667,212.795833333333,34.5897916666667,107.568552083333,93.3721145833333,NaN,NaN
2024-05-04 00:00:00,9873.5,13.7389583333333,2.82552083333333,41.7567708333333,1.89864583333333,211.304166666667,1.90834375,0.836850694444444,442.207785416667,331.317604166667,215.068114583333,-108.0103125,-30.643625,Inf,116.2636875,-77.369375,38.8951458333333,1.13019791666667,1.81728125,211.363604166667,1.13019791666667,220.156052083333,38.6324270833333,223.319864583333,184.41809375,NaN,NaN
2024-05-05 00:00:00,9969.5,13.7375,7.12616666666667,36.4557291666667,1.93501041666667,208.527083333333,1.96011458333333,0.790358072916667,436.500867708333,216.146104166667,134.2809375,-80.20375,-31.6516666666667,Inf,81.8777604166667,-48.5513541666667,33.3271354166667,2.17472916666667,3.14941666666667,201.736458333333,2.17472916666667,198.939583333333,28.1240625,135.955354166667,102.625052083333,NaN,NaN
2024-05-06 00:00:00,10065.5,13.8794791666667,-4.84578125,85.01375,1.54711458333333,241.294791666667,1.5340625,0.7918671875,366.924790625,95.5724166666667,75.90034375,-14.2041354166667,-4.16764583333333,Inf,19.6710625,-10.0366354166667,9.63254166666667,3.64405208333333,4.96005208333333,219.511458333333,3.64405208333333,219.730208333333,27.6248958333333,81.36259375,71.7310833333333,NaN,NaN
2024-05-07 00:00:00,10161.5,13.9077083333333,-6.65538541666667,85.0130208333333,1.36328125,229.484270833333,1.34626041666667,0.8222421875,377.778972916667,116.410135416667,90.0863541666667,-13.2473854166667,-3.09683333333333,Inf,26.3217395833333,-10.1504166666667,16.17084375,2.83832291666667,4.23505208333333,220.601354166667,2.83833333333333,221.932291666667,35.2390625,103.164697916667,86.99009375,NaN,NaN
2024-05-08 00:00:00,10257.5,13.8957291666667,-6.78225,77.7189583333333,1.698125,263.640625,1.67707291666667,0.8526171875,382.427964583333,262.76,198.059625,-38.6524479166667,-5.48732291666667,Inf,64.6910520833333,-33.1651145833333,31.5252291666667,2.47830208333333,3.42459375,208.854479166667,2.47830208333333,210.645833333333,27.2759375,224.103791666667,192.579739583333,NaN,NaN
2024-05-09 00:00:00,10353.5,13.755625,-2.973,77.4769791666667,1.8475625,265.584375,1.8373125,0.88261328125,407.005346875,152.56415625,115.458614583333,-32.0811354166667,-10.2451145833333,Inf,37.1077916666667,-21.8357916666667,15.2733333333333,0.617541666666667,1.11801041666667,148.516677083333,0.617541666666667,122.438333333333,39.9231770833333,120.486572916667,105.209114583333,NaN,NaN
2024-05-10 00:00:00,10449.5,13.8216666666667,-0.47346875,74.7296875,1.86678125,249.576041666667,1.86503125,0.883364583333333,443.955384375,188.23140625,124.3535625,-48.8375833333333,-14.2943125,Inf,63.8833645833333,-34.5436666666667,29.3392916666667,0.462395833333333,0.903447916666667,169.740958333333,0.462395833333333,165.3793125,37.4924583333333,139.397822916667,110.057770833333,NaN,NaN
2024-05-11 00:00:00,10545.5,13.82,2.27997916666667,61.9159375,1.88029166666667,236.092708333333,1.88809375,0.842899804327808,477.7383,208.850489130435,135.507902173913,-56.9357608695652,-24.556902173913,Inf,73.3540434782609,-32.3800217391304,40.9733369565217,0.436880434782609,0.839184782608696,228.168869565217,0.436880434782609,221.535054347826,34.1606086956522,151.91252173913,110.948445652174,NaN,NaN
2024-05-12 00:00:00,10641.5,13.7920833333333,2.63505208333333,68.9592708333333,1.92152083333333,260.645833333333,1.93073958333333,0.789505524861878,496.840888541667,NaN,NaN,NaN,NaN,NaN,NaN,NaN,NaN,NaN,NaN,NaN,NaN,NaN,NaN,NaN,NaN,NaN,NaN
2024-05-13 00:00:00,10737.5,13.7525,6.25109375,50.1382291666667,1.21566666666667,231.484166666667,1.22842708333333,0.745085635359116,520.206813541667,NaN,NaN,NaN,NaN,NaN,NaN,NaN,NaN,NaN,NaN,NaN,NaN,NaN,NaN,NaN,NaN,NaN,NaN
2024-05-14 00:00:00,10833.5,13.7034375,4.70030208333333,61.3477083333333,1.10159375,221.234895833333,1.11347916666667,0.700665745856354,507.849602083333,NaN,NaN,NaN,NaN,NaN,NaN,NaN,NaN,NaN,NaN,NaN,NaN,NaN,NaN,NaN,NaN,NaN,NaN
2024-05-15 00:00:00,10929.5,13.6,1.98488541666667,76.7627083333333,0.402135416666667,176.273645833333,0.403302083333333,0.656245856353591,502.509308333333,NaN,NaN,NaN,NaN,NaN,NaN,NaN,NaN,NaN,NaN,NaN,NaN,NaN,NaN,NaN,NaN,NaN,NaN
2024-05-16 00:00:00,11025.5,13.7154166666667,5.89247916666667,44.5638541666667,1.95902083333333,164.6809375,1.97698958333333,0.611825966850828,522.243866666667,NaN,NaN,NaN,NaN,NaN,NaN,NaN,NaN,NaN,NaN,NaN,NaN,NaN,NaN,NaN,NaN,NaN,NaN
2024-05-17 00:00:00,11121.5,13.7157291666667,7.7078125,40.9810416666667,1.51539583333333,208.467395833333,1.53116666666667,0.567406077348066,496.527052083333,NaN,NaN,NaN,NaN,NaN,NaN,NaN,NaN,NaN,NaN,NaN,NaN,NaN,NaN,NaN,NaN,NaN,NaN
2024-05-18 00:00:00,11217.5,13.7486458333333,7.17476041666667,41.0691666666667,2.40416666666667,220.813854166667,2.43686458333333,0.522986187845304,456.758805208333,NaN,NaN,NaN,NaN,NaN,NaN,NaN,NaN,NaN,NaN,NaN,NaN,NaN,NaN,NaN,NaN,NaN,NaN
2024-05-19 00:00:00,11313.5,13.7760416666667,5.3531875,64.6715625,0.219072916666667,171.758645833333,0.221260416666667,0.478566298342541,470.33131875,NaN,NaN,NaN,NaN,NaN,NaN,NaN,NaN,NaN,NaN,NaN,NaN,NaN,NaN,NaN,NaN,NaN,NaN
2024-05-20 00:00:00,11409.5,13.7532291666667,6.13898958333333,57.566875,0.813239583333333,191.597291666667,0.827354166666666,0.434146408839779,454.542003125,NaN,NaN,NaN,NaN,NaN,NaN,NaN,NaN,NaN,NaN,NaN,NaN,NaN,NaN,NaN,NaN,NaN,NaN
2024-05-21 00:00:00,11505.5,13.7904166666667,-2.67932291666667,82.2388541666667,0.206395833333333,78.9623958333333,0.20509375,0.389726519337017,375.715536458333,NaN,NaN,NaN,NaN,NaN,NaN,NaN,NaN,NaN,NaN,NaN,NaN,NaN,NaN,NaN,NaN,NaN,NaN
2024-05-22 00:00:00,11601.5,13.7486458333333,2.032125,38.7355208333333,3.09470833333333,165.461354166667,3.10540625,0.345306629834254,394.713759375,NaN,NaN,NaN,NaN,NaN,NaN,NaN,NaN,NaN,NaN,NaN,NaN,NaN,NaN,NaN,NaN,NaN,NaN
2024-05-23 00:00:00,11697.5,13.6688541666667,2.71761458333333,49.775,1.10096875,164.0740625,1.10188541666667,0.300886740331492,387.028502083333,NaN,NaN,NaN,NaN,NaN,NaN,NaN,NaN,NaN,NaN,NaN,NaN,NaN,NaN,NaN,NaN,NaN,NaN
2024-05-24 00:00:00,11793.5,13.796875,1.6649375,43.3952083333333,2.6554375,156.9465625,2.66277083333333,0.256466850828729,375.895273958333,NaN,NaN,NaN,NaN,NaN,NaN,NaN,NaN,NaN,NaN,NaN,NaN,NaN,NaN,NaN,NaN,NaN,NaN
2024-05-25 00:00:00,11889.5,13.7527083333333,3.43273958333333,64.1001041666667,2.49915625,232.9753125,2.5151875,0.212046961325967,381.662782291667,10.1084642857143,7.38292857142857,-1.63639285714286,-0.894535714285714,0.180297619047619,2.72603571428571,-0.742142857142857,1.98385714285714,1.9455,2.95646428571429,228.017857142857,1.9455,220.960714285714,27.6757142857143,8.47357142857143,6.48864285714286,NaN,NaN
2024-05-26 00:00:00,11985.5,13.7267708333333,1.82335416666667,69.9438541666667,2.38546875,234.323958333333,2.39461458333333,0.167003625690608,396.429575,250.3599375,149.572229166667,-45.5955416666667,-12.8594270833333,Inf,100.78759375,-32.7364270833333,68.0478958333333,2.40325,3.47591666666667,220.30625,2.40325,219.767708333333,29.0410416666667,204.763208333333,136.715260416667,NaN,NaN
2024-05-27 00:00:00,12081.5,13.7677083333333,6.07663541666667,43.2492708333333,2.60828125,227.751041666667,2.63710416666667,0.115854166666667,422.448582291667,358.940958333333,136.804395833333,-103.894270833333,-24.6222916666667,Inf,222.135666666667,-79.27,142.868510416667,1.39825,2.14796875,232.7146875,1.39825,232.24375,36.27734375,255.0378125,112.185291666667,NaN,NaN
2024-05-28 00:00:00,12177.5,13.7102083333333,8.89640625,35.0225,2.69253125,220.515625,2.73592708333333,0.00979166666666668,429.138732291667,288.02465625,73.8648854166667,-100.26,-23.4564583333333,Inf,214.157145833333,-76.8065625,137.352572916667,0.663989583333333,1.25578125,211.13896875,0.663989583333333,204.110447916667,38.6630729166667,187.763645833333,50.4051041666667,NaN,NaN
2024-05-29 00:00:00,12273.5,13.7351041666667,9.7345625,37.0639583333333,2.72886458333333,225.059375,2.77707291666667,-0.02871875,412.7293125,164.6523125,25.4372291666667,-85.844375,-17.0149270833333,Inf,139.21240625,-68.8304166666667,70.3844895833333,1.51526041666667,2.35876041666667,209.695802083333,1.51526041666667,215.745833333333,29.5389791666667,78.8047916666667,8.42358333333333,NaN,NaN
2024-05-30 00:00:00,12369.5,13.7110416666667,7.816875,43.8294791666667,2.73682291666667,215.454166666667,2.77553125,-0.0256041666666667,401.778557291667,315.99996875,36.6230729166667,-100.788125,5.81586458333333,Inf,279.37928125,-106.60625,172.78315625,1.14542708333333,1.89288541666667,219.808520833333,1.14542708333333,228.088614583333,42.8072916666667,215.220260416667,42.4381666666667,NaN,NaN
2024-05-31 00:00:00,12465.5,13.7194791666667,8.12207291666667,37.0948958333333,2.73884375,209.486458333333,2.77914583333333,-0.02853125,389.252854166667,347.876479166667,36.6564375,-103.638020833333,15.83959375,Inf,311.24778125,-119.475416666667,191.768927083333,1.36222916666667,2.077375,224.9953125,1.36222916666667,230.600520833333,31.4593645833333,244.247760416667,52.4957916666667,NaN,NaN
2024-06-01 00:00:00,12561.5,13.6801041666667,9.72733333333333,40.1930208333333,2.73260416666667,214.582291666667,2.78070833333333,-0.0303854166666667,391.2284625,278.495541666667,31.34178125,-91.1528125,15.3151354166667,Inf,247.15640625,-106.4703125,140.6764375,1.45188541666667,2.33720833333333,225.6696875,1.45188541666667,217.033229166667,38.5642708333333,187.325114583333,46.65946875,NaN,NaN
2024-06-02 00:00:00,12657.5,13.7160416666667,9.41705208333333,47.4998958333333,2.73238541666667,222.275,2.77901041666667,-0.02846875,394.441670833333,226.9260625,26.4651979166667,-79.5396979166667,12.18503125,Inf,200.4560625,-91.7225520833333,108.731989583333,1.38230208333333,2.22744791666667,217.663958333333,1.3823125,221.314583333333,35.9651041666667,147.375791666667,38.65025,NaN,NaN
2024-06-03 00:00:00,12753.5,13.7216666666667,9.63941666666667,51.7194791666667,2.72847916666667,229.778125,2.77604166666667,-0.0276205357142857,408.284973958333,174.862416666667,18.8973645833333,-51.8044895833333,5.34885416666667,Inf,155.958947916667,-57.1533020833333,98.8108333333333,1.70014583333333,2.69286458333333,217.187354166667,1.70014583333333,220.45625,37.7469791666667,123.052958333333,24.2474791666667,NaN,NaN
2024-06-04 00:00:00,12849.5,13.7625,7.47559375,62.2142708333333,2.742,210.407291666667,2.77923958333333,-0.0287008928571429,419.929441666667,288.182197916667,32.2050625,-65.7081354166667,16.4521145833333,Inf,255.959322916667,-82.1638020833333,173.794239583333,2.85155208333333,3.9360625,215.064583333333,2.85155208333333,216.403125,28.575,222.450052083333,48.65565625,NaN,NaN
2024-06-05 00:00:00,12945.5,13.6634375,10.63846875,51.0930208333333,2.72503125,213.026041666667,2.7774375,-0.0275104166666667,428.699252083333,342.128229166667,43.1294375,-103.257291666667,27.2835520833333,Inf,299.0170625,-130.541041666667,168.479395833333,2.57182291666667,3.64727083333333,217.466666666667,2.57182291666667,215.557291666667,29.3711458333333,238.90484375,70.4167604166667,NaN,NaN
2024-06-06 00:00:00,13041.5,13.5653125,14.3453125,32.9720833333333,2.70792708333333,208.060416666667,2.77791666666667,-0.0280208333333334,445.57063125,351.90865625,44.03434375,-117.372916666667,31.8908645833333,Inf,307.86009375,-149.2590625,158.597541666667,0.8933125,1.49485416666667,210.3540625,0.8933125,213.133354166667,43.8858333333333,234.5221875,75.9224895833333,NaN,NaN
2024-06-07 00:00:00,13137.5,13.5584375,14.3976041666667,37.82,2.70664583333333,208.780208333333,2.77697916666667,-0.0266666666666667,424.12006875,307.84646875,38.5439375,-85.5073020833333,28.45934375,Inf,269.304739583333,-113.96096875,155.341895833333,1.46464583333333,2.23929166666667,221.516625,1.46465625,226.3190625,36.1029166666667,222.336802083333,67.0052708333333,NaN,NaN
2024-06-08 00:00:00,13233.5,13.6410416666667,12.50196875,53.620625,2.7124375,206.986458333333,2.77371875,-0.023875,420.045365625,247.952989583333,29.20484375,-75.6954166666667,19.7135208333333,Inf,218.752739583333,-95.4129166666667,123.33609375,1.13110416666667,1.85378125,210.333020833333,1.13110416666667,215.10909375,41.3414479166667,172.26546875,48.9204375,NaN,NaN
2024-06-09 00:00:00,13329.5,13.5763541666667,13.65378125,47.0319791666667,2.70796875,208.379166666667,2.77455208333333,-0.0245729166666667,418.045508333333,313.535552083333,39.2013645833333,-81.9193333333333,32.9191354166667,Inf,274.330510416667,-114.842802083333,159.486958333333,0.973229166666667,1.59125,194.8368125,0.973229166666667,173.096666666667,39.4250520833333,231.595333333333,72.1204583333333,NaN,NaN
2024-06-10 00:00:00,13425.5,13.6467708333333,13.3604166666667,43.5729166666667,2.71858333333333,200.485416666667,2.78419791666667,-0.0338854166666667,415.472603125,227.65078125,26.7077604166667,-75.8971875,13.5538020833333,Inf,200.945458333333,-89.4532291666667,111.489270833333,1.13138541666667,1.78857291666667,201.65,1.13138541666667,210.762604166667,38.8204166666667,151.751979166667,40.26078125,NaN,NaN
2024-06-11 00:00:00,13521.5,13.6044791666667,13.6505208333333,36.8872916666667,2.71517708333333,203.989583333333,2.78208333333333,-0.0323541666666667,406.048857291667,353.638625,45.8769166666667,-113.520833333333,33.9089895833333,Inf,307.784697916667,-147.434583333333,160.3251875,1.37497916666667,2.15894791666667,210.0171875,1.37497916666667,220.423552083333,42.4591666666667,240.109791666667,79.7844583333333,NaN,NaN
2024-06-12 00:00:00,13617.5,13.5873958333333,14.87125,35.110625,2.70927083333333,205.1,2.7819375,-0.0319375,392.155945833333,312.187510416667,41.6383645833333,-97.4061354166666,30.5638541666667,Inf,270.546770833333,-127.968541666667,142.56225,1.7088125,2.62547916666667,225.186979166667,1.7088125,227.269583333333,37.0954166666667,214.759833333333,72.2017916666667,NaN,NaN
2024-06-13 00:00:00,13713.5,13.5261458333333,17.546875,27.1744791666667,2.69398958333333,210.758333333333,2.77892708333333,-0.0279227941176471,403.269079166667,352.414625,45.9444166666667,-107.954583333333,33.8014270833333,Inf,306.423927083333,-141.751875,164.701395833333,1.135375,1.89939583333333,207.702104166667,1.135375,228.911666666667,49.8826145833333,244.438645833333,79.7475208333333,NaN,NaN
2024-06-14 00:00:00,13809.5,13.675625,12.2813541666667,54.7877083333333,2.69622916666667,257.630208333333,2.75622916666667,-0.0236980392156863,359.69441875,198.90265625,24.2153125,-61.7733541666667,17.0700208333333,Inf,174.688604166667,-78.841875,95.8449375,1.40335416666667,2.17888541666667,211.558645833333,1.40335416666667,212.926458333333,38.7271875,137.123604166667,41.2849375,NaN,NaN
2024-06-15 00:00:00,13905.5,13.6461458333333,13.0945208333333,43.150625,2.70392708333333,247.196875,2.76790625,-0.0199572916666667,374.854135416667,240.150510416667,31.5666145833333,-90.4760416666666,20.3973645833333,Inf,208.584895833333,-110.873541666667,97.7191354166666,1.73080208333333,2.75589583333333,194.744947916667,1.73080208333333,198.690145833333,38.5905104166667,149.671625,51.9593020833333,NaN,NaN
2024-06-16 00:00:00,14001.5,13.5953125,16.3732291666667,20.67125,2.68534375,223.1375,2.76455208333333,-0.0145208333333334,363.560817708333,304.76215625,41.2225,-112.011666666667,24.6596770833333,Inf,263.527072916667,-136.659791666667,126.86875,2.11797916666667,3.29388541666667,213.5875,2.11797916666667,212.416666666667,34.1615625,192.758354166667,65.8786458333333,NaN,NaN
2024-06-17 00:00:00,14097.5,13.6105208333333,15.84371875,17.923125,2.6830625,231.486458333333,2.75969791666667,-0.0107083333333333,336.863751041667,354.2311875,48.2080625,-118.463541666667,29.5969375,Inf,306.021395833333,-148.057395833333,157.9689375,2.87719791666667,4.2660625,206.391875,2.87719791666667,205.319791666667,33.1290625,235.767729166667,77.8012395833333,NaN,NaN
2024-06-18 00:00:00,14193.5,13.7557291666667,5.43241666666667,44.9866666666667,2.73167708333333,249.95,2.75841666666667,-0.0151588541666667,331.632452083333,310.473875,41.8394166666667,-84.9061458333333,39.7824895833333,Inf,268.623270833333,-124.6934375,143.9301875,1.53920833333333,2.37683333333333,215.661510416667,1.53920833333333,215.530802083333,43.4482291666667,225.554895833333,81.6234375,NaN,NaN
2024-06-19 00:00:00,14289.5,13.749375,7.30960416666667,63.6172916666667,2.72172916666667,241.026041666667,2.75777083333333,-0.0146901041666667,333.071404166667,154.118385416667,20.88159375,-40.8131770833333,18.0240416666667,Inf,133.243,-58.8412916666667,74.40159375,0.966552083333334,1.53532291666667,194.217770833333,0.966552083333334,189.385208333333,38.1892708333333,113.307958333333,38.90759375,-71.3755,2.2979
2024-06-20 00:00:00,14385.5,13.6784375,12.1139270833333,56.9340625,2.71158333333333,200.31875,2.77094791666667,-0.0214791666666667,357.2892875,246.120125,28.8761770833333,-46.3088333333333,10.3174166666667,NaN,217.24653125,-56.6277708333333,160.628291666667,2.09660416666667,3.03548958333333,202.619791666667,2.09660416666667,203.071875,28.9454166666667,199.812645833333,39.1932916666667,NaN,NaN
2024-06-21 00:00:00,14481.5,13.6504166666667,12.1877083333333,58.0660416666667,2.70927083333333,221.497916666667,2.76896875,-0.0208333333333334,381.1051375,298.424770833333,35.1337604166667,-59.44778125,15.19775,Inf,263.283791666667,-74.6477083333333,188.640322916667,2.1648125,3.1295625,213.2,2.1648125,209.7528125,28.2239583333333,238.97965625,50.3339270833333,NaN,NaN
2024-06-22 00:00:00,14577.5,13.6722916666667,11.7426875,53.3209375,2.7050625,213.254166666667,2.76246875,-0.0130520833333333,383.479953125,252.1195,32.9120520833333,-62.3516979166667,13.14178125,Inf,219.2139375,-75.4923333333333,143.73159375,1.50980208333333,2.21563541666667,223.507395833333,1.50980208333333,219.810520833333,31.2819166666667,189.786927083333,46.0521354166667,NaN,NaN
2024-06-23 00:00:00,14673.5,13.5676041666667,16.2077083333333,37.7286458333333,2.68304166666667,236.375,2.76138541666667,-0.012234375,407.425455208333,321.711645833333,42.4133125,-102.471875,23.6722083333333,Inf,279.31015625,-126.137708333333,153.167052083333,1.28491666666667,1.93294791666667,218.996875,1.28491666666667,216.042708333333,31.93925,219.244583333333,66.0838125,NaN,NaN
2024-06-24 00:00:00,14769.5,13.6123958333333,16.0596875,40.4414583333333,2.66857291666667,241.005208333333,2.74576041666667,-0.00889930555555557,389.1453625,275.670760416667,38.3737916666667,-89.3029583333333,22.5648333333333,-0.371569444444445,237.291666666667,-111.8646875,125.442739583333,1.74490625,2.49197916666667,206.93875,1.74490625,212.58875,30.28503125,186.389145833333,60.938875,NaN,NaN
2024-06-25 00:00:00,14865.5,13.5867708333333,16.0569791666667,41.251875,2.6755,235.520833333333,2.75291666666667,-0.00420208333333333,395.411442708333,290.097927083333,37.30971875,-83.8398645833333,14.4070833333333,Inf,252.800520833333,-98.2459270833333,154.556791666667,1.33854166666667,2.0458125,204.9553125,1.33854166666667,214.09146875,37.42071875,206.2774375,51.7197083333333,NaN,NaN
2024-06-26 00:00:00,14961.5,13.5966666666667,16.1002083333333,46.6135416666667,2.6628125,245.004166666667,2.7400625,-0.0123447916666667,409.833865625,235.26709375,29.4347604166667,-74.4515520833333,6.5346875,Inf,205.83628125,-80.9819791666667,124.8528125,1.05130208333333,1.65507291666667,196.468270833333,1.05130208333333,199.330833333333,34.5757916666667,160.8195,35.96984375,NaN,NaN
2024-06-27 00:00:00,15057.5,13.5882291666667,12.9331458333333,67.0504166666667,2.69903125,223.826041666667,2.7620625,-0.0169099702380953,419.250298958333,227.634958333333,29.44684375,-43.8626041666667,16.4286354166667,Inf,198.1783125,-60.2918645833333,137.87865625,1.95623958333333,2.93017708333333,212.361322916667,1.95623958333333,216.822708333333,31.4890625,183.750791666667,45.8735416666667,NaN,NaN
2024-06-28 00:00:00,15153.5,13.6605208333333,11.4453645833333,67.7202083333333,2.68546875,263.521875,2.74109375,-0.0172098214285715,441.423866666667,271.568510416667,33.0791875,-45.0164791666667,13.17809375,Inf,238.468302083333,-58.1915,180.283260416667,2.19677083333333,3.10894791666667,224.710416666667,2.19677083333333,224.938541666667,26.2598854166667,226.559072916667,46.2553958333333,NaN,NaN
2024-06-29 00:00:00,15249.5,13.595,12.6912395833333,61.2485416666667,2.68563541666667,230.251041666667,2.74703125,-0.00575694444444445,457.496089583333,267.20953125,33.77459375,-61.36578125,15.2375833333333,Inf,233.4373125,-76.5988125,156.840677083333,1.03198958333333,1.79840625,205.217291666667,1.03198958333333,212.175729166667,42.5177395833333,205.862270833333,49.0086458333333,NaN,NaN
2024-06-30 00:00:00,15345.5,13.6410416666667,15.7194791666667,50.9154166666667,2.673875,215.667708333333,2.74975,-0.00248958333333334,482.303840625,223.38640625,24.6816979166667,-63.0512708333333,0.921156249999999,Inf,198.681677083333,-63.9736875,134.707666666667,1.1906875,1.95966666666667,223.755208333333,1.1906875,220.367708333333,34.5366041666667,160.322614583333,25.5992083333333,NaN,NaN
2024-07-01 00:00:00,15441.5,13.7086458333333,12.0592708333333,67.4784375,2.68947916666667,233.690625,2.7481875,-0.00487499999999999,465.65413125,182.484802083333,22.7217395833333,-34.5132604166667,10.1394895833333,Inf,159.76259375,-44.6549270833333,115.111427083333,1.74946875,2.68991666666667,221.9740625,1.74946875,225.329166666667,31.6480208333333,147.975760416667,32.85725,NaN,NaN
2024-07-02 00:00:00,15537.5,13.6821875,9.20711458333333,57.7351041666667,2.69627083333333,237.63125,2.74117708333333,0.00683854166666667,463.2897125,322.643416666667,36.11784375,-65.9760208333334,14.0224895833333,Inf,286.545947916667,-79.9994895833333,206.540697916667,1.69980208333333,2.51973958333333,208.585416666667,1.69980208333333,215.750833333333,33.7934375,256.676583333333,50.1425,NaN,NaN
2024-07-03 00:00:00,8784.58333333333,13.6746875,12.9393125,29.8245833333333,2.67465625,242.158333333333,2.73716666666667,0.0114166666666667,428.052157291667,379.228020833333,52.4817395833333,-116.194791666667,23.7928125,Inf,326.820791666667,-139.986770833333,186.769479166667,1.73316666666667,2.7825,231.644479166667,1.73316666666667,224.727916666667,41.4791666666667,263.046083333333,76.2741145833333,NaN,NaN
2024-07-04 00:00:00,3931.5,13.5966666666667,10.6165416666667,34.2266666666667,2.69304166666667,238.141666666667,2.74470833333333,0.00742708333333334,383.740083333333,345.743291666667,49.4177083333333,-110.820416666667,31.1143333333333,Inf,296.2785,-141.927083333333,154.35125,1.33379166666667,2.53245833333333,227.15,1.33379166666667,241.141666666667,44.1608333333333,234.880666666667,80.537375,NaN,NaN
2024-07-05 00:00:00,3955.5,13.5975,9.54870833333333,42.7104166666667,2.70429166666667,246.9875,2.75095833333333,0.00588020833333334,368.010095833333,335.165875,48.3664583333333,-108.075,35.0357083333333,-0.616909090909091,286.800875,-143.125,143.670416666667,0.832583333333333,1.70691666666667,240.204166666667,0.832583333333333,233.0125,44.132875,227.091666666667,83.4105416666667,NaN,NaN
2024-07-06 00:00:00,3979.5,13.5775,12.9128333333333,29.1995833333333,2.691375,255.545833333333,2.75404166666667,0.00515520833333334,366.478158333333,301.422291666667,43.5522083333333,-96.5708333333333,29.4264166666667,-0.311904761904762,257.8385,-125.995416666667,131.841916666667,1.322625,2.70220833333333,219.480833333333,1.322625,225.195,50.91125,204.842916666667,72.9731666666667,NaN,NaN
2024-07-07 00:00:00,4003.5,13.6158333333333,8.70733333333333,62.8804166666667,2.705875,241.333333333333,2.74845833333333,0.000433333333333334,349.627620833333,232.400375,33.2362083333333,-64.7510833333333,26.02925,-0.289,199.157166666667,-90.7779166666667,108.397166666667,0.617208333333333,1.54941666666667,188.9675,0.617208333333333,163.857083333333,57.0425,167.664791666667,59.271625,NaN,NaN
2024-07-08 00:00:00,4027.5,13.5641666666667,10.7002083333333,41.4395833333333,2.67616666666667,258.625,2.72754166666667,-0.000768229166666667,363.148929166667,293.37175,40.2094166666667,-100.930416666667,28.552875,Inf,253.21025,-129.483333333333,123.711666666667,0.531291666666667,1.20520833333333,180.942083333333,0.531291666666667,188.25125,45.7329166666667,192.445416666667,68.755125,NaN,NaN
2024-07-09 00:00:00,4051.5,13.5958333333333,13.0516666666667,37.51625,2.65075,273.691666666667,2.713125,0.000593750000000001,357.967745833333,198.422541666667,27.268875,-81.7429166666667,15.7368333333333,-0.00762499999999999,171.150875,-97.4754166666667,73.67875,0.625916666666667,1.477375,189.254583333333,0.625916666666667,193.943333333333,46.8920833333333,116.67375,43.007125,NaN,NaN
2024-07-10 00:00:00,4075.5,13.54375,14.4366666666667,34.7979166666667,2.67008333333333,254.3875,2.739625,0.000695312500000001,366.865516666667,237.925541666667,34.4708333333333,-88.2241666666667,22.592625,-0.0590588235294117,203.4755,-110.805,92.653125,0.649166666666667,1.52166666666667,159.666541666667,0.649166666666667,184.03375,44.11875,149.732916666667,57.055,NaN,NaN
2024-07-11 00:00:00,4099.5,13.5304166666667,17.42125,28.215,2.66616666666667,235.058333333333,2.74979166666667,0.000541666666666667,371.1118,221.169083333333,30.3427916666667,-94.2783333333334,10.5703333333333,Inf,190.824208333333,-104.8375,85.9896666666667,0.83125,1.82033333333333,169.945833333333,0.83125,182.662916666667,56.3908333333333,126.887916666667,40.9128333333333,NaN,NaN
2024-07-12 00:00:00,4123.5,13.4641666666667,19.5308333333333,18.32125,2.65620833333333,229.4625,2.74954166666667,-0.00145833333333333,375.8754125,335.08375,46.7690833333333,-121.325,25.731875,Inf,288.258083333333,-147.057916666667,141.2275,0.941,1.89433333333333,218.163333333333,0.941,222.720416666667,51.63,213.739333333333,72.498625,NaN,NaN
2024-07-13 00:00:00,4147.5,13.4475,20.2829166666667,17.1916666666667,2.63916666666667,248.4,2.73520833333333,-0.00163194444444445,368.167758333333,311.194041666667,44.0277916666667,-117.53375,24.8570416666667,Inf,267.175958333333,-142.382083333333,124.792916666667,0.698333333333333,1.61445833333333,220.29875,0.698333333333333,223.790416666667,67.3495833333333,193.695833333333,68.8825833333333,NaN,NaN
2024-07-14 00:00:00,4171.5,13.4845833333333,17.8483333333333,35.78875,2.67345833333333,244.666666666667,2.75933333333333,-0.0100508333333333,349.787654166667,240.686,35.4407083333333,-76.8471666666667,24.2057083333333,Inf,205.234875,-101.045833333333,104.175416666667,0.915125,2.022,218.12625,0.915125,232.9875,42.7491666666667,163.826666666667,59.6463333333334,NaN,NaN
2024-07-15 00:00:00,4195.5,13.5395833333333,15.4595833333333,50.0804166666667,2.670625,264.9125,2.74504166666667,-0.00667,352.936495833333,219.578625,26.3798333333333,-64.1311666666667,6.175625,Inf,193.165541666667,-70.3133333333333,122.881166666667,1.37466666666667,2.50029166666667,213.55,1.37466666666667,218.65,40.6241666666667,155.441708333333,32.5532083333333,NaN,NaN
2024-07-16 00:00:00,4219.5,13.5970833333333,13.7,53.2033333333333,2.6845,260.391666666667,2.751125,-0.00125833333333333,359.972708333333,237.577416666667,29.1557083333333,-71.968875,11.24925,Inf,208.43125,-83.2145833333333,125.214458333333,1.049125,1.99175,195.975,1.049125,195.127083333333,42.7716666666667,165.612916666667,40.406125,NaN,NaN
2024-07-17 00:00:00,4243.5,13.5683333333333,12.7908333333333,55.86375,2.685625,236.8,2.747625,0.000791666666666667,365.633020833333,212.1305,25.0047916666667,-68.9045833333333,9.25583333333333,0.0169444444444444,187.12525,-78.15625,108.969583333333,0.578916666666667,1.40291666666667,159.260333333333,0.578916666666667,188.301666666667,47.92875,143.223333333333,34.2592916666667,NaN,NaN
2024-07-18 00:00:00,4267.5,13.535,15.1670833333333,44.8258333333333,2.68604166666667,217.325,2.75933333333333,-0.0139166666666667,389.74555,228.927666666667,28.8432083333333,-88.28125,4.14204166666667,Inf,200.085125,-92.42875,107.657916666667,0.692375,1.59383333333333,226.5375,0.692375,225.5925,49.8175,140.647916666667,32.9865,NaN,NaN
2024-07-19 00:00:00,4291.5,13.555,13.7391666666667,54.5245833333333,2.69483333333333,224.854166666667,2.761625,-0.0146488095238095,377.272620833333,178.445125,23.9092916666667,-58.202375,11.2391666666667,Inf,154.543291666667,-69.4466666666667,85.0995833333333,1.024375,2.083125,184.741416666667,1.024375,204.438333333333,49.45125,120.224166666667,35.1471666666667,NaN,NaN
2024-07-20 00:00:00,4315.5,13.5433333333333,13.5754166666667,53.4741666666667,2.66483333333333,280.275,2.73029166666667,-0.00430351780351781,407.4891875,313.560666666667,39.5102083333333,-86.0383333333333,19.1011666666667,-0.0122222222222222,274.063791666667,-105.147916666667,168.895916666667,0.628625,1.365375,182.917458333333,0.628625,160.121666666667,49.41125,227.525833333333,58.6082083333333,NaN,NaN
2024-07-21 00:00:00,4339.5,13.6595833333333,9.43020833333333,73.1454166666667,2.690625,276.541666666667,2.736625,0.0128543543543543,381.4143625,160.999625,21.9613333333333,-37.1589583333333,16.144375,Inf,139.029708333333,-53.300375,85.7264166666667,0.562833333333333,1.28058333333333,210.170166666667,0.562833333333333,205.538333333333,38.4470833333333,123.832333333333,38.1059583333333,NaN,NaN
2024-07-22 00:00:00,4363.5,13.5695833333333,11.6345,52.7033333333333,2.681,251.620833333333,2.73741666666667,0.00740352852852853,427.724566666667,299.563541666667,39.497625,-61.4695,14.8261666666667,Inf,260.084583333333,-76.2834166666667,183.789666666667,0.551625,1.278875,190.4675,0.551625,157.722916666667,34.8869583333333,238.122083333333,54.3224583333333,NaN,NaN
2024-07-23 00:00:00,4387.5,13.5216666666667,14.5920833333333,38.2529166666667,2.67408333333333,242.775,2.74425,-0.00995833333333334,424.25335,283.722333333333,42.9643333333333,-106.925,20.948875,-0.0488235294117647,240.753708333333,-127.875,112.898333333333,0.587666666666667,1.33195833333333,193.142916666667,0.587666666666667,220.239583333333,44.2628333333333,176.80375,63.9174166666667,NaN,NaN
2024-07-24 00:00:00,4411.5,13.5533333333333,16.0133333333333,34.1929166666667,2.656125,240.195833333333,2.73279166666667,-0.00547916666666667,404.319433333333,162.469958333333,23.835875,-85.4454166666666,4.52220833333333,Inf,138.630291666667,-89.9708333333333,48.6625,0.765958333333333,1.63,200.967916666667,0.765958333333333,222.470833333333,39.0029166666667,77.02375,28.3530833333333,NaN,NaN
2024-07-25 00:00:00,4435.5,13.4541666666667,18.7275,27.6391666666667,2.66358333333333,231.791666666667,2.75329166666667,-0.003625,413.133679166667,312.232083333333,44.617375,-110.871666666667,24.2454166666667,-0.513782608695652,267.604416666667,-135.120416666667,132.512083333333,1.16633333333333,2.25833333333333,210.914583333333,1.16633333333333,205.5125,51.1158333333333,201.355416666667,68.8584166666667,NaN,NaN
2024-07-26 00:00:00,4459.5,13.5475,15.31875,52.9279166666667,2.68570833333333,230.975,2.76,-0.0117083333333333,372.2033625,238.525375,33.1265,-75.8195833333333,22.0973333333333,Inf,205.402583333333,-97.915,107.490416666667,1.1765,2.185375,207.369166666667,1.1765,210.681666666667,37.8929166666667,162.712916666667,55.2290416666667,NaN,NaN
2024-07-27 00:00:00,4483.5,13.4745833333333,14.6833333333333,52.6208333333333,2.688375,233.320833333333,2.75954166666667,-0.0100833333333333,372.530779166667,225.708708333333,31.5014583333333,-69.6452916666667,18.7447083333333,Inf,194.199875,-88.38875,105.818333333333,1.67891666666667,3.10333333333333,205.075,1.67891666666667,210.704166666667,34.005,156.10775,50.25,NaN,NaN
2024-07-28 00:00:00,4507.5,13.5233333333333,14.5569583333333,39.6366666666667,2.68708333333333,230.675,2.75745833333333,-0.00954166666666668,388.370779166667,318.273208333333,43.2797916666667,-102.880833333333,14.0255,-0.273222222222222,275.032041666667,-116.898333333333,158.090958333333,1.19233333333333,2.32129166666667,218.560416666667,1.19233333333333,232.558333333333,46.08625,215.382083333333,57.3037083333333,NaN,NaN
2024-07-29 00:00:00,4531.5,13.4875,17.7716666666667,14.285,2.66845833333333,222.416666666667,2.75366666666667,-0.00391666666666667,374.701233333333,312.675458333333,46.7659166666667,-127.795833333333,19.85075,-0.414208333333333,265.922666666667,-147.641666666667,118.27125,1.468875,2.65266666666667,216.169166666667,1.468875,224.245833333333,43.7745833333333,184.919875,66.6196666666667,NaN,NaN
2024-07-30 00:00:00,4555.5,13.4958333333333,17.2366666666667,15.0083333333333,2.67033333333333,232.570833333333,2.75316666666667,-0.00145833333333333,346.7956,276.684125,43.3942916666667,-119.252916666667,21.565875,-0.546,233.254208333333,-140.804166666667,92.4702083333334,1.47975,2.804125,221.516666666667,1.47975,227.079166666667,36.15625,157.428333333333,64.9665,NaN,NaN
2024-07-31 00:00:00,4579.5,13.4870833333333,16.18625,19.99,2.675125,235.195833333333,2.75304166666667,-0.00308333333333334,341.883975,317.710708333333,48.11075,-120.0625,27.43575,Inf,269.575083333333,-147.494583333333,122.10375,0.904,2.00383333333333,246.395833333333,0.904,239.858333333333,45.4341666666667,197.644166666667,75.5407916666667,NaN,NaN
2024-08-01 00:00:00,4603.5,13.43375,18.5829166666667,20.7575,2.66641666666667,236.7,2.75516666666667,-0.00605769230769231,354.4604625,317.122166666667,47.6239583333333,-121.695833333333,27.488625,Inf,269.522375,-149.175416666667,120.310416666667,0.688666666666667,1.59258333333333,222.080833333333,0.688666666666667,228.805541666667,50.9979166666667,195.447791666667,75.118875,NaN,NaN
2024-08-02 00:00:00,4627.5,13.4316666666667,19.5591666666667,25.2995833333333,2.66183333333333,237.5,2.75541666666667,-0.00415064102564103,354.121270833333,313.742458333333,47.1465833333333,-115.505833333333,29.411,Inf,266.607333333333,-144.916666666667,121.694458333333,0.764416666666667,1.70416666666667,204.82875,0.764416666666667,221.035416666667,54.4429166666667,198.2725,76.558875,NaN,NaN
2024-08-03 00:00:00,4651.5,13.4320833333333,18.8229166666667,29.1195833333333,2.66525,248.954166666667,2.75525,-0.00677500000000001,345.479716666667,268.42225,41.121375,-108.383333333333,26.17375,Inf,227.281916666667,-134.54875,92.71875,0.843208333333333,1.829875,172.905,0.843208333333333,160.422083333333,39.1495416666667,160.013375,67.3020833333333,NaN,NaN
2024-08-04 00:00:00,4675.5,13.475,17.8966666666667,38.51625,2.673,240.654166666667,2.75908333333333,-0.0126833333333333,331.216670833333,228.3115,33.3793333333333,-84.4320833333334,20.0629166666667,Inf,194.943458333333,-104.492083333333,90.44625,1.71104166666667,2.87516666666667,215.129166666667,1.71104166666667,222.370833333333,37.75875,143.87125,53.4359583333333,NaN,NaN
2024-08-05 00:00:00,4699.5,13.4804166666667,17.0445833333333,46.49,2.68383333333333,219.7875,2.76625,-0.0159166666666667,341.656320833333,226.854375,34.0510416666667,-80.3145833333333,25.7526666666667,Inf,192.828166666667,-106.063333333333,86.7779166666667,1.21025,2.30383333333333,163.315541666667,1.21025,179.66125,50.9458333333333,146.564583333333,59.7929166666667,NaN,NaN
2024-08-06 00:00:00,4723.5,13.4595833333333,18.2883333333333,37.8420833333333,2.678125,231.595833333333,2.76629166666667,-0.0202202380952381,344.9826625,260.142333333333,38.0367083333333,-94.1004166666667,25.4627916666667,Inf,222.147791666667,-119.555833333333,102.585041666667,1.10329166666667,2.18166666666667,218.35,1.10329166666667,219.092083333333,47.8608333333333,166.081666666667,63.49475,NaN,NaN
2024-08-07 00:00:00,4747.5,13.5479166666667,16.22375,44.8579166666667,2.68166666666667,245.483333333333,2.75995833333333,-0.0220714285714286,331.031116666667,176.556333333333,25.9087083333333,-70.8425,11.433125,Inf,150.650541666667,-82.2741666666667,68.3779166666667,1.42266666666667,2.49779166666667,199.999583333333,1.42266666666667,216.052916666667,37.8683333333333,105.71875,37.3435416666667,NaN,NaN
2024-08-08 00:00:00,4771.5,13.525,12.5000833333333,67.2308333333333,2.70358333333333,213.6625,2.76454166666667,-0.01475,336.972745833333,208.518291666667,29.8721666666667,-59.4317916666667,23.4682916666667,Inf,178.62325,-82.8954166666667,95.7275833333334,0.613875,1.50566666666667,203.535833333333,0.613875,181.476375,57.7433333333333,149.057333333333,53.33325,NaN,NaN
2024-08-09 00:00:00,4795.5,13.5691666666667,11.2653333333333,70.1058333333333,2.70816666666667,211.945833333333,2.7635,-0.014875,337.271395833333,180.374125,22.6540416666667,-35.577,12.4836666666667,Inf,157.7195,-48.0634583333333,109.660791666667,1.178,2.29908333333333,208.480416666667,1.178,213.729166666667,43.66,144.793041666667,35.140375,NaN,NaN
2024-08-10 00:00:00,4819.5,13.5425,11.6308333333333,66.765,2.70783333333333,216.354166666667,2.76466666666667,-0.0127916666666667,364.0103875,211.031875,27.3093333333333,-53.2772916666667,8.86116666666667,-0.313888888888889,183.704166666667,-62.1385833333333,121.57125,1.64329166666667,2.79645833333333,228.833333333333,1.64329166666667,222.104166666667,35.6216666666667,157.733625,36.1685833333333,NaN,NaN
2024-08-11 00:00:00,4843.5,13.5841666666667,11.1945833333333,66.1329166666667,2.7095,229.575,2.76429166666667,-0.0165833333333333,385.884595833333,183.848791666667,19.89725,-47.071875,2.66554166666667,Inf,163.924041666667,-49.7409166666667,114.201541666667,1.88408333333333,3.16170833333333,197.656708333333,1.88408333333333,224.129166666667,32.3991666666667,136.748375,22.564375,NaN,NaN
2024-08-12 00:00:00,4867.5,13.5295833333333,13.9391666666667,53.6729166666667,2.70558333333333,217.55,2.77366666666667,-0.0233333333333334,397.616566666667,240.026583333333,31.3264583333333,-78.24425,8.258,Inf,208.685291666667,-86.4970833333334,122.192916666667,1.424,2.57570833333333,214.433333333333,1.424,220.325,38.9525,161.779166666667,39.582625,NaN,NaN
2024-08-13 00:00:00,4891.5,13.5991666666667,10.3708333333333,78.5629166666667,2.71816666666667,217.366666666667,2.76925,-0.0213125,434.386316666667,103.477083333333,11.4564166666667,-27.368625,3.98675,Inf,92.0335833333333,-31.3554166666667,60.67675,1.64008333333333,3.074375,217.3,1.64008333333333,216.575,34.1991666666667,76.1172916666667,15.4448333333333,NaN,NaN
2024-08-14 00:00:00,4915.5,13.5325,9.85825,71.3795833333333,2.71895833333333,214.033333333333,2.767375,-0.0178269230769231,459.349008333333,212.508541666667,26.1607083333333,-43.3049166666667,12.3507916666667,Inf,186.320666666667,-55.6540416666667,130.666208333333,1.4385,2.74091666666667,200.154166666667,1.4385,221.116666666667,40.65875,169.178958333333,38.5102083333333,NaN,NaN
2024-08-15 00:00:00,4939.5,13.5704166666667,11.2221666666667,54.9075,2.71341666666667,219.583333333333,2.7685,-0.0250202991452992,448.328808333333,223.982416666667,27.170625,-76.1933333333333,3.96945833333333,Inf,196.833791666667,-80.16375,116.659583333333,1.43441666666667,2.572875,223.520833333333,1.43441666666667,224.45,29.3916666666667,147.79875,31.1350416666667,NaN,NaN
2024-08-16 00:00:00,4963.5,13.5008333333333,14.1295,43.45625,2.70654166666667,216.370833333333,2.77529166666667,-0.0289166666666667,447.927529166667,295.618208333333,39.3589583333333,-95.4133333333333,13.5161666666667,Inf,256.256291666667,-108.922083333333,147.314166666667,0.973416666666667,2.069375,213.705416666667,0.973416666666667,233.1375,46.6266666666667,200.19625,52.8683333333333,NaN,NaN
2024-08-17 00:00:00,4987.5,13.4641666666667,16.70625,36.1383333333333,2.68695833333333,229.979166666667,2.76770833333333,-0.0254956140350877,415.2688125,229.752833333333,34.2767916666667,-89.8164583333333,13.8755416666667,-0.579095238095238,195.458333333333,-103.694791666667,91.7575,1.61041666666667,2.857,218.217875,1.61041666666667,223.4125,35.9658333333333,139.905833333333,48.1462083333333,NaN,NaN
2024-08-18 00:00:00,5011.5,13.4941666666667,14.2845833333333,55.8979166666667,2.70404166666667,229.15,2.77370833333333,-0.025171052631579,418.595345833333,245.926208333333,31.4241666666667,-71.7624583333333,8.95325,-0.176625,214.463166666667,-80.717,133.764083333333,1.85295833333333,3.31579166666667,221.9125,1.85295833333333,223.4875,32.9691666666667,174.158416666667,40.3756666666667,NaN,NaN
2024-08-19 00:00:00,5035.5,13.5441666666667,13.6729166666667,61.0395833333333,2.69316666666667,227.579166666667,2.75970833333333,-0.0303670634920635,436.9518625,141.076125,17.3264583333333,-42.00725,2.25033333333333,Inf,123.744291666667,-44.2575833333333,79.48625,1.105125,2.25025,216.970833333333,1.105125,214.820833333333,38.1129166666667,99.0607916666667,19.5755,NaN,NaN
2024-08-20 00:00:00,5059.5,13.49,15.6391666666667,43.2658333333333,2.69241666666667,235.083333333333,2.76845833333333,-0.0199940476190476,450.863375,273.418625,35.314125,-99.77,6.80166666666666,Inf,238.081916666667,-106.567083333333,131.503083333333,1.18770833333333,2.31075,245.458333333333,1.18770833333333,228.016666666667,32.7808333333333,173.639708333333,42.1181666666667,NaN,NaN
2024-08-21 00:00:00,5083.5,13.3991666666667,14.02125,54.4520833333333,2.70141666666667,237.566666666667,2.7695,-0.02025,418.879775,193.316375,27.721,-65.653375,12.4399583333333,Inf,165.569916666667,-78.0866666666667,87.4856666666666,1.56425,2.84745833333333,205.61025,1.56425,210.7125,33.5845833333333,127.643291666667,40.155125,NaN,NaN
2024-08-22 00:00:00,5107.5,13.5079166666667,12.2366666666667,63.3925,2.709375,234.833333333333,2.769375,-0.0214981060606061,433.547983333333,87.6412916666667,8.73770833333333,-32.4366666666667,-2.20033333333333,Inf,78.90575,-30.2370833333333,48.6664166666667,1.38670833333333,2.68566666666667,202.863333333333,1.38670833333333,187.182083333333,41.2216666666667,55.210875,6.538375,NaN,NaN
2024-08-23 00:00:00,5131.5,13.605,11.8441666666667,68.7625,2.71575,218.616666666667,2.773875,-0.0276477272727273,468.017620833333,144.081375,14.8713333333333,-56.6433333333333,-0.918791666666666,Inf,129.207083333333,-55.725,73.4829166666667,2.01591666666667,3.66029166666667,220.15,2.01591666666667,212.483333333333,32.1704166666667,87.435,13.9534583333333,NaN,NaN
2024-08-24 00:00:00,5155.5,13.5466666666667,12.39375,58.1329166666667,2.71725,216.866666666667,2.77808333333333,-0.028375,463.518004166667,197.782041666667,26.2471666666667,-71.2054166666667,4.22529166666667,Inf,171.543291666667,-75.4458333333333,96.1004166666667,2.465,4.36425,216.695833333333,2.465,213.354166666667,29.4879166666667,126.569166666667,30.476625,NaN,NaN
2024-08-25 00:00:00,5179.5,13.58625,10.8585833333333,62.0554166666667,2.718625,218.208333333333,2.772,-0.0224166666666667,445.138025,163.093375,23.8992916666667,-47.288375,9.42595833333333,Inf,139.206833333333,-56.7210833333333,82.487375,2.00020833333333,3.57745833333333,211.608333333333,2.00020833333333,210.533333333333,30.2475,115.827916666667,33.3314166666667,NaN,NaN
2024-08-26 00:00:00,5203.5,13.6045833333333,10.6334583333333,56.6620833333333,2.7245,202.729166666667,2.77691666666667,-0.02675,472.65285,157.751041666667,18.6590833333333,-50.6342916666667,-0.568,Inf,139.089625,-50.0672083333333,89.0239583333333,1.4815,2.97691666666667,225.775,1.4815,220.7625,39.0804166666667,107.118875,18.09,NaN,NaN
2024-08-27 00:00:00,5227.5,13.5033333333333,12.769375,38.3354166666667,2.71420833333333,211.15,2.776625,-0.0267916666666667,459.973241666667,281.287458333333,38.9104166666667,-111.258333333333,10.6647083333333,-0.50975,242.411083333333,-121.92125,120.456666666667,1.198125,2.26645833333333,217.433333333333,1.198125,220.958333333333,41.9225,170.04125,49.5735416666667,NaN,NaN
2024-08-28 00:00:00,5251.5,13.5091666666667,14.9004166666667,30.4645833333333,2.70083333333333,213.75,2.77341666666667,-0.0225833333333334,427.009491666667,261.390791666667,39.0499583333333,-110.416666666667,15.8605416666667,-0.382521739130435,222.355666666667,-126.287916666667,96.1008333333333,2.10416666666667,3.47454166666667,230.175,2.10416666666667,221.095833333333,31.1145833333333,150.989166666667,54.90925,NaN,NaN
2024-08-29 00:00:00,5275.5,13.4870833333333,13.5658333333333,31.6608333333333,2.70975,209.675,2.77583333333333,-0.0259166666666667,387.345141666667,263.021541666667,39.466625,-108.570833333333,21.098375,Inf,223.543666666667,-129.662916666667,93.8870833333333,1.02579166666667,2.01270833333333,217.956541666667,1.02579166666667,243.441666666667,46.9741666666667,154.450291666667,60.5665833333333,NaN,NaN
2024-08-30 00:00:00,5299.5,13.46,12.8221666666667,32.67625,2.70875,220.8875,2.77116666666667,-0.0222916666666667,371.848079166667,273.693083333333,41.80875,-115.733333333333,24.0905,Inf,231.901,-139.8125,92.075,0.501583333333333,1.272,240.946666666667,0.501583333333333,250.475,52.8166666666667,157.980208333333,65.8940833333333,NaN,NaN
2024-08-31 00:00:00,5323.5,13.4441666666667,14.8595833333333,19.9345833333333,2.69770833333333,223.4125,2.769875,-0.0205,365.7144625,268.576041666667,41.0889166666667,-119.1625,21.467125,Inf,227.510458333333,-140.625833333333,86.8775,0.710666666666667,1.47383333333333,161.609875,0.710666666666667,155.108916666667,30.1099166666667,149.44275,62.5554583333333,NaN,NaN
2024-09-01 00:00:00,5347.5,13.4741666666667,13.91375,30.3333333333333,2.70775,214.5875,2.77566666666667,-0.025,342.757858333333,261.254333333333,40.6148333333333,-110.5125,21.9133333333333,Inf,220.690583333333,-132.425,88.2516666666667,1.43491666666667,2.44670833333333,190.054041666667,1.43491666666667,195.88375,39.7095833333333,150.764166666667,62.52975,NaN,NaN
2024-09-02 00:00:00,5371.5,13.4816666666667,14.1720833333333,34.4125,2.70929166666667,216.3125,2.77875,-0.028125,341.999520833333,228.882625,35.5963333333333,-93.6933333333333,19.7647083333333,Inf,193.346291666667,-113.435,79.8791666666667,1.24441666666667,2.17395833333333,228.604166666667,1.24441666666667,223.700833333333,35.745,135.225416666667,55.361,NaN,NaN
2024-09-03 00:00:00,5395.5,13.47625,14.9608333333333,33.3116666666667,2.70045833333333,236.020833333333,2.77320833333333,-0.0235,348.683583333333,216.351666666667,32.7220416666667,-98.29625,14.73275,Inf,183.62075,-113.023333333333,70.5925,1.12833333333333,1.977375,227.079166666667,1.12833333333333,218.575,32.7641666666667,118.049458333333,47.456625,NaN,NaN
2024-09-04 00:00:00,5419.5,13.4783333333333,9.562125,63.5545833333333,2.72604166666667,227.883333333333,2.77320833333333,-0.0248263888888889,345.118845833333,178.852083333333,23.3590833333333,-39.198125,9.68420833333334,Inf,155.506041666667,-48.8786666666667,106.628291666667,1.36616666666667,2.7005,219.468333333333,1.36616666666667,222.70375,44.885,139.665,33.0400416666667,NaN,NaN
2024-09-05 00:00:00,5443.5,13.6158333333333,6.46929166666667,77.73375,2.73566666666667,231.583333333333,2.76779166666667,-0.0202986111111111,357.762770833333,149.583708333333,15.2951666666667,-31.55675,6.1895,Inf,134.295166666667,-37.7460833333333,96.5499583333333,0.480916666666667,1.090125,204.991958333333,0.480916666666667,182.63625,33.9939166666667,118.028583333333,21.48375,NaN,NaN
2024-09-06 00:00:00,5467.5,13.4841666666667,11.2653333333333,44.2425,2.7145,222.295833333333,2.76958333333333,-0.0198333333333334,382.382595833333,258.551208333333,35.6218333333333,-108.5375,10.0361666666667,Inf,222.918083333333,-118.580833333333,104.327083333333,0.436291666666667,1.00704166666667,214.8795,0.436291666666667,222.5325,35.225375,149.99125,45.659125,NaN,NaN
2024-09-07 00:00:00,5491.5,13.455,13.3425,32.8895833333333,2.70783333333333,218.495833333333,2.77283333333333,-0.0221666666666667,380.734433333333,252.030541666667,37.70275,-105.36125,16.3778333333333,Inf,214.305375,-121.74625,92.57,0.547625,1.35083333333333,227.079583333333,0.547625,249.1,43.3160416666667,146.64625,54.0832916666667,NaN,NaN
2024-09-08 00:00:00,5515.5,13.4795833333333,13.4395833333333,33.0491666666667,2.706375,215.2375,2.77208333333333,-0.0224583333333334,365.107229166667,198.874625,30.4620833333333,-96.9329166666667,13.4619583333333,Inf,168.406083333333,-110.395416666667,58.01875,1.082125,1.96704166666667,213.66375,1.082125,212.33125,36.0666666666667,101.939166666667,43.92425,NaN,NaN
2024-09-09 00:00:00,5539.5,13.4875,13.1583333333333,38.3516666666667,2.71070833333333,215.541666666667,2.775125,-0.0255,355.026416666667,183.629333333333,29.129,-82.040375,12.2279583333333,Inf,154.496333333333,-94.272125,60.2345833333333,1.49208333333333,2.548625,215.470833333333,1.49208333333333,218.308333333333,33.1908333333333,101.59875,41.3608333333333,NaN,NaN
2024-09-10 00:00:00,5563.5,13.5108333333333,12.1054166666667,42.9045833333333,2.71133333333333,219.004166666667,2.770625,-0.0205,361.712741666667,176.77475,25.410125,-88.1179166666667,3.61958333333333,Inf,151.367708333333,-91.7395833333333,59.6279166666667,1.34995833333333,2.46716666666667,192.436125,1.34995833333333,201.133333333333,38.2508333333333,88.64625,29.0306666666667,NaN,NaN
2024-09-11 00:00:00,5587.5,13.57875,10.7270833333333,49.8166666666667,2.71991666666667,230.995833333333,2.772625,-0.0227083333333334,352.706045833333,143.755416666667,20.8557916666667,-67.1529583333333,5.16779166666667,-0.576523809523809,122.896416666667,-72.3179166666667,50.5717916666667,1.47733333333333,2.57854166666667,205.341666666667,1.47733333333333,215.725,34.83125,76.594625,26.023875,NaN,NaN
2024-09-12 00:00:00,5611.5,13.5166666666667,12.4900416666667,30.8745833333333,2.71079166666667,234.854166666667,2.77175,-0.02025,353.941241666667,244.353416666667,37.5859583333333,-106.795833333333,12.97675,Inf,206.795375,-119.773333333333,87.01625,2.45675,4.24420833333333,207.779166666667,2.45675,208.7,31.7733333333333,137.57875,50.5630833333333,NaN,NaN
2024-09-13 00:00:00,5635.5,13.5304166666667,9.440125,32.8966666666667,2.72466666666667,225.0625,2.77125,-0.02075,338.108920833333,206.561708333333,33.0694583333333,-90.9483333333333,19.5837083333333,-0.176117647058824,173.52775,-110.537083333333,62.99375,1.29625,2.61266666666667,211.4125,1.29625,211.945833333333,43.4970833333333,115.65125,52.6565416666667,NaN,NaN
2024-09-14 00:00:00,5659.5,13.4929166666667,12.3204166666667,24.3295833333333,2.70875,222.645833333333,2.769,-0.0197083333333334,339.447566666667,234.251041666667,36.3848333333333,-112.595833333333,17.379375,Inf,197.839875,-129.9725,67.8791666666667,1.35620833333333,2.640625,223.975,1.35620833333333,233.041666666667,36.1466666666667,121.633333333333,53.766875,NaN,NaN
2024-09-15 00:00:00,5683.5,13.51375,11.392375,37.37,2.7125,227.145833333333,2.76841666666667,-0.018125,334.923895833333,130.285625,22.0911666666667,-75.2578333333333,6.44945833333333,Inf,108.195458333333,-81.704625,26.483875,1.00170833333333,2.31495833333333,224.541666666667,1.00170833333333,225.479166666667,38.18875,55.0299583333334,28.54,NaN,NaN
2024-09-16 00:00:00,5707.5,13.53625,12.2941666666667,39.3508333333333,2.712,226.779166666667,2.77241666666667,-0.0216666666666667,339.452945833333,153.187,23.1379583333333,-88.3533333333333,0.961458333333334,Inf,130.054166666667,-89.3175,40.7374583333333,1.527625,2.567,207.85,1.527625,207.170833333333,28.5545833333333,64.8366666666667,24.0991666666667,NaN,NaN
2024-09-17 00:00:00,5731.5,13.57625,9.63145833333333,50.7320833333333,2.72904166666667,222.141666666667,2.77645833333333,-0.0262916666666667,337.5441875,129.872916666667,20.2133333333333,-73.099625,4.15416666666667,Inf,109.656583333333,-77.24125,32.40375,2.30941666666667,4.00145833333333,212.783333333333,2.30941666666667,205.270833333333,29.7508333333333,56.7825,24.3685,NaN,NaN
2024-09-18 00:00:00,5755.5,13.5583333333333,6.71420833333333,41.46,2.73758333333333,242.854166666667,2.77079166666667,-0.022815,338.4472375,234.974166666667,36.0524583333333,-103.801666666667,10.8207083333333,Inf,198.933125,-114.616666666667,84.3070833333333,2.13308333333333,3.39745833333333,220,2.13308333333333,219.1375,30.8333333333333,131.181666666667,46.875,NaN,NaN
2024-09-19 00:00:00,5779.5,13.5133333333333,9.50270833333333,31.5179166666667,2.72391666666667,251.933333333333,2.77066666666667,-0.021435,340.367345833333,222.416083333333,35.89875,-108.883333333333,15.061625,Inf,186.526125,-123.941666666667,62.59625,1.52366666666667,2.56391666666667,213.130833333333,1.52366666666667,228.279166666667,33.8829166666667,113.54625,50.9575,NaN,NaN
2024-09-20 00:00:00,5803.5,13.4758333333333,12.3225,26.4283333333333,2.71220833333333,234.666666666667,2.77258333333333,-0.023375,339.133616666667,228.951458333333,36.5405,-114.620833333333,14.0607916666667,Inf,192.415,-128.6875,63.7245,1.80358333333333,3.21770833333333,216.083333333333,1.80358333333333,215.8875,28.78625,114.338333333333,50.597125,NaN,NaN
2024-09-21 00:00:00,5827.5,13.47625,7.949625,50.9195833333333,2.73720833333333,219.154166666667,2.7765,-0.027,334.07985,180.574708333333,29.9037916666667,-72.8570833333333,19.2318333333333,Inf,150.677041666667,-92.0925833333333,58.5979583333333,0.876666666666667,1.785875,144.011916666667,0.876666666666667,160.084166666667,40.077625,107.7295,49.1310833333334,NaN,NaN
2024-09-22 00:00:00,5851.5,13.5570833333333,5.040125,75.9425,2.74916666666667,212.079166666667,2.77433333333333,-0.024,338.256995833333,159.950833333333,19.3994583333333,-46.7295416666667,8.918625,Inf,140.550458333333,-55.641625,84.904,0.575541666666667,1.28295833333333,174.065833333333,0.575541666666667,153.171666666667,40.8366666666667,113.224041666667,28.3170833333333,NaN,NaN
2024-09-23 00:00:00,5875.5,13.5445833333333,8.01420833333333,48.2241666666667,2.73875,211.5125,2.77854166666667,-0.0288333333333333,341.973520833333,206.096041666667,32.8337083333333,-96.1404166666667,11.243375,Inf,173.282458333333,-107.382083333333,65.9044583333333,1.18791666666667,2.46645833333333,184.975,1.18791666666667,208.6525,59.2195833333333,109.96625,44.0815833333333,NaN,NaN
2024-09-24 00:00:00,5899.5,13.4891666666667,9.47333333333333,43.7475,2.72958333333333,212.129166666667,2.77629166666667,-0.0260416666666667,350.247641666667,214.541666666667,33.616375,-102.825,14.9282916666667,Inf,180.903166666667,-117.737916666667,63.1634583333333,0.767666666666667,1.66745833333333,187.00075,0.767666666666667,201.755833333333,55.9970833333333,111.70625,48.5370416666667,NaN,NaN
2024-09-25 00:00:00,5923.5,13.4195833333333,15.0729166666667,29.2283333333333,2.703,212.025,2.77641666666667,-0.0262083333333333,363.827925,218.257625,35.2721666666667,-117.725,10.46025,-0.591636363636364,182.991583333333,-128.185416666667,54.8116666666667,1.4745,2.52891666666667,214.195833333333,1.4745,209.241666666667,31.41125,100.532041666667,45.7386666666667,NaN,NaN
2024-09-26 00:00:00,5947.5,13.45375,14.86125,26.5970833333333,2.70404166666667,209.316666666667,2.77658333333333,-0.0270416666666667,342.321366666667,211.735583333333,34.649375,-109.584583333333,12.2477083333333,Inf,177.07,-121.81875,55.2391666666667,1.37708333333333,2.46341666666667,231.441666666667,1.37708333333333,233.216666666667,40.5866666666667,102.144041666667,46.90325,NaN,NaN
2024-09-27 00:00:00,5971.5,13.4345833333333,13.9891666666667,26.45625,2.71079166666667,202.895833333333,2.779375,-0.0300833333333334,334.960329166667,137.1165,21.62125,-84.655,5.28125,Inf,115.484083333333,-89.9458333333333,25.5508333333333,0.590291666666667,1.30475,238.370833333333,0.590291666666667,211.642916666667,41.765,52.4529166666667,26.9034166666667,NaN,NaN
2024-09-28 00:00:00,5995.5,13.4383333333333,14.6325,30.5191666666667,2.71025,201.933333333333,2.78170833333333,-0.0320833333333333,338.082154166667,163.643125,27.48825,-104.666666666667,7.218125,Inf,136.159583333333,-111.88125,24.255,0.700083333333334,1.512875,184.603666666667,0.700083333333334,179.964333333333,48.5870833333333,58.9716666666667,34.707125,NaN,NaN
2024-09-29 00:00:00,6019.5,13.4425,14.9725,29.2766666666667,2.70616666666667,204.233333333333,2.77933333333333,-0.0294583333333333,334.447991666667,173.239958333333,28.6820833333333,-105.625,7.28541666666667,Inf,144.550291666667,-112.914166666667,31.6425,0.874458333333333,1.91620833333333,220.76125,0.874458333333333,233.870833333333,43.6275,67.6125,35.9734166666667,NaN,NaN
2024-09-30 00:00:00,6043.5,13.46125,12.875875,28.7575,2.71245833333333,210.154166666667,2.77541666666667,-0.0251797956650435,328.508445833333,202.91125,33.4124166666667,-111.541666666667,12.802125,Inf,169.507041666667,-124.354583333333,45.1491666666667,1.34541666666667,2.73829166666667,230.015416666667,1.34541666666667,239.491666666667,49.3975,91.3545833333333,46.2071666666667,NaN,NaN
2024-10-01 00:00:00,6067.5,13.4804166666667,11.98775,19.1570833333333,2.71779166666667,208.25,2.77670833333333,NaN,326.700045833333,208.647208333333,35.0236666666667,-119,11.4773333333333,Inf,173.624875,-130.474583333333,43.1583333333333,1.97304166666667,3.172125,200.783333333333,1.97304166666667,213.229166666667,28.8129166666667,89.6583333333333,46.5051666666667,NaN,NaN
2024-10-02 00:00:00,6091.5,13.4733333333333,12.3991666666667,18.0166666666667,2.714625,210.741666666667,2.7755,NaN,324.7014375,207.168708333333,34.9703333333333,-123.675,11.6037916666667,-0.486,172.189625,-135.2875,36.902875,2.08670833333333,3.43904166666667,220.279166666667,2.08670833333333,215.983333333333,28.2654166666667,83.4775,46.57525,-109,-17.6466666666667
2024-10-03 00:00:00,6115.5,13.4608333333333,10.785,23.7633333333333,2.72075,215.945833333333,2.77375,NaN,325.859245833333,200.031083333333,33.16775,-114.966666666667,12.9082916666667,Inf,166.864541666667,-127.88875,38.97875,1.69795833333333,2.85204166666667,241.2625,1.69795833333333,228.5125,32.6754166666667,85.0566666666667,46.0725,-100.7,-14.2566666666667
2024-10-04 00:00:00,6139.5,13.4545833333333,13.5883333333333,17.4916666666667,2.708125,215.166666666667,2.7745,NaN,324.9246,199.056375,34.2125833333333,-123.8875,8.98316666666666,Inf,164.842583333333,-132.8625,31.97875,1.61183333333333,2.879625,216.133333333333,1.61183333333333,224.533333333333,35.08,75.1708333333333,43.1960416666667,NaN,NaN
2024-10-05 00:00:00,6163.5,13.5020833333333,11.48175,21.5333333333333,2.72254166666667,217.204166666667,2.77904166666667,NaN,323.676541666667,199.457291666667,34.4179166666667,-116.779166666667,11.2179166666667,-0.439347826086957,165.026458333333,-128.004166666667,37.0316666666667,2.20229166666667,3.79870833333333,204.79625,2.20229166666667,215.20125,41.75625,82.6808333333334,45.638375,-105.93,-15.106
2024-10-06 00:00:00,6187.5,13.4804166666667,10.7116666666667,28.3025,2.73041666666667,222.520833333333,2.783375,NaN,326.272991666667,177.108166666667,31.9060416666667,-112.1875,10.5721666666667,-0.76025,145.209541666667,-122.75125,22.4370833333333,1.15854166666667,2.13070833333333,226.4625,1.15854166666667,215.025,39.0883333333333,64.9233333333333,42.4653333333333,-96.24,-13.896
2024-10-07 00:00:00,6211.5,13.5045833333333,9.29183333333333,28.2333333333333,2.731875,220.575,2.77779166666667,NaN,327.373083333333,191.514958333333,33.7927083333333,-113.504166666667,11.3415,Inf,157.729333333333,-124.839583333333,32.88,1.09891666666667,2.08308333333333,220.889583333333,1.09891666666667,233.875,34.7820833333333,78.0170833333333,45.1199583333333,-95.7,-14.8127272727273
2024-10-08 00:00:00,6235.5,13.51375,9.89070833333333,25.94625,2.71870833333333,227.108333333333,2.767375,NaN,326.914933333333,151.3615,27.5393333333333,-101.346666666667,6.94925,Inf,123.820208333333,-108.297916666667,15.5308333333333,1.07508333333333,2.103875,227.991666666667,1.07508333333333,233.141666666667,38.645,50.0204166666667,34.4917083333333,-93.7972727272727,-15.9463636363636
2024-10-09 00:00:00,6259.5,13.5120833333333,9.36141666666667,30.27875,2.72708333333333,225.654166666667,2.77333333333333,NaN,327.611220833333,135.969791666667,23.7209166666667,-92.89375,5.59675,-0.668,112.259291666667,-98.5020833333334,13.7541666666667,0.893541666666667,1.6655,251.395833333333,0.893541666666667,230.625416666667,34.5685,43.07,29.3162083333333,-93.16,-15.811
2024-10-10 00:00:00,6283.5,13.4604166666667,10.92775,28.0725,2.71983333333333,226.383333333333,2.77341666666667,NaN,326.517320833333,186.322625,31.665375,-101.675833333333,10.7109166666667,Inf,154.656958333333,-112.382083333333,42.2741666666667,1.01441666666667,2.040375,224.799875,1.01441666666667,233.016666666667,37.24875,84.6505833333333,42.3775416666667,-89.9571428571429,-16.7714285714286
2024-10-11 00:00:00,6307.5,13.5145833333333,10.8645833333333,24.6941666666667,2.72245833333333,225.395833333333,2.776125,NaN,326.4406,101.641583333333,16.1826666666667,-88.47875,-2.73341666666667,Inf,85.4615416666666,-85.74125,-0.280833333333337,1.12779166666667,2.216375,230.679166666667,1.12779166666667,232.595833333333,33.39525,13.1654166666667,13.4501666666667,-88.7522222222222,-17.0777777777778
2024-10-12 00:00:00,6331.5,13.5058333333333,10.398625,28.2604166666667,2.72620833333333,220.670833333333,2.777625,NaN,325.47435,134.438625,22.7074583333333,-84.5808333333333,5.45575,Inf,111.73325,-90.0416666666667,21.6904166666667,0.915458333333333,1.92029166666667,199.812083333333,0.915458333333333,217.435416666667,48.94,49.8479166666667,28.1565416666667,-89.0111111111111,-16.8311111111111
2024-10-13 00:00:00,6355.5,13.4370833333333,10.4674583333333,27.8666666666667,2.72741666666667,219.670833333333,2.779125,NaN,326.2662375,170.065041666667,28.4199166666667,-101.014583333333,9.22616666666667,Inf,141.632958333333,-110.236666666667,31.405,0.761041666666667,1.60054166666667,219.155833333333,0.761041666666667,235.045833333333,47.4770833333333,69.0533333333333,37.651125,-86.6572727272727,-14.3263636363636
2024-10-14 00:00:00,6379.5,13.4654166666667,10.2930833333333,33.6425,2.7305,218.370833333333,2.78120833333333,NaN,325.872504166667,177.245166666667,30.792375,-103.853333333333,9.55225,Inf,146.448,-113.409583333333,33.03375,1.023125,2.10808333333333,235.495833333333,1.023125,234.8,32.4016666666667,73.3775,40.3430416666667,-89.98,-15.47
2024-10-15 00:00:00,6403.5,13.4583333333333,9.192625,40.4858333333333,2.734375,224.741666666667,2.77979166666667,NaN,327.252129166667,155.797708333333,26.5449583333333,-98.0791666666667,8.84091666666666,Inf,129.256916666667,-106.914166666667,22.335375,0.785583333333333,1.64175,188.694166666667,0.785583333333333,212.434166666667,46.27875,57.7333333333333,35.3814583333333,-87.3142857142857,-11.9985714285714
2024-10-16 00:00:00,6427.5,13.4808333333333,8.944125,41.9125,2.73783333333333,222.225,2.78208333333333,NaN,326.8262875,134.556291666667,23.3369166666667,-86.7179166666667,8.06433333333333,Inf,111.21425,-94.77625,16.4280416666667,1.74895833333333,3.141,211.208333333333,1.74895833333333,214.683333333333,33.9291666666667,47.8370833333333,31.4047083333333,NaN,NaN
2024-10-17 00:00:00,6451.5,13.5058333333333,4.740625,56.3375,2.75920833333333,214.933333333333,2.783125,NaN,332.918558333333,80.6480416666667,14.0556666666667,-71.8625,1.02704166666667,-0.4179,66.5924166666667,-72.88875,-6.29133333333334,3.31920833333333,5.34733333333333,209.804166666667,3.31920833333333,210.504166666667,28.2316666666667,8.78841666666667,15.0828333333333,NaN,NaN
2024-10-18 00:00:00,6475.5,13.5079166666667,0.887291666666666,80.8716666666667,2.76720833333333,237.920833333333,2.77166666666667,NaN,335.653279166667,108.154583333333,28.64475,-35.8810833333333,1.37616666666667,Inf,79.507625,-37.256875,42.25175,1.00579166666667,1.971375,139.345833333333,1.00579166666667,137.512083333333,38.65625,72.268375,30.0190416666667,NaN,NaN
2024-10-19 00:00:00,6499.5,13.4670833333333,4.534125,63.7608333333333,2.74229166666667,241.041666666667,2.76491666666667,NaN,335.229325,129.7335,20.350125,-68.4541666666667,3.23079166666667,Inf,109.389041666667,-71.6843333333333,37.7075,0.394083333333333,1.008625,200.252916666667,0.394083333333333,208.114166666667,41.04875,61.2858333333334,23.584625,NaN,NaN
2024-10-20 00:00:00,6523.5,13.48375,6.61041666666667,51.8733333333333,2.74754166666667,218.3,2.78033333333333,NaN,332.7954875,124.595458333333,19.143875,-71.0483333333333,3.39258333333333,Inf,105.450083333333,-74.4379166666667,31.0125,0.835416666666667,1.757625,191.845416666667,0.835416666666667,212.605166666667,50.22375,53.54375,22.5362916666667,NaN,NaN
2024-10-21 00:00:00,6547.5,12.8279166666667,-0.0572916666666666,90.4854166666667,2.63429166666667,229.583333333333,2.63408333333333,NaN,340.3351,35.3690833333333,27.4837916666667,-21.0617083333333,-1.70241666666667,941.247882352941,7.88808333333333,-19.3590416666667,-11.472875,2.21979166666667,3.43983333333333,211.929166666667,2.21979166666667,211.0875,28.1116666666667,14.311875,25.7813333333333,NaN,NaN
2024-10-22 00:00:00,6571.5,13.52375,3.73083333333333,65.5829166666667,2.74929166666667,216.595833333333,2.76783333333333,NaN,345.4744875,158.405541666667,44.7441666666667,-88.63125,-6.76404166666667,Inf,113.657833333333,-81.8529166666667,31.8095833333333,2.55808333333333,3.68754166666667,214.25,2.55808333333333,216.783333333333,21.2229166666667,69.7883333333333,37.987,NaN,NaN
2024-10-23 00:00:00,6595.5,13.5058333333333,6.74479166666667,39.0925,2.74179166666667,213.75,2.77533333333333,NaN,337.372008333333,157.147166666667,25.908875,-107.5625,-1.87083333333333,-0.479318181818182,131.245625,-105.6825,25.555,2.10704166666667,3.53179166666667,221.254166666667,2.10704166666667,213.2875,26.0616666666667,49.599375,24.0357083333333,NaN,NaN
2024-10-24 00:00:00,6619.5,13.5908333333333,2.509875,55.5491666666667,2.76358333333333,218.325,2.77620833333333,NaN,336.677408333333,89.395,22.2615,-82.170125,-5.826125,Inf,67.132375,-76.3463333333333,-9.20541666666667,2.64758333333333,4.33216666666667,218.495833333333,2.64758333333333,211.233333333333,28.7341666666667,7.2225,16.4339166666667,NaN,NaN
2024-10-25 00:00:00,6643.5,13.5120833333333,4.75266666666667,42.015,2.73341666666667,237.0875,2.756875,NaN,338.049841666667,155.563083333333,24.1265833333333,-110.7375,-4.56470833333333,Inf,131.439416666667,-106.166666666667,25.2591666666667,2.30625,3.45691666666667,209.716666666667,2.30625,215.4375,24.2545833333333,44.8219166666667,19.5617916666667,NaN,NaN
2024-10-26 00:00:00,6667.5,13.46,7.287375,28.7070833333333,2.7265,252.204166666667,2.76241666666667,NaN,334.8162625,151.326875,25.0253333333333,-111.60125,-1.58041666666667,Inf,126.295708333333,-110.013333333333,16.2725,1.92904166666667,3.249375,212.2,1.92904166666667,210.304166666667,30.7304166666667,39.7325,23.4460833333333,NaN,NaN
2024-10-27 00:00:00,6691.5,13.4916666666667,8.03691666666667,21.575,2.72345833333333,243.933333333333,2.763,NaN,331.604908333333,110.600458333333,19.4687916666667,-105.7475,-5.81491666666667,-0.728478260869565,91.134625,-99.9366666666667,-8.81166666666667,2.25429166666667,3.702375,223.2875,2.25429166666667,215.1375,28.06375,4.85166666666667,13.6509583333333,NaN,NaN
2024-10-28 00:00:00,6715.5,13.4720833333333,6.621,35.7329166666667,2.73729166666667,243.625,2.77020833333333,NaN,330.633741666667,83.6069166666667,14.92925,-79.1825,0.24,-0.452238095238095,68.6791666666667,-79.4154166666667,-10.7461666666667,2.564125,4.42616666666667,209.895833333333,2.564125,211.3875,32.84875,4.420875,15.1714583333333,NaN,NaN
2024-10-29 00:00:00,6739.5,13.2579166666667,0.332333333333334,70.0066666666667,2.68575,236.0125,2.687625,NaN,337.303345833333,29.0618333333333,23.7514166666667,-22.2274166666667,-5.204,Inf,5.31495833333333,-17.0244166666667,-11.70975,2.03129166666667,3.69991666666667,201.675,2.03129166666667,209.208333333333,32.64375,6.837625,18.5426666666667,NaN,NaN
2024-10-30 00:00:00,6763.5,12.7991666666667,-6.466375,87.8583333333333,2.63854166666667,254.725,2.60695833333333,NaN,342.413595833333,17.1107916666667,34.0885,-0.123416666666667,-4.38325,Inf,-16.976875,4.25991666666667,-12.7165,1.09270833333333,2.30704166666667,221.922916666667,1.09270833333333,207.181666666667,35.25,16.9865,29.7075,NaN,NaN
2024-10-31 00:00:00,6787.5,13.2320833333333,-4.68695833333333,53.345,2.602625,233.8375,2.579875,NaN,342.045083333333,117.296791666667,104.106708333333,-35.3625416666667,-13.779125,0.130631578947368,13.1830833333333,-21.5859583333333,-8.40170833333333,2.61325,4.096375,223.216666666667,2.61325,213.854166666667,26.7245833333333,81.92975,90.3328333333333,NaN,NaN
2024-11-01 00:00:00,6811.5,13.60125,-1.41483333333333,42.4858333333334,2.69070833333333,242.795833333333,2.68370833333333,NaN,339.382683333333,127.0325,106.450833333333,-84.8625,-18.6329166666667,Inf,20.58075,-66.2279166666667,-45.6405416666667,2.15754166666667,3.49945833333333,224.9125,2.15754166666667,221.595833333333,26.0225,42.1813333333333,87.8181666666667,NaN,NaN
2024-11-02 00:00:00,6835.5,13.5375,2.32883333333333,28.735,2.731125,238.479166666667,2.74275,NaN,336.231745833333,131.453125,94.9080416666667,-99.2483333333333,-23.0226666666667,-0.184909090909091,36.5404583333333,-76.235,-39.688125,1.8595,3.19075,212.175,1.8595,214.166666666667,29.36125,32.2025,71.8825,NaN,NaN
2024-11-03 00:00:00,6859.5,13.5804166666667,-3.49495833333333,76.30125,2.543625,260.758333333333,2.52791666666667,NaN,339.862991666667,79.0121666666667,59.0410416666667,-25.6979166666667,-5.49833333333333,Inf,19.967875,-20.1986666666667,-0.231250000000002,0.665041666666667,1.26954166666667,174.169583333333,0.665041666666667,139.645833333333,19.0191666666667,53.3121666666667,53.5335833333333,NaN,NaN
2024-11-04 00:00:00,6883.5,12.905,-6.91775,87.1179166666667,1.50416666666667,175.89375,1.48429166666667,NaN,342.452404166667,16.0426666666667,38.8334583333333,-0.079,-5.04775,2.174,-22.79075,4.968625,-17.8200833333333,0.876083333333333,1.46908333333333,162.059708333333,0.876083333333333,106.6,16.9379166666667,15.9635833333333,33.7775416666667,NaN,NaN
2024-11-05 00:00:00,6907.5,12.7245833333333,-9.28241666666667,83.635,1.77595833333333,183.475833333333,1.74741666666667,NaN,346.488183333333,13.8135833333333,19.2611666666667,-0.220166666666667,-3.27458333333333,-469.895470588235,-5.44720833333333,3.05454166666667,-2.39325,1.84470833333333,3.18179166666667,195.650166666667,1.84470833333333,208.35125,36.4133333333333,13.5927083333333,15.985625,NaN,NaN
2024-11-06 00:00:00,6931.5,12.7875,-11.3979166666667,85.6233333333333,1.48416666666667,166.603333333333,1.451,NaN,345.510508333333,18.0148333333333,54.8801666666667,-0.0835,-6.508125,-664.271666666667,-36.863125,6.42454166666667,-30.4444583333333,0.331,0.912583333333333,195.858333333333,0.331,146.3025,60.55,17.931625,48.3721666666667,NaN,NaN
2024-11-07 00:00:00,6955.5,13.4166666666667,-5.35108333333333,70.4825,2.54408333333333,232.629166666667,2.51891666666667,NaN,344.748279166667,94.8187916666667,93.00175,-34.688625,-11.8738333333333,-532.935733333333,1.808125,-22.8207083333333,-21.0100833333333,0.56425,1.28283333333333,183.796666666667,0.56425,185.15,39.39875,60.123375,81.1305833333333,NaN,NaN
2024-11-08 00:00:00,6979.5,13.385,-5.00454166666667,90.01875,2.37395833333333,260.291666666667,2.35195833333333,NaN,342.541604166667,34.7985416666667,28.9240833333333,-1.78270833333333,-3.38533333333333,615.888692307692,5.87795833333333,1.602625,7.48016666666667,0.433625,1.25175,145.966666666667,0.433625,159.614291666667,66.1208333333333,33.0150416666667,25.5389166666667,NaN,NaN
2024-11-09 00:00:00,7003.5,13.0558333333333,-4.94333333333333,89.2541666666667,2.29745833333333,253.3625,2.27641666666667,NaN,344.293141666667,32.3620833333333,35.566375,-0.156375,-5.16229166666667,Inf,-3.199875,5.00575,1.80679166666667,1.243625,2.53708333333333,212.98125,1.243625,178.7525,47.3233333333333,32.20525,30.4013333333333,NaN,NaN
2024-11-10 00:00:00,7027.5,13.47875,-0.00937500000000021,52.4270833333333,2.42475,259.866666666667,2.4245,NaN,352.115620833333,127.43925,115.319541666667,-65.7537083333333,-23.71875,0.177421052631579,12.1159583333333,-42.025375,-29.9129166666667,1.76945833333333,2.97070833333333,196.70125,1.76945833333333,198.759583333333,31.2458333333333,61.6912083333333,91.603,NaN,NaN
2024-11-11 00:00:00,7051.5,13.51875,3.55829166666667,25.3483333333333,2.53654166666667,244.045833333333,2.55304166666667,NaN,346.79195,124.421916666667,107.811583333333,-112.370833333333,-33.7458333333333,Inf,16.6196666666667,-78.6241666666667,-62.0070833333333,1.70795833333333,2.69041666666667,217.133333333333,1.70795833333333,217.870833333333,23.1275,12.0585833333333,74.0608333333333,NaN,NaN
2024-11-12 00:00:00,7075.5,13.3804166666667,-1.292625,55.6670833333333,2.250375,215.970833333333,2.24754166666667,NaN,343.564566666667,82.0968333333333,73.1132916666667,-66.5822916666667,-18.513875,-Inf,8.985,-48.0649166666667,-39.0757083333333,1.91395833333333,3.22258333333333,217.1,1.91395833333333,217.391666666667,27.8725,15.5254166666667,54.5927083333333,NaN,NaN
2024-11-13 00:00:00,7099.5,13.4816666666667,-5.51295833333333,61.41875,1.623375,193.68125,1.60620833333333,NaN,344.514083333333,127.424583333333,122.338166666667,-74.9505833333333,-15.0037916666667,0.3765,5.08708333333333,-59.94375,-54.8575,2.8415,4.21375,212.804166666667,2.8415,207.183333333333,27.39375,52.4790416666667,107.329833333333,NaN,NaN
2024-11-14 00:00:00,3406.65217391304,13.4708695652174,1.4624347826087,23.1182608695652,2.38786956521739,255.191304347826,2.39395652173913,NaN,326.19196426087,104.626173913043,99.083,-115.886956521739,-33.035652173913,Inf,5.53434782608695,-82.855652173913,-77.3247826086957,1.90052173913043,3.11113043478261,222.239130434783,1.90052173913043,222.7,28.5978260869565,-11.276347826087,66.0421739130435,NaN,NaN
2024-11-15 00:00:00,23.5,13.4891666666667,3.7865,18.9883333333333,2.53379166666667,237.3875,2.55120833333333,NaN,341.473179166667,119.656041666667,99.09225,-100.161666666667,-33.09625,Inf,20.562375,-67.0641666666667,-46.5025,1.435125,2.80029166666667,227.458333333333,1.435125,223.604166666667,35.8845833333333,19.49175,65.998375,NaN,NaN
2024-11-16 00:00:00,47.5,13.5229166666667,-6.45445833333333,61.6041666666667,2.46904166666667,225.2375,2.43958333333333,NaN,342.801775,49.7417083333333,44.1749583333333,-60.5379166666667,-12.792875,-0.154263157894737,5.56754166666667,-47.748125,-42.1807083333333,1.462625,2.6905,230.083333333333,1.462625,223.229166666667,30.5425,-10.7995833333333,31.3829166666667,NaN,NaN
2024-11-17 00:00:00,71.5,13.555,-6.36375,53.8633333333333,2.59370833333333,251.670833333333,2.56329166666667,NaN,343.489283333333,120.497083333333,109.48575,-97.275,-16.2954583333333,Inf,11.0141666666667,-80.9916666666667,-69.9583333333333,2.59966666666667,3.95758333333333,199.595833333333,2.59966666666667,198.7625,23.0770833333333,23.2170416666667,93.18725,NaN,NaN
2024-11-18 00:00:00,95.5,13.5491666666667,-6.11379166666666,64.2904166666667,2.46654166666667,244.058333333333,2.44,NaN,342.976066666667,61.494,50.3099583333333,-46.8786666666667,-9.365125,0.121647058823529,11.1833333333333,-37.51525,-26.3295,2.55025,4.17008333333333,214.0875,2.55025,209.325,30.12625,14.6142083333333,40.9417083333333,NaN,NaN
2024-11-19 00:00:00,119.5,13.1375,-14.7775,77.7375,1.20441666666667,140.785,1.170125,NaN,347.734408333333,30.7362916666667,23.8540833333333,-21.9202083333333,-2.74358333333333,0.219933333333333,6.87945833333333,-19.1772916666667,-12.2972916666667,1.89670833333333,3.55316666666667,222.645833333333,1.89670833333333,222.0375,40.3254166666667,8.81654166666666,21.1084166666667,NaN,NaN
2024-11-20 00:00:00,143.5,13.5470833333333,-8.22695833333333,38.96,2.11258333333333,196.87625,2.08508333333333,NaN,345.310004166667,114.607458333333,108.520708333333,-95.9833333333333,-17.09,-0.00118181818181817,6.082125,-78.9020833333333,-72.81375,3.51870833333333,4.932625,218.975,3.51870833333333,214.995833333333,19.905,18.6116666666667,91.4329166666667,NaN,NaN
2024-11-21 00:00:00,167.5,13.4779166666667,0.6225,21.7666666666667,2.57366666666667,208.4,2.57641666666667,NaN,340.331025,112.019708333333,99.9252916666666,-102.8625,-28.1175,Inf,12.0960833333333,-74.7458333333333,-62.6454166666667,2.46383333333333,3.54675,214.05,2.46383333333333,215.1375,19.8558333333333,9.16583333333333,71.8004166666667,NaN,NaN
2024-11-22 00:00:00,191.5,13.4529166666667,3.37466666666667,13.1705,2.57454166666667,216.7875,2.590375,NaN,338.0317125,107.899,87.513625,-106.5,-32.9054166666667,-0.290454545454546,20.383875,-73.6008333333333,-53.2204166666666,1.89533333333333,2.973375,224.4,1.89533333333333,221.745833333333,24.0854166666667,1.39741666666667,54.6133333333333,NaN,NaN
2024-11-23 00:00:00,215.5,13.4958333333333,4.082875,11.8050833333333,2.55770833333333,208.4125,2.57666666666667,NaN,334.992491666667,87.3635833333333,66.1858333333333,-93.2104166666667,-31.435,Inf,21.1789166666667,-61.7825,-40.5985416666667,3.103125,4.97504166666667,212.795833333333,3.103125,211.433333333333,28.5283333333333,-5.84541666666666,34.7433333333333,NaN,NaN
2024-11-24 00:00:00,239.5,13.3429166666667,-3.83466666666667,65.4058333333333,2.1675,193.049166666667,2.15570833333333,NaN,339.8209125,26.342125,19.4754166666667,-16.9505,-7.62520833333333,0.552538461538462,6.86141666666667,-9.324875,-2.463,1.75833333333333,3.46766666666667,200.402083333333,1.75833333333333,211.141666666667,39.63125,9.390875,11.852875,NaN,NaN
2024-11-25 00:00:00,263.5,13.4558333333333,-8.71179166666667,54.5383333333333,1.80316666666667,210.5375,1.774625,NaN,344.293354166667,110.551041666667,109.97725,-50.7469583333333,-19.7429166666667,Inf,0.569583333333332,-31.0117083333333,-30.436625,2.19016666666667,3.45695833333333,205.316666666667,2.19016666666667,204.75,26.99875,59.8018333333333,90.2409166666667,NaN,NaN
2024-11-26 00:00:00,287.5,13.2933333333333,-5.2065,86.3366666666667,1.73466666666667,209.591666666667,1.718,NaN,342.3277125,17.8869583333333,14.2785833333333,-5.213625,-1.97275,Inf,3.60945833333333,-3.24041666666667,0.369208333333334,1.546,3.038625,209.083333333333,1.546,215.529166666667,35.865,12.675875,12.305375,NaN,NaN
2024-11-27 00:00:00,311.5,12.8525,-9.4115,85.3925,1.720625,245.358333333333,1.69125,NaN,343.709575,16.87,47.963,0.0511666666666667,-7.11691666666667,Inf,-31.0892916666667,7.16704166666667,-23.9204583333333,1.17016666666667,2.205,187.6275,1.17016666666667,169.842916666667,58.0995833333333,16.9203333333333,40.849875,NaN,NaN
2024-11-28 00:00:00,335.5,13.0583333333333,-11.9842916666667,67.6808333333333,1.99420833333333,242.4,1.95016666666667,NaN,346.681195833333,67.846375,107.618,0.010125,-18.9191666666667,Inf,-39.7722916666667,18.92875,-20.8435833333333,2.49479166666667,3.59891666666667,212.3875,2.49479166666667,207.025,21.6258333333333,67.860875,88.6969583333334,NaN,NaN
2024-11-29 00:00:00,359.5,13.0833333333333,-9.23391666666667,50.7020833333333,2.25645833333333,223.516666666667,2.21783333333333,NaN,345.387229166667,84.0919583333333,86.0326666666667,-48.1427083333333,-20.3075,Inf,-1.939125,-27.8330833333333,-29.7683333333333,2.23845833333333,3.26204166666667,216.333333333333,2.23845833333333,216.945833333333,19.5666666666667,35.9545,65.7247083333334,NaN,NaN
2024-11-30 00:00:00,383.5,13.2883333333333,-7.28666666666667,38.1779166666667,2.02345833333333,239.429166666667,1.99558333333333,NaN,343.889541666667,79.0365416666667,81.8882916666667,-78.2366666666667,-17.53,Inf,-2.85333333333333,-60.7053333333333,-63.5564583333333,2.93479166666667,4.18104166666667,218.658333333333,2.93479166666667,216.2625,20.52625,0.80354166666667,64.3630416666667,NaN,NaN
2024-12-01 00:00:00,407.5,13.57,-4.6905,37.1154166666667,2.20683333333333,245.1875,2.188125,NaN,341.995904166667,103.373875,102.838166666667,-97.9395833333333,-23.52625,Inf,0.536541666666666,-74.405,-73.8720833333334,2.28075,3.52491666666667,192.93,2.28075,194.572916666667,33.2020833333333,5.43583333333333,79.312375,NaN,NaN
2024-12-02 00:00:00,431.5,13.5370833333333,-2.12008333333333,55.205,2.31983333333333,279.783333333333,2.31066666666667,NaN,341.660416666667,100.169791666667,98.5384166666667,-100.525,-24.1420833333333,Inf,1.61083333333333,-76.3833333333333,-74.7742083333333,1.74725,2.95358333333333,190.66,1.74725,191.929166666667,39.5766666666667,-0.360416666666663,74.407375,NaN,NaN
2024-12-03 00:00:00,455.5,13.5204166666667,0.413375,35.3829166666667,2.33883333333333,215.295833333333,2.34058333333333,NaN,340.127595833333,99.6472916666667,96.690625,-111.116666666667,-31.7291666666667,Inf,2.95583333333333,-79.39625,-76.4327083333333,1.46641666666667,2.52425,178.353208333333,1.46641666666667,206.805416666667,37.4583333333333,-11.4764166666667,64.9579583333333,NaN,NaN
2024-12-04 00:00:00,479.5,13.5079166666667,-0.4625,35.49375,2.362,225.375,2.360125,NaN,339.852779166667,99.3224583333334,96.1912916666666,-105.075,-30.0266666666667,Inf,3.12629166666667,-75.0491666666667,-71.9267083333333,1.37275,2.43095833333333,208.957333333333,1.37275,191.657916666667,38.2604166666667,-5.75937499999999,66.1625,NaN,NaN
2024-12-05 00:00:00,261.95652173913,13.454347826087,-0.759608695652174,29.4121739130435,2.36091304347826,233.021739130435,2.3575652173913,NaN,324.937942043478,87.8638260869565,81.1773913043478,-105.586956521739,-30.7595652173913,Inf,6.68786956521739,-74.8086956521739,-68.1288260869565,1.10473913043478,1.97069565217391,187.980869565217,1.10473913043478,177.589565217391,36.8608695652174,-17.7163043478261,50.4147826086957,NaN,NaN
2024-12-06 00:00:00,22.5,13.49375,-1.12725,33.1175,2.374625,219.345833333333,2.3695,NaN,339.2357125,98.3625416666667,93.8265,-108.770833333333,-30.0141666666667,Inf,4.53345833333333,-78.76,-74.2235833333333,0.696333333333333,1.35666666666667,208.858333333333,0.696333333333333,204.266666666667,24.9208333333333,-10.4119166666667,63.8145833333333,NaN,NaN
2024-12-07 00:00:00,46.5,13.5416666666667,-1.40691666666667,29.9791666666667,2.36375,234.075,2.35770833333333,NaN,339.6329625,83.7737916666667,75.637,-99.8416666666667,-24.17625,Inf,8.135125,-75.6658333333333,-67.53125,1.55204166666667,2.35879166666667,202.541666666667,1.55204166666667,198.954166666667,21.0575,-16.0695833333333,51.4591666666667,NaN,NaN
2024-12-08 00:00:00,70.5,13.4829166666667,-2.432625,51.7104166666667,2.32604166666667,357.375,2.31604166666667,NaN,339.3999375,93.2310416666667,85.0332083333333,-83.6877083333333,-17.3483333333333,Inf,8.207375,-66.3350833333333,-58.128,1.43116666666667,2.187875,210.679166666667,1.43116666666667,214.970833333333,24.9670833333333,9.54916666666666,67.6802916666667,NaN,NaN
2024-12-09 00:00:00,94.5,13.4479166666667,-12.74125,75.1920833333333,1.634625,204.855541666667,1.59695833333333,NaN,345.8997375,62.29375,50.8709166666667,-19.1757916666667,-7.623375,Inf,11.4270833333333,-11.55275,-0.125875,0.412541666666667,1.04620833333333,205.766666666667,0.412541666666667,219.75,41.623875,43.1224166666667,43.25475,NaN,NaN
2024-12-10 00:00:00,118.5,13.3879166666667,-14.7529166666667,80.8595833333333,0.462541666666667,62.3629166666667,0.449958333333333,NaN,347.970066666667,68.222,60.1840833333333,-19.6224583333333,-4.03741666666667,Inf,8.0325,-15.5854166666667,-7.55308333333333,1.31483333333333,2.2265,228.85,1.31483333333333,220.929166666667,39.6675,48.5929166666667,56.1529166666667,NaN,NaN
2024-12-11 00:00:00,142.5,13.4445833333333,-8.61895833333334,59.585,2.10395833333333,224.691666666667,2.07229166666667,NaN,345.074466666667,77.6272083333333,76.4640833333333,-72.8491666666667,-13.96875,Inf,1.15975,-58.8795833333333,-57.72,1.70058333333333,2.4405,220.916666666667,1.70058333333333,216.466666666667,20.6883333333333,4.77625,62.5061666666667,NaN,NaN
2024-12-12 00:00:00,166.5,13.4683333333333,-2.392625,21.83625,2.29704166666667,270.141666666667,2.286875,NaN,340.7242625,96.1384583333333,96.6474166666667,-103.910416666667,-29.6554166666667,Inf,-0.512666666666665,-74.25625,-74.7719583333333,1.120875,1.85904166666667,228.3625,1.120875,224.5375,30.51875,-7.776125,66.98875,NaN,NaN
2024-12-13 00:00:00,190.5,13.5041666666667,-6.24645833333333,51.3075,2.38495833333333,252.75,2.357375,NaN,342.488479166667,51.0829166666667,52.0755,-62.4483333333333,-15.804625,0.0388235294117647,-0.986958333333333,-46.6429166666667,-47.63075,1.19325,1.976125,222.941666666667,1.19325,225.575,29.35625,-11.3645833333333,36.2677916666667,NaN,NaN
2024-12-14 00:00:00,214.5,13.4616666666667,-4.224625,60.1379166666667,2.37516666666667,259.720833333333,2.356375,NaN,342.1793625,94.7830416666667,92.5594583333333,-72.9529166666667,-14.2537916666667,NaN,2.21833333333333,-58.6967916666667,-56.4820833333333,1.88658333333333,2.86091666666667,210.029166666667,1.88658333333333,214.65,22.37,21.8233333333333,78.3063333333333,NaN,NaN
2024-12-15 00:00:00,238.5,13.3558333333333,-6.73595833333334,73.6566666666667,2.310875,259.008333333333,2.28220833333333,NaN,343.851891666667,16.3312916666667,12.3648333333333,-15.5180416666667,-3.76329166666667,0.324916666666667,3.967,-11.7554583333333,-7.788875,1.421,2.50433333333333,216.555833333333,1.421,223.791666666667,40.6683333333333,0.812333333333333,8.60154166666666,NaN,NaN
2024-12-16 00:00:00,262.5,13.4508333333333,-4.50483333333333,39.0095833333333,2.40491666666667,253.345833333333,2.38483333333333,NaN,342.669970833333,59.709,59.234125,-58.9965,-15.4611666666667,Inf,0.467583333333334,-43.535125,-43.0681666666667,1.76258333333333,2.7005,215.420833333333,1.76258333333333,219.9625,26.2516666666667,0.710375,43.772875,NaN,NaN
2024-12-17 00:00:00,286.5,12.9020833333333,-6.131125,77.5554166666667,1.56358333333333,183.689041666667,1.547,NaN,342.425616666667,9.311875,7.67904166666667,-12.0600416666667,-4.171875,0.750666666666667,1.63275,-7.888,-6.25529166666667,1.05904166666667,2.01366666666667,229.09375,1.05904166666667,224.0375,42.3145833333333,-2.74741666666667,3.50754166666667,NaN,NaN
2024-12-18 00:00:00,310.5,13.4629166666667,-4.82041666666667,63.6445833333333,2.36608333333333,236.745833333333,2.34491666666667,NaN,344.89875,62.9924583333333,58.7762083333333,-73.1329166666667,-14.5500416666667,Inf,4.21616666666667,-58.5804166666667,-54.3629166666667,1.49129166666667,2.289625,214.366666666667,1.49129166666667,213.4,22.0254166666667,-10.1364583333333,44.2220833333334,NaN,NaN
2024-12-19 00:00:00,334.5,13.5154166666667,-2.40983333333333,30.7929166666667,2.36429166666667,248.845833333333,2.353625,NaN,341.935133333333,91.7897916666667,90.6447916666667,-101.898333333333,-26.4033333333333,-0.266,1.14466666666667,-75.4945833333333,-74.3505833333333,1.12395833333333,1.955375,219.994583333333,1.12395833333333,206.238333333333,34.3866666666667,-10.1,64.2404166666667,NaN,NaN
2024-12-20 00:00:00,358.5,13.4916666666667,-0.143125,17.5083333333333,2.08075,259.9375,2.08,NaN,339.46105,88.5715833333334,82.0395,-106.345833333333,-32.8495833333333,Inf,6.54154166666667,-73.50875,-66.968,0.985041666666667,1.67775,207.4,0.985041666666667,210.97625,29.4925,-17.7820416666667,49.18525,NaN,NaN
2024-12-21 00:00:00,382.5,13.44375,1.22466666666667,22.8791666666667,2.30916666666667,291.629166666667,2.31445833333333,NaN,338.232045833333,95.5435416666667,92.5871666666666,-108.233333333333,-33.38625,Inf,2.95129166666667,-74.8520833333333,-71.9015,0.771125,1.468375,180.898208333333,0.771125,161.885833333333,44.6120833333333,-12.7,59.2116666666667,NaN,NaN
2024-12-22 00:00:00,406.5,13.4791666666667,-0.39125,40.3729166666667,2.34466666666667,309.504166666667,2.34295833333333,NaN,338.7274125,65.8099166666667,61.4918333333333,-83.2791666666667,-21.7341666666667,Inf,4.30891666666667,-61.5483333333333,-57.2341666666667,1.3245,2.10633333333333,222.1875,1.3245,219.379166666667,24.545,-17.4775833333333,39.76375,NaN,NaN
2024-12-23 00:00:00,430.5,13.4970833333333,-3.46320833333333,80.44875,2.09329166666667,266.791666666667,2.080125,NaN,342.121916666667,44.3544583333333,34.10175,-21.0611666666667,-4.664875,0.616499999999996,10.2564166666667,-16.3950833333333,-6.13954166666667,1.09895833333333,1.87108333333333,222.1625,1.09895833333333,213.3625,30.19625,23.3009166666667,29.439375,NaN,NaN
2024-12-24 00:00:00,454.5,13.4483333333333,-3.21345833333333,60.4854166666667,2.37095833333333,253.220833333333,2.35695833333333,NaN,343.3287875,95.1139166666667,87.6526666666667,-64.604125,-14.9981666666667,Inf,7.46541666666667,-49.6084583333333,-42.1454583333333,1.04495833333333,1.74795833333333,197.440833333333,1.04495833333333,192.762916666667,35.0720833333333,30.5052083333333,72.647375,NaN,NaN
2024-12-25 00:00:00,478.5,13.4866666666667,-2.63120833333333,64.825,1.95358333333333,210.480416666667,1.94375,NaN,340.868691666667,60.23525,55.9445833333333,-34.4028333333333,-12.294,Inf,4.29333333333333,-22.1095833333333,-17.81625,0.772333333333333,1.41483333333333,209.198333333333,0.772333333333333,215.754166666667,37.0654166666667,25.8343333333333,43.6465416666667,NaN,NaN
2024-12-26 00:00:00,502.5,13.4445833333333,-6.16279166666667,84.31375,2.231875,277.708333333333,2.206375,NaN,349.310529166667,42.7855416666667,34.234375,-11.6510833333333,-2.89341666666667,Inf,8.55195833333333,-8.75783333333334,-0.205791666666667,1.31158333333333,2.232875,200.933333333333,1.31158333333333,204.054166666667,29.1054166666667,31.133,31.3388333333333,NaN,NaN
2024-12-27 00:00:00,526.5,13.4070833333333,-8.152875,79.60625,1.95579166666667,248.720833333333,1.92641666666667,NaN,348.2241625,73.8056666666667,74.452375,-30.5523333333333,-5.74329166666667,571.911,-0.643000000000001,-24.8083333333333,-25.4527083333333,1.15891666666667,2.0535,200.495833333333,1.15891666666667,218.083333333333,37.7033333333333,43.2549583333333,68.7072916666667,NaN,NaN
2024-12-28 00:00:00,550.5,13.1883333333333,-6.13383333333334,85.7604166666667,2.06604166666667,258.670833333333,2.042375,NaN,366.016720833333,27.2080833333333,21.6554166666667,-19.671375,-3.1485,Inf,5.55395833333333,-16.523375,-10.9689166666667,1.64695833333333,2.61629166666667,223.6375,1.64695833333333,220.454166666667,27.7266666666667,7.53858333333333,18.5094583333333,NaN,NaN
2024-12-29 00:00:00,574.5,13.2966666666667,-2.50629166666667,79.0304166666667,1.91704166666667,224.195833333333,1.90908333333333,NaN,390.240270833333,37.2883333333333,29.1297916666667,-18.177875,-5.98520833333333,Inf,8.15533333333333,-12.1938333333333,-4.03808333333333,1.23733333333333,2.18704166666667,219.116666666667,1.23733333333333,217.75,31.0041666666667,19.1041666666667,23.1432916666667,NaN,NaN
2024-12-30 00:00:00,598.5,13.4583333333333,-10.2075833333333,84.22125,1.54670833333333,209.364583333333,1.51841666666667,NaN,355.464829166667,26.4290416666667,21.385875,-9.80208333333333,-2.49679166666667,Inf,5.043375,-7.30508333333333,-2.26204166666667,0.902458333333333,2.03520833333333,189.685416666667,0.902458333333333,211.669166666667,56.145,16.6320833333333,18.8937916666667,NaN,NaN
2024-12-31 00:00:00,622.5,13.16,-14.6116666666667,74.6904166666667,1.17758333333333,174.701791666667,1.14645833333333,NaN,349.371675,48.5863333333333,45.38475,-17.6145416666667,-12.0793333333333,Inf,3.20383333333333,-5.53358333333333,-2.33004166666667,0.878875,1.49841666666667,208.054166666667,0.878875,218.270833333333,24.48375,30.9777083333333,33.3148333333333,NaN,NaN
2025-01-01 00:00:00,646.5,13.05,-12.8604166666667,64.9829166666667,1.72429166666667,225,1.6855,NaN,350.082333333333,35.4101666666667,32.3008333333333,-39.2750833333333,-8.457625,0.147882352941176,3.10833333333333,-30.8199166666667,-27.713375,1.54075,2.42754166666667,222.416666666667,1.54075,215.8625,26.4575,-3.86391666666666,23.8452916666667,NaN,NaN
2025-01-02 00:00:00,670.5,12.9054166666667,-7.30325,84.3108333333333,1.72683333333333,248.404166666667,1.70383333333333,NaN,373.112495833333,18.4960416666667,15.31075,-15.3869583333333,-3.218125,727.574909090909,3.18729166666667,-12.16875,-8.98104166666667,1.59783333333333,2.57145833333333,231.720833333333,1.59783333333333,223.945833333333,31.6408333333333,3.112,12.0920416666667,NaN,NaN
2025-01-03 00:00:00,694.5,13.4229166666667,-1.03391666666667,47.5895833333333,1.765625,213.114583333333,1.76154166666667,NaN,382.707754166667,81.9615416666667,88.2627083333333,-92.07125,-22.3133333333333,Inf,-6.30241666666667,-69.7545833333333,-76.0571666666667,1.58695833333333,2.31025,229.595833333333,1.58695833333333,225.15,22.4675,-10.1108333333333,65.9420833333333,NaN,NaN
2025-01-04 00:00:00,718.5,13.4016666666667,-2.80070833333333,54.8683333333333,1.90991666666667,250.575,1.901,NaN,348.612604166667,56.0896666666667,58.6829583333333,-56.2332083333333,-16.7135,Inf,-2.59483333333333,-39.5229166666667,-42.1157916666667,1.22554166666667,2.23570833333333,214.708333333333,1.22554166666667,212.341666666667,36.3941666666667,-0.14025,41.9710833333333,NaN,NaN
2025-01-05 00:00:00,742.5,12.995,-11.0270833333333,88.4833333333333,1.62170833333333,261.679166666667,1.588625,NaN,347.2576375,45.1247916666667,51.9740833333333,-11.7647916666667,-4.27266666666667,0.540705882352941,-6.85554166666667,-7.49195833333333,-14.3476666666667,1.07466666666667,1.91666666666667,213.647916666667,1.07466666666667,208.475,33.2166666666667,33.3592916666667,47.7037916666667,NaN,NaN
2025-01-06 00:00:00,766.5,12.935,-9.98283333333333,89.0625,1.49208333333333,237.704166666667,1.46454166666667,NaN,351.424341666667,33.9367083333333,52.022375,-2.09154166666667,-8.9405,0.605,-18.0836666666667,6.8485,-11.2361666666667,0.584083333333333,1.06154166666667,240.495833333333,0.584083333333333,176.908333333333,24.8572083333333,31.8437083333333,43.0746666666667,NaN,NaN
2025-01-07 00:00:00,790.5,12.94125,-14.0645833333333,79.1920833333333,1.74570833333333,254.304166666667,1.69941666666667,NaN,349.048658333333,39.4364583333333,73.64925,-0.514208333333333,-17.555875,Inf,-34.2126666666667,17.0425,-17.1650833333333,0.069625,0.23125,194.280541666667,0.069625,88.3704166666667,12.423,38.927625,56.0918333333333,NaN,NaN
2025-01-08 00:00:00,814.5,13.1141666666667,-12.1060416666667,47.53625,1.84220833333333,236.004166666667,1.80066666666667,NaN,347.748245833333,108.299708333333,114.464,-44.7037083333333,-17.0527083333333,Inf,-6.158625,-27.6460833333333,-33.809,1.36195833333333,2.22429166666667,206.5625,1.36195833333333,195.391666666667,28.0029166666667,63.6009583333333,97.4105,NaN,NaN
2025-01-09 00:00:00,838.5,12.90375,-14.5308333333333,81.84375,1.755875,263.925,1.70854166666667,NaN,347.590208333333,23.1441666666667,36.7886666666667,-2.66433333333333,-7.32841666666667,-Inf,-13.6444166666667,4.66425,-8.98025,0.230958333333333,0.76625,157.244041666667,0.230958333333333,80.582625,62.07875,20.4809583333333,29.462125,NaN,NaN
2025-01-10 00:00:00,862.5,13.0358333333333,-13.1512916666667,68.0729166666667,1.88183333333333,257.520833333333,1.83579166666667,NaN,349.751475,72.3968333333333,81.8765,-43.144125,-10.2156666666667,-380.49519047619,-9.48695833333334,-32.92875,-42.4132083333333,1.61133333333333,2.54875,194.891666666667,1.61133333333333,199.95,26.7920833333333,29.2542083333333,71.6674166666667,NaN,NaN
2025-01-11 00:00:00,886.5,12.7825,-10.7687083333333,85.9541666666667,1.738875,264.620833333333,1.7045,NaN,356.690154166667,33.1195416666667,27.862,-1.03958333333333,-3.368125,400.28865,5.255375,2.32858333333333,7.58425,0.697375,1.47566666666667,214.102916666667,0.697375,204.379166666667,52.54625,32.0803333333333,24.4957916666667,NaN,NaN
2025-01-12 00:00:00,910.5,12.8404166666667,-13.985,83.5333333333333,1.459375,234.316666666667,1.42108333333333,NaN,350.5577,20.6407083333333,63.6918333333333,-0.235791666666667,-13.6821666666667,0.964454545454545,-43.053375,13.446875,-29.601375,0.261541666666667,0.826208333333333,180.970833333333,0.261541666666667,218.579166666667,43.6347916666667,20.407,50.0088333333333,NaN,NaN
2025-01-13 00:00:00,934.5,12.9004166666667,-15.4133333333333,74.3008333333333,1.721125,252.520833333333,1.672125,NaN,351.390375,71.0049583333333,87.718625,-36.024875,-16.1220833333333,0.169772727272727,-16.7133333333333,-19.9020833333333,-36.60875,1.00258333333333,1.65108333333333,212.204166666667,1.00258333333333,222.083333333333,26.41325,34.977875,71.5963333333333,NaN,NaN
2025-01-14 00:00:00,958.5,13.3266666666667,-15.3295833333333,74.70375,1.709625,292.020833333333,1.66091666666667,NaN,358.735029166667,61.2610833333333,54.1154583333333,-28.311,-10.2825,Inf,7.14779166666667,-18.0282916666667,-10.8798333333333,0.931583333333333,1.699625,199.02875,0.931583333333333,211.620833333333,35.225,32.9465416666667,43.8302083333333,NaN,NaN
2025-01-15 00:00:00,982.5,13.5108333333333,-8.28970833333334,62.7875,1.329625,202.569166666667,1.313,NaN,398.591641666667,105.7655,114.972375,-48.413125,-18.4483333333333,Inf,-9.21720833333333,-29.97125,-39.190625,1.010125,1.85579166666667,191.492083333333,1.010125,185.4725,35.1995833333333,57.3472916666667,96.52975,NaN,NaN
2025-01-16 00:00:00,1006.5,13.5170833333333,-1.77933333333333,43.3566666666667,1.875625,292.604166666667,1.86908333333333,NaN,400.826179166667,105.921708333333,113.410375,-104.091666666667,-26.2245833333333,Inf,-7.48925,-77.8766666666667,-85.3545833333333,1.38383333333333,2.08516666666667,215.6375,1.38383333333333,211.766666666667,23.4416666666667,1.824,87.18625,NaN,NaN
2025-01-17 00:00:00,1030.5,13.5191666666667,-8.22633333333333,56.5595833333333,1.91970833333333,266.704166666667,1.89083333333333,NaN,348.114416666667,36.634125,28.8405416666667,-45.7417916666667,-11.5756666666667,Inf,7.79316666666667,-34.1710416666667,-26.3764166666667,1.41120833333333,2.16429166666667,191.887083333333,1.41120833333333,192.662083333333,27.41875,-9.11308333333333,17.2694166666667,NaN,NaN
2025-01-18 00:00:00,1054.5,12.9666666666667,-20.03875,76.62375,0.795625,131.755833333333,0.76825,NaN,350.066091666667,19.8085,56.5428333333333,0.06675,-5.783625,Inf,-36.742375,5.849125,-30.8909583333333,0.239958333333333,0.601583333333333,143.70375,0.239958333333333,115.4875,26.5125833333333,19.8720833333333,50.7636666666667,NaN,NaN
2025-01-19 00:00:00,1078.5,12.9370833333333,-21.2954166666667,74.3641666666667,1.03758333333333,162.946666666667,0.9975,NaN,352.055104166667,65.806,59.1626666666667,-31.5175,-5.61741666666667,Inf,6.64504166666666,-25.900625,-19.2565833333333,1.23020833333333,1.99691666666667,203.665166666667,1.23020833333333,195.57625,35.4791666666667,34.2870416666667,53.5458333333333,NaN,NaN
2025-01-20 00:00:00,1102.5,13.065,-25.1620833333333,65.855,0.701583333333333,114.173916666667,0.667833333333333,NaN,353.227775,69.1859583333333,109.39975,-37.4175,-10.1523333333333,Inf,-40.2105416666667,-27.2689166666667,-67.479625,0.91025,1.57229166666667,186.259375,0.91025,162.692083333333,25.1528333333333,31.7645,99.2425833333334,NaN,NaN
2025-01-21 00:00:00,1126.5,13.0395833333333,-16.8391666666667,38.9516666666667,1.75608333333333,227.1875,1.70270833333333,NaN,350.948329166667,70.8149583333333,68.5598333333334,-59.3858333333333,-10.814875,Inf,2.260875,-48.5708333333333,-46.306875,1.98454166666667,2.84395833333333,211.8625,1.98454166666667,210.7625,23.10375,11.43625,57.7507083333333,NaN,NaN
2025-01-22 00:00:00,1150.5,12.9079166666667,-17.3129166666667,69.32,0.94,127.032666666667,0.910208333333333,NaN,349.391270833333,57.3095,48.7050416666667,-4.85825,-4.55879166666667,Inf,8.60316666666667,-0.298916666666667,8.3045,0.681958333333333,1.41779166666667,224.98375,0.681958333333333,210.50525,56.4045833333333,52.4499583333333,44.1411666666667,NaN,NaN
2025-01-23 00:00:00,1174.5,13.0041666666667,-17.3691666666667,69.015,1.0695,160.778333333333,1.036125,NaN,350.642670833333,103.128958333333,109.15275,-33.0981666666667,-9.03316666666667,Inf,-6.01908333333333,-24.0702083333333,-30.0881666666667,1.45675,2.4025,174.460416666667,1.45675,190.035833333333,38.91,70.0269583333333,100.118541666667,NaN,NaN
2025-01-24 00:00:00,1198.5,13.1204166666667,-10.9364583333333,66.8016666666667,1.5735,228.758333333333,1.541625,NaN,353.265704166667,32.7131666666667,29.0269166666667,-26.4246666666667,-7.17875,Inf,3.68341666666667,-19.2439166666667,-15.5607916666667,1.185,1.93695833333333,213.920833333333,1.185,209.5375,29.9008333333333,6.29041666666667,21.84725,NaN,NaN
2025-01-25 00:00:00,1222.5,12.94,-14.0729166666667,84.1633333333333,1.39991666666667,264.979166666667,1.36333333333333,NaN,350.496379166667,26.9297083333333,32.9789166666667,-0.269125,-2.749,1.1443,-6.05308333333334,2.47954166666667,-3.57345833333333,0.187208333333333,0.547416666666667,163.01625,0.187208333333333,123.9475,18.9979166666667,26.6561666666667,30.2324166666667,NaN,NaN
2025-01-26 00:00:00,1246.5,12.8941666666667,-9.62,79.455,1.04358333333333,217.69875,1.025125,NaN,363.330025,62.4708333333333,57.3509583333333,-37.7076666666667,-10.4375,-888.694944444445,5.11983333333333,-27.2629166666667,-22.1437916666667,0.908041666666667,1.57816666666667,209.002916666667,0.908041666666667,217.7375,25.865,24.7609583333333,46.9112083333333,NaN,NaN
2025-01-27 00:00:00,1270.5,13.3575,-6.98983333333333,45.1116666666667,1.19958333333333,239.579166666667,1.18504166666667,NaN,364.452079166667,120.660958333333,131.0215,-105.755833333333,-29.6504166666667,0.312722222222222,-10.3627916666667,-76.10375,-86.4733333333334,0.780916666666667,1.21716666666667,201.537083333333,0.780916666666667,212.441666666667,19.4164583333333,14.90125,101.37375,NaN,NaN
2025-01-28 00:00:00,1294.5,13.5858333333333,-3.98283333333333,30.03875,0.998,187.822083333333,0.991333333333333,NaN,366.2787125,121.442458333333,127.737125,-115.145833333333,-39.1504166666667,Inf,-6.29458333333333,-76.0070833333333,-82.3008333333333,0.2975,0.685416666666667,207.280833333333,0.297541666666667,208.649166666667,23.7127916666667,6.28000000000001,88.5858333333333,NaN,NaN
2025-01-29 00:00:00,1318.5,13.5654166666667,-4.17708333333333,31.84625,1.33204166666667,247.436666666667,1.32120833333333,NaN,363.789683333333,124.577166666667,126.5725,-106.679166666667,-35.0533333333333,Inf,-1.99333333333334,-71.6191666666667,-73.6233333333333,0.29825,0.682791666666667,226.82875,0.29825,194.016,25.6290833333333,17.8958333333333,91.525,NaN,NaN
2025-01-30 00:00:00,1342.5,13.55125,-5.59716666666667,36.08625,1.65625,283.6125,1.63916666666667,NaN,358.251045833333,117.748291666667,110.746333333333,-100.81875,-31.5783333333333,1.18907692307692,7.009625,-69.24625,-62.235,0.219625,0.605166666666667,199.83475,0.219625,184.335416666667,28.9820833333333,16.9345833333333,79.1622916666667,NaN,NaN
2025-01-31 00:00:00,1366.5,13.5866666666667,-2.730125,23.4170833333333,1.70133333333333,260.804166666667,1.69275,NaN,354.879670833333,137.36025,133.067416666667,-111.270833333333,-29.0229166666667,Inf,4.29754166666667,-82.2445833333334,-77.9491666666667,1.53404166666667,2.42283333333333,217.300416666667,1.53404166666667,200.13625,29.5579166666667,26.0920833333333,104.037875,NaN,NaN
2025-02-01 00:00:00,1390.5,13.4683333333333,-4.50125,73.7429166666667,1.56066666666667,248.445833333333,1.54791666666667,NaN,352.718066666667,17.4922083333333,14.5196666666667,-13.8607916666667,-5.97275,-Inf,2.97291666666667,-7.88729166666667,-4.91429166666667,1.41966666666667,2.42595833333333,219.729166666667,1.41966666666667,215.904166666667,32.3041666666667,3.63079166666667,8.54720833333333,NaN,NaN
2025-02-02 00:00:00,1414.5,13.2791666666667,0.148208333333333,64.0083333333333,1.60829166666667,261.6125,1.60875,NaN,412.397516666667,11.539125,9.87358333333333,-17.4547083333333,-9.52391666666666,0.685272727272727,1.66470833333333,-7.932125,-6.26720833333333,1.50104166666667,2.68129166666667,201.050416666667,1.50104166666667,205.516666666667,36.1345833333333,-5.91566666666667,0.351583333333334,NaN,NaN
2025-02-03 00:00:00,1438.5,13.5091666666667,4.07470833333333,36.1095833333333,1.709625,263.8125,1.72245833333333,NaN,400.946754166667,128.868791666667,118.678333333333,-86.2066666666667,-27.3691666666667,Inf,10.1950416666667,-58.8308333333333,-48.63625,1.46475,2.67791666666667,208.354166666667,1.46475,208.429166666667,46.3833333333333,42.6666666666667,91.3045833333334,NaN,NaN
2025-02-04 00:00:00,1462.5,13.5816666666667,4.30245833333333,32.9866666666667,1.76208333333333,246.266666666667,1.776,NaN,360.884820833333,56.2431666666667,43.523625,-64.5754166666667,-24.5183333333333,-0.020375,12.72175,-40.0575,-27.335,1.44545833333333,2.72620833333333,224.8375,1.44545833333333,214.066666666667,38.7616666666667,-8.32616666666667,19.0075416666667,NaN,NaN
2025-02-05 00:00:00,1486.5,13.6391666666667,-0.578708333333333,56.1620833333333,1.79225,287.395833333333,1.79033333333333,NaN,347.386075,42.4268333333333,31.9435416666667,-46.8104166666667,-13.571625,470.552588235294,10.485125,-33.2420833333333,-22.75575,1.57483333333333,2.74029166666667,217.629166666667,1.57483333333333,217.608333333333,42.3529166666667,-4.38916666666667,18.3696666666667,NaN,NaN
2025-02-06 00:00:00,1510.5,13.47375,-0.757083333333333,50.1066666666667,1.79970833333333,302.2375,1.79725,NaN,354.46545,118.778,95.8095833333333,-55.5241666666667,-14.8090416666667,Inf,22.9709583333333,-40.7232916666667,-17.7460416666667,1.09495833333333,2.17545833333333,223.9,1.09495833333333,207.358333333333,46.1866666666667,63.2513333333333,81.0036666666667,NaN,NaN
2025-02-07 00:00:00,1534.5,13.5316666666667,-0.847833333333333,49.3754166666667,1.826375,257.991666666667,1.82354166666667,NaN,343.0272,80.120375,59.4669583333333,-36.1613333333333,-13.7088333333333,533.703266666667,20.6517916666667,-22.4500416666667,-1.79791666666667,1.44620833333333,2.61945833333333,195.546666666667,1.44620833333333,209.375,45.2820833333333,43.9569166666667,45.7597083333333,NaN,NaN
2025-02-08 00:00:00,1558.5,13.0008333333333,-10.8145833333333,83.44,1.39570833333333,246.777083333333,1.368125,NaN,345.387683333333,48.2450416666667,44.9275833333333,-5.310375,-2.87658333333333,-726.302545454545,3.31416666666667,-2.43391666666667,0.879958333333334,0.668833333333333,1.43495833333333,189.470416666667,0.668833333333333,201.991666666667,41.925,42.9310416666667,42.0575,NaN,NaN
2025-02-09 00:00:00,1582.5,13.03375,-12.8145833333333,72.69875,0.640541666666667,120.4775,0.624041666666667,NaN,347.819408333333,64.5634166666667,59.97,-7.38866666666667,-11.7630416666667,363.74,4.59345833333333,4.377,8.97125,0.894166666666667,1.48745833333333,220.475,0.894166666666667,226.2125,30.30125,57.1765,48.2052083333333,NaN,NaN
2025-02-10 00:00:00,1606.5,13.62875,-8.614375,49.63875,0.929041666666667,147.583208333333,0.915291666666667,NaN,347.765858333333,138.06075,133.373333333333,-92.7120833333333,-23.85125,Inf,4.68804166666667,-68.8670833333333,-64.18375,0.790083333333333,1.38004166666667,225.091666666667,0.790083333333333,226.6875,29.8920833333333,45.3374166666667,109.5125,NaN,NaN
2025-02-11 00:00:00,1630.5,13.5466666666667,-12.0129166666667,67.4675,1.58670833333333,273.129166666667,1.552875,NaN,346.401929166667,54.3042916666667,43.6961666666667,-24.2345,-9.32225,Inf,10.6188333333333,-14.9116666666667,-4.292875,0.457916666666667,0.964875,175.292375,0.457916666666667,166.967916666667,26.4670833333333,30.0775,34.3714583333333,NaN,NaN
2025-02-12 00:00:00,1654.5,13.33,-20.4991666666667,71.14375,0.610083333333333,107.9325,0.586666666666667,NaN,350.317258333333,101.2175,117.672958333333,-17.24275,-5.39504166666667,534.364533333333,-16.4542083333333,-11.8485,-28.300125,0.7135,1.23233333333333,193.371666666667,0.7135,140.533333333333,19.1346666666667,83.9798333333333,112.285666666667,NaN,NaN
2025-02-13 00:00:00,1678.5,13.51,-12.1215833333333,51.8104166666667,1.54858333333333,250.3,1.51433333333333,NaN,349.327066666667,133.260708333333,124.107541666667,-62.0470833333333,-12.185875,Inf,9.1485,-49.859,-40.705,2.002375,2.91991666666667,208.175,2.002375,217.475,25.5625,71.2139583333333,111.929791666667,NaN,NaN
2025-02-14 00:00:00,1702.5,13.3954166666667,-4.99416666666667,81.92,1.54929166666667,249.008333333333,1.53483333333333,NaN,361.136641666667,46.8501666666666,37.563625,-5.98933333333333,-4.49645833333333,-726.432636363636,9.28170833333333,-1.49295833333333,7.78879166666667,1.032875,1.90475,235.916666666667,1.032875,217.375,36.1745833333333,40.8585,33.0651666666667,NaN,NaN
2025-02-15 00:00:00,1726.5,13.035,-8.88633333333333,86.1816666666667,1.52558333333333,260.058333333333,1.50095833333333,NaN,357.857941666667,30.4131666666667,42.47725,-4.738,-4.281375,Inf,-12.061875,-0.457666666666667,-12.51875,0.839083333333333,1.65875,206.13125,0.839083333333333,210.808333333333,48.02125,25.6759583333333,38.1911666666667,NaN,NaN
2025-02-16 00:00:00,1750.5,12.9779166666667,-10.644,82.93125,1.39804166666667,259.775,1.37054166666667,NaN,363.834495833333,62.7726666666667,55.0270416666667,-16.0894583333333,-4.99179166666667,0.413375,7.748375,-11.0971666666667,-3.34875,1.585875,2.3495,214.466666666667,1.585875,218.9875,26.8041666666667,46.6874166666667,50.0337083333333,NaN,NaN
2025-02-17 00:00:00,1774.5,12.9379166666667,-7.56291666666667,88.825,1.20954166666667,237.25,1.19254166666667,NaN,389.231733333333,49.6272083333333,40.73725,-6.561625,-2.58016666666667,NaN,8.88291666666667,-3.981625,4.90145833333333,0.973833333333333,1.85329166666667,201.2975,0.973833333333333,220.220833333333,46.12875,43.0656666666667,38.1620416666667,NaN,NaN
2025-02-18 00:00:00,1798.5,12.9154166666667,-10.0520833333333,84.7766666666667,1.04933333333333,230.780416666667,1.02975,NaN,375.02465,60.5567083333333,57.2890416666667,-7.60416666666667,-3.53341666666667,-726.171454545455,3.26375,-4.07179166666667,-0.807833333333334,0.999666666666667,1.77095833333333,215.875,0.999666666666667,222.075,32.8720833333333,52.9513333333333,53.759625,NaN,NaN
2025-02-19 00:00:00,1822.5,13.1275,-9.76329166666666,72.5983333333333,1.06904166666667,240.279166666667,1.04991666666667,NaN,377.300925,149.362333333333,139.296625,-43.5205416666667,-9.64345833333333,-1229.96969230769,10.0715,-33.875125,-23.8065833333333,1.2045,1.97475,219.766666666667,1.2045,198.7525,35.6391666666667,105.840041666667,129.652208333333,NaN,NaN
2025-02-20 00:00:00,1846.5,13.44125,-5.80545833333333,78.4645833333333,1.247125,265.541666666667,1.23383333333333,NaN,408.619870833333,106.151291666667,94.2547916666667,-25.3140833333333,-9.34720833333333,421.360894736842,11.8919583333333,-15.968375,-4.076875,0.77375,1.38504166666667,179.507916666667,0.77375,139.880416666667,36.0305416666667,80.8345833333333,84.9127916666666,NaN,NaN
2025-02-21 00:00:00,1870.5,13.5520833333333,-7.978875,81.3370833333333,1.35883333333333,261.029166666667,1.33895833333333,NaN,380.434179166667,137.515166666667,157.080333333333,-47.1204166666666,-9.86429166666667,0.717705882352941,-19.5642916666667,-37.25725,-56.8118333333333,0.860083333333333,1.2865,183.594583333333,0.860083333333333,119.1,17.7155,90.398375,147.216,NaN,NaN
2025-02-22 00:00:00,1894.5,13.6320833333333,-5.46033333333333,50.0658333333333,1.47083333333333,224.2875,1.456,NaN,389.0882125,175.401708333333,162.024791666667,-106.40875,-22.0458333333333,Inf,13.3935833333333,-84.3608333333333,-70.96875,1.214875,2.044,188.597916666667,1.214875,179.879166666667,38.5454166666667,68.9958333333333,139.965166666667,NaN,NaN
2025-02-23 00:00:00,1918.5,13.6141666666667,-3.15083333333333,59.87,1.50741666666667,215.516666666667,1.49870833333333,NaN,378.168695833333,181.088458333333,165.76675,-92.9954166666667,-16.06125,Inf,15.3234583333333,-76.94,-61.6154166666667,1.80491666666667,2.64683333333333,214.308333333333,1.80491666666667,210.325,25.1966666666667,88.0833333333333,149.697625,NaN,NaN
2025-02-24 00:00:00,1942.5,13.6329166666667,-1.168375,67.63625,1.53175,259.404166666667,1.52841666666667,NaN,408.124279166667,98.04875,85.6154583333334,-65.5714583333333,-12.2836666666667,-0.0147142857142857,12.434625,-53.2922916666667,-40.8592916666667,1.966125,2.865375,211.654166666667,1.966125,219.6875,22.7329166666667,32.4800416666667,73.330125,NaN,NaN
2025-02-25 00:00:00,1966.5,13.54625,-1.62970833333333,55.1395833333333,1.55979166666667,264.158333333333,1.55520833333333,NaN,403.175975,139.389791666667,106.0265,-63.96675,-16.7034166666667,380.959904761905,33.361625,-47.2577083333333,-13.9025416666667,1.13104166666667,2.11145833333333,210.303333333333,1.13104166666667,220.404166666667,48.9183333333333,75.4278333333333,89.3200833333333,NaN,NaN
2025-02-26 00:00:00,1990.5,13.6358333333333,-8.95429166666666,59.5566666666667,1.57075,293.908333333333,1.54483333333333,NaN,362.212558333333,156.49475,145.704666666667,-78.4583333333333,-20.24,Inf,10.7899583333333,-58.2205,-47.4191666666667,0.699666666666666,1.40195833333333,200.87025,0.699666666666666,228.8375,45.6104166666667,78.037875,125.466291666667,NaN,NaN
2025-02-27 00:00:00,2014.5,13.54625,-3.14966666666667,25.9469166666667,1.59904166666667,266.758333333333,1.58970833333333,NaN,376.527995833333,185.641583333333,162.5005,-112.5375,-29.0554166666667,0.307052631578947,23.139,-83.4891666666667,-60.35675,0.993166666666667,1.8065,189.68375,0.993166666666667,180.367083333333,43.6545833333333,73.0970833333333,133.450416666667,NaN,NaN
2025-02-28 00:00:00,2038.5,13.5441666666667,-0.136833333333333,18.1404166666667,1.61820833333333,218.966666666667,1.61770833333333,NaN,367.813633333333,189.320458333333,154.303541666667,-117.8,-32.5670833333333,Inf,35.0232916666667,-85.2216666666667,-50.20125,0.72375,1.48229166666667,196.429333333333,0.72375,192.39875,52.41,71.53625,121.728916666667,NaN,NaN
2025-03-01 00:00:00,2062.5,13.5454166666667,0.585833333333333,20.8445833333333,1.65170833333333,212.904166666667,1.65345833333333,NaN,362.014795833333,192.559166666667,156.601541666667,-122.395833333333,-33.5979166666667,Inf,35.9580416666667,-88.7975,-52.8383333333333,0.523083333333333,1.154125,209.25375,0.523083333333333,204.71375,45.5020833333333,70.1558333333333,123.003333333333,NaN,NaN
2025-03-02 00:00:00,2086.5,13.5170833333333,3.525125,19.34625,1.67075,226.054166666667,1.68141666666667,NaN,363.5692875,186.222583333333,144.757166666667,-116.04,-36.91,Inf,41.4595,-79.13375,-37.671375,0.659291666666667,1.16816666666667,212.405416666667,0.659291666666667,231.520833333333,29.8330416666667,70.1754166666667,107.847291666667,NaN,NaN
2025-03-03 00:00:00,2110.5,13.3983333333333,-2.13954166666667,60.6133333333333,1.6765,238.133333333333,1.66995833333333,NaN,344.709279166667,77.8355833333333,74.8182083333333,-49.79025,-13.2124583333333,0.369222222222222,3.019875,-36.577,-33.5489166666667,0.566916666666666,1.20291666666667,170.694333333333,0.566916666666666,152.6825,33.0154166666667,28.0525833333333,61.6104583333333,NaN,NaN
2025-03-04 00:00:00,2134.5,12.92375,-7.78391666666667,86.21375,1.43595833333333,264.541666666667,1.41525,NaN,343.595420833333,16.323125,59.295625,-0.032875,-5.15983333333333,-663.237,-42.972625,5.12641666666667,-37.8467916666667,0.382541666666667,0.910375,148.703333333333,0.382541666666667,136.754583333333,59.3734583333333,16.2894583333333,54.1302916666667,NaN,NaN
2025-03-05 00:00:00,2158.5,13.1820833333333,-6.26904166666667,75.0279166666667,1.571,268.408333333333,1.552875,NaN,351.674041666667,80.6758333333333,141.30975,-0.360333333333333,-7.58183333333333,-1228.67884615385,-60.6273333333333,7.22129166666667,-53.4132916666667,1.22958333333333,1.91583333333333,221.920833333333,1.22958333333333,221.208333333333,23.0029166666667,80.3171666666667,133.72125,NaN,NaN
2025-03-06 00:00:00,2182.5,13.4008333333333,-2.96975,74.9766666666667,1.431875,270.629166666667,1.42391666666667,NaN,369.744,78.8921666666667,65.2167916666667,-17.5747916666667,-6.76766666666667,-570.631785714286,13.6742916666667,-10.807375,2.86725,1.08291666666667,2.054,199.531666666667,1.08291666666667,183.620833333333,30.9420833333333,61.31425,58.4528333333333,NaN,NaN
2025-03-07 00:00:00,2206.5,13.6941666666667,-8.58608333333333,78.6783333333333,1.37804166666667,251.641666666667,1.35629166666667,NaN,357.817604166667,120.547125,99.6570833333333,-23.6380833333333,-8.00491666666667,0.3943125,20.8874583333333,-15.634125,5.2525,0.856666666666667,1.469625,194.2775,0.856666666666667,216.1,34.9235,96.9123333333334,91.6577916666667,NaN,NaN
2025-03-08 00:00:00,2230.5,13.6120833333333,-7.06604166666667,53.3333333333333,1.49966666666667,256.833333333333,1.48058333333333,NaN,360.280725,208.505666666667,183.427541666667,-69.361875,-20.1509166666667,Inf,25.0792083333333,-49.2074583333333,-24.129625,0.529458333333333,1.07991666666667,190.214583333333,0.529458333333333,194.90125,29.9311666666667,139.152875,163.272541666667,NaN,NaN
2025-03-09 00:00:00,2254.5,13.6345833333333,-1.33958333333333,30.445,1.61891666666667,243.729166666667,1.61508333333333,NaN,359.834933333333,207.546625,171.785541666667,-110.2875,-27.52125,Inf,35.7670416666667,-82.7670833333333,-47.00125,1.03070833333333,1.74945833333333,194.141333333333,1.03070833333333,211.7625,33.965,97.2738333333333,144.271416666667,NaN,NaN
2025-03-10 00:00:00,2278.5,13.57125,0.675041666666666,24.9758333333333,1.648125,253.770833333333,1.65008333333333,NaN,361.410204166667,208.398,160.574875,-118.975,-28.8266666666667,-0.045909090909091,47.820875,-90.1445833333333,-42.3286666666667,1.06920833333333,1.90108333333333,218.383333333333,1.06920833333333,220.505416666667,40.4429166666667,89.4158333333334,131.760625,NaN,NaN
2025-03-11 00:00:00,2302.5,13.5916666666667,-0.118958333333334,32.3,1.67779166666667,262.516666666667,1.67725,NaN,360.723033333333,191.682125,156.171958333333,-97.46375,-22.8329166666667,-0.00895238095238091,35.5125416666667,-74.6345833333333,-39.119875,1.16616666666667,1.92854166666667,221.395833333333,1.16616666666667,224.5,30.48375,94.2283333333333,133.344541666667,NaN,NaN
2025-03-12 00:00:00,2326.5,13.5908333333333,-0.380333333333333,38.5616666666667,1.70641666666667,226.608333333333,1.70533333333333,NaN,359.058366666667,203.977375,157.786125,-100.010833333333,-21.7645833333333,Inf,46.1737916666667,-78.2466666666667,-32.0791666666667,1.01575,1.74104166666667,220.145833333333,1.01575,222.745833333333,32.22125,103.94,136.018416666667,NaN,NaN
2025-03-13 00:00:00,2350.5,13.6316666666667,-1.09654166666667,51.66625,1.74295833333333,223.35,1.73941666666667,NaN,353.041766666667,198.214875,151.112958333333,-90.645,-15.134875,0.09085,47.11325,-75.5166666666667,-28.3955,1.55516666666667,2.433,218.254166666667,1.55516666666667,220.55,26.5070833333333,107.575416666667,135.969666666667,NaN,NaN
2025-03-14 00:00:00,2374.5,13.53,-7.84629166666667,77.1704166666667,1.559375,251.158333333333,1.53741666666667,NaN,345.487041666667,91.827625,76.2115,-34.9720833333333,-7.03070833333334,Inf,15.6127916666667,-27.9400416666667,-12.3255,1.093375,1.835625,217.595833333333,1.093375,215.654166666667,29.3,56.857625,69.181625,NaN,NaN
2025-03-15 00:00:00,2398.5,13.5454166666667,-10.9495833333333,80.6516666666667,1.232,243.554166666667,1.20658333333333,NaN,347.080295833333,88.710375,72.9809166666667,-18.9536666666667,-5.272125,Inf,15.7295833333333,-13.681625,2.047,0.861625,1.67995833333333,193.8775,0.861625,196.608333333333,46.41,69.7577916666667,67.7118333333333,NaN,NaN
2025-03-16 00:00:00,2422.5,13.6233333333333,-6.772375,66.3533333333333,1.357875,264.229166666667,1.34095833333333,NaN,352.093045833333,148.495583333333,131.957375,-43.214875,-9.72029166666667,Inf,16.5357916666667,-33.4944583333333,-16.9621666666667,1.524375,2.47220833333333,217.483333333333,1.524375,218.945833333333,29.4791666666667,105.271875,122.231083333333,NaN,NaN
2025-03-17 00:00:00,2446.5,13.66125,-0.0346249999999998,40.6316666666667,1.35341666666667,235.716666666667,1.35425,NaN,359.8881125,137.810125,107.955166666667,-60.3420833333333,-19.7483333333333,Inf,29.8497083333333,-40.5945833333333,-10.742375,1.54054166666667,2.7735,206.215833333333,1.54054166666667,206.2875,38.0429166666667,77.4614166666667,88.2065833333333,NaN,NaN
2025-03-18 00:00:00,2470.5,13.56625,-4.64408333333333,64.2095833333333,1.521375,292.604166666667,1.50883333333333,NaN,348.413045833333,97.43425,83.35075,-43.313625,-11.65225,0.277181818181818,14.0828333333333,-31.6592916666667,-17.5740833333333,1.27704166666667,2.31216666666667,187.825833333333,1.27704166666667,175.33975,49.55125,54.1282916666667,71.7004583333333,NaN,NaN
2025-03-19 00:00:00,2494.5,13.2004166666667,-12.4475,72.3695833333333,0.881083333333333,170.408333333333,0.861,NaN,347.2859625,75.7755833333333,114.854291666667,-0.120458333333333,-10.3309166666667,Inf,-39.0738333333333,10.210125,-28.8649166666667,0.69625,1.357,203.167208333333,0.69625,161.530916666667,60.6566666666667,75.6487083333333,104.517375,NaN,NaN
2025-03-20 00:00:00,2518.5,13.5841666666667,-7.82016666666667,53.41875,1.42729166666667,258.358333333333,1.4065,NaN,351.918345833333,167.05725,153.490916666667,-33.9917083333333,-14.928125,Inf,13.5620833333333,-19.0669583333333,-5.50566666666667,1.58404166666667,2.366625,213.158333333333,1.58404166666667,212.8,28.3116666666667,133.061791666667,138.559916666667,NaN,NaN
2025-03-21 00:00:00,2542.5,13.7120833333333,-7.73625,65.1875,1.09558333333333,197.347083333333,1.07979166666667,NaN,352.271495833333,204.071416666667,170.606916666667,-50.4367083333333,-10.425875,Inf,33.4689583333333,-40.0020833333333,-6.54008333333333,1.30825,2.14775,223.145833333333,1.30825,218.583333333333,27.3633333333333,153.650375,160.181333333333,NaN,NaN
2025-03-22 00:00:00,2566.5,13.5441666666667,-5.24866666666667,82.4279166666667,1.40466666666667,262.208333333333,1.39116666666667,NaN,365.20235,40.8462916666667,33.8571666666667,-11.392875,-3.878,-Inf,6.987375,-7.51433333333333,-0.526791666666667,1.26170833333333,2.40004166666667,207.947916666667,1.26170833333333,222.820833333333,47.4033333333333,29.45325,29.9814583333333,NaN,NaN
2025-03-23 00:00:00,2590.5,13.6591666666667,-4.448625,64.3654166666667,1.40775,258.220833333333,1.396625,NaN,373.706445833333,204.87325,179.836833333333,-58.4804166666667,-11.440625,Inf,25.0364166666667,-47.041625,-22.00375,1.679375,2.46566666666667,213.120833333333,1.679375,222.116666666667,30.4570833333333,146.401666666667,168.39425,NaN,NaN
2025-03-24 00:00:00,2614.5,13.6358333333333,-0.256708333333333,77.23,1.372375,244.195833333333,1.37229166666667,NaN,428.054104166667,142.00875,111.913166666667,-36.20675,-8.74354166666667,-570.740428571429,30.09475,-27.461625,2.63354166666667,1.61916666666667,2.41775,231.05,1.61916666666667,221.458333333333,29.1954166666667,105.818833333333,103.178666666667,NaN,NaN
2025-03-25 00:00:00,2638.5,13.5279166666667,1.87470833333333,57.8079166666667,1.554875,217.129166666667,1.56029166666667,NaN,451.837425,196.52325,133.144541666667,-77.5066666666667,-21.374375,0.2260625,63.388375,-56.1358333333333,7.2575,0.700458333333333,1.468125,211.6625,0.700458333333333,218.245833333333,44.6179166666667,119.018,111.770708333333,NaN,NaN
2025-03-26 00:00:00,2662.5,13.5616666666667,5.56070833333333,26.8779166666667,1.59479166666667,239.120833333333,1.61075,NaN,449.776825,243.373625,175.7535,-120.245833333333,-40.1154166666667,0.43525,67.6013333333333,-80.1333333333333,-12.5229583333333,0.457916666666667,1.05320833333333,191.745,0.457916666666667,215.038333333333,48.1916666666667,123.104583333333,135.630666666667,NaN,NaN
2025-03-27 00:00:00,2686.5,13.5666666666667,6.71541666666667,31.6925,1.6525,243.108333333333,1.67266666666667,NaN,431.665470833333,176.287458333333,133.0445,-92.5370833333333,-34.9245833333333,Inf,43.240875,-57.60875,-14.3645833333333,0.74775,1.44766666666667,222.1875,0.74775,229.55,36.2825,83.7604166666667,98.1270416666667,NaN,NaN
2025-03-28 00:00:00,2710.5,13.5770833333333,3.79608333333333,52.8891666666667,1.68158333333333,245.075,1.69354166666667,NaN,396.136808333333,143.756708333333,109.941208333333,-60.288375,-21.40225,0.0551363636363636,33.8145,-38.8881666666667,-5.076,1.20983333333333,1.952875,218.370833333333,1.20983333333333,219.020833333333,31.1170833333333,83.4679583333333,88.544125,NaN,NaN
2025-03-29 00:00:00,2734.5,13.4241666666667,-1.10145833333333,83.0141666666667,1.5435,278.879166666667,1.54045833333333,NaN,392.6623875,168.131125,141.220833333333,-23.9204583333333,-9.20629166666667,0.41545,26.9067083333333,-14.7143333333333,12.198375,0.614625,1.20933333333333,179.93875,0.614625,184.82875,32.06875,144.20825,132.006,NaN,NaN
2025-03-30 00:00:00,2758.5,13.4475,-3.69033333333333,81.4483333333333,1.4575,260.660416666667,1.447875,NaN,386.495983333333,142.675083333333,127.322083333333,-21.376125,-6.00983333333333,0.561111111111111,15.3532083333333,-15.3657083333333,-0.00945833333333394,0.910666666666666,1.633375,211.733333333333,0.910666666666666,216.070833333333,33.735,121.304041666667,121.318,NaN,NaN
2025-03-31 00:00:00,2782.5,13.7270833333333,-2.40708333333333,65.9666666666667,1.50775,262.145833333333,1.50141666666667,NaN,400.077825,136.584333333333,109.448375,-26.9012916666667,-9.58283333333334,Inf,27.1222083333333,-17.3184166666667,9.80295833333333,1.043625,2.04716666666667,206.525,1.043625,210.141666666667,33.1179166666667,109.671291666667,99.8705833333333,NaN,NaN
2025-04-01 00:00:00,2806.5,13.56125,-5.789375,77.0208333333333,1.289,253.4,1.27516666666667,NaN,393.171266666667,131.119458333333,114.431583333333,-11.9217083333333,-5.47858333333334,400.23935,16.6807083333333,-6.44208333333333,10.2390416666667,0.797416666666667,1.49883333333333,197.962916666667,0.797416666666667,207.258333333333,35.61375,119.188375,108.957166666667,NaN,NaN
2025-04-02 00:00:00,2830.5,13.5433333333333,-9.60779166666667,62.37125,1.21416666666667,212.45,1.19258333333333,NaN,369.740508333333,214.276125,180.346083333333,-48.1813333333333,-12.9921666666667,0.231571428571428,33.92675,-35.1881666666667,-1.26016666666667,0.896125,1.526625,223.866666666667,0.896125,211.749583333333,35.4295833333333,166.093041666667,167.348125,NaN,NaN
2025-04-03 00:00:00,2854.5,13.515,-7.352875,58.3820833333333,1.33891666666667,241.955,1.32116666666667,NaN,370.967204166667,203.393166666667,169.36025,-51.0460416666667,-15.6415833333333,Inf,34.001,-35.400875,-1.40333333333333,0.822666666666667,1.53354166666667,195.675833333333,0.822666666666667,191.424583333333,31.14875,152.311208333333,153.717666666667,NaN,NaN
2025-04-04 00:00:00,2878.5,13.4679166666667,-8.54608333333333,81.1225,1.45641666666667,276.645833333333,1.43354166666667,NaN,373.9685,66.9596666666667,93.3674583333333,-0.415666666666667,-9.59775,1.10288235294118,-26.4038333333333,9.18275,-17.2212083333333,0.361583333333333,0.745666666666667,142.175416666667,0.361583333333333,107.622125,28.3625416666667,66.547375,83.7685833333333,NaN,NaN
2025-04-05 00:00:00,2902.5,13.635,-8.224,57.1829166666667,1.57091666666667,286.1625,1.54708333333333,NaN,376.637091666667,213.518833333333,217.984708333333,-61.19975,-13.29575,-Inf,-4.47341666666667,-47.9072083333333,-52.392125,0.194,0.56575,139.645916666667,0.194,98.96625,20.6900833333333,152.307291666667,204.689166666667,NaN,NaN
2025-04-06 00:00:00,2926.5,13.6983333333333,-3.45066666666667,41.7954166666667,1.61225,313.4125,1.60204166666667,NaN,403.1435125,247.245916666667,196.688875,-96.0604166666667,-21.5014583333333,0.165294117647059,50.5184583333333,-74.5629166666667,-24.0425,0.406708333333333,0.963916666666667,225.312375,0.406708333333333,239.970833333333,46.1291666666667,151.1475,175.195625,NaN,NaN
2025-04-07 00:00:00,2950.5,13.6570833333333,0.65225,36.30375,1.63433333333333,280.691666666667,1.636125,NaN,434.312391666667,266.131208333333,194.466833333333,-104.467083333333,-24.8845833333333,Inf,71.6656666666667,-79.5825,-7.924875,0.712916666666667,1.32225,222.8125,0.712916666666667,225.645833333333,36.2904166666667,161.645833333333,169.573791666667,NaN,NaN
2025-04-08 00:00:00,2974.5,13.6429166666667,2.83716666666667,35.9529166666667,1.66358333333333,233.866666666667,1.67208333333333,NaN,444.952083333333,193.041583333333,140.702916666667,-82.0229166666667,-23.2870833333333,-0.12552380952381,52.3449166666667,-58.7341666666667,-6.39083333333333,1.04825,1.816375,228.35,1.04825,223.308333333333,29.515,111.024,117.414166666667,NaN,NaN
2025-04-09 00:00:00,2998.5,13.69,2.00954166666667,37.855,1.68525,255.104166666667,1.691375,NaN,415.3718375,223.033708333333,151.426875,-70.7358333333333,-18.58375,Inf,71.6357083333333,-52.1495833333333,19.49075,1.09204166666667,1.88795833333333,209.233333333333,1.09204166666667,225.725,39.6441666666667,152.330166666667,132.838208333333,NaN,NaN
2025-04-10 00:00:00,3022.5,13.6195833333333,3.21829166666667,28.5220833333333,1.727,215.520833333333,1.737125,NaN,413.5265375,264.295041666667,175.079583333333,-111.8225,-30.7904166666667,Inf,89.2412083333333,-81.0308333333333,8.20754166666667,0.307583333333333,0.78725,192.774708333333,0.307583333333333,234.5875,52.12875,152.493,144.290916666667,NaN,NaN
2025-04-11 00:00:00,3046.5,13.5775,8.10641666666667,16.4266666666667,1.747375,242.058333333333,1.77295833333333,NaN,424.690225,268.755291666667,170.717083333333,-118.875,-42.8679166666667,Inf,98.0738333333333,-76.0133333333333,22.0583333333333,0.7265,1.42145833333333,220.0875,0.7265,228.345833333333,35.805,149.905833333333,127.843333333333,NaN,NaN
2025-04-12 00:00:00,3070.5,13.5729166666667,9.30545833333333,18.5745833333333,1.79295833333333,231.529166666667,1.82316666666667,NaN,396.338491666667,227.476,147.549708333333,-100.769583333333,-40.24125,0.0540555555555556,79.939625,-60.53625,19.40625,1.06458333333333,2.00279166666667,203.759166666667,1.06458333333333,218.358333333333,37.7229166666667,126.7225,107.308541666667,NaN,NaN
2025-04-13 00:00:00,3094.5,13.57375,1.374125,62.68875,1.84066666666667,233.875,1.84533333333333,NaN,349.5898375,97.8750833333333,60.3586666666667,-28.352125,-12.0100416666667,Inf,37.528125,-16.3407083333333,21.18225,0.424833333333333,1.04308333333333,207.082541666667,0.424833333333333,189.845541666667,39.7014166666667,69.5265416666667,48.3448333333333,NaN,NaN
2025-04-14 00:00:00,3118.5,13.6033333333333,-0.489875,45.1491666666667,1.856625,243.991666666667,1.85495833333333,NaN,357.08435,269.711,197.870458333333,-72.888375,-20.5274583333333,Inf,71.8335416666667,-52.3617083333333,19.472625,0.521375,1.15325,239.766666666667,0.521375,217.93875,39.2455,196.799166666667,177.341125,NaN,NaN
2025-04-15 00:00:00,3142.5,13.6525,4.09554166666667,20.2291666666667,1.88379166666667,219.9875,1.89783333333333,NaN,360.0407625,277.029541666667,167.039916666667,-113.243333333333,-30.8083333333333,Inf,109.969541666667,-82.4291666666667,27.5275,0.9885,1.65666666666667,217.633333333333,0.9885,226.4,33.3945833333333,163.78,136.230916666667,NaN,NaN
2025-04-16 00:00:00,3166.5,13.6341666666667,4.024375,50.17625,1.79325,230.0375,1.807125,NaN,358.491254166667,180.027583333333,115.01675,-66.6794166666667,-23.3151666666667,-0.1395,65.0084583333333,-43.367,21.6434166666667,0.91025,1.59245833333333,232.479166666667,0.91025,221.6125,34.0829166666667,113.349416666667,91.7061666666667,NaN,NaN
2025-04-17 00:00:00,3190.5,13.6095833333333,1.49225,65.0541666666667,1.81695833333333,242.483333333333,1.82179166666667,NaN,368.801983333333,234.634625,166.258208333333,-39.5505833333333,-12.58675,-Inf,68.369,-26.9599583333333,41.4046666666667,0.946375,1.89208333333333,198.260833333333,0.946375,176.334583333333,35.455,195.080125,153.676833333333,NaN,NaN
2025-04-18 00:00:00,3214.5,13.17375,-9.03491666666667,83.8833333333333,1.58779166666667,242.391666666667,1.56129166666667,NaN,343.425345833333,43.0916666666667,109.552416666667,-0.0909583333333333,-7.19729166666667,Inf,-66.463625,7.10670833333333,-59.3470416666667,0.0654583333333333,0.258625,106.747708333333,0.0654583333333333,40.0366666666667,13.4467916666667,43.0011666666667,102.353125,NaN,NaN
2025-04-19 00:00:00,3238.5,13.53,-6.30708333333333,64.7170833333333,1.70225,238.983333333333,1.68395833333333,NaN,353.475516666667,225.959958333333,189.07175,-55.3020833333333,-16.7782916666667,-Inf,36.8684166666667,-38.5208333333333,-1.64958333333333,0.277583333333333,0.786625,200.638333333333,0.277583333333333,213.7,40.574875,170.632,172.296458333333,NaN,NaN
2025-04-20 00:00:00,3262.5,13.72625,-3.17454166666667,63.4479166666667,1.90116666666667,224.454166666667,1.89,NaN,357.683154166667,195.145125,159.311541666667,-63.50875,-12.4929583333333,Inf,35.8467916666667,-51.0108333333333,-15.166875,1.11,1.788875,214.145833333333,1.11,214.1,29.3175,131.6425,146.811791666667,NaN,NaN
2025-04-21 00:00:00,3286.5,13.7604166666667,1.17858333333333,47.13625,1.92954166666667,226.870833333333,1.93370833333333,NaN,372.4512625,155.319583333333,107.583166666667,-58.2316666666667,-15.5545833333333,Inf,47.73625,-42.6704166666667,5.06304166666666,1.12683333333333,2.09670833333333,234.695833333333,1.12683333333333,217.866666666667,39.0045833333333,97.09375,92.028625,NaN,NaN
2025-04-22 00:00:00,3310.5,13.67625,3.33833333333333,37.0454166666667,1.91854166666667,247.675,1.93025,NaN,390.326866666667,213.427208333333,140.911,-77.2383333333333,-23.4458333333333,0.0118888888888889,72.5073333333333,-53.7995833333333,18.7004166666667,0.836708333333333,1.5915,224.204166666667,0.836708333333333,228.008333333333,34.9845833333333,136.171875,117.463083333333,NaN,NaN
2025-04-23 00:00:00,3334.5,13.6554166666667,4.67720833333333,33.9179166666667,1.94070833333333,209.808333333333,1.95716666666667,NaN,382.6851875,164.310041666667,107.375416666667,-76.50125,-25.55375,Inf,56.9325,-50.9504166666667,5.97958333333334,0.521458333333333,1.26391666666667,211.580416666667,0.521458333333333,219.52375,39.5958333333333,87.8025,81.821,NaN,NaN
2025-04-24 00:00:00,3358.5,13.6433333333333,3.17879166666667,55.36125,1.96554166666667,230.654166666667,1.97675,NaN,377.007320833333,157.4,97.5478333333333,-52.7945833333333,-19.99125,Inf,59.8425833333334,-32.8010833333333,27.0498333333333,0.3675,1.09558333333333,189.89375,0.3675,211.48625,43.3245833333333,104.617916666667,77.5575833333333,NaN,NaN
2025-04-25 00:00:00,3382.5,13.65,2.47291666666667,66.7141666666667,2.00945833333333,226.625,2.018375,NaN,393.059654166667,210.485,123.957666666667,-49.7408333333333,-19.175375,Inf,86.5332083333333,-30.562,55.9700416666667,0.225708333333333,0.633708333333333,178.709583333333,0.225708333333333,126.79,31.3849166666667,160.7445,104.778,NaN,NaN
2025-04-26 00:00:00,3406.5,13.6316666666667,7.76295833333333,22.3954166666667,2.03891666666667,223.875,2.06766666666667,NaN,399.833666666667,289.581541666667,165.973458333333,-99.7975,-34.975,Inf,123.59075,-64.8175,58.7658333333333,0.8905,1.71375,211.075,0.8905,210.9,35.4470833333333,189.744583333333,131.000208333333,NaN,NaN
2025-04-27 00:00:00,3430.5,13.65125,6.18045833333333,28.9754166666667,2.115875,241.483333333333,2.13941666666667,NaN,375.6452125,213.113083333333,132.75725,-91.195,-31.5897083333333,-0.211409090909091,80.4067916666666,-59.6025,20.8078333333333,0.8195,1.55154166666667,193.933333333333,0.8195,203.9125,35.3095833333333,121.972916666667,101.170708333333,NaN,NaN
2025-04-28 00:00:00,3454.5,13.6270833333333,-1.46666666666667,66.8391666666667,2.09416666666667,254.641666666667,2.08866666666667,NaN,348.563875,201.002083333333,134.532166666667,-45.74175,-10.1703333333333,0.408375,66.4878333333333,-35.5767083333333,30.9080416666667,0.769125,1.40070833333333,203.3875,0.769125,212.404166666667,32.1195833333333,155.27775,124.359583333333,NaN,NaN
2025-04-29 00:00:00,3478.5,13.62875,1.15420833333333,49.9445833333333,2.20258333333333,292.8125,2.20708333333333,NaN,368.255029166667,250.830166666667,158.052666666667,-84.7883333333333,-21.0067083333333,Inf,92.7495833333333,-63.7783333333333,28.9697916666667,0.764291666666667,1.46791666666667,196.120833333333,0.764291666666667,199.625,36.0416666666667,166.0305,137.041583333333,NaN,NaN
2025-04-30 00:00:00,3502.5,13.6320833333333,0.252875,71.5754166666667,2.14120833333333,261.054166666667,2.14220833333333,NaN,367.035416666667,157.852041666667,111.659625,-46.4842083333333,-11.096625,Inf,46.183125,-35.3817083333333,10.8076666666667,0.780458333333333,1.391625,194.422083333333,0.780458333333333,202.8,26.5847083333333,111.371083333333,100.568708333333,NaN,NaN
2025-05-01 00:00:00,3526.5,13.5345833333333,-1.17570833333333,80.3175,2.16691666666667,294.658333333333,2.16216666666667,NaN,392.968204166667,186.801583333333,150.287291666667,-23.1292083333333,-10.870125,0.4953,36.5165833333333,-12.2629583333333,24.2612916666667,0.158666666666667,0.571375,183.795833333333,0.158666666666667,151.804166666667,32.8415833333333,163.652208333333,139.406708333333,NaN,NaN
2025-05-02 00:00:00,3550.5,13.6229166666667,0.362541666666667,40.6,2.15141666666667,266.954166666667,2.15333333333333,NaN,406.369154166667,292.572125,193.819333333333,-74.304625,-26.46125,0.3955,98.6895,-47.8486666666667,50.844125,0.246333333333333,0.6095,209.659583333333,0.246333333333333,200.189583333333,34.8889166666667,218.198333333333,167.362666666667,NaN,NaN
2025-05-03 00:00:00,3574.5,13.6025,6.3235,27.6854166666667,2.3145,245.779166666667,2.341,NaN,444.127091666667,278.909333333333,155.34675,-104.447083333333,-36.5025,Inf,123.544041666667,-67.9529166666667,55.5995833333333,0.360333333333333,0.967208333333333,187.54625,0.360333333333333,205.512916666667,51.1570833333333,174.424166666667,118.839583333333,NaN,NaN
2025-05-04 00:00:00,3598.5,13.6791666666667,6.87208333333333,36.31625,2.51908333333333,253.670833333333,2.55041666666667,NaN,419.392058333333,175.045166666667,121.303583333333,-75.71625,-27.8404166666667,0.550875,53.7503333333333,-47.8795833333333,5.87083333333332,0.577625,1.329125,154.0775,0.577625,154.375833333333,37.2854166666667,99.3325416666667,93.4622916666667,NaN,NaN
2025-05-05 00:00:00,3622.5,13.7016666666667,3.40345833333333,64.7541666666667,2.68454166666667,272.3125,2.70095833333333,NaN,395.955908333333,132.849083333333,115.66325,-43.8320833333333,-16.6422916666667,0.963571428571429,17.1847083333333,-27.187625,-10.0024166666667,0.285416666666667,0.872166666666667,119.257916666667,0.285416666666667,106.940833333333,37.1913333333333,89.0170416666667,99.018375,NaN,NaN
2025-05-06 00:00:00,3646.5,13.7158333333333,-0.571583333333333,90.1604166666666,1.95875,216.113333333333,1.959125,NaN,460.137358333333,81.9994166666667,69.0657916666667,-6.46520833333333,-3.87920833333333,0.903571428571429,12.92275,-2.586375,10.3351666666667,0.148416666666667,0.409375,97.4629166666667,0.148416666666667,75.96875,8.45208333333333,75.531875,65.1940416666667,NaN,NaN
2025-05-07 00:00:00,3670.5,13.6191666666667,0.205041666666667,79.23,1.89133333333333,207.717083333333,1.894125,NaN,508.7341625,134.197333333333,135.303708333333,-28.0247083333333,-12.5962083333333,Inf,-1.10729166666666,-15.4282916666667,-16.5398333333333,0.0141666666666667,0.08125,109.279166666667,0.0141666666666667,64.1708333333333,0.0666666666666667,106.166916666667,122.707875,NaN,NaN
2025-05-08 00:00:00,3689.5,13.54,1.95807142857143,61.2871428571429,2.66685714285714,262.507142857143,2.67571428571429,NaN,511.800021428571,98.8358571428571,151.117357142857,-50.2428571428571,-24.1385714285714,2.076,-52.2915,-26.1060714285714,-78.4014285714286,0.0229285714285714,0.177214285714286,115.909285714286,0.0229285714285714,87.1835714285714,5.90557142857143,48.5885714285714,126.974928571429,NaN,NaN
2025-05-09 00:00:00,NaN,NaN,NaN,NaN,NaN,NaN,NaN,-0.139291893440275,NaN,NaN,NaN,NaN,NaN,NaN,NaN,NaN,NaN,NaN,NaN,NaN,NaN,NaN,NaN,NaN,NaN,NaN,NaN
2025-05-10 00:00:00,NaN,NaN,NaN,NaN,NaN,NaN,NaN,-0.139785543779242,NaN,NaN,NaN,NaN,NaN,NaN,NaN,NaN,NaN,NaN,NaN,NaN,NaN,NaN,NaN,NaN,NaN,NaN,NaN
2025-05-11 00:00:00,NaN,NaN,NaN,NaN,NaN,NaN,NaN,-0.14028969731691,NaN,NaN,NaN,NaN,NaN,NaN,NaN,NaN,NaN,NaN,NaN,NaN,NaN,NaN,NaN,NaN,NaN,NaN,NaN
2025-05-12 00:00:00,NaN,NaN,NaN,NaN,NaN,NaN,NaN,-0.140793850854578,NaN,NaN,NaN,NaN,NaN,NaN,NaN,NaN,NaN,NaN,NaN,NaN,NaN,NaN,NaN,NaN,NaN,NaN,NaN
2025-05-13 00:00:00,NaN,NaN,NaN,NaN,NaN,NaN,NaN,-0.141298004392247,NaN,NaN,NaN,NaN,NaN,NaN,NaN,NaN,NaN,NaN,NaN,NaN,NaN,NaN,NaN,NaN,NaN,NaN,NaN
2025-05-14 00:00:00,NaN,NaN,NaN,NaN,NaN,NaN,NaN,-0.141802157929915,NaN,NaN,NaN,NaN,NaN,NaN,NaN,NaN,NaN,NaN,NaN,NaN,NaN,NaN,NaN,NaN,NaN,NaN,NaN
2025-05-15 00:00:00,NaN,NaN,NaN,NaN,NaN,NaN,NaN,-0.142306311467583,NaN,NaN,NaN,NaN,NaN,NaN,NaN,NaN,NaN,NaN,NaN,NaN,NaN,NaN,NaN,NaN,NaN,NaN,NaN
2025-05-16 00:00:00,NaN,NaN,NaN,NaN,NaN,NaN,NaN,-0.142810465005252,NaN,NaN,NaN,NaN,NaN,NaN,NaN,NaN,NaN,NaN,NaN,NaN,NaN,NaN,NaN,NaN,NaN,NaN,NaN
2025-05-17 00:00:00,NaN,NaN,NaN,NaN,NaN,NaN,NaN,-0.14331461854292,NaN,NaN,NaN,NaN,NaN,NaN,NaN,NaN,NaN,NaN,NaN,NaN,NaN,NaN,NaN,NaN,NaN,NaN,NaN
2025-05-18 00:00:00,NaN,NaN,NaN,NaN,NaN,NaN,NaN,-0.143818772080588,NaN,NaN,NaN,NaN,NaN,NaN,NaN,NaN,NaN,NaN,NaN,NaN,NaN,NaN,NaN,NaN,NaN,NaN,NaN
2025-05-19 00:00:00,NaN,NaN,NaN,NaN,NaN,NaN,NaN,-0.144322925618256,NaN,NaN,NaN,NaN,NaN,NaN,NaN,NaN,NaN,NaN,NaN,NaN,NaN,NaN,NaN,NaN,NaN,NaN,NaN
2025-05-20 00:00:00,NaN,NaN,NaN,NaN,NaN,NaN,NaN,-0.144827079155925,NaN,NaN,NaN,NaN,NaN,NaN,NaN,NaN,NaN,NaN,NaN,NaN,NaN,NaN,NaN,NaN,NaN,NaN,NaN
2025-05-21 00:00:00,NaN,NaN,NaN,NaN,NaN,NaN,NaN,-0.145331232693593,NaN,NaN,NaN,NaN,NaN,NaN,NaN,NaN,NaN,NaN,NaN,NaN,NaN,NaN,NaN,NaN,NaN,NaN,NaN
2025-05-22 00:00:00,NaN,NaN,NaN,NaN,NaN,NaN,NaN,-0.145835386231261,NaN,NaN,NaN,NaN,NaN,NaN,NaN,NaN,NaN,NaN,NaN,NaN,NaN,NaN,NaN,NaN,NaN,NaN,NaN
2025-05-23 00:00:00,NaN,NaN,NaN,NaN,NaN,NaN,NaN,-0.14633953976893,NaN,NaN,NaN,NaN,NaN,NaN,NaN,NaN,NaN,NaN,NaN,NaN,NaN,NaN,NaN,NaN,NaN,NaN,NaN
2025-05-24 00:00:00,NaN,NaN,NaN,NaN,NaN,NaN,NaN,-0.146843693306598,NaN,NaN,NaN,NaN,NaN,NaN,NaN,NaN,NaN,NaN,NaN,NaN,NaN,NaN,NaN,NaN,NaN,NaN,NaN
2025-05-25 00:00:00,NaN,NaN,NaN,NaN,NaN,NaN,NaN,-0.147347846844266,NaN,NaN,NaN,NaN,NaN,NaN,NaN,NaN,NaN,NaN,NaN,NaN,NaN,NaN,NaN,NaN,NaN,NaN,NaN
2025-05-26 00:00:00,NaN,NaN,NaN,NaN,NaN,NaN,NaN,-0.147852000381935,NaN,NaN,NaN,NaN,NaN,NaN,NaN,NaN,NaN,NaN,NaN,NaN,NaN,NaN,NaN,NaN,NaN,NaN,NaN
2025-05-27 00:00:00,NaN,NaN,NaN,NaN,NaN,NaN,NaN,-0.148356153919603,NaN,NaN,NaN,NaN,NaN,NaN,NaN,NaN,NaN,NaN,NaN,NaN,NaN,NaN,NaN,NaN,NaN,NaN,NaN
2025-05-28 00:00:00,NaN,NaN,NaN,NaN,NaN,NaN,NaN,-0.148860307457271,NaN,NaN,NaN,NaN,NaN,NaN,NaN,NaN,NaN,NaN,NaN,NaN,NaN,NaN,NaN,NaN,NaN,NaN,NaN
2025-05-29 00:00:00,NaN,NaN,NaN,NaN,NaN,NaN,NaN,-0.149364460994939,NaN,NaN,NaN,NaN,NaN,NaN,NaN,NaN,NaN,NaN,NaN,NaN,NaN,NaN,NaN,NaN,NaN,NaN,NaN
2025-05-30 00:00:00,NaN,NaN,NaN,NaN,NaN,NaN,NaN,-0.149868614532608,NaN,NaN,NaN,NaN,NaN,NaN,NaN,NaN,NaN,NaN,NaN,NaN,NaN,NaN,NaN,NaN,NaN,NaN,NaN
2025-05-31 00:00:00,NaN,NaN,NaN,NaN,NaN,NaN,NaN,-0.150372768070276,NaN,NaN,NaN,NaN,NaN,NaN,NaN,NaN,NaN,NaN,NaN,NaN,NaN,NaN,NaN,NaN,NaN,NaN,NaN
2025-06-01 00:00:00,NaN,NaN,NaN,NaN,NaN,NaN,NaN,-0.150876921607944,NaN,NaN,NaN,NaN,NaN,NaN,NaN,NaN,NaN,NaN,NaN,NaN,NaN,NaN,NaN,NaN,NaN,NaN,NaN
2025-06-02 00:00:00,NaN,NaN,NaN,NaN,NaN,NaN,NaN,-0.151381075145613,NaN,NaN,NaN,NaN,NaN,NaN,NaN,NaN,NaN,NaN,NaN,NaN,NaN,NaN,NaN,NaN,NaN,NaN,NaN
2025-06-03 00:00:00,NaN,NaN,NaN,NaN,NaN,NaN,NaN,-0.151885228683281,NaN,NaN,NaN,NaN,NaN,NaN,NaN,NaN,NaN,NaN,NaN,NaN,NaN,NaN,NaN,NaN,NaN,NaN,NaN
2025-06-04 00:00:00,NaN,NaN,NaN,NaN,NaN,NaN,NaN,-0.152389382220949,NaN,NaN,NaN,NaN,NaN,NaN,NaN,NaN,NaN,NaN,NaN,NaN,NaN,NaN,NaN,NaN,NaN,NaN,NaN
2025-06-05 00:00:00,NaN,NaN,NaN,NaN,NaN,NaN,NaN,-0.152893535758617,NaN,NaN,NaN,NaN,NaN,NaN,NaN,NaN,NaN,NaN,NaN,NaN,NaN,NaN,NaN,NaN,NaN,NaN,NaN
2025-06-06 00:00:00,NaN,NaN,NaN,NaN,NaN,NaN,NaN,-0.153397689296286,NaN,NaN,NaN,NaN,NaN,NaN,NaN,NaN,NaN,NaN,NaN,NaN,NaN,NaN,NaN,NaN,NaN,NaN,NaN
2025-06-07 00:00:00,NaN,NaN,NaN,NaN,NaN,NaN,NaN,-0.153901842833954,NaN,NaN,NaN,NaN,NaN,NaN,NaN,NaN,NaN,NaN,NaN,NaN,NaN,NaN,NaN,NaN,NaN,NaN,NaN
2025-06-08 00:00:00,NaN,NaN,NaN,NaN,NaN,NaN,NaN,-0.154405996371622,NaN,NaN,NaN,NaN,NaN,NaN,NaN,NaN,NaN,NaN,NaN,NaN,NaN,NaN,NaN,NaN,NaN,NaN,NaN
2025-06-09 00:00:00,NaN,NaN,NaN,NaN,NaN,NaN,NaN,-0.154910149909291,NaN,NaN,NaN,NaN,NaN,NaN,NaN,NaN,NaN,NaN,NaN,NaN,NaN,NaN,NaN,NaN,NaN,NaN,NaN
2025-06-10 00:00:00,NaN,NaN,NaN,NaN,NaN,NaN,NaN,-0.155414303446959,NaN,NaN,NaN,NaN,NaN,NaN,NaN,NaN,NaN,NaN,NaN,NaN,NaN,NaN,NaN,NaN,NaN,NaN,NaN
2025-06-11 00:00:00,NaN,NaN,NaN,NaN,NaN,NaN,NaN,-0.155918456984627,NaN,NaN,NaN,NaN,NaN,NaN,NaN,NaN,NaN,NaN,NaN,NaN,NaN,NaN,NaN,NaN,NaN,NaN,NaN
2025-06-12 00:00:00,NaN,NaN,NaN,NaN,NaN,NaN,NaN,-0.156422610522295,NaN,NaN,NaN,NaN,NaN,NaN,NaN,NaN,NaN,NaN,NaN,NaN,NaN,NaN,NaN,NaN,NaN,NaN,NaN
2025-06-13 00:00:00,NaN,NaN,NaN,NaN,NaN,NaN,NaN,-0.156926764059964,NaN,NaN,NaN,NaN,NaN,NaN,NaN,NaN,NaN,NaN,NaN,NaN,NaN,NaN,NaN,NaN,NaN,NaN,NaN
2025-06-14 00:00:00,NaN,NaN,NaN,NaN,NaN,NaN,NaN,-0.157430917597632,NaN,NaN,NaN,NaN,NaN,NaN,NaN,NaN,NaN,NaN,NaN,NaN,NaN,NaN,NaN,NaN,NaN,NaN,NaN
2025-06-15 00:00:00,NaN,NaN,NaN,NaN,NaN,NaN,NaN,-0.1579350711353,NaN,NaN,NaN,NaN,NaN,NaN,NaN,NaN,NaN,NaN,NaN,NaN,NaN,NaN,NaN,NaN,NaN,NaN,NaN
2025-06-16 00:00:00,NaN,NaN,NaN,NaN,NaN,NaN,NaN,-0.158439224672969,NaN,NaN,NaN,NaN,NaN,NaN,NaN,NaN,NaN,NaN,NaN,NaN,NaN,NaN,NaN,NaN,NaN,NaN,NaN
2025-06-17 00:00:00,NaN,NaN,NaN,NaN,NaN,NaN,NaN,-0.158943378210637,NaN,NaN,NaN,NaN,NaN,NaN,NaN,NaN,NaN,NaN,NaN,NaN,NaN,NaN,NaN,NaN,NaN,NaN,NaN
2025-06-18 00:00:00,NaN,NaN,NaN,NaN,NaN,NaN,NaN,-0.159447531748305,NaN,NaN,NaN,NaN,NaN,NaN,NaN,NaN,NaN,NaN,NaN,NaN,NaN,NaN,NaN,NaN,NaN,NaN,NaN
2025-06-19 00:00:00,NaN,NaN,NaN,NaN,NaN,NaN,NaN,-0.159951685285973,NaN,NaN,NaN,NaN,NaN,NaN,NaN,NaN,NaN,NaN,NaN,NaN,NaN,NaN,NaN,NaN,NaN,NaN,NaN
2025-06-20 00:00:00,NaN,NaN,NaN,NaN,NaN,NaN,NaN,-0.160455838823642,NaN,NaN,NaN,NaN,NaN,NaN,NaN,NaN,NaN,NaN,NaN,NaN,NaN,NaN,NaN,NaN,NaN,NaN,NaN
2025-06-21 00:00:00,NaN,NaN,NaN,NaN,NaN,NaN,NaN,-0.16095999236131,NaN,NaN,NaN,NaN,NaN,NaN,NaN,NaN,NaN,NaN,NaN,NaN,NaN,NaN,NaN,NaN,NaN,NaN,NaN
2025-06-22 00:00:00,NaN,NaN,NaN,NaN,NaN,NaN,NaN,-0.161464145898978,NaN,NaN,NaN,NaN,NaN,NaN,NaN,NaN,NaN,NaN,NaN,NaN,NaN,NaN,NaN,NaN,NaN,NaN,NaN
2025-06-23 00:00:00,NaN,NaN,NaN,NaN,NaN,NaN,NaN,-0.161968299436647,NaN,NaN,NaN,NaN,NaN,NaN,NaN,NaN,NaN,NaN,NaN,NaN,NaN,NaN,NaN,NaN,NaN,NaN,NaN
2025-06-24 00:00:00,NaN,NaN,NaN,NaN,NaN,NaN,NaN,-0.162472452974315,NaN,NaN,NaN,NaN,NaN,NaN,NaN,NaN,NaN,NaN,NaN,NaN,NaN,NaN,NaN,NaN,NaN,NaN,NaN
2025-06-25 00:00:00,NaN,NaN,NaN,NaN,NaN,NaN,NaN,-0.162976606511983,NaN,NaN,NaN,NaN,NaN,NaN,NaN,NaN,NaN,NaN,NaN,NaN,NaN,NaN,NaN,NaN,NaN,NaN,NaN
2025-06-26 00:00:00,NaN,NaN,NaN,NaN,NaN,NaN,NaN,-0.163480760049651,NaN,NaN,NaN,NaN,NaN,NaN,NaN,NaN,NaN,NaN,NaN,NaN,NaN,NaN,NaN,NaN,NaN,NaN,NaN
2025-06-27 00:00:00,NaN,NaN,NaN,NaN,NaN,NaN,NaN,-0.16398491358732,NaN,NaN,NaN,NaN,NaN,NaN,NaN,NaN,NaN,NaN,NaN,NaN,NaN,NaN,NaN,NaN,NaN,NaN,NaN
2025-06-28 00:00:00,NaN,NaN,NaN,NaN,NaN,NaN,NaN,-0.164489067124988,NaN,NaN,NaN,NaN,NaN,NaN,NaN,NaN,NaN,NaN,NaN,NaN,NaN,NaN,NaN,NaN,NaN,NaN,NaN
2025-06-29 00:00:00,NaN,NaN,NaN,NaN,NaN,NaN,NaN,-0.164993220662656,NaN,NaN,NaN,NaN,NaN,NaN,NaN,NaN,NaN,NaN,NaN,NaN,NaN,NaN,NaN,NaN,NaN,NaN,NaN
2025-06-30 00:00:00,NaN,NaN,NaN,NaN,NaN,NaN,NaN,-0.165497374200325,NaN,NaN,NaN,NaN,NaN,NaN,NaN,NaN,NaN,NaN,NaN,NaN,NaN,NaN,NaN,NaN,NaN,NaN,NaN
2025-07-01 00:00:00,NaN,NaN,NaN,NaN,NaN,NaN,NaN,-0.166001527737993,NaN,NaN,NaN,NaN,NaN,NaN,NaN,NaN,NaN,NaN,NaN,NaN,NaN,NaN,NaN,NaN,NaN,NaN,NaN
2025-07-02 00:00:00,NaN,NaN,NaN,NaN,NaN,NaN,NaN,-0.166505681275661,NaN,NaN,NaN,NaN,NaN,NaN,NaN,NaN,NaN,NaN,NaN,NaN,NaN,NaN,NaN,NaN,NaN,NaN,NaN
2025-07-03 00:00:00,NaN,NaN,NaN,NaN,NaN,NaN,NaN,-0.16700983481333,NaN,NaN,NaN,NaN,NaN,NaN,NaN,NaN,NaN,NaN,NaN,NaN,NaN,NaN,NaN,NaN,NaN,NaN,NaN
2025-07-04 00:00:00,NaN,NaN,NaN,NaN,NaN,NaN,NaN,-0.167513988350998,NaN,NaN,NaN,NaN,NaN,NaN,NaN,NaN,NaN,NaN,NaN,NaN,NaN,NaN,NaN,NaN,NaN,NaN,NaN
2025-07-05 00:00:00,NaN,NaN,NaN,NaN,NaN,NaN,NaN,-0.168018141888666,NaN,NaN,NaN,NaN,NaN,NaN,NaN,NaN,NaN,NaN,NaN,NaN,NaN,NaN,NaN,NaN,NaN,NaN,NaN
2025-07-06 00:00:00,NaN,NaN,NaN,NaN,NaN,NaN,NaN,-0.168522295426334,NaN,NaN,NaN,NaN,NaN,NaN,NaN,NaN,NaN,NaN,NaN,NaN,NaN,NaN,NaN,NaN,NaN,NaN,NaN
2025-07-07 00:00:00,NaN,NaN,NaN,NaN,NaN,NaN,NaN,-0.169026448964003,NaN,NaN,NaN,NaN,NaN,NaN,NaN,NaN,NaN,NaN,NaN,NaN,NaN,NaN,NaN,NaN,NaN,NaN,NaN
2025-07-08 00:00:00,NaN,NaN,NaN,NaN,NaN,NaN,NaN,-0.169530602501671,NaN,NaN,NaN,NaN,NaN,NaN,NaN,NaN,NaN,NaN,NaN,NaN,NaN,NaN,NaN,NaN,NaN,NaN,NaN
2025-07-09 00:00:00,NaN,NaN,NaN,NaN,NaN,NaN,NaN,-0.170034756039339,NaN,NaN,NaN,NaN,NaN,NaN,NaN,NaN,NaN,NaN,NaN,NaN,NaN,NaN,NaN,NaN,NaN,NaN,NaN
2025-07-10 00:00:00,NaN,NaN,NaN,NaN,NaN,NaN,NaN,-0.170538909577008,NaN,NaN,NaN,NaN,NaN,NaN,NaN,NaN,NaN,NaN,NaN,NaN,NaN,NaN,NaN,NaN,NaN,NaN,NaN
2025-07-11 00:00:00,NaN,NaN,NaN,NaN,NaN,NaN,NaN,-0.171043063114676,NaN,NaN,NaN,NaN,NaN,NaN,NaN,NaN,NaN,NaN,NaN,NaN,NaN,NaN,NaN,NaN,NaN,NaN,NaN
2025-07-12 00:00:00,NaN,NaN,NaN,NaN,NaN,NaN,NaN,-0.171547216652344,NaN,NaN,NaN,NaN,NaN,NaN,NaN,NaN,NaN,NaN,NaN,NaN,NaN,NaN,NaN,NaN,NaN,NaN,NaN
2025-07-13 00:00:00,NaN,NaN,NaN,NaN,NaN,NaN,NaN,-0.172051370190012,NaN,NaN,NaN,NaN,NaN,NaN,NaN,NaN,NaN,NaN,NaN,NaN,NaN,NaN,NaN,NaN,NaN,NaN,NaN
2025-07-14 00:00:00,NaN,NaN,NaN,NaN,NaN,NaN,NaN,-0.172555523727681,NaN,NaN,NaN,NaN,NaN,NaN,NaN,NaN,NaN,NaN,NaN,NaN,NaN,NaN,NaN,NaN,NaN,NaN,NaN
2025-07-15 00:00:00,NaN,NaN,NaN,NaN,NaN,NaN,NaN,-0.173059677265349,NaN,NaN,NaN,NaN,NaN,NaN,NaN,NaN,NaN,NaN,NaN,NaN,NaN,NaN,NaN,NaN,NaN,NaN,NaN
2025-07-16 00:00:00,NaN,NaN,NaN,NaN,NaN,NaN,NaN,-0.173563830803017,NaN,NaN,NaN,NaN,NaN,NaN,NaN,NaN,NaN,NaN,NaN,NaN,NaN,NaN,NaN,NaN,NaN,NaN,NaN
2025-07-17 00:00:00,7,13.714,17.8893333333333,29.424,2.5224,278.826666666667,2.60366666666667,-0.174067984340686,338.042946666667,378.0886,52.0514,-89.7253333333333,41.0921333333333,-0.1576,325.9868,-130.815333333333,195.168666666667,0.640466666666667,1.4352,195.483333333333,0.640466666666667,194.917333333333,50.7426666666667,288.344933333333,93.1405333333334,NaN,NaN
2025-07-18 00:00:00,26.5,13.5358333333333,15.3654166666667,42.7283333333333,2.546,256.7625,2.616375,-0.180061519303606,331.201325,189.271125,26.6374583333333,-63.1814583333333,11.5512083333333,Inf,162.6235,-74.7279166666667,87.892625,0.779958333333333,1.58691666666667,195.670833333333,0.779958333333333,196.141666666667,38.7566666666667,126.097916666667,38.1897916666667,NaN,NaN
2025-07-19 00:00:00,50.5,13.57,14.4270833333333,47.1670833333333,2.610125,228.970833333333,2.67791666666667,-0.184987179487179,348.184354166667,212.583708333333,30.3715833333333,-75.1075,12.0788333333333,Inf,182.230916666667,-87.1820833333333,95.0485,0.748291666666667,1.45283333333333,209.241666666667,0.748291666666667,202.945833333333,36.85875,137.497916666667,42.4482083333333,NaN,NaN
2025-07-20 00:00:00,74.5,13.52125,16.0808333333333,33.5145833333333,2.539875,240.825,2.61366666666667,-0.161582264957265,346.176070833333,290.637125,43.6446666666667,-99.1083333333333,25.56,Inf,247.002041666667,-124.6675,122.362791666667,0.62475,1.30291666666667,205.455416666667,0.62475,202.875,34.5272916666667,191.569166666667,69.2009166666667,NaN,NaN
2025-07-21 00:00:00,98.5,13.53375,16.2795833333333,33.7908333333333,2.593375,236.570833333333,2.66925,-0.189673611111111,331.15495,174.393375,26.5872083333333,-80.5879166666667,9.81633333333333,-0.45085,147.818791666667,-90.4054166666667,57.4125,0.717416666666667,1.444875,188.63,0.717416666666667,194.395833333333,32.1979166666667,93.8127916666667,36.405,NaN,NaN
2025-07-22 00:00:00,122.5,13.5079166666667,16.23375,42.1329166666667,2.58425,257.825,2.659875,-0.189405797101449,337.893433333333,212.326458333333,31.40175,-74.8679166666667,17.378125,Inf,180.931875,-92.25375,88.6704166666667,0.657916666666666,1.37483333333333,207.904166666667,0.657916666666666,210.6125,45.9183333333333,137.454708333333,48.7750833333333,NaN,NaN
2025-07-23 00:00:00,146.5,13.515,14.3108333333333,49.41375,2.57529166666667,260.725,2.64158333333333,-0.163542119565217,336.302966666667,226.398791666667,32.5487916666667,-61.0565833333333,23.3372916666667,Inf,193.861666666667,-84.3990416666667,109.458375,0.535,1.19525,173.765416666667,0.535,189.324583333333,47.795,165.358833333333,55.8873333333333,NaN,NaN
2025-07-24 00:00:00,170.5,13.5358333333333,14.8401666666667,45.15,2.57491666666667,221.675,2.64391666666667,-0.180807598039216,347.837675,225.617666666667,33.6206666666667,-79.4299583333333,13.9685416666667,Inf,191.995708333333,-93.4044166666667,98.6047916666667,0.494541666666667,1.17525,202.84675,0.494541666666667,177.306666666667,42.6241666666667,146.2005,47.5863333333333,NaN,NaN
2025-07-25 00:00:00,194.5,13.4845833333333,15.9929166666667,32.0070833333333,2.55975,256.408333333333,2.633375,-0.15559418767507,346.188483333333,278.6675,43.3977916666667,-100.205,24.2242083333333,Inf,235.257291666667,-124.432083333333,110.825416666667,0.531,1.25541666666667,201.800833333333,0.531,198.929166666667,51.0395833333333,178.458625,67.6207083333333,NaN,NaN
2025-07-26 00:00:00,218.5,13.50625,17.4120833333333,22.0729166666667,2.56304166666667,241.7125,2.643375,-0.150619047619048,332.595241666667,273.842166666667,42.672375,-105.4925,23.3595,Inf,231.235125,-128.85,102.357083333333,0.843875,1.61154166666667,188.984166666667,0.843875,192.570833333333,40.4041666666667,168.371958333333,66.0310416666667,NaN,NaN
2025-07-27 00:00:00,242.5,13.4670833333333,17.9120833333333,15.4679166666667,2.47920833333333,245.35,2.55895833333333,-0.0760224358974359,325.979179166667,284.702125,44.6864166666667,-111.568333333333,25.0949166666667,Inf,240.002833333333,-136.657083333333,103.336666666667,0.883291666666667,1.70220833333333,187.598333333333,0.883291666666667,195.795833333333,38.9070833333333,173.085875,69.7844166666667,-111.075,-18.5125
2025-07-28 00:00:00,266.5,13.4575,18.515,18.5791666666667,2.54804166666667,232.1625,2.632625,-0.166019230769231,327.968933333333,259.483458333333,41.6329166666667,-100.3775,23.6796666666667,Inf,217.875958333333,-124.054166666667,93.8211666666667,0.554416666666667,1.31920833333333,197.335416666667,0.554416666666667,195.54625,43.5691666666667,159.132458333333,65.3131666666667,-95.4,-17.6566666666667
2025-07-29 00:00:00,290.5,13.5383333333333,15.85625,35.98875,2.63508333333333,199.075,2.7105,-0.210541666666667,319.393533333333,126.068916666667,17.2235,-64.2141666666667,5.91425,Inf,108.843125,-70.13125,38.7079166666667,0.417166666666667,1.12220833333333,162.84125,0.417166666666667,172.2525,40.0408333333333,61.8470833333333,23.1375,-67.085,-8.5005
2025-07-30 00:00:00,314.5,13.5745833333333,11.6302083333333,63.8495833333333,2.61620833333333,251.470833333333,2.671,-0.18575,327.97775,188.061791666667,29.706125,-67.140625,18.098625,Inf,158.360416666667,-85.2414166666667,73.1111666666667,0.307666666666667,0.93125,158.141833333333,0.307666666666667,172.135416666667,40.81625,120.917875,47.806625,-65.205,-3.33
2025-07-31 00:00:00,338.5,13.5270833333333,11.7044583333333,52.0425,2.59716666666667,241.333333333333,2.65154166666667,-0.19175,337.1690625,184.444291666667,26.049375,-69.8525,2.4235,0.020625,158.404166666667,-72.2733333333333,86.125375,0.500375,1.11108333333333,203.831666666667,0.500375,206.6675,35.666875,114.591833333333,28.4742083333333,NaN,NaN
2025-08-01 00:00:00,362.5,13.5433333333333,13.98625,37.5645833333333,2.50558333333333,244.145833333333,2.56841666666667,-0.178419507575758,336.175016666667,246.121791666667,36.99025,-95.94375,6.692625,Inf,209.154583333333,-102.625833333333,106.533125,1.117,1.91908333333333,198.241666666667,1.117,199.225,32.1658333333333,150.202916666667,43.6829166666667,NaN,NaN
2025-08-02 00:00:00,386.5,13.5158333333333,12.0005416666667,49.5658333333333,2.51058333333333,252.766666666667,2.56533333333333,-0.17782196969697,333.997595833333,148.825291666667,21.46325,-59.6225416666667,3.233625,Inf,127.3595,-62.85725,64.5015416666667,0.747333333333333,1.46045833333333,202.937083333333,0.747333333333333,197.2875,36.0975,89.19575,24.6976666666667,NaN,NaN
2025-08-03 00:00:00,410.5,13.5216666666667,13.835,30.9833333333333,2.612625,255.525,2.67783333333333,-0.183390467171717,345.1633625,282.082708333333,40.13475,-106.0625,4.95370833333333,-0.386095238095238,241.985291666667,-111.00875,130.980875,0.494166666666667,1.01570833333333,206.920416666667,0.494166666666667,218.716666666667,39.01625,176.052666666667,45.0905,NaN,NaN
2025-08-04 00:00:00,434.5,13.4683333333333,17.3766666666667,14.9395833333333,2.59979166666667,277.070833333333,2.68104166666667,-0.188970588235294,345.1988625,276.86125,45.2841666666667,-117.495833333333,12.1152083333333,Inf,231.569875,-129.605,101.965,0.483,1.05225,225.508333333333,0.483,203.733333333333,39.9820833333333,159.335416666667,57.3935833333333,NaN,NaN
2025-08-05 00:00:00,458.5,13.4895833333333,17.8925,8.93383333333333,2.54883333333333,262.270833333333,2.63075,-0.177394117647059,322.0792375,277.17925,47.7895,-126.920833333333,15.699625,Inf,229.319041666667,-142.6075,86.720625,0.987291666666667,1.86470833333333,214.620833333333,0.987291666666667,212.558333333333,37.1283333333333,150.2025,63.484125,-112.4,-21.76
2025-08-06 00:00:00,482.5,13.465,18.4908333333333,14.1229166666667,2.56245833333333,272.525,2.647375,-0.165817647058824,325.815733333333,254.65525,42.6460416666667,-112.78375,16.151625,Inf,212.067625,-128.925,83.1266666666667,0.635833333333333,1.39379166666667,208.873333333333,0.635833333333333,219.3875,43.8525,141.924583333333,58.7977083333333,-111.542857142857,-23.7457142857143
2025-08-07 00:00:00,506.5,13.43875,19.0691666666667,20.37625,2.47541666666667,244.304166666667,2.55995833333333,-0.142913480392157,321.108875,228.882833333333,36.8044583333333,-101.262916666667,14.6265833333333,Inf,192.093083333333,-115.885416666667,76.2220833333333,0.952875,1.9425,212.5875,0.952875,212.595833333333,42.1033333333333,127.640291666667,51.4309166666667,-109.1,-16.28
2025-08-08 00:00:00,530.5,13.4895833333333,17.2958333333333,21.8625,2.54695833333333,269.970833333333,2.62616666666667,-0.132892156862745,317.679608333333,226.605958333333,37.8319166666667,-94.5729166666667,19.2491666666667,Inf,188.762375,-113.816666666667,74.9443333333333,0.973625,1.95358333333333,208.639166666667,0.973625,207.966666666667,43.7070833333333,132.029958333333,57.0884583333334,-86.48,-10.3845833333333
2025-08-09 00:00:00,554.5,13.5254166666667,13.5945833333333,26.8029166666667,2.52595833333333,268.629166666667,2.587875,-0.155441176470588,320.081133333333,227.092666666667,37.3009583333333,-80.885,23.6084583333333,-0.258333333333333,189.777416666667,-104.491666666667,85.2885,0.758416666666667,1.51358333333333,202.283333333333,0.758416666666667,205.908333333333,46.06375,146.192916666667,60.9096666666667,-67.7025,0.6754375
2025-08-10 00:00:00,578.5,13.5375,11.696625,45.3420833333333,2.50104166666667,290.5375,2.55366666666667,-0.168711764705882,322.633270833333,225.335125,36.2142083333333,-91.4583333333334,20.9285833333333,Inf,189.120708333333,-112.389166666667,76.7406666666667,0.342458333333333,0.88725,220.49125,0.342458333333333,176.465,43.5325,133.887583333333,57.149625,-73.8978571428571,2.66764285714286
2025-08-11 00:00:00,602.5,13.5479166666667,12.2349583333333,42.2729166666667,2.55083333333333,275.091666666667,2.60695833333333,-0.181982352941176,323.118708333333,177.964083333333,28.7344166666667,-70.7595833333333,15.3028333333333,Inf,149.240916666667,-86.0683333333333,63.1681666666667,0.226583333333333,0.644958333333333,173.459583333333,0.226583333333333,91.1591666666666,34.476625,107.209166666667,44.03525,-58.862,-3.2886
2025-08-12 00:00:00,626.5,13.4795833333333,14.671875,40.2983333333333,2.57745833333333,255.029166666667,2.64520833333333,-0.173665257352941,325.6767375,247.242375,38.888625,-95.4995833333333,21.0859583333333,Inf,208.363708333333,-116.587083333333,91.7729166666667,0.253083333333333,0.717625,204.179625,0.253083333333333,198.617916666667,40.8258333333333,151.750541666667,59.982375,-79.4275,-7.629625
2025-08-13 00:00:00,650.5,13.4466666666667,18.5608333333333,21.3129166666667,2.56995833333333,243.741666666667,2.65541666666667,-0.199640625,324.929416666667,291.9795,47.518125,-113.733333333333,22.8885833333333,-0.725380952380952,244.426166666667,-136.620416666667,107.817625,0.514,1.16470833333333,225.964583333333,0.514,224.2,38.8645,178.220416666667,70.4067916666666,-92.1,-16.4688888888889
2025-08-14 00:00:00,674.5,13.45,18.6104166666667,23.9525,2.517875,255.483333333333,2.60175,-0.195541666666667,320.543008333333,186.288625,31.028375,-89.47625,11.6192916666667,Inf,155.261083333333,-101.09625,54.1700416666667,0.459625,1.100875,204.030416666667,0.459625,202.61625,43.1692083333333,96.8087916666667,42.6405833333333,-82.41,-15.5725555555556
2025-08-15 00:00:00,698.5,13.4933333333333,16.2783333333333,42.2545833333333,2.56045833333333,233.8125,2.635,-0.194875,320.662558333333,134.636458333333,23.7747083333333,-59.344875,9.70779166666667,Inf,110.85775,-69.0549166666667,41.8050416666667,0.399625,1.01558333333333,194.504166666667,0.399625,163.1075,34.566875,75.29,33.48225,-73.3675,-9.60325
2025-08-16 00:00:00,722.5,13.4970833333333,14.29,54.62875,2.60120833333333,236.504166666667,2.668,-0.1908,326.155408333333,206.120125,29.169125,-58.2402083333333,12.49975,-0.106578947368421,176.93625,-70.738875,106.198416666667,0.67875,1.335375,206.716666666667,0.67875,194.041666666667,37.9054166666667,147.862041666667,41.67,NaN,NaN
2025-08-17 00:00:00,746.5,13.5158333333333,14.57875,39.9554166666667,2.479125,236.645833333333,2.54375,-0.188241666666667,324.9166375,215.665375,33.3691666666667,-88.4033333333333,14.2440833333333,Inf,182.285083333333,-102.64375,79.6452083333333,0.662375,1.365,207.266666666667,0.662375,203.791666666667,32.478875,127.265416666667,47.610875,NaN,NaN
2025-08-18 00:00:00,770.5,13.45125,16.7070833333333,33.6695833333333,2.54983333333333,255.55,2.62604166666667,-0.181854166666667,329.45735,241.646958333333,38.03375,-95.1825,19.7602083333333,Inf,203.615041666667,-114.942083333333,88.65875,0.25525,0.655208333333333,190.734,0.25525,129.069583333333,34.515625,146.457916666667,57.79675,NaN,NaN
2025-08-19 00:00:00,794.5,13.44375,16.8958333333333,41.28625,2.525875,251.754166666667,2.60220833333333,-0.189229166666667,328.6860375,209.9835,33.2860416666667,-90.3966666666667,16.8417916666667,Inf,176.699458333333,-107.239166666667,69.4541666666667,0.440666666666667,1.04341666666667,181.70375,0.440666666666667,176.1475,37.2505416666667,119.585833333333,50.1247916666667,NaN,NaN
2025-08-20 00:00:00,818.5,13.4191666666667,18.8291666666667,29.36375,2.516,264.708333333333,2.60054166666667,-0.206444444444444,331.834645833333,233.713041666667,38.383,-103.397916666667,19.3699166666667,Inf,195.305083333333,-122.760833333333,72.5416666666666,0.592625,1.24925,181.630416666667,0.592625,169.92125,39.85375,130.315,57.76575,NaN,NaN
2025-08-21 00:00:00,842.5,13.4270833333333,19.3066666666667,33.66,2.533875,301.8,2.62154166666667,-0.209126984126984,326.713816666667,175.409833333333,29.853875,-92.1379166666667,11.2479166666667,Inf,145.552166666667,-103.385,42.17,0.48475,1.06533333333333,169.73875,0.48475,152.498333333333,38.6697916666667,83.2638333333333,41.0960833333333,NaN,NaN
2025-08-22 00:00:00,866.5,13.51375,15.92625,57.0775,2.625125,228.429166666667,2.70033333333333,-0.212095238095238,325.3855125,168.051958333333,22.4392083333333,-55.584,5.79729166666667,Inf,145.608958333333,-61.38625,84.2262916666667,0.399041666666667,0.964875,155.584958333333,0.399041666666667,151.829166666667,35.9749166666667,112.451666666667,28.2312916666667,NaN,NaN
2025-08-23 00:00:00,890.5,13.4833333333333,14.1766666666667,66.89,2.52566666666667,254.133333333333,2.58925,-0.195,330.325804166667,207.040791666667,32.111,-65.2602916666667,22.2770833333333,-0.240277777777778,174.91075,-87.5391666666667,87.3704583333333,0.222791666666667,0.668916666666667,151.068791666667,0.222791666666667,113.249583333333,34.86525,141.761583333333,54.3885416666667,NaN,NaN
2025-08-24 00:00:00,914.5,13.52625,13.7841666666667,50.84625,2.54170833333333,239.416666666667,2.604375,-0.154578125,328.631445833333,143.222666666667,21.104625,-51.5202083333334,9.254375,Inf,122.119208333333,-60.7720833333333,61.340625,0.440625,0.952083333333333,209.276666666667,0.440625,187.733333333333,27.8874583333333,91.7020833333333,30.357625,NaN,NaN
2025-08-25 00:00:00,938.5,13.5625,10.5952083333333,74.3758333333333,2.63870833333333,236.1375,2.689375,-0.182432291666667,329.122404166667,100.100125,13.7750833333333,-33.867625,9.94466666666667,Inf,86.324,-43.8116666666667,42.5126666666667,0.189875,0.646083333333333,142.739041666667,0.189875,124.237291666667,32.0165833333333,66.2291666666667,23.7219166666667,NaN,NaN
2025-08-26 00:00:00,962.5,13.5170833333333,10.52525,74.8716666666667,2.573,250.316666666667,2.62220833333333,-0.183097826086957,342.409975,126.9455,19.756,-38.4714583333333,10.0166666666667,Inf,107.191041666667,-48.4900416666667,58.71075,0.271041666666667,0.669291666666667,196.172916666667,0.271041666666667,140.067083333333,23.8729166666667,88.48325,29.773,NaN,NaN
2025-08-27 00:00:00,986.5,13.5775,9.78583333333333,81.535,2.632875,262.004166666667,2.679625,-0.190336956521739,436.954308333333,112.864833333333,12.869625,-18.0255833333333,5.19045833333333,0.0329999999999999,99.99525,-23.21625,76.781125,0.853125,1.62058333333333,200.925,0.853125,194.8,26.8404166666667,94.8439583333333,18.05925,NaN,NaN
2025-08-28 00:00:00,1010.5,13.5733333333333,10.2185416666667,69.7670833333333,2.66958333333333,244.183333333333,2.71883333333333,-0.186486050724638,425.761158333333,162.741083333333,21.4778333333333,-43.5015833333333,4.74854166666667,Inf,141.265625,-48.2486666666667,93.016625,0.712958333333333,1.37470833333333,212.770833333333,0.712958333333333,207.604166666667,30.4279166666667,119.234041666667,26.2286666666667,NaN,NaN
2025-08-29 00:00:00,1034.5,13.5045833333333,9.108875,74.8041666666667,2.67908333333333,278.691666666667,2.72308333333333,-0.140542857142857,408.0408875,92.5547083333334,12.1515,-44.6511666666667,1.56829166666667,Inf,80.3964166666667,-46.2158333333333,34.1862916666667,0.38025,0.832541666666667,192.102916666667,0.38025,196.674166666667,31.44375,47.907875,13.7219166666667,NaN,NaN
2025-08-30 00:00:00,1058.5,13.5358333333333,8.15258333333333,72.92375,2.58354166666667,255.533333333333,2.6215,-0.145768948412698,426.83875,162.392,20.2529583333333,-33.4498333333333,9.15304166666666,-0.5646,142.142916666667,-42.6032916666667,99.5405416666667,0.256625,0.726916666666667,178.820416666667,0.256625,155.831666666667,35.2562916666667,128.936625,29.405375,NaN,NaN
2025-08-31 00:00:00,1082.5,13.5129166666667,10.81675,41.4820833333333,2.56,263.991666666667,2.609875,-0.142463633040936,404.564808333333,257.779208333333,38.860125,-101.603333333333,12.0425,Inf,218.852666666667,-113.64125,105.205416666667,0.209791666666667,0.606166666666667,200.244166666667,0.209791666666667,163.39875,38.57125,156.10625,50.90225,NaN,NaN
2025-09-01 00:00:00,1106.5,13.4783333333333,12.4677083333333,32.2945833333333,2.54579166666667,255.4625,2.60204166666667,-0.110789473684211,374.4251375,248.095625,39.4680833333333,-109.766666666667,17.343625,-0.0548571428571429,208.636416666667,-127.120833333333,81.5168333333333,0.286458333333333,0.7595,163.25375,0.286458333333333,130.0475,30.889125,138.330416666667,56.82025,NaN,NaN
2025-09-02 00:00:00,1130.5,13.4933333333333,12.6920833333333,33.165,2.54075,264,2.59841666666667,-0.148684210526316,356.2915125,183.277833333333,29.9973333333333,-89.2708333333333,10.909,Inf,153.27175,-100.185833333333,53.0870833333333,0.206875,0.573958333333333,186.96375,0.206875,116.348333333333,27.4387083333333,93.9922916666667,40.9067083333333,NaN,NaN
2025-09-03 00:00:00,1154.5,13.4691666666667,14.3154166666667,28.1645833333333,2.56625,278.145833333333,2.63220833333333,-0.168100877192982,353.758775,217.840458333333,34.5919583333333,-101.916666666667,13.0852083333333,Inf,183.259458333333,-114.997083333333,68.2611666666667,0.277208333333333,0.835416666666667,182.111916666667,0.277208333333333,180.316666666667,45.9634166666667,115.945,47.6781666666667,NaN,NaN
2025-09-04 00:00:00,1178.5,13.47,14.0575,29.91,2.54991666666667,274.65,2.61433333333333,-0.161428571428571,341.502079166667,198.726416666667,32.4237083333333,-90.4141666666667,15.5107916666667,-0.454526315789474,166.280458333333,-105.9325,60.355625,0.425541666666667,1.03608333333333,214.49625,0.425541666666667,232.3,44.2054166666667,108.287375,47.9399166666667,NaN,NaN
2025-09-05 00:00:00,1202.5,13.5408333333333,9.71525,62.2358333333333,2.52208333333333,249.0875,2.56583333333333,-0.169744047619048,352.572495833333,192.10325,29.4005,-70.2821666666667,13.0674166666667,Inf,162.701708333333,-83.3466666666666,79.3471666666667,0.485125,1.11870833333333,170.954583333333,0.485125,168.169291666667,45.9533333333333,121.815916666667,42.4720833333333,NaN,NaN
2025-09-06 00:00:00,1226.5,13.4858333333333,10.9645833333333,43.1629166666667,2.54733333333333,255.433333333333,2.59725,-0.201794808201058,348.093816666667,190.949916666667,31.6558333333333,-76.71375,13.320125,Inf,159.312041666667,-90.0329166666667,69.2754166666667,0.755833333333333,1.48329166666667,217.008333333333,0.755833333333333,208.15,34.4504166666667,114.259625,44.9745416666667,NaN,NaN
2025-09-07 00:00:00,1250.5,13.5095833333333,10.4904166666667,58.6833333333333,2.55279166666667,252.5375,2.60083333333333,-0.203777612433862,387.836458333333,155.830416666667,22.290625,-43.349875,4.36095833333333,Inf,133.548708333333,-47.7118333333333,85.8366666666666,0.763708333333333,1.583375,190.206666666667,0.763708333333333,199.529166666667,37.0854166666667,112.489916666667,26.65375,NaN,NaN
2025-09-08 00:00:00,1274.5,13.5354166666667,10.76775,48.9195833333333,2.60229166666667,221.0375,2.65258333333333,-0.189686507936508,402.970158333333,171.45675,26.2660833333333,-81.57,1.55125,Inf,145.186625,-83.1195833333333,62.0658333333333,0.6025,1.31825,227.66625,0.6025,186.697541666667,42.5470833333333,89.8977916666667,27.8195416666667,NaN,NaN
2025-09-09 00:00:00,1298.5,13.5170833333333,11.5712083333333,42.9516666666667,2.60470833333333,219.579166666667,2.659,-0.205541666666667,393.7709625,158.53,24.2535833333333,-75.4195833333333,2.21116666666667,-0.237933333333333,134.279458333333,-77.63625,56.65125,0.548875,1.343375,188.315416666667,0.548875,185.251541666667,36.0277083333333,83.10875,26.4609166666667,NaN,NaN
2025-09-10 00:00:00,1322.5,13.46625,14.47625,35.8320833333333,2.578875,242.5625,2.64583333333333,-0.212354166666667,412.6343125,238.11325,36.6014166666667,-92.5708333333333,8.45358333333333,Inf,201.469458333333,-101.025416666667,100.44625,0.803333333333333,1.70220833333333,195.491666666667,0.803333333333333,193.220833333333,31.9530833333333,145.516708333333,45.0598333333334,NaN,NaN
2025-09-11 00:00:00,1346.5,13.485,12.5353333333333,47.4233333333333,2.5445,236.995833333333,2.60154166666667,-0.207980056980057,366.142666666667,168.808083333333,27.533625,-65.9454583333333,13.931125,Inf,141.247958333333,-79.8735416666667,61.3650833333333,1.013625,1.96466666666667,187.270833333333,1.013625,192.5625,37.1108333333333,102.83925,41.4724583333333,NaN,NaN
2025-09-12 00:00:00,1370.5,13.5333333333333,9.57429166666667,64.3170833333333,2.61566666666667,263.075,2.66075,-0.20295584045584,404.504279166667,97.6169166666667,13.0858333333333,-41.324625,-1.161875,Inf,84.529375,-40.1629583333333,44.3684583333333,0.743666666666667,1.47995833333333,205.2375,0.743666666666667,199.15,32.0666666666667,56.2855,11.925125,NaN,NaN
2025-09-13 00:00:00,1394.5,13.5566666666667,7.21575,70.0054166666667,2.6315,255.729166666667,2.666,-0.195107353051432,425.795079166667,127.123291666667,16.6488333333333,-33.8645833333333,2.75045833333333,-0.477611111111111,110.472833333333,-36.6170416666667,73.8627083333333,0.608833333333333,1.26416666666667,184.429166666667,0.608833333333333,185.341666666667,38.3003333333333,93.26625,19.3993333333333,NaN,NaN
2025-09-14 00:00:00,1418.5,13.4804166666667,4.34233333333333,77.71875,2.65820833333333,264.533333333333,2.67920833333333,-0.192434210526316,441.923995833333,104.988125,12.5052916666667,-41.0775,2.407875,-0.44095,92.4906666666667,-43.4880416666667,49.001375,0.643208333333333,1.26691666666667,185.56375,0.643208333333333,158.608333333333,31.465,63.9054583333333,14.91375,NaN,NaN
2025-09-15 00:00:00,1442.5,13.5383333333333,10.58525,40.9245833333333,2.54320833333333,245.583333333333,2.59179166666667,-0.169127036340852,421.395679166667,187.345583333333,29.9934583333333,-93.055,2.00366666666667,Inf,157.348666666667,-95.05375,62.2891666666667,0.756958333333333,1.55370833333333,199.791666666667,0.756958333333333,195.741666666667,33.72375,94.2895833333334,32.0029583333333,NaN,NaN
2025-09-16 00:00:00,1466.5,13.4566666666667,7.515125,57.7025,2.55395833333333,275.979166666667,2.588125,-0.177010204081633,384.3948875,149.24825,25.7665,-61.887375,9.57629166666667,-0.00458333333333331,123.47925,-71.472875,52.009625,0.55475,1.345625,182.369833333333,0.55475,199.054166666667,37.0175,87.3439166666667,35.337375,NaN,NaN
2025-09-17 00:00:00,1490.5,13.5641666666667,3.4365,81.2808333333333,2.65775,286.170833333333,2.67420833333333,-0.189931016156463,430.116758333333,188.817,25.8945416666667,-31.4070833333333,10.14525,-0.40685,162.939333333333,-41.5541666666667,121.376625,0.474208333333333,1.044125,192.3975,0.474208333333333,201.195833333333,29.61425,157.418416666667,36.0400833333333,NaN,NaN
2025-09-18 00:00:00,1514.5,13.5504166666667,5.99654166666667,60.7370833333333,2.63483333333333,252.183333333333,2.66316666666667,-0.176258599806202,452.667566666667,225.664625,32.7732083333333,-61.9825833333333,10.302125,-0.67595,192.872,-72.2837916666667,120.583708333333,0.286125,0.833583333333333,197.645833333333,0.286166666666667,198.652916666667,44.0161666666667,163.660958333333,43.075125,NaN,NaN
2025-09-19 00:00:00,1538.5,13.51125,10.2209583333333,34.8291666666667,2.59254166666667,268.695833333333,2.64041666666667,-0.194244186046512,419.902666666667,172.560791666667,28.444125,-96.7945833333333,5.53820833333333,Inf,144.12725,-102.344166666667,41.78,0.699625,1.28829166666667,180.599166666667,0.699625,202.875,37.55125,75.765,33.9765833333333,NaN,NaN
2025-09-20 00:00:00,1562.5,13.4904166666667,9.746125,52.80375,2.62991666666667,263.329166666667,2.67654166666667,-0.209662910986367,410.948725,144.612916666667,23.0857916666667,-42.9214583333333,12.2093333333333,0.269714285714286,121.532875,-55.131125,66.4020833333333,0.569791666666667,1.28404166666667,205.229166666667,0.569791666666667,204.441666666667,37.7291666666667,101.700208333333,35.2974166666667,NaN,NaN
2025-09-21 00:00:00,1586.5,13.4925,8.77108333333334,63.9504166666667,2.660125,264.045833333333,2.702,-0.229420689655172,426.780841666667,116.806333333333,17.596875,-44.3185416666667,6.915375,Inf,99.2156666666667,-51.23,47.9817916666667,0.688458333333334,1.38608333333333,197.1,0.688458333333334,190.095833333333,33.8475,72.5020416666667,24.5154166666667,NaN,NaN
2025-09-22 00:00:00,1610.5,13.4770833333333,5.717125,79.1175,2.66854166666667,252.795833333333,2.69545833333333,-0.250239655172414,489.7760625,152.285708333333,21.0125416666667,-18.828,8.983375,-0.0929999999999999,131.273666666667,-27.806,103.457833333333,0.869208333333333,1.59141666666667,188.287791666667,0.869208333333333,192.21875,30.363125,133.460291666667,29.9985,NaN,NaN
2025-09-23 00:00:00,1634.5,13.3270833333333,0.781083333333334,96.3416666666667,2.65033333333333,267.029166666667,2.65425,-0.212286163522013,517.191054166667,26.12875,31.090625,-0.0829583333333333,0.826583333333333,0.783571428571428,-4.96604166666667,-0.909875,-5.87641666666667,0.0282916666666667,0.192166666666667,169.075333333333,0.0282916666666667,86.0679166666667,6.503875,26.047875,31.9209583333333,NaN,NaN
2025-09-24 00:00:00,1658.5,13.5258333333333,4.765125,63.51125,2.59033333333333,284.15,2.61320833333333,-0.195575471698113,513.05465,218.304041666667,78.8220416666667,-72.1217916666667,-8.62729166666667,-0.1656,139.500375,-63.483875,76.0120833333333,0.364458333333333,0.694583333333333,197.120833333333,0.364458333333333,133.079166666667,22.6966666666667,146.2125,70.1990833333333,NaN,NaN
2025-09-25 00:00:00,1682.5,13.50875,9.941125,33.4708333333333,2.55741666666667,251.083333333333,2.60258333333333,-0.181987048990401,488.152258333333,219.195333333333,33.507,-120.279166666667,-1.09504166666667,Inf,185.710791666667,-119.177083333333,66.5375,0.803583333333333,1.3725,204.145833333333,0.803583333333333,205.154166666667,32.67625,98.9445833333333,32.4115,NaN,NaN
2025-09-26 00:00:00,1706.5,13.4975,10.906125,36.32,2.5965,248.3125,2.64766666666667,-0.183574926900585,437.005620833333,176.226416666667,29.6842916666667,-95.1733333333333,5.04575,Inf,146.540541666667,-100.217083333333,46.3279166666667,0.47425,1.09895833333333,205.14125,0.47425,206.246666666667,40.8,81.0554166666666,34.725,NaN,NaN
2025-09-27 00:00:00,1730.5,13.4829166666667,11.4345,38.9166666666667,2.59025,230.1125,2.64366666666667,-0.187920138888889,405.315270833333,155.406291666667,27.2747083333333,-90.80625,6.419,Inf,128.136666666667,-97.2183333333333,30.9104166666667,0.604791666666667,1.25504166666667,189.670833333333,0.604791666666667,185.82625,31.0595,64.60125,33.6863333333333,NaN,NaN
2025-09-28 00:00:00,1754.5,13.47625,9.72445833333334,55.14,2.58608333333333,234.845833333333,2.63154166666667,-0.187875,384.117183333333,114.164541666667,18.68775,-56.1336666666667,7.91525,-0.318,95.4755416666666,-64.0489166666667,31.42675,0.661541666666667,1.22675,156.865416666667,0.661541666666667,164.357083333333,33.1620833333333,58.0305416666667,26.605875,NaN,NaN
2025-09-29 00:00:00,1778.5,13.5441666666667,7.61120833333333,69.4766666666667,2.57691666666667,249.108333333333,2.61233333333333,-0.170361666666667,435.497070833333,123.668208333333,21.5403333333333,-36.0442083333333,9.408625,Inf,102.121791666667,-45.4484166666667,56.6733333333333,0.565333333333333,1.10266666666667,155.451666666667,0.565333333333333,188.24625,29.9011666666667,87.6207916666667,30.946625,NaN,NaN
2025-09-30 00:00:00,1802.5,13.5358333333333,8.98616666666667,54.9979166666667,2.47879166666667,256.679166666667,2.51908333333333,-0.16247,431.060475,134.331916666667,22.1511666666667,-77.8116666666667,3.49941666666667,Inf,112.183833333333,-81.32125,30.8595833333333,1.129,2.12241666666667,191.2875,1.129,190.095833333333,32.8866666666667,56.52125,25.6492083333333,NaN,NaN
2025-10-01 00:00:00,1826.5,13.4979166666667,7.76083333333333,58.8908333333334,2.553375,221.233333333333,2.58929166666667,-0.156855833333333,409.4771375,103.885875,16.6575416666667,-63.24125,4.37325,Inf,87.2195,-67.6191666666667,19.6045833333333,0.787416666666667,1.55454166666667,197.633333333333,0.787416666666667,203.566666666667,34.1025,40.6399166666667,21.0315,NaN,NaN
2025-10-02 00:00:00,1850.5,13.4791666666667,11.2112083333333,38.5120833333333,2.600625,201.266666666667,2.65320833333333,-0.173958333333333,415.82215,201.902791666667,34.9409583333333,-108.979166666667,9.46783333333334,Inf,166.960958333333,-118.445833333333,48.5180416666667,0.763833333333333,1.53395833333333,190.2875,0.763833333333333,194.366666666667,33.6745833333333,92.9229166666667,44.4066666666667,NaN,NaN
2025-10-03 00:00:00,1874.5,13.4633333333333,13.0529166666667,28.5058333333333,2.55120833333333,201.695833333333,2.610875,-0.158510416666667,373.643041666667,197.345125,34.6599166666667,-108.97,8.230875,Inf,162.676458333333,-117.191666666667,45.4821666666667,1.15245833333333,1.97179166666667,201.35,1.15245833333333,199.779166666667,28.4958333333333,88.37625,42.8922916666667,NaN,NaN
2025-10-04 00:00:00,1898.5,13.5229166666667,7.246375,57.4458333333333,2.50304166666667,223.191666666667,2.53658333333333,-0.134183333333333,351.2036875,125.878916666667,20.3412083333333,-44.7663333333333,6.501625,Inf,105.537666666667,-51.2666666666667,54.2706666666667,1.22341666666667,2.149875,199.779166666667,1.22341666666667,193.391666666667,29.4416666666667,81.114375,26.8428333333333,NaN,NaN
2025-10-05 00:00:00,1922.5,13.5695833333333,1.53066666666667,73.6283333333333,2.57375,262.533333333333,2.581125,-0.141821710526316,364.848733333333,118.855291666667,18.6584583333333,-56.582875,5.28658333333333,-0.141857142857143,100.194833333333,-61.8715416666667,38.32225,0.720958333333333,1.41804166666667,178.706416666667,0.720958333333333,157.705833333333,31.9515,62.2684583333333,23.9462916666667,NaN,NaN
2025-10-06 00:00:00,1946.5,13.5179166666667,2.78608333333333,75.5283333333333,2.55779166666667,266.4125,2.57083333333333,0.0218824561403509,390.584629166667,119.791958333333,21.8903333333333,-31.7865,5.719375,-381.232190476191,97.9024583333334,-37.4989166666667,60.3965,0.392666666666667,0.884583333333334,187.659583333333,0.392666666666667,152.38375,29.4628333333333,88.0054583333333,27.6084583333333,NaN,NaN
2025-10-07 00:00:00,1970.5,13.5204166666667,5.29191666666667,50.3379166666667,2.36904166666667,253.85,2.390875,0.278135087719298,413.237704166667,187.794583333333,30.7057916666667,-103.874583333333,7.904,Inf,157.083833333333,-111.780416666667,45.3070833333333,0.7485,1.40458333333333,198.9,0.7485,198.379166666667,35.9133333333333,83.9166666666667,38.6175416666667,NaN,NaN
2025-10-08 00:00:00,1994.5,13.4766666666667,9.75925,25.55875,2.28316666666667,231.933333333333,2.324625,0.0976520833333333,369.787625,187.268166666667,32.6845833333333,-117.4375,5.24408333333333,-0.518409090909091,154.586416666667,-122.675,31.9029166666667,1.21708333333333,1.93729166666667,214.515,1.21708333333333,206.275,29.9466666666667,69.8320833333333,37.9255,NaN,NaN
2025-10-09 00:00:00,2018.5,13.4991666666667,10.3479166666667,41.195,2.485125,245.741666666667,2.53158333333333,-0.17321875,358.6172625,114.681125,20.741625,-83.9966666666667,2.42595833333333,Inf,93.9453333333333,-86.4183333333333,7.52500000000001,0.593708333333333,1.39525,202.867916666667,0.593708333333333,204.783333333333,38.0031666666667,30.69875,23.171375,NaN,NaN
2025-10-10 00:00:00,2042.5,13.4991666666667,8.72720833333333,63.4808333333333,2.58383333333333,272.983333333333,2.62475,-0.199544117647059,392.0433,54.6024583333333,8.04120833333333,-28.7187083333333,-1.30304166666667,-0.182,46.5660833333333,-27.4149583333333,19.1433333333333,0.742708333333333,1.40204166666667,197.829166666667,0.742708333333333,208.875,30.5066666666667,25.8810833333333,6.73820833333333,NaN,NaN
2025-10-11 00:00:00,2066.5,13.4570833333333,6.70775,82.865,2.659,264.3,2.69129166666667,-0.186703194180898,533.1226125,39.622625,4.396375,-12.151875,-0.558583333333334,Inf,35.2257916666667,-11.5954166666667,23.6317083333333,1.44804166666667,2.32445833333333,197.483333333333,1.44804166666667,198.404166666667,26.8720833333333,27.46575,3.838125,NaN,NaN
2025-10-12 00:00:00,2090.5,13.2720833333333,1.29908333333333,65.6145833333333,2.67366666666667,258.275,2.680125,-0.196572580645161,477.616941666667,122.571208333333,60.7599166666667,-59.1803333333333,-7.49129166666667,Inf,61.807,-51.6951666666667,10.1247916666667,1.192,2.14370833333333,210.579166666667,1.192,206.804166666667,36.5408333333333,63.3965833333333,53.2694166666667,NaN,NaN
2025-10-13 00:00:00,2114.5,13.6170833333333,2.22829166666667,68.00625,2.75420833333333,251.0125,2.76516666666667,-0.209346774193548,470.443875,67.1840416666667,11.7709166666667,-37.241,-3.317,Inf,55.4065833333333,-33.926125,21.4797916666667,0.337666666666667,0.852375,178.859166666667,0.337666666666667,172.45375,39.1246666666667,29.933125,8.45366666666667,NaN,NaN
2025-10-14 00:00:00,2138.5,13.5016666666667,8.57083333333333,56.79125,2.65354166666667,206.766666666667,2.69458333333333,-0.209583333333333,522.915016666667,141.537916666667,17.940125,-66.356,-3.43229166666667,Inf,123.59325,-62.9307916666667,60.6585833333333,0.654541666666667,1.35141666666667,222.991666666667,0.654541666666667,184.41875,34.083125,75.1724583333333,14.5055833333333,NaN,NaN
2025-10-15 00:00:00,2162.5,13.4920833333333,9.72195833333333,46.4370833333333,2.62095833333333,214.741666666667,2.666875,-0.19642310298103,479.683895833333,150.874333333333,24.602125,-90.1466666666667,-2.84695833333333,Inf,126.280083333333,-87.2866666666667,38.9819166666666,0.636791666666667,1.281125,194.533333333333,0.636791666666667,208.554166666667,35.1570833333333,60.73875,21.757,NaN,NaN
2025-10-16 00:00:00,2186.5,13.5441666666667,1.26808333333333,70.7316666666667,2.587125,270.775,2.59333333333333,-0.191593495934959,425.0613625,160.569416666667,26.5134583333333,-55.5181666666667,5.94025,Inf,134.0535,-61.4480833333333,72.609625,1.14541666666667,2.08258333333333,209.5,1.14541666666667,200.445833333333,35.4145833333333,105.05925,32.4585833333333,NaN,NaN
2025-10-17 00:00:00,2210.5,13.58875,-0.885666666666667,70.3441666666667,2.61220833333333,262.791666666667,2.60770833333333,-0.172052845528455,415.508783333333,163.934625,26.2917916666667,-88.92375,6.94316666666666,Inf,137.641791666667,-95.8695833333334,41.7665416666666,1.60379166666667,2.47083333333333,193.641666666667,1.60379166666667,197.266666666667,27.3504166666667,75.0175,33.2419583333333,NaN,NaN
2025-10-18 00:00:00,2234.5,13.4879166666667,0.20325,58.78375,2.67445833333333,240.225,2.67533333333333,-0.198708333333333,407.401216666667,82.8072083333333,12.391125,-58.5883333333333,1.02366666666667,Inf,70.4150416666667,-59.61375,10.800375,1.40729166666667,2.26879166666667,207.5625,1.40729166666667,204.195833333333,32.1866666666667,24.217,13.4137916666667,NaN,NaN
2025-10-19 00:00:00,2258.5,13.5020833333333,5.61004166666667,37.3733333333333,2.55970833333333,228.833333333333,2.58508333333333,-0.131583333333333,399.054429166667,164.477375,29.0229583333333,-104.384583333333,2.75016666666667,Inf,135.454583333333,-107.137916666667,28.3041666666667,1.63295833333333,2.620625,204.392916666667,1.63295833333333,205.279166666667,31.7920833333333,60.0933333333333,31.7734166666667,NaN,NaN
2025-10-20 00:00:00,2282.5,13.5570833333333,-2.67220833333333,63.5958333333333,2.599125,241.175,2.586875,-0.129291666666667,348.878266666667,93.5582916666667,65.3670833333333,-50.177625,-9.5005,0.171105263157895,28.191,-40.676625,-12.4888333333333,1.53216666666667,2.55233333333333,198.689541666667,1.53216666666667,205.675,43.1404166666667,43.3860416666667,55.8700833333333,NaN,NaN
2025-10-21 00:00:00,2306.5,13.5254166666667,2.23258333333333,30.4045833333333,2.67254166666667,243.641666666667,2.68366666666667,-0.149438725490196,357.022745833333,165.466708333333,101.80925,-110.475,-23.2408333333333,-0.114181818181818,63.6644166666667,-87.23625,-23.5758333333333,1.36008333333333,2.02845833333333,200.658333333333,1.36008333333333,202.520833333333,23.0745833333333,54.9995833333333,78.5630416666667,NaN,NaN
2025-10-22 00:00:00,2330.5,13.505,5.486375,26.01375,2.63320833333333,271.095833333333,2.65925,-0.169433823529412,355.166883333333,158.102458333333,32.3709583333333,-108.103333333333,-12.0977916666667,Inf,125.733333333333,-96.0020833333333,29.7305833333333,0.968833333333333,1.5215,211.870833333333,0.968833333333333,206.0375,25.68125,50.0058333333333,20.2732916666667,NaN,NaN
2025-10-23 00:00:00,2354.5,13.4025,3.85166666666667,60.2175,2.54595833333333,261.445833333333,2.56341666666667,-0.188139705882353,354.530175,86.7171666666667,10.7544166666667,-50.9991666666667,-4.42441666666667,-0.60015,75.957125,-46.5801666666667,29.3830833333333,0.436208333333333,0.917583333333334,197.690833333333,0.436208333333333,140.04,25.3166666666667,35.7072083333333,6.32970833333333,NaN,NaN
2025-10-24 00:00:00,2378.5,13.4708333333333,3.14366666666667,65.8279166666667,2.66454166666667,236.116666666667,2.67945833333333,-0.201284219457014,384.379529166667,147.79125,22.7059583333333,-61.2396666666667,3.62729166666667,Inf,125.083875,-64.8589583333333,60.2191666666667,0.20075,0.506666666666667,168.888333333333,0.20075,85.1383333333333,21.7233333333333,86.558,26.337125,NaN,NaN
2025-10-25 00:00:00,2402.5,13.4895833333333,4.61758333333333,46.5716666666667,2.62104166666667,236.608333333333,2.642625,-0.199332692307692,381.775708333333,152.530708333333,24.1087083333333,-109.941666666667,-1.74045833333333,-0.553782608695652,128.419666666667,-108.19875,20.2183333333333,1.1315,1.85741666666667,168.839583333333,1.1315,176.85,31.0595833333333,42.6033333333333,22.3675,NaN,NaN
2025-10-26 00:00:00,2426.5,13.4729166666667,5.51079166666667,41.2866666666667,2.629875,274.5,2.656375,-0.194590842490842,362.467516666667,105.796333333333,17.6015833333333,-71.6375,-0.0348333333333321,Inf,88.1983333333333,-71.6004166666667,16.6008333333333,1.17629166666667,2.05245833333333,188.2875,1.17629166666667,200.866666666667,31.0133333333333,34.15625,17.5619166666667,NaN,NaN
2025-10-27 00:00:00,2450.5,12.87125,-1.99045833333333,78.8129166666667,2.56175,273.745833333333,2.55208333333333,-0.179625,358.149133333333,18.05975,10.97425,-14.608,-3.801125,0.167133333333333,7.08520833333333,-10.806875,-3.72166666666667,1.094,2.14904166666667,189.763333333333,1.094,197.545833333333,47.2,3.45104166666667,7.17375,NaN,NaN
2025-10-28 00:00:00,2474.5,13.3979166666667,-9.16145833333333,67.1895833333333,2.68945833333333,244.495833333333,2.644,-0.160899038461538,347.441491666667,141.135875,110.405541666667,-82.0942083333333,-10.7679583333333,Inf,30.7345833333333,-71.3316666666667,-40.6045,1.06866666666667,2.00470833333333,197.205208333333,1.06866666666667,187.885416666667,46.4,59.0493333333333,99.6380416666667,NaN,NaN
2025-10-29 00:00:00,2498.5,13.5854166666667,-0.18775,31.5433333333333,2.65241666666667,239.845833333333,2.65104166666667,-0.1771796875,351.2659375,143.953625,92.116875,-102.7625,-19.090125,-0.0800454545454545,51.8444583333333,-83.6845833333333,-31.8404166666667,1.364875,2.26045833333333,176.632083333333,1.364875,172.916666666667,37.5820833333333,41.1820833333333,73.0197916666667,NaN,NaN
2025-10-30 00:00:00,2522.5,13.5604166666667,0.915875,41.2958333333333,2.61595833333333,274.070833333333,2.62058333333333,-0.163682415674603,353.564075,144.995958333333,38.203875,-110.7,-7.47325,Inf,106.789791666667,-103.233333333333,3.56583333333333,1.18775,1.96475,193.5375,1.18775,198.283333333333,25.9975,34.2927916666667,30.73075,NaN,NaN
2025-10-31 00:00:00,2546.5,13.52625,-0.783541666666667,44.3070833333333,2.6845,274.808333333333,2.68041666666667,-0.115825396825397,346.130729166667,124.071791666667,16.8395,-93.7833333333333,-1.46995833333333,Inf,107.235,-92.3054166666667,14.915,0.896416666666667,1.5395,177.66725,0.896416666666667,190.195833333333,53.2166666666667,30.281625,15.368875,NaN,NaN
2025-11-01 00:00:00,2570.5,13.5420833333333,-0.26525,39.57375,2.50958333333333,251.5125,2.5075,-0.0533492063492063,344.544458333333,94.50075,13.983,-83.3075,-4.16,Inf,80.5186666666667,-79.1454166666667,1.37,1.17458333333333,1.937625,183.195833333333,1.17458333333333,176.745833333333,35.3908333333333,11.1933333333333,9.823,NaN,NaN
2025-11-02 00:00:00,2594.5,13.4633333333333,6.48029166666667,23.92375,2.43404166666667,239.320833333333,2.463,-0.0421174603174603,346.037929166667,137.328583333333,22.9349583333333,-115.216666666667,-9.19704166666667,Inf,114.4025,-106.0325,8.37875000000001,1.75995833333333,2.56416666666667,197.666666666667,1.75995833333333,200.641666666667,23.5158333333333,22.1111666666667,13.7379583333333,NaN,NaN
2025-11-03 00:00:00,2618.5,13.4658333333333,7.12816666666667,22.7279166666667,2.56391666666667,245.441666666667,2.59691666666667,-0.132338888888889,338.766766666667,89.131125,14.0104166666667,-91.62,-9.296,Inf,75.1191666666667,-82.32875,-7.20416666666667,1.177,1.98366666666667,198.5875,1.177,200.9875,30.545,-2.47875,4.71491666666666,NaN,NaN
2025-11-04 00:00:00,2642.5,13.46125,5.49525,27.2958333333333,2.56283333333333,267.670833333333,2.58845833333333,-0.184722222222222,336.3533375,133.581291666667,23.777,-113.3875,-1.301,Inf,109.802375,-112.079166666667,-2.28583333333333,1.51754166666667,2.40720833333333,204.9625,1.51754166666667,205.4625,30.1429166666667,20.1960833333333,22.4742916666667,NaN,NaN
2025-11-05 00:00:00,1111.91666666667,13.4395833333333,6.24158333333333,25.1020833333333,2.50916666666667,255.5125,2.53845833333333,-0.198930555555556,336.805541666667,132.53025,23.597125,-107.8,0.0851250000000001,-0.611045454545455,108.930708333333,-107.892916666667,1.04916666666667,1.13208333333333,1.94354166666667,191.604166666667,1.13208333333333,196.233333333333,30.0533333333333,24.7329166666667,23.6832083333333,-109.54,-6.0454
2025-11-06 00:00:00,25.5,13.2320833333333,0.199583333333333,59.1366666666667,2.682875,238.245833333333,2.68383333333333,-0.200020833333333,337.732016666667,12.432,6.51916666666667,-33.4750416666667,-4.65670833333333,Inf,5.913,-28.8209166666667,-22.9015833333333,1.22266666666667,2.25025,195.545833333333,1.22266666666667,204.441666666667,43.8158333333333,-21.0408333333333,1.862375,-61.1677777777778,-10.1338888888889
2025-11-07 00:00:00,49.5,13.5229166666667,-2.48708333333333,54.41625,2.665875,240.495833333333,2.65379166666667,-0.171464798850575,341.722929166667,56.2378333333333,47.963,-61.1925,-11.3709166666667,0.151444444444444,8.27191666666667,-49.8325,-41.5625416666667,1.455125,2.27266666666667,206.758333333333,1.455125,206.1625,28.76,-4.96150000000001,36.5998333333333,NaN,NaN
2025-11-08 00:00:00,73.5,13.5645833333333,-3.74875,49.0208333333333,2.61233333333333,255.954166666667,2.59408333333333,-0.181681034482759,342.581425,128.891916666667,101.103125,-81.5409166666667,-12.323875,Inf,27.7849166666667,-69.2107916666667,-41.426625,1.326375,2.2065,212.440833333333,1.326375,200.175,39.5316666666667,47.3475416666667,88.7734583333333,NaN,NaN
2025-11-09 00:00:00,97.5,13.5275,-3.12304166666667,33.6995833333333,2.705,225.3,2.68933333333333,-0.186958333333333,341.1196125,122.144,75.8721666666667,-96.4508333333333,-13.8698333333333,Inf,46.271125,-82.5875,-36.3117083333333,0.662791666666667,1.41125,179.593333333333,0.662791666666667,157.686666666667,58.81125,25.689875,61.9953333333333,NaN,NaN
2025-11-10 00:00:00,121.5,13.5033333333333,2.84145833333333,34.6854166666667,2.6845,221.895833333333,2.69833333333333,-0.197791666666667,337.6604625,109.838833333333,33.9415,-89.13625,-12.6221666666667,-0.42045,75.8997916666667,-76.5129166666667,-0.608333333333339,1.22445833333333,2.07904166666667,152.74375,1.22445833333333,184.890416666667,38.5633333333333,20.7054166666667,21.3200833333333,NaN,NaN
2025-11-11 00:00:00,145.5,13.4333333333333,3.62966666666667,36.2454166666667,2.68133333333333,227.816666666667,2.699,-0.19825,336.494091666667,113.376291666667,19.1237916666667,-103.670833333333,-7.92729166666667,Inf,94.2465,-95.7166666666666,-1.48625,1.294,2.1065,204.6875,1.294,201.675,29.0591666666667,9.72291666666666,11.197875,NaN,NaN
2025-11-12 00:00:00,169.5,13.44625,4.46904166666667,33.96375,2.67241666666667,217.254166666667,2.69395833333333,-0.197583333333333,336.7605,113.330916666667,19.790125,-94.8920833333333,-4.83929166666667,-0.652434782608696,93.537,-90.0379166666667,3.49883333333334,1.03720833333333,1.69070833333333,200.991666666667,1.03720833333333,202.35,26.5970833333333,18.4395833333333,14.951625,NaN,NaN
2025-11-13 00:00:00,193.5,13.4695833333333,4.56141666666667,37.8391666666667,2.67520833333333,237.829166666667,2.69741666666667,-0.197208333333333,335.782425,112.9085,21.2844166666667,-96.1470833333333,-2.06416666666667,Inf,91.622875,-94.0783333333333,-2.45375,1.30979166666667,2.14725,201.954166666667,1.30979166666667,206.954166666667,32.7191666666667,16.7691666666667,19.2209166666667,NaN,NaN
2025-11-14 00:00:00,217.5,13.4533333333333,5.54541666666667,34.7004166666667,2.67779166666667,230.2875,2.70466666666667,-0.205041666666667,336.181125,110.224291666667,20.8342083333333,-99.5245833333333,-0.997958333333333,Inf,89.3907083333333,-98.5304166666666,-9.13083333333333,1.60108333333333,2.44808333333333,200.654166666667,1.60108333333333,204.1375,27.0891666666667,10.6958333333333,19.83525,NaN,NaN
2025-11-15 00:00:00,241.5,13.4120833333333,4.80116666666667,47.9916666666667,2.689875,221.804166666667,2.713375,-0.21275,336.4726625,92.50775,15.936375,-85.415,-0.573583333333333,-0.506478260869565,76.5742083333333,-84.8291666666667,-8.25491666666667,1.20495833333333,2.06683333333333,202.541666666667,1.20495833333333,200.0625,29.6895833333333,7.11125,15.3629583333333,NaN,NaN
2025-11-16 00:00:00,265.5,13.4633333333333,4.73125,55.6908333333333,2.668,234.970833333333,2.691125,-0.205456140350877,341.702629166667,109.747708333333,19.43425,-85.7235,1.56975,Inf,90.3142916666667,-87.2889166666667,3.02770833333334,1.118375,1.93820833333333,190.584583333333,1.118375,187.4875,35.2120833333333,24.0354166666667,21.0044583333333,NaN,NaN
2025-11-17 00:00:00,289.5,13.0766666666667,-3.41454166666667,81.1629166666667,2.68104166666667,251.558333333333,2.664125,-0.186398026315789,366.751979166667,45.5460416666667,32.3457916666667,-17.090125,-2.53104166666667,532.9922,13.199375,-14.5604583333333,-1.35908333333333,1.71870833333333,2.667125,206.0625,1.71870833333333,203.725,25.68125,28.4589166666667,29.8175833333333,NaN,NaN
2025-11-18 00:00:00,313.5,13.4291666666667,-1.137625,64.6158333333333,2.582875,257.541666666667,2.57795833333333,-0.186791666666667,383.33795,84.476,67.2409166666667,-79.3775,-12.898,-0.275761904761905,17.2330416666667,-66.4895833333333,-49.2554583333333,1.05391666666667,1.67854166666667,198.008333333333,1.05391666666667,197.8625,24.8541666666667,5.08750000000001,54.3486666666667,NaN,NaN
2025-11-19 00:00:00,337.5,13.5558333333333,0.0323333333333333,62.61,2.68691666666667,228.654166666667,2.687125,-0.185684027777778,375.2882875,71.8900833333333,46.0704583333333,-62.3470833333333,-7.88216666666667,-0.0748571428571429,25.8094166666667,-54.4691666666667,-28.6555,1.0715,1.83958333333333,215.016666666667,1.0715,212.216666666667,27.8412083333333,9.53125,38.1873333333333,NaN,NaN
2025-11-20 00:00:00,361.5,13.5,-0.48775,62.9020833333333,2.68775,210.770833333333,2.68529166666667,-0.19558912037037,365.233816666667,75.0845416666667,28.4490416666667,-66.5970833333333,-5.174,-0.138923076923077,46.6313333333333,-61.42625,-14.788375,0.141791666666667,0.530583333333333,184.458166666667,0.141791666666667,145.094041666667,26.98525,8.48541666666666,23.27875,NaN,NaN
2025-11-21 00:00:00,385.5,13.43875,-2.148625,85.9558333333333,2.66679166666667,260.341666666667,2.65629166666667,-0.189675925925926,369.324158333333,56.577625,17.01475,-23.14625,2.03904166666667,0.0781818181818182,39.5579583333333,-25.185125,14.37125,0.359333333333333,0.908458333333333,172.835833333333,0.359333333333333,141.3325,42.8938333333333,33.42625,19.05425,NaN,NaN
2025-11-22 00:00:00,409.5,13.5208333333333,-1.05575,63.9354166666667,2.61583333333333,271.1375,2.61120833333333,-0.186425925925926,395.43795,104.969916666667,33.75325,-96.1670833333333,-3.55304166666667,Inf,71.2202916666667,-92.6254166666667,-21.4020833333333,1.12733333333333,1.79575,192.717083333333,1.12733333333333,190.770833333333,27.74,8.80083333333334,30.20525,NaN,NaN
2025-11-23 00:00:00,433.5,13.4816666666667,1.329,43.585,2.64708333333333,223.629166666667,2.65291666666667,-0.196916666666667,380.7581625,96.034,16.9341666666667,-89.6575,-5.75916666666667,Inf,79.0979166666667,-83.8904166666667,-4.80208333333334,0.544708333333333,1.07983333333333,191.732916666667,0.544708333333333,146.287625,35.2145833333333,6.37416666666667,11.1758333333333,NaN,NaN
2025-11-24 00:00:00,457.5,13.5395833333333,-2.80666666666667,53.6291666666667,2.67804166666667,248.820833333333,2.66408333333333,-0.194074652777778,354.28475,109.100875,19.6325,-95.9020833333333,1.058625,Inf,89.465,-96.9658333333334,-7.48754166666666,1.34141666666667,2.17654166666667,204,1.34141666666667,195.416666666667,29.4433333333333,13.1954166666667,20.690875,NaN,NaN
2025-11-25 00:00:00,481.5,13.5954166666667,-6.764375,56.2029166666667,2.72375,217.795833333333,2.68983333333333,-0.194196180555556,348.584275,98.624625,19.326625,-75,6.23375,Inf,79.2961666666667,-81.22125,-1.9425,1.55808333333333,2.57729166666667,210.604166666667,1.55808333333333,205.2875,29.53875,23.625,25.559125,NaN,NaN
2025-11-26 00:00:00,505.5,13.4316666666667,-6.17091666666667,64.0470833333333,2.71045833333333,245.9,2.67966666666667,-0.192596354166667,350.853029166667,20.1344583333333,6.699125,-39.8454166666667,-1.61745833333333,-0.335421052631579,13.4372916666667,-38.2291666666667,-24.7946666666667,1.46983333333333,2.342,202.1875,1.46983333333333,207.254166666667,29.4929166666667,-19.7074583333333,5.082375,NaN,NaN
2025-11-27 00:00:00,529.5,13.46625,-2.5695,73.9495833333334,2.68525,270.883333333333,2.67245833333333,-0.19549057112069,391.6205,27.7869583333333,18.0205416666667,-48.36,-6.84370833333333,Inf,9.767875,-41.5175,-31.7512083333333,1.37633333333333,2.13025,200.295833333333,1.37633333333333,201.475,26.8320833333333,-20.5791666666667,11.1770416666667,NaN,NaN
2025-11-28 00:00:00,553.5,13.4520833333333,-1.79025,63.65625,2.51833333333333,257.066666666667,2.51041666666667,-0.193024957428693,385.968495833333,56.4648333333333,32.12225,-55.018125,-9.00120833333333,Inf,24.346,-46.0077916666667,-21.67375,1.22195833333333,2.07654166666667,202.754166666667,1.22195833333333,209.504166666667,39.5854166666667,1.451625,23.119,NaN,NaN
2025-11-29 00:00:00,577.5,13.42625,-9.83758333333333,64.5958333333333,2.169125,240.491666666667,2.130375,-0.136658950617284,356.411829166667,88.6659166666667,84.1923333333333,-66.8158333333333,-12.1655416666667,-Inf,4.463125,-54.6520416666667,-50.186375,1.47304166666667,2.213625,200.316666666667,1.47304166666667,202.283333333333,27.6058333333333,21.8483333333333,72.0252916666667,NaN,NaN
2025-11-30 00:00:00,601.5,13.0916666666667,-7.31520833333333,63.2633333333333,2.3545,265.175,2.322875,-0.0925072463768116,350.747875,26.9270833333333,20.559875,-24.4102916666667,-8.6425,Inf,6.36904166666667,-15.77,-9.40104166666666,0.970916666666667,1.65825,205.8225,0.970916666666667,214.883333333333,33.1866666666667,2.51754166666667,11.9170833333333,NaN,NaN
2025-12-01 00:00:00,625.5,13.1404166666667,-12.3495833333333,72.0025,2.40508333333333,274.620833333333,2.34958333333333,-0.0571086956521739,351.954520833333,83.0209583333333,89.7384583333333,-48.9505416666667,-13.6735833333333,NaN,-6.72133333333333,-35.2812916666667,-42.00475,1.51458333333333,2.37854166666667,176.774166666667,1.51458333333333,183.216666666667,32.9666666666667,34.0603333333333,76.062,NaN,NaN
2025-12-02 00:00:00,649.5,13.2083333333333,-8.543,76.91375,2.57641666666667,251.75,2.53575,-0.0459867002474373,368.7899375,51.8690416666667,38.3219583333333,-26.042375,-3.47858333333333,Inf,13.5429166666667,-22.5645,-9.02091666666667,1.79566666666667,2.59116666666667,191.7575,1.79566666666667,188.304166666667,25.1816666666667,25.8291666666667,34.848125,NaN,NaN
2025-12-03 00:00:00,673.5,12.8104166666667,-11.0633333333333,85.4679166666667,2.13066666666667,273.0375,2.08708333333333,-0.0620853658536585,363.3334625,13.4240416666667,29.450625,-0.299416666666667,-5.15795833333333,500.855375,-16.0275,4.85841666666667,-11.169125,0.114666666666667,0.422791666666667,170.456458333333,0.114666666666667,103.649666666667,20.904125,13.125125,24.2948333333333,NaN,NaN
2025-12-04 00:00:00,697.5,13.0308333333333,-11.6741666666667,73.8183333333333,2.34275,244.4,2.29175,0.00316278883183569,363.2966125,54.5979583333333,62.6342083333333,-36.0342916666667,-6.33266666666667,Inf,-8.03608333333333,-29.7035416666667,-37.738,1.67983333333333,2.51916666666667,196.279166666667,1.67983333333333,193.233333333333,21.9558333333333,18.556625,56.2976666666667,NaN,NaN
2025-12-05 00:00:00,721.5,12.7483333333333,-9.43454166666667,84.3683333333333,1.80383333333333,213.48875,1.77325,0.182546052631579,395.4747875,19.870125,16.163875,-17.391125,-3.03145833333333,Inf,3.704875,-14.3604166666667,-10.6542083333333,1.740625,2.50725,202.608333333333,1.740625,204.8125,24.91625,2.47745833333333,13.1323333333333,NaN,NaN
2025-12-06 00:00:00,745.5,12.9820833333333,-6.74183333333333,90.9625,1.988125,243.708333333333,1.96308333333333,0.520486111111111,474.299545833333,12.5752083333333,10.14775,-3.35958333333333,-0.822,-1453.70072727273,2.427625,-2.53775,-0.110208333333334,1.47108333333333,2.591375,212.666666666667,1.47108333333333,212.25,40.7004166666667,9.21595833333333,9.3265,NaN,NaN
2025-12-07 00:00:00,769.5,13.2791666666667,-9.17379166666666,80.3579166666667,1.913375,237.695833333333,1.88083333333333,0.59740601217656,442.188458333333,66.316,59.883625,-42.7479583333333,-6.52616666666667,Inf,6.43358333333333,-36.225875,-29.7926666666667,1.705125,2.59291666666667,199.129166666667,1.705125,201.629166666667,30.71375,23.5541666666667,53.351625,NaN,NaN
2025-12-08 00:00:00,793.5,13.5870833333333,-6.36008333333333,78.235,2.10658333333333,252.204166666667,2.081875,0.491013698630137,477.897995833333,56.9105416666667,50.948875,-42.1734583333333,-6.38391666666667,0.173066666666667,5.96404166666667,-35.7906666666667,-29.8265,2.01320833333333,2.87579166666667,209.4875,2.01320833333333,201.979166666667,25.4645833333333,14.7371666666667,44.5653333333333,NaN,NaN
2025-12-09 00:00:00,817.5,13.245,-2.642625,73.51875,2.32616666666667,283.158333333333,2.314625,0.300986301369863,502.4673625,11.9190833333333,9.734,-24.037,-6.6545,Inf,2.18566666666667,-17.3827916666667,-15.1979166666667,1.964125,3.03154166666667,188.425,1.964125,204.5,27.9420833333333,-12.1180416666667,3.078875,NaN,NaN
2025-12-10 00:00:00,841.5,13.4216666666667,-1.433375,83.3391666666667,2.38458333333333,243.8,2.37841666666667,0.129232876712329,543.498708333333,22.8766666666667,17.463375,-15.890125,-3.62695833333333,666.878166666667,5.41395833333333,-12.2618333333333,-6.84791666666667,1.43020833333333,2.29854166666667,212.3125,1.43020833333333,204.645833333333,33.1383333333333,6.990625,13.8390416666667,NaN,NaN
2025-12-11 00:00:00,865.5,13.4783333333333,0.751833333333333,46.37125,2.412,229.9375,2.41541666666667,0.0866666666666667,479.924904166667,96.2665833333333,89.5039583333333,-90.8641666666667,-21.0579166666667,-0.231952380952381,6.76670833333333,-69.8025,-63.0342916666667,1.56870833333333,2.36466666666667,210.795833333333,1.56870833333333,202.983333333333,23.27875,5.40604166666667,68.4391666666667,NaN,NaN
2025-12-12 00:00:00,889.5,13.5225,-0.153875,50.925,2.43391666666667,227.883333333333,2.43329166666667,0.067125,392.524170833333,94.3757083333333,88.7884583333333,-92.4391666666667,-19.1895833333333,Inf,5.59433333333333,-73.2491666666667,-67.6616666666667,1.66383333333333,2.481625,190.475,1.66383333333333,201.8875,23.4095833333333,1.94041666666666,69.602125,NaN,NaN
2025-12-13 00:00:00,913.5,13.47375,-0.850875,34.37875,2.38933333333333,246.45,2.38554166666667,0.0537552083333333,355.111683333333,93.2729166666667,87.6998333333333,-99.1208333333333,-23.1441666666667,Inf,5.57479166666667,-75.98375,-70.4145833333333,1.44720833333333,2.29804166666667,179.952916666667,1.44720833333333,180.332916666667,34.8791666666667,-5.84845833333333,64.5545833333333,NaN,NaN
2025-12-14 00:00:00,937.5,13.4279166666667,2.64958333333333,18.3220833333333,2.40154166666667,266.108333333333,2.41333333333333,0.0553125,347.640358333333,84.7399166666666,75.37775,-115.604166666667,-33.29875,Inf,9.356,-82.3145833333333,-72.9474583333333,1.40008333333333,2.09525,191.329166666667,1.40008333333333,191.554166666667,21.0941666666667,-30.8766666666667,42.0866666666667,NaN,NaN
2025-12-15 00:00:00,961.5,13.4270833333333,2.76154166666667,16.6225,2.440875,264.108333333333,2.453,0.0457447916666667,338.659183333333,90.8872083333333,75.6014583333334,-110.925,-32.5266666666667,Inf,15.2805,-78.385,-63.12,1.399875,2.13466666666667,187.058333333333,1.399875,191.066666666667,21.0120833333333,-20.0320833333333,43.0804166666667,NaN,NaN
2025-12-16 00:00:00,985.5,13.46375,-0.599916666666667,45.1325,2.48816666666667,236.320833333333,2.48545833333333,0.0150833333333333,340.347620833333,63.8259583333333,53.70025,-82.5775,-19.9191666666667,Inf,10.1218333333333,-62.65375,-52.5365416666667,1.47845833333333,2.32079166666667,197.604166666667,1.47845833333333,196.233333333333,24.2370833333333,-18.7504166666667,33.7844166666667,-70.5485714285714,-24.1542857142857
2025-12-17 00:00:00,1009.5,13.3929166666667,-1.332375,59.4366666666667,2.46145833333333,247.025,2.45558333333333,0.0175989583333333,350.413054166667,26.4555833333333,22.3102916666667,-50.6765416666667,-12.2114583333333,-0.122222222222222,4.14608333333333,-38.4647916666667,-34.3200416666667,1.93229166666667,3.13754166666667,192.6625,1.93229166666667,196.70625,39.8575,-24.2165833333333,10.1012916666667,NaN,NaN
2025-12-18 00:00:00,1033.5,13.5258333333333,-9.34454166666667,52.1320833333333,2.45379166666667,267.0875,2.41141666666667,0.0504375,346.659229166667,62.3550416666667,56.5648333333334,-47.3975,-9.27866666666667,0.2694,5.79125,-38.1169583333333,-32.3255,1.58720833333333,2.70483333333333,212.114583333333,1.58720833333333,208.229166666667,36.615,14.9595833333333,47.2875416666667,NaN,NaN
2025-12-19 00:00:00,1057.5,13.4375,0.582708333333333,43.4154166666667,2.39070833333333,263.658333333333,2.39308333333333,0.115885208333333,346.3215125,36.3999166666667,27.5905416666667,-35.0316666666667,-15.84525,Inf,8.81258333333333,-19.1847916666667,-10.373,1.74279166666667,2.95754166666667,199.695833333333,1.74279166666667,204.008333333333,42.0470833333333,1.37041666666667,11.742375,NaN,NaN
2025-12-20 00:00:00,1081.5,13.1858333333333,-3.34941666666667,85.8375,2.234875,250.25,2.22129166666667,0.198301111111111,354.232058333333,9.826375,8.03308333333333,-6.26508333333333,-2.34966666666667,NaN,1.79295833333333,-3.91591666666667,-2.12216666666667,1.41316666666667,2.55491666666667,203.779166666667,1.41316666666667,207.866666666667,46.0658333333333,3.56183333333333,5.683375,NaN,NaN
2025-12-21 00:00:00,1105.5,13.4116666666667,0.998,63.20375,2.32529166666667,235.558333333333,2.329375,0.169868888888889,384.222808333333,72.1612083333333,68.9445,-41.7875833333333,-12.1962083333333,Inf,3.21183333333333,-29.5943333333333,-26.3812916666667,1.74029166666667,2.77116666666667,187.5625,1.74029166666667,197.070833333333,28.2258333333333,30.3582916666667,56.750125,NaN,NaN
2025-12-22 00:00:00,1129.5,13.4479166666667,3.61725,43.8979166666667,2.32758333333333,228.583333333333,2.34291666666667,0.154833333333333,391.576679166667,93.1779166666667,89.8838333333333,-100.520416666667,-24.44375,Inf,3.2945,-76.0725,-72.7804166666667,1.34283333333333,2.33641666666667,186.926666666667,1.34283333333333,196.779166666667,34.87,-7.34291666666666,65.4395833333333,NaN,NaN
2025-12-23 00:00:00,1153.5,13.4216666666667,4.85279166666667,18.75125,2.346875,216.054166666667,2.36754166666667,0.135166666666667,353.587029166667,88.2472916666667,77.423375,-108.879583333333,-33.1554166666667,-0.218571428571429,10.818875,-75.7270833333333,-64.9008333333333,1.50254166666667,2.39683333333333,196.1625,1.50254166666667,198.975,28.80625,-20.6283333333333,44.2741666666667,NaN,NaN
2025-12-24 00:00:00,1177.5,13.4233333333333,4.87745833333333,45.8533333333333,2.359125,237.941666666667,2.38008333333333,0.123229166666667,352.357179166667,87.7570833333333,76.9214166666667,-88.2204166666667,-23.9795833333333,Inf,10.83725,-64.2379166666667,-53.4005,1.62379166666667,2.61841666666667,196.704166666667,1.62379166666667,201.533333333333,28.4508333333333,-0.454166666666668,52.9407083333333,NaN,NaN
2025-12-25 00:00:00,1201.5,13.45625,2.847875,62.31625,2.37641666666667,240.625,2.388625,0.1123125,377.190570833333,45.954875,34.308875,-60.5083333333333,-13.5974583333333,Inf,11.641625,-46.9134166666667,-35.2691666666667,1.61845833333333,2.93683333333333,184.515833333333,1.6185,197.958333333333,39.96875,-14.5650416666667,20.7133333333333,NaN,NaN
2025-12-26 00:00:00,1225.5,13.465,-0.417583333333333,52.9566666666667,2.40691666666667,237.083333333333,2.40516666666667,0.0945347222222222,354.999133333333,91.9729166666667,73.6948333333333,-74.38125,-14.1790416666667,Inf,18.2832083333333,-60.2029166666667,-41.9228333333333,1.65691666666667,2.91241666666667,193.341666666667,1.65691666666667,186.45,36.96625,17.5914583333333,59.516,NaN,NaN
2025-12-27 00:00:00,1249.5,13.4379166666667,-3.340375,68.6983333333333,2.30658333333333,249.1375,2.29308333333333,0.119464583333333,350.644870833333,51.745125,35.4591666666667,-33.3519583333333,-7.29166666666667,1066.5928,16.283875,-26.0621666666667,-9.7785,1.47870833333333,2.84033333333333,210.55,1.47870833333333,192.004166666667,41.1058333333333,18.3883333333333,28.1707083333333,NaN,NaN
2025-12-28 00:00:00,1273.5,13.345,-15.0225,72.0754166666667,1.676125,278.220833333333,1.629875,0.251525,348.7678375,83.7794583333333,76.438625,-48.5839166666667,-7.321125,-Inf,7.34633333333333,-41.257875,-33.9090416666667,1.49116666666667,2.549375,182.689166666667,1.49116666666667,188.908333333333,42.1529166666667,35.203875,69.1159166666666,NaN,NaN
2025-12-29 00:00:00,1297.5,13.4979166666667,-9.62775,50.4633333333333,2.22083333333333,248.104166666667,2.18045833333333,0.169520833333333,347.7861625,81.00125,82.127125,-88.6683333333334,-17.6295833333333,Inf,-1.11958333333333,-71.0329166666667,-72.1554166666667,1.47083333333333,2.325875,174.160416666667,1.47083333333333,154.661666666667,32.3554166666667,-7.66020833333333,64.4970833333333,NaN,NaN
2025-12-30 00:00:00,1321.5,13.4629166666667,-3.58879166666667,41.5716666666667,2.32479166666667,224.458333333333,2.30970833333333,0.160611111111111,352.15295,93.7944166666667,97.9904166666666,-97.8916666666667,-21.2741666666667,-0.0224285714285714,-4.19529166666667,-76.6154166666667,-80.8205,1.67625,2.48320833333333,179.735,1.67625,160.34875,35.8270833333333,-4.08875,76.7195833333333,NaN,NaN
2025-12-31 00:00:00,1345.5,13.4454166666667,-0.0966666666666666,35.8370833333333,2.285,257.820833333333,2.28479166666667,0.154916666666667,345.467991666667,93.0379166666667,96.07875,-102.958333333333,-25.6233333333333,Inf,-3.03591666666667,-77.33125,-80.36625,1.370125,2.184375,180.891666666667,1.370125,173.267916666667,29.735,-9.9125,70.4575,NaN,NaN
2026-01-01 00:00:00,1369.5,13.2929166666667,-0.272791666666667,58.9045833333333,2.304125,288.633333333333,2.30304166666667,0.147081081081081,345.3086375,30.6582916666667,23.134875,-34.4866666666667,-12.5177083333333,Inf,7.53041666666667,-21.9704166666667,-14.4403333333333,1.32075,2.20245833333333,191.783333333333,1.32075,193.258333333333,26.8504166666667,-3.82179166666666,10.61575,NaN,NaN
2026-01-02 00:00:00,1393.5,12.9766666666667,-2.50416666666667,91.85,2.334625,243.779166666667,2.32391666666667,0.157002252252252,433.7578375,25.7329583333333,19.0984166666667,-4.53566666666667,-1.00733333333333,Inf,6.629125,-3.528,3.10075,1.57420833333333,2.528875,213.304166666667,1.57420833333333,202.141666666667,31.4020833333333,21.19575,18.0935416666667,NaN,NaN
2026-01-03 00:00:00,1417.5,13.4045833333333,-0.256041666666667,59.8658333333333,2.34904166666667,211.25,2.34791666666667,0.151333333333333,438.376925,77.6665416666667,79.404125,-65.2131666666667,-15.676125,Inf,-1.74679166666667,-49.5375416666667,-51.2809166666667,1.42858333333333,2.09283333333333,195.595833333333,1.42858333333333,197.995833333333,23.6129166666667,12.4522083333333,63.7286666666667,NaN,NaN
2026-01-04 00:00:00,1441.5,13.4854166666667,0.325,46.2070833333333,2.369125,209.5875,2.370625,0.128375,373.778,103.227833333333,83.9194583333333,-59.2725,-16.48125,Inf,19.311375,-42.78625,-23.4729166666667,1.32020833333333,2.41579166666667,193.645833333333,1.32020833333333,195.629166666667,35.775,43.9533333333333,67.431,NaN,NaN
2026-01-05 00:00:00,1465.5,13.1125,-4.2815,79.5370833333333,2.14066666666667,238.345833333333,2.12391666666667,0.133504761904762,361.270595833333,22.692875,17.5992916666667,-13.752625,-4.203,-1453.87418181818,5.091875,-9.54875,-4.457125,1.05325,2.11625,189.960833333333,1.05325,199.966666666667,46.1420833333333,8.93720833333333,13.3972916666667,NaN,NaN
2026-01-06 00:00:00,1489.5,13.4675,-6.09370833333334,67.445,2.32495833333333,232.858333333333,2.29883333333333,0.192578571428571,364.954558333333,101.059875,100.134416666667,-60.6086666666667,-10.4308333333333,Inf,0.932791666666667,-50.18675,-49.249375,1.558625,2.61629166666667,188.808333333333,1.558625,202.754166666667,35.2158333333333,40.4512083333333,89.7042083333333,NaN,NaN
2026-01-07 00:00:00,1513.5,13.4945833333333,-4.97595833333333,62.1725,2.30975,213.095833333333,2.28841666666667,0.215189393939394,361.597720833333,96.1315833333334,96.9550416666667,-76.8791666666666,-14.5792916666667,0.272235294117647,-0.822833333333333,-62.291125,-63.1155833333333,1.523625,2.323875,198.508333333333,1.523625,201.795833333333,27.9391666666667,19.2658333333333,82.3769166666667,NaN,NaN
2026-01-08 00:00:00,1537.5,13.2875,-7.833625,80.8225,2.18816666666667,273.375,2.15670833333333,0.291136363636364,359.412283333333,24.661125,41.5152916666667,-6.56679166666667,-7.588875,1.1882,-16.8565416666667,1.02175,-15.8366666666667,0.533541666666667,1.100125,193.226666666667,0.533541666666667,171.516666666667,41.6904166666667,18.0960416666667,33.9272083333333,NaN,NaN
2026-01-09 00:00:00,1561.5,13.03125,-15.30125,76.6916666666666,1.557,234.094583333333,1.51358333333333,0.402409090909091,350.694308333333,38.5445833333333,50.1765833333333,-27.10725,-10.385375,Inf,-11.63125,-16.723,-28.3525833333333,0.700875,1.55316666666667,174.652916666667,0.700875,196.270833333333,56.4216666666667,11.4369583333333,39.79275,NaN,NaN
2026-01-10 00:00:00,1585.5,13.23375,-12.4155833333333,68.2020833333333,1.56995833333333,199.115416666667,1.53391666666667,0.513681818181818,367.0841375,84.752625,80.5533333333334,-62.10875,-12.807375,0.00372222222222224,4.21116666666667,-49.29875,-45.090375,1.49083333333333,2.38941666666667,165.812083333333,1.49083333333333,176.1,39.0945833333333,22.6516666666667,67.7326666666667,NaN,NaN
2026-01-11 00:00:00,1609.5,13.4895833333333,-4.55041666666667,48.7204166666667,2.16354166666667,282.354166666667,2.14570833333333,0.469155339805825,385.192695833333,89.4057916666667,87.606,-89.7645833333333,-23.43375,Inf,1.80383333333333,-66.3216666666667,-64.525,0.954791666666666,1.74591666666667,160.12625,0.954791666666666,145.337083333333,43.24375,-0.352499999999996,64.173375,NaN,NaN
2026-01-12 00:00:00,1633.5,13.5075,-2.637375,45.2320833333333,2.24870833333333,302.725,2.23783333333333,0.407917475728155,361.142479166667,101.578083333333,92.817375,-86.80375,-22.2866666666667,Inf,8.75575,-64.5091666666667,-55.7551666666667,1.09154166666667,2.00675,174.580083333333,1.09154166666667,151.400416666667,48.65375,14.7816666666667,70.5304166666667,NaN,NaN
2026-01-13 00:00:00,1657.5,13.5016666666667,-3.0055,52.6141666666667,2.152375,291.604166666667,2.14075,0.348033980582524,357.323875,82.9282916666667,75.6278333333333,-71.1691666666667,-17.3149166666667,Inf,7.304625,-53.8516666666667,-46.5527916666667,1.1375,2.06770833333333,150.1585,1.1375,173.242083333333,46.99875,11.7608333333333,58.304375,NaN,NaN
2026-01-14 00:00:00,1681.5,13.3483333333333,-2.91025,75.87125,2.013625,258.7375,2.00279166666667,0.288150485436893,374.566229166667,60.247625,51.615875,-45.3985416666667,-10.457875,0.2365,8.63254166666666,-34.9395833333333,-26.3120833333333,0.884,1.8455,167.852083333333,0.884,192.9,43.1454166666667,14.8427083333333,41.1496666666667,NaN,NaN
2026-01-15 00:00:00,1705.5,13.4833333333333,-3.117125,47.96,2.15170833333333,280.5625,2.1395,0.247218908922792,367.2635125,107.106208333333,108.258208333333,-106.2125,-22.79875,Inf,-1.14820833333333,-83.4141666666667,-84.564,1.42233333333333,2.222,204.491666666667,1.42233333333333,204.2875,31.3383333333333,0.893208333333336,85.4604166666667,NaN,NaN
2026-01-16 00:00:00,1729.5,13.5145833333333,-13.80125,73.53,1.09495833333333,237.603333333333,1.06875,0.272619047619048,348.6800125,55.7602916666667,45.0192083333333,-24.8433333333333,-3.49983333333333,0.390499999999975,10.7405416666667,-21.3417083333333,-10.6000833333333,1.11245833333333,2.03483333333333,188.812083333333,1.11245833333333,199.375,58.0325,30.9160833333333,41.522125,NaN,NaN
2026-01-17 00:00:00,1753.5,13.3916666666667,-14.0654166666667,72.3375,1.08604166666667,276.28,1.05975,0.302014880952381,350.590558333333,74.31425,71.510125,-39.937625,-7.76291666666667,NaN,2.80416666666667,-32.1714583333333,-29.3678333333333,1.32729166666667,2.43958333333333,187.768333333333,1.32729166666667,198.3125,47.9645833333333,34.3785416666667,63.75,NaN,NaN
2026-01-18 00:00:00,1777.5,13.4691666666667,-7.07758333333333,60.81625,2.23945833333333,245.658333333333,2.21041666666667,0.288994623655914,363.3383625,110.911333333333,115.05075,-79.8263333333333,-15.2872083333333,0.281,-4.13366666666667,-64.5322916666667,-68.656375,1.38604166666667,2.07808333333333,199.8875,1.38604166666667,199.520833333333,26.0408333333333,31.1015,99.7607083333334,NaN,NaN
2026-01-19 00:00:00,1801.5,13.4954166666667,-9.6395,59.82625,2.065875,276.0375,2.028125,0.290843339307049,349.999854166667,106.5195,115.175666666667,-63.64775,-16.3417083333333,-469.871235294118,-8.65683333333333,-47.3045833333333,-55.9627916666667,1.076625,1.77616666666667,208.334583333333,1.076625,187.179583333333,33.6366666666667,42.8705833333333,98.8349166666666,NaN,NaN
2026-01-20 00:00:00,1825.5,13.5575,-7.75258333333333,33.4783333333333,2.14725,264.095833333333,2.116,0.281037037037037,344.765641666667,66.772875,69.5755,-82.9075,-19.2879166666667,-0.0302380952380952,-2.80658333333333,-63.6241666666667,-66.4275833333333,1.560375,2.324625,198.2625,1.560375,208.220833333333,33.9445833333333,-16.1302083333333,50.289875,NaN,NaN
2026-01-21 00:00:00,1849.5,13.6020833333333,-7.523875,32.7816666666667,2.11595833333333,272.279166666667,2.08641666666667,0.275916666666667,344.5688125,105.936625,108.9805,-106.466666666667,-22.0945833333333,Inf,-3.03879166666667,-84.3591666666667,-87.3975,1.69266666666667,2.46091666666667,203.195833333333,1.69266666666667,204.370833333333,24.165,-0.510833333333335,86.8845,NaN,NaN
2026-01-22 00:00:00,1873.5,13.595,-6.04066666666667,30.78875,2.13295833333333,301.4625,2.109125,0.283285714285714,343.374395833333,79.1729583333333,82.111125,-70.86125,-18.2216666666667,Inf,-2.93120833333333,-52.6358333333333,-55.566875,1.20829166666667,1.91908333333333,217.720833333333,1.20829166666667,210.283333333333,25.815,8.31208333333333,63.8876666666667,NaN,NaN
2026-01-23 00:00:00,1897.5,13.5241666666667,-6.69945833333333,45.64375,2.20104166666667,294.0125,2.17433333333333,0.290142857142857,343.051454166667,78.9147083333333,65.637375,-42.47225,-12.766,NaN,13.2790416666667,-29.706125,-16.4266666666667,0.828458333333333,1.57570833333333,211.870833333333,0.828458333333333,209.495833333333,33.4541666666667,36.4460416666667,52.8714166666667,NaN,NaN
2026-01-24 00:00:00,1921.5,13.2183333333333,-12.9275,73.0079166666666,1.67795833333333,319.15,1.638375,0.297,346.523170833333,53.4324583333333,87.8273333333333,-14.8325416666667,-8.7465,1.48466666666667,-34.39825,-6.087,-40.4890833333333,0.692666666666667,1.27795833333333,205.6625,0.692666666666667,208.991666666667,28.91125,38.5989583333333,79.0805416666666,NaN,NaN
2026-01-25 00:00:00,1945.5,12.7433333333333,-19.1341666666667,71.0220833333334,0.773708333333333,310.259166666667,0.745083333333333,0.303857142857143,350.503254166667,38.4619166666667,31.6770833333333,-9.42229166666667,-5.4285,0.156736842105263,6.78616666666667,-3.99125,2.79495833333333,0.823541666666666,1.63245833333333,179.266666666667,0.823541666666666,181.612916666667,51.94875,29.0377083333333,26.2490833333333,NaN,NaN
2026-01-26 00:00:00,1969.5,13.3633333333333,-14.59625,37.61,1.4485,223.921666666667,1.41404166666667,0.310714285714286,349.123216666667,122.322458333333,127.675083333333,-102.154166666667,-17.3358333333333,0.0577727272727272,-5.34741666666667,-84.8275,-90.1720833333333,2.03429166666667,2.97991666666667,209.195833333333,2.03429166666667,194.054166666667,22.9625,20.1545833333333,110.333125,NaN,NaN
2026-01-27 00:00:00,1993.5,13.5979166666667,-8.71758333333334,43.10625,2.11470833333333,268.5,2.08070833333333,0.317375,345.409695833333,111.158541666667,105.831916666667,-75.8291666666667,-15.640875,0.0444736842105263,5.323875,-60.19125,-54.8649166666667,1.78779166666667,2.620375,199.354166666667,1.78779166666667,202.020833333333,25.3533333333333,35.3239583333333,90.1954583333333,NaN,NaN
2026-01-28 00:00:00,2017.5,13.5308333333333,-6.02154166666667,36.5204166666667,2.205375,238.954166666667,2.180875,0.323881313131313,343.269179166667,112.843375,109.153666666667,-83.9975,-18.8548333333333,0.118761904761905,3.688875,-65.14375,-61.444625,1.72529166666667,2.63004166666667,204.504166666667,1.72529166666667,202.7875,29.86625,28.8358333333333,90.2965,NaN,NaN
2026-01-29 00:00:00,2041.5,13.3241666666667,-10.6045833333333,81.93625,1.65529166666667,238.5125,1.62283333333333,0.407195477502296,346.691733333333,59.3661666666667,50.7837916666667,-40.8,-7.40958333333333,470.67,8.58158333333333,-33.3885416666667,-24.808125,1.514875,2.34558333333333,185.137916666667,1.514875,198.029166666667,29.43875,18.5723333333333,43.3824583333333,NaN,NaN
2026-01-30 00:00:00,2065.5,13.3445833333333,-9.07120833333333,80.24,2.0515,266.325,2.017,0.455748966942149,350.6966375,87.3180416666667,80.0594166666667,-32.2960416666667,-8.80583333333333,Inf,7.25166666666667,-23.4881666666667,-16.2355833333333,1.03470833333333,1.77641666666667,194.10125,1.03470833333333,153.297916666667,42.16625,55.0232916666667,71.259,NaN,NaN
2026-01-31 00:00:00,2089.5,13.51875,-4.81429166666667,73.97375,1.79241666666667,265.908333333333,1.77645833333333,0.48809375,382.210104166667,126.060416666667,123.156583333333,-72.413,-13.0919583333333,Inf,2.88766666666667,-59.320125,-56.4296666666667,1.65366666666667,2.55116666666667,195.844583333333,1.65366666666667,200.929166666667,34.0891666666667,53.6442916666667,110.078208333333,NaN,NaN
2026-02-01 00:00:00,2113.5,13.58625,-2.02091666666667,46.1466666666667,2.00083333333333,257.417916666667,1.99204166666667,0.364135416666667,364.731595833333,128.674166666667,124.901583333333,-102.1475,-24.4829166666667,Inf,3.77375,-77.675,-73.8975,1.329625,2.06183333333333,203.5575,1.329625,178.699583333333,28.27875,26.5179166666667,100.425083333333,NaN,NaN
2026-02-02 00:00:00,2137.5,13.5670833333333,-2.51875,42.2566666666667,2.16570833333333,251.233333333333,2.15558333333333,0.33,345.492520833333,98.2879583333333,84.0845833333334,-90.1191666666667,-23.9633333333333,-0.271260869565217,14.1932916666667,-66.1483333333333,-51.9512916666667,1.18545833333333,1.801,210.575,1.18545833333333,208.591666666667,24.72875,8.17083333333333,60.1312916666667,NaN,NaN
2026-02-03 00:00:00,2161.5,13.5275,-6.6645,62.9395833333333,1.812375,290.8875,1.78983333333333,0.348640804597701,346.391866666667,64.3415833333333,53.0483333333333,-32.9344583333333,-10.4906666666667,0.108133333333333,11.299625,-22.443625,-11.1444583333333,0.95275,1.69675,194.556875,0.95275,187.072083333333,54.06875,31.4144166666667,42.5551666666667,NaN,NaN
2026-02-04 00:00:00,2185.5,13.55125,-4.42641666666667,52.9175,1.87633333333333,251.771666666667,1.86325,0.338965517241379,350.378466666667,132.492541666667,129.877916666667,-46.8685416666667,-20.7569166666667,Inf,2.59795833333334,-26.1135833333333,-23.5120416666667,0.662583333333333,1.3485,190.785166666667,0.662583333333333,200.829166666667,40.965,85.6223333333334,109.129916666667,NaN,NaN
2026-02-05 00:00:00,2209.5,13.5154166666667,0.853875,41.8045833333333,2.155875,251.529166666667,2.15920833333333,0.330102011494253,363.637491666667,132.50925,120.634541666667,-99.5875,-27.8358333333333,Inf,11.8718333333333,-71.75625,-59.884875,0.816041666666667,1.50254166666667,189.160625,0.816041666666667,208.6375,33.3858333333333,32.9195833333333,92.7995833333333,NaN,NaN
2026-02-06 00:00:00,2233.5,13.51125,2.51233333333333,33.98625,2.16579166666667,202.258333333333,2.17558333333333,0.324666666666667,363.13875,134.147666666667,115.884916666667,-103.841666666667,-31.43875,Inf,18.269875,-72.41125,-54.1404166666667,0.522625,1.05525,219.833333333333,0.522625,205.104166666667,29.567,30.3016666666667,84.44625,NaN,NaN
2026-02-07 00:00:00,2257.5,13.5866666666667,-0.899583333333333,47.7741666666667,2.19208333333333,223.991666666667,2.18854166666667,0.313703703703704,342.468041666667,126.697625,108.714166666667,-93.31,-17.9379166666667,Inf,17.9885416666667,-75.3645833333334,-57.3749583333333,1.54816666666667,2.3245,208.654166666667,1.54816666666667,204.958333333333,26.7425,33.4070833333333,90.77425,NaN,NaN
2026-02-08 00:00:00,2281.5,13.54,-1.25366666666667,49.4183333333333,2.19254166666667,281.316666666667,2.187375,0.305,347.483375,120.183416666667,96.329125,-89.65125,-17.1254166666667,Inf,23.8523333333333,-72.53,-48.67775,1.70333333333333,2.60433333333333,195.7375,1.70333333333333,198.529166666667,25.2991666666667,30.5304166666667,79.2075833333333,NaN,NaN
2026-02-09 00:00:00,2305.5,13.5508333333333,0.571833333333334,39.9275,2.193375,260.983333333333,2.19558333333333,0.300392857142857,341.415454166667,142.383166666667,117.863791666667,-90.88125,-20.7690833333333,0.0825,24.526,-70.1075,-45.5754583333333,1.75120833333333,2.687625,202.854166666667,1.75120833333333,204.625,27.1933333333333,51.5104166666667,97.0928333333333,NaN,NaN
2026-02-10 00:00:00,2329.5,13.335,-4.186125,83.2241666666667,1.971125,279.841666666667,1.95579166666667,0.319023809523809,345.676920833333,52.2101666666667,42.0476666666667,-6.15016666666666,-3.62758333333333,-Inf,10.1660416666667,-2.52275,7.64254166666667,0.828083333333333,1.51066666666667,203.504166666667,0.828083333333333,196.229166666667,31.9741666666667,46.0601666666667,38.4150833333333,NaN,NaN
2026-02-11 00:00:00,2353.5,12.865,-2.63229166666667,79.3183333333333,2.12158333333333,282.745833333333,2.11120833333333,0.343785714285714,369.001675,25.4217916666667,20.5202916666667,-5.383,-3.82429166666667,0.8132,4.901125,-1.55908333333333,3.342375,1.07095833333333,1.94658333333333,198.154166666667,1.07095833333333,192.3,37.1816666666667,20.0372083333333,16.6959583333333,NaN,NaN
2026-02-12 00:00:00,2377.5,13.3325,-2.41866666666667,81.72,1.9815,271.958333333333,1.972875,0.368547619047619,394.188125,73.983625,62.363875,-11.34,-4.82079166666667,0.678363636363636,11.6147916666667,-6.519,5.096125,1.04875,1.72929166666667,202.35,1.04875,197.875,27.2175,62.6392083333333,57.54025,NaN,NaN
2026-02-13 00:00:00,2401.5,13.4466666666667,-3.09675,76.2870833333333,1.81566666666667,280.65125,1.80566666666667,0.393309523809524,390.130966666667,93.0905833333333,79.7850416666667,-13.368875,-7.93429166666667,0.571076923076923,13.2977916666667,-5.43425,7.86470833333333,0.628375,1.18529166666667,163.380833333333,0.628375,167.100416666667,25.4299583333333,79.708375,71.8467916666667,NaN,NaN
2026-02-14 00:00:00,2425.5,13.5904166666667,-4.159875,63.5658333333333,2.05491666666667,277.15,2.03908333333333,0.418071428571429,378.873716666667,160.638958333333,147.792208333333,-68.2529583333333,-16.5899166666667,Inf,12.8451666666667,-51.6564583333333,-38.816125,0.972625,1.73254166666667,157.49125,0.972625,150.973333333333,36.0566666666667,92.385625,131.200583333333,NaN,NaN
2026-02-15 00:00:00,2449.5,13.6108333333333,-0.974791666666667,29.1775,2.0705,247.65,2.06691666666667,0.417808201058201,355.544054166667,110.578625,91.0318333333333,-82.6179166666667,-24.4554166666667,Inf,19.5365,-58.1675,-38.63575,1.34475,2.22529166666667,192.229166666667,1.34475,197.170833333333,31.795,27.9520833333333,66.5783333333333,NaN,NaN
2026-02-16 00:00:00,2473.5,13.5845833333333,1.465625,35.0954166666667,2.09670833333333,223.4875,2.10245833333333,0.395107142857143,352.287725,114.034125,94.2270833333333,-67.70375,-21.57375,Inf,19.8105416666667,-46.1279166666667,-26.32025,1.58820833333333,2.7065,183.425,1.58820833333333,188.966666666667,35.5304166666667,46.3310833333333,72.6495833333333,NaN,NaN
2026-02-17 00:00:00,2497.5,13.5108333333333,-5.50525,71.38375,1.78158333333333,243.095833333333,1.76466666666667,0.396705357142857,346.85875,57.9774166666667,46.5185,-24.5535,-7.42158333333333,Inf,11.45725,-17.1315,-5.67716666666667,1.418875,2.717125,200.854166666667,1.418875,199.1375,47.59625,33.4250416666667,39.1021666666667,NaN,NaN
2026-02-18 00:00:00,2521.5,13.25625,-8.34170833333333,73.8504166666667,1.80695833333333,266.191666666667,1.77941666666667,0.411607142857143,349.919804166667,78.6977083333333,64.3887083333333,-21.3988333333333,-7.70125,0.691454545454546,14.3035416666667,-13.6994166666667,0.604666666666668,1.28541666666667,2.376625,191.7875,1.28541666666667,185.454166666667,33.8075,57.29775,56.6943333333333,NaN,NaN
2026-02-19 00:00:00,2545.5,13.4620833333333,-15.57625,71.79625,1.74083333333333,273.254166666667,1.69058333333333,0.427035714285714,349.601216666667,127.789625,107.541958333333,-45.9445833333333,-6.97529166666667,Inf,20.249375,-38.9704166666667,-18.7218333333333,1.529125,2.2695,200.4375,1.529125,200.945833333333,28.9754166666667,81.845125,100.568,NaN,NaN
2026-02-20 00:00:00,2569.5,13.3516666666667,-13.5404166666667,72.6745833333333,1.70679166666667,283.632083333333,1.66329166666667,0.442464285714286,349.5117625,74.68425,59.761375,-14.3590416666667,-7.50420833333333,Inf,14.9184166666667,-6.85575,8.064875,0.536958333333333,1.10595833333333,154.988208333333,0.536958333333333,160.65875,36.36125,60.3285416666667,52.264125,NaN,NaN
2026-02-21 00:00:00,2593.5,13.5020833333333,-12.5574583333333,58.6241666666667,1.34266666666667,288.825,1.309,0.457892857142857,351.21095,171.654666666667,155.662,-58.6510416666667,-16.8121666666667,Inf,15.9927916666667,-41.833125,-25.8375416666667,1.44195833333333,2.08766666666667,197.195833333333,1.44195833333333,203.683333333333,24.5895833333333,113.009916666667,138.841833333333,NaN,NaN
2026-02-22 00:00:00,2617.5,13.5725,-4.61475,26.6520833333333,1.53333333333333,272.604166666667,1.52325,0.473321428571428,345.446775,180.662458333333,161.249375,-110.2125,-27.16875,-0.000217391304347826,19.4094166666667,-83.0354166666667,-63.6195833333333,1.45620833333333,2.1265,196.458333333333,1.45620833333333,196.0625,23.5283333333333,70.4512083333334,134.086666666667,NaN,NaN
2026-02-23 00:00:00,2641.5,13.595,-1.58075,34.1345833333333,1.63816666666667,227.402916666667,1.63441666666667,0.487535714285714,345.456208333333,158.455875,133.7555,-97.76375,-24.7995833333333,-0.0471363636363637,24.69475,-72.9704166666667,-48.2675,1.356625,2.064875,200.833333333333,1.356625,199.3375,23.2658333333333,60.68875,108.957375,NaN,NaN
2026-02-24 00:00:00,2665.5,13.5491666666667,-0.401666666666667,50.7104166666667,1.97875,247.4875,1.97729166666667,0.507875,343.605241666667,57.976,50.8201666666667,-41.8879166666667,-13.352875,-0.0487272727272727,7.145,-28.527875,-21.3835833333333,1.89783333333333,2.99808333333333,215.766666666667,1.89783333333333,202.495833333333,32.7145833333333,16.086875,37.4692083333333,NaN,NaN
2026-02-25 00:00:00,2689.5,13.27625,-1.85675,87.1858333333333,1.85225,266.4875,1.84579166666667,0.640966666666667,372.1354375,22.943625,19.07575,-7.31529166666667,-2.72016666666667,0.8205,3.869375,-4.59416666666667,-0.72575,1.339875,2.467625,212.316666666667,1.339875,207.7875,52.8654166666667,15.6275833333333,16.355625,NaN,NaN
2026-02-26 00:00:00,2713.5,13.61625,-3.355375,66.5704166666667,1.84895833333333,239.816666666667,1.837625,0.648241666666667,370.105016666667,179.270083333333,157.982708333333,-69.736125,-12.7893333333333,0.2852,21.2940416666667,-56.9412083333333,-35.6488333333333,1.46333333333333,2.47558333333333,201.10375,1.463375,200.35,45.0179166666667,109.5525,145.205541666667,NaN,NaN
2026-02-27 00:00:00,2737.5,13.60125,-1.51829166666667,43.4408333333333,1.87170833333333,219.279166666667,1.86641666666667,0.637208333333333,351.4366,170.439375,151.344,-100.132083333333,-21.6708333333333,Inf,19.0982083333333,-78.47375,-59.3674166666667,1.74520833333333,2.5495,208.2,1.74520833333333,205.054166666667,24.1454166666667,70.2996666666667,129.665416666667,NaN,NaN
2026-02-28 00:00:00,2761.5,13.5854166666667,0.0549166666666671,37.0329166666667,1.882875,210.991666666667,1.88295833333333,0.617238970588236,346.4242,174.728416666667,150.313875,-92.4254166666667,-22.54625,0.0914736842105263,24.4095416666667,-69.8875,-45.4795833333333,1.2865,1.99191666666667,200.641666666667,1.2865,202.2625,25.5554166666667,82.29875,127.77,NaN,NaN
2026-03-01 00:00:00,2785.5,13.535,-0.442375,76.5304166666667,1.92070833333333,247.45,1.91908333333333,0.601426470588235,366.220995833333,86.7745833333333,66.6965,-26.555375,-8.4785,-614.787307692308,20.0880833333333,-18.0765833333333,2.008625,1.20470833333333,1.916125,207.55,1.20470833333333,205.191666666667,26.3220833333333,60.2234583333333,58.213875,NaN,NaN
2026-03-02 00:00:00,2809.5,13.5808333333333,3.31229166666667,48.4733333333333,1.88879166666667,260.629166666667,1.89995833333333,0.595772058823529,395.296704166667,79.3865,60.529375,-56.3458333333333,-19.24125,0.342133333333333,18.86225,-37.1075,-18.2504166666667,1.19104166666667,2.09841666666667,193.045833333333,1.19104166666667,197.429166666667,36.7666666666667,23.0354166666667,41.2844166666667,NaN,NaN
2026-03-03 00:00:00,2833.5,13.5320833333333,-1.952125,76.5483333333333,1.90708333333333,266.283333333333,1.900375,0.586238738738739,370.183408333333,136.17425,118.95375,-36.1943333333333,-12.395875,Inf,17.2240416666667,-23.8014583333333,-6.57295833333334,0.574958333333333,1.19054166666667,205.532083333333,0.574958333333333,169.141666666667,34.2904166666667,99.9814166666667,106.55275,NaN,NaN
2026-03-04 00:00:00,2857.5,13.5733333333333,-0.806541666666667,51.7120833333333,1.90566666666667,238.2875,1.90275,0.587261261261261,387.1878625,201.301708333333,167.766708333333,-59.146875,-19.7827916666667,0.202681818181818,33.5222083333333,-39.35975,-5.83670833333333,1.359,2.12616666666667,190.570833333333,1.359,185.733333333333,28.2995833333333,142.15275,147.983833333333,NaN,NaN
2026-03-05 00:00:00,2881.5,13.5741666666667,0.10325,48.3583333333333,1.92354166666667,209.25,1.92379166666667,0.580289855072464,365.815033333333,160.4735,121.978416666667,-74.178,-18.63025,Inf,38.4957083333333,-55.5456666666667,-17.0555833333333,1.15570833333333,2.06883333333333,203.987083333333,1.15570833333333,188.560416666667,38.0825,86.294125,103.3505,NaN,NaN
2026-03-06 00:00:00,2905.5,13.3045833333333,-8.18604166666667,86.025,1.65729166666667,279.504166666667,1.63254166666667,0.596782608695652,346.9529625,20.45775,60.7946666666667,-0.0690416666666667,-4.95279166666667,-Inf,-40.3371666666667,4.88366666666667,-35.4513333333333,0.296958333333333,0.902875,126.568708333333,0.296958333333333,86.3615833333333,48.6888333333333,20.3897083333333,55.8429583333334,NaN,NaN
2026-03-07 00:00:00,2929.5,13.6008333333333,-8.10975,61.5804166666667,1.75379166666667,261.9125,1.7285,0.621604619565217,348.022883333333,195.932375,188.515416666667,-60.1069583333333,-16.2895833333333,Inf,7.42216666666667,-43.8195833333333,-36.3999166666667,1.41795833333333,2.17891666666667,201.995833333333,1.41795833333333,197.533333333333,24.6720833333333,135.823,172.229041666667,NaN,NaN
2026-03-08 00:00:00,2953.5,13.6525,-1.880625,59.44375,1.912625,239.9625,1.905875,0.591010416666667,368.570604166667,186.504666666667,142.0405,-89.6475,-15.4415,Inf,44.4540416666666,-74.2,-29.7445833333333,1.80433333333333,2.66766666666667,178.229166666667,1.80433333333333,177.120833333333,26.7370833333333,96.8516666666666,126.603916666667,NaN,NaN
2026-03-09 00:00:00,2977.5,13.5629166666667,1.70770833333333,40.5195833333333,1.92258333333333,242.308333333333,1.92841666666667,0.568833333333333,377.185233333333,209.046708333333,154.74325,-107.404166666667,-23.3820833333333,0.0527727272727273,54.3124166666667,-84.0133333333333,-29.7029166666667,1.722125,2.622875,204.4875,1.722125,205.5375,29.32,101.67125,131.366041666667,NaN,NaN
2026-03-10 00:00:00,3001.5,13.5608333333333,1.04445833333333,46.7845833333333,1.90758333333333,213.616666666667,1.91154166666667,0.556780637254902,356.661820833333,144.526708333333,104.465291666667,-70.033,-18.1615416666667,400.15515,40.0530416666667,-51.8668333333333,-11.8135416666667,1.636125,2.724,198.266,1.636125,205.054166666667,35.3695833333333,74.490875,86.31,NaN,NaN
2026-03-11 00:00:00,3025.5,13.6091666666667,-8.719125,51.0475,1.76029166666667,268.316666666667,1.73225,0.578838235294118,344.919629166667,226.786458333333,198.194833333333,-81.7816666666667,-13.4567916666667,Inf,28.5909166666667,-68.33075,-39.7420833333333,1.78079166666667,2.65945833333333,205.820833333333,1.78079166666667,205.925,27.9404166666667,145.000375,184.744333333333,NaN,NaN
2026-03-12 00:00:00,3049.5,13.5608333333333,-0.656916666666666,47.67125,1.911125,230.695833333333,1.908875,0.58344362745098,349.888254166667,192.178166666667,151.774708333333,-66.8970833333333,-14.6508333333333,Inf,40.387375,-52.25,-11.86,2.17370833333333,3.204625,204.520833333333,2.17370833333333,208.420833333333,28.1554166666667,125.2705,137.123416666667,NaN,NaN
2026-03-13 00:00:00,3073.5,13.6233333333333,1.68145833333333,42.7329166666667,1.94175,197.791666666667,1.94770833333333,0.551708333333333,350.456083333333,189.971166666667,135.935666666667,-81.7329166666667,-18.1829166666667,0.0398421052631579,54.0538333333333,-63.5558333333333,-9.50625,1.699,2.68470833333333,212.125,1.699,213.425,37.3358333333333,108.24875,117.753125,NaN,NaN
2026-03-14 00:00:00,3097.5,13.5716666666667,1.04995833333333,46.2204166666667,1.957875,194.466666666667,1.961625,0.538806666666667,343.7178,88.1655833333334,63.5695,-54.91025,-15.4412083333333,Inf,24.583375,-39.4745,-14.8871666666667,1.623125,2.720375,200.5125,1.623125,208.808333333333,40.075,33.2411666666667,48.1332083333333,NaN,NaN
2026-03-15 00:00:00,3121.5,13.6358333333333,-12.7305833333333,68.2029166666667,0.87025,253.854166666667,0.851291666666667,0.539346666666667,346.3762,150.255041666667,127.16775,-27.8341666666667,-5.73054166666667,Inf,23.081,-22.101625,0.977416666666665,0.793416666666667,1.68995833333333,180.407791666667,0.793416666666667,211.648708333333,74.1125,122.409958333333,121.440958333333,NaN,NaN
2026-03-16 00:00:00,3145.5,13.69,-8.42504166666667,73.8945833333333,1.75033333333333,261.216666666667,1.7245,0.536786666666667,352.965883333333,177.939458333333,142.048416666667,-36.4758333333333,-5.163625,0.555142857142857,35.8740416666667,-31.31425,4.55820833333333,1.84208333333333,2.88358333333333,185.604166666667,1.84208333333333,196.341666666667,36.1733333333333,141.447375,136.884291666667,NaN,NaN
2026-03-17 00:00:00,3169.5,13.5975,1.829125,57.2241666666667,1.937625,246.883333333333,1.94404166666667,0.534226666666667,415.736591666667,220.5445,156.93525,-73.0283333333333,-17.095125,Inf,63.6053333333333,-55.92775,7.67708333333333,2.0145,2.999375,211.075,2.0145,205.416666666667,33.1120833333333,147.527083333333,139.848125,NaN,NaN
2026-03-18 00:00:00,3193.5,13.5829166666667,5.757625,28.56625,1.982625,200.875,2.0035,0.497166666666667,367.114233333333,233.097583333333,148.059875,-110.508333333333,-31.3641666666667,-0.118,85.0327916666667,-79.1504166666667,5.89925,1.54216666666667,2.38741666666667,207.066666666667,1.54216666666667,207.4375,33.085,122.587083333333,116.687083333333,NaN,NaN
2026-03-19 00:00:00,3217.5,13.5433333333333,8.59333333333333,22.6141666666667,2.024375,208.983333333333,2.056,0.443958333333333,357.5043,236.466916666667,149.183875,-122.395833333333,-40.0666666666667,Inf,87.2775,-82.3304166666667,4.95416666666667,1.47325,2.23454166666667,212.779166666667,1.47325,208.395833333333,26.7858333333333,114.074166666667,109.120833333333,NaN,NaN
2026-03-20 00:00:00,3241.5,13.53625,9.31229166666667,19.62125,2.07783333333333,208.15,2.113,0.387208333333333,347.60505,237.9525,148.178125,-124.741666666667,-42.3216666666667,-0.0403913043478261,89.799875,-82.42875,7.36916666666666,1.28708333333333,1.958,215.775,1.28708333333333,206.175,24.11625,113.207083333333,105.84625,NaN,NaN
2026-03-21 00:00:00,3265.5,13.5291666666667,11.2870833333333,16.7579166666667,2.130625,211.2625,2.174125,0.325875,344.309820833333,234.046625,143.351041666667,-117.234583333333,-47.4479166666667,0.08655,90.6925,-69.7816666666667,20.90875,1.223875,2.07079166666667,200.333208333333,1.223875,216.254166666667,34.9729166666667,116.830416666667,95.9091666666666,NaN,NaN
2026-03-22 00:00:00,3289.5,13.5816666666667,7.16204166666667,27.3129166666667,2.20195833333333,215.725,2.23058333333333,0.270041666666667,336.268275,225.690916666667,131.493875,-87.8379166666667,-31.9295833333333,Inf,94.1880416666667,-55.9104166666667,38.2760416666667,0.500458333333333,1.13529166666667,224.645833333333,0.500458333333333,223.4625,36.8229166666667,137.834583333333,99.5618333333333,NaN,NaN
2026-03-23 00:00:00,3313.5,13.57,4.810875,51.53,2.20758333333333,223.0375,2.227,0.235072916666667,338.781479166667,83.857375,48.1965,-30.501375,-17.095875,0.470923076923077,35.6650833333333,-13.40625,22.260625,1.15283333333333,1.93004166666667,205.825,1.15283333333333,205.85,29.7054166666667,53.350125,31.1004583333333,NaN,NaN
2026-03-24 00:00:00,3337.5,13.5766666666667,7.71954166666667,46.73375,2.26754166666667,216.179166666667,2.299375,0.201739583333333,362.6546625,191.234875,107.508416666667,-81.8830416666667,-29.6466666666667,-0.104666666666667,83.722875,-52.2404583333333,31.4796666666667,1.454875,2.30979166666667,205.491666666667,1.454875,209.629166666667,29.5529166666667,109.34475,77.8708333333334,NaN,NaN
2026-03-25 00:00:00,3361.5,13.5420833333333,10.9195416666667,32.13625,2.338125,235.575,2.38458333333333,0.115150641025641,360.084791666667,238.582875,125.249666666667,-110.5125,-41.4170833333333,Inf,113.3335,-69.0983333333333,44.235,1.427625,2.187875,222.233333333333,1.427625,209.766666666667,28.0279166666667,128.074583333333,83.8395833333333,NaN,NaN
2026-03-26 00:00:00,3385.5,13.5458333333333,8.997375,41.7783333333333,2.44291666666667,222.779166666667,2.48254166666667,0.0173632478632479,345.523395833333,194.154833333333,95.5949583333334,-75.5633333333333,-33.015625,-Inf,98.5338333333333,-42.5485416666667,55.982875,0.915541666666667,1.76416666666667,203.427375,0.915541666666667,227.275,45.7354166666667,118.560416666667,62.581875,NaN,NaN
2026-03-27 00:00:00,3409.5,13.6195833333333,0.528083333333333,61.0645833333333,2.52154166666667,233.858333333333,2.52404166666667,-0.0505555555555556,338.5081,237.993583333333,98.9509166666667,-68.2851666666667,-11.8532916666667,Inf,139.046458333333,-56.439875,82.595375,0.331833333333333,0.74825,147.35725,0.331833333333333,130.140416666667,31.82875,169.701041666667,87.0945833333333,NaN,NaN
2026-03-28 00:00:00,3433.5,13.565,7.9065,27.0904166666667,2.58758333333333,222.595833333333,2.62479166666667,-0.127484848484848,338.002429166667,220.417208333333,72.4185833333333,-97.9333333333333,-25.2754166666667,Inf,147.995958333333,-72.6495833333333,75.33125,1.18004166666667,2.02770833333333,222.5125,1.18004166666667,212.420833333333,36.6266666666667,122.4825,47.1409583333333,NaN,NaN
2026-03-29 00:00:00,3457.5,13.59125,6.94716666666667,35.4695833333333,2.63545833333333,259.8625,2.66866666666667,-0.198452651515151,337.059583333333,250.630291666667,48.856875,-102.521666666667,-9.707375,Inf,201.776291666667,-92.8170833333333,108.965208333333,1.068375,1.980125,219.245833333333,1.068375,211.920833333333,39.98625,148.121416666667,39.1514583333333,NaN,NaN
2026-03-30 00:00:00,3481.5,13.53,7.624375,29.4183333333333,2.67183333333333,215.079166666667,2.70883333333333,-0.209243055555556,334.9161875,222.590125,31.5369166666667,-91.3729166666667,-3.88970833333333,Inf,191.03625,-87.4825,103.55625,1.006125,1.96916666666667,209.766666666667,1.006125,209.6625,42.5279166666667,131.212916666667,27.6491666666667,NaN,NaN
2026-03-31 00:00:00,3505.5,13.64125,4.37633333333333,47.8816666666667,2.6795,231.608333333333,2.70079166666667,-0.207243686868687,335.0265375,144.434958333333,18.5791666666667,-57.36625,2.2895,-0.349944444444444,125.844416666667,-59.6575,66.186875,1.335875,2.29416666666667,197.0875,1.33591666666667,197.670833333333,31.5133333333333,87.0679166666667,20.8699166666667,NaN,NaN
2026-04-01 00:00:00,3529.5,13.4354166666667,0.292958333333333,84.9654166666667,2.65691666666667,246.5125,2.65854166666667,-0.184054924242424,361.482116666667,90.777875,18.667,-12.705125,1.48766666666667,-499.763375,72.1129583333333,-14.1932916666667,57.919,0.894333333333333,1.562,208.220833333333,0.894333333333333,141.695833333333,24.8229166666667,78.0692083333333,20.1546666666667,NaN,NaN
2026-04-02 00:00:00,3553.5,13.5366666666667,-1.30845833333333,77.5566666666667,2.61333333333333,236.054166666667,2.607375,-0.124083333333333,366.19615,150.784958333333,109.930875,-20.23975,-5.84008333333333,-Inf,40.8545,-14.400625,26.4504583333333,0.890333333333334,1.704,194.229166666667,0.890333333333334,118.441666666667,30.0854166666667,130.543916666667,104.094208333333,NaN,NaN
2026-04-03 00:00:00,3577.5,13.395,-9.1605,80.7158333333333,2.296125,251.916666666667,2.25716666666667,0.0475480769230769,346.662,202.746166666667,168.447541666667,-19.903375,-2.42775,1.09433333333333,34.2898333333333,-17.476875,16.8124583333333,1.47108333333333,2.330375,201.610416666667,1.47108333333333,204.0125,34.68875,182.837833333333,166.01775,NaN,NaN
2026-04-04 00:00:00,3601.5,13.5395833333333,-4.23125,69.7666666666667,2.50379166666667,249.2375,2.48466666666667,-0.0604230769230769,358.710895833333,268.81125,191.912583333333,-76.326625,-13.37375,Inf,76.8769583333333,-62.9535,13.9217083333333,1.02854166666667,1.85141666666667,213.550416666667,1.02854166666667,171.324166666667,46.3170833333333,192.453166666667,178.532333333333,NaN,NaN
2026-04-05 00:00:00,3625.5,13.6495833333333,1.144875,40.45,2.615875,238.5125,2.621125,-0.125708333333333,375.389829166667,276.49575,181.502833333333,-110.508333333333,-28.4283333333333,Inf,94.9663333333333,-82.0679166666666,12.8904166666667,0.326708333333333,0.859041666666667,206.083333333333,0.326708333333333,177.408333333333,35.6456666666667,165.964166666667,153.069458333333,NaN,NaN
2026-04-06 00:00:00,3649.5,13.64625,4.08620833333333,28.6529166666667,2.64008333333333,214.691666666667,2.65966666666667,-0.159791666666667,384.6543375,217.875708333333,119.535541666667,-99.825,-25.4683333333333,Inf,98.3155833333334,-74.3554166666667,23.9558333333333,0.767708333333333,1.44795833333333,209.713333333333,0.767708333333333,204.4625,40.221125,118.022958333333,94.0660416666667,NaN,NaN
2026-04-07 00:00:00,3673.5,13.64375,4.20508333333333,34.5783333333333,2.66895833333333,219.754166666667,2.68941666666667,-0.189708333333333,364.82345,227.841125,76.2014166666667,-83.4054166666667,-13.6839583333333,-0.135235294117647,151.648875,-69.7129166666667,81.9375,0.864708333333333,1.632625,214.5375,0.864708333333333,217.629166666667,38.0416666666667,144.442916666667,62.5146666666667,NaN,NaN
2026-04-08 00:00:00,3697.5,13.6429166666667,4.50404166666667,38.8945833333333,2.68283333333333,209.8875,2.70495833333333,-0.206208333333333,350.207233333333,224.458916666667,28.2747916666667,-82.6070833333333,0.313124999999999,-0.328363636363636,196.169375,-82.9204166666667,113.260916666667,1.20995833333333,2.064875,235.870833333333,1.20995833333333,210.079166666667,33.9445833333333,141.862583333333,28.5916666666667,NaN,NaN
2026-04-09 00:00:00,3721.5,13.63625,3.85120833333333,50.4533333333333,2.68058333333333,224.920833333333,2.69920833333333,-0.199458333333333,349.93515,170.850791666667,19.41,-62.9,3.50154166666667,-0.190625,151.428625,-66.3979166666667,85.0416666666667,0.831125,1.56891666666667,207.995416666667,0.831125,216.220833333333,41.7654166666667,107.950041666667,22.911,NaN,NaN
2026-04-10 00:00:00,3745.5,13.63375,5.08983333333333,49.98125,2.658125,239.325,2.68270833333333,-0.200775,368.607795833333,150.064791666667,16.8675416666667,-53.671875,2.21766666666667,Inf,133.198125,-55.8900833333333,77.31475,0.451666666666667,1.101875,203.938958333333,0.451666666666667,212.46875,38.42,96.3973333333333,19.086375,NaN,NaN
2026-04-11 00:00:00,3769.5,13.6425,5.13633333333333,45.8116666666667,2.62466666666667,231.908333333333,2.64925,-0.199488888888889,361.467866666667,194.946083333333,23.7229583333333,-80.9933333333333,5.258875,-0.359772727272727,171.25825,-86.2483333333333,85.01375,1.420875,2.421875,183.81875,1.420875,193.858333333333,32.3633333333333,113.976666666667,28.9783333333333,NaN,NaN
2026-04-12 00:00:00,3793.5,13.6454166666667,4.31433333333333,34.8191666666667,2.67558333333333,237.904166666667,2.69658333333333,-0.197291666666667,348.1327125,225.822291666667,29.2893333333333,-94.5595833333333,10.8743333333333,Inf,196.55625,-105.440833333333,91.11125,1.562625,2.77595833333333,188.583333333333,1.562625,191.179166666667,33.9495833333333,131.291583333333,40.1689583333333,NaN,NaN
2026-04-13 00:00:00,3817.5,13.6720833333333,1.71283333333333,40.52625,2.68708333333333,218.416666666667,2.6955,-0.197375,339.301429166667,174.984666666667,21.1154583333333,-77.4541666666667,10.14475,Inf,153.866666666667,-87.6020833333333,66.2658333333333,1.084,2.10066666666667,220.891666666667,1.084,205.208333333333,39.1770833333333,97.5219583333333,31.2560833333333,NaN,NaN
2026-04-14 00:00:00,3841.5,13.4920833333333,-2.36770833333333,79.5895833333333,2.57154166666667,253.033333333333,2.560875,-0.184672348484848,341.809883333333,94.29675,62.1415,-15.347625,-4.08341666666667,Inf,32.1543333333333,-11.2635,20.8898333333333,0.868166666666667,1.548,176.771666666667,0.868166666666667,187.779166666667,30.515,78.946,58.071375,NaN,NaN
2026-04-15 00:00:00,3865.5,13.625,-1.16570833333333,65.8841666666667,2.57958333333333,234.604166666667,2.57475,-0.183897727272727,356.958141666667,285.380833333333,169.723833333333,-74.1245833333333,-9.82125,-0.0447619047619048,115.688541666667,-64.3004166666667,51.3870833333333,1.53545833333333,2.411375,201.954166666667,1.53545833333333,199.429166666667,31.3329166666667,211.28625,159.896666666667,NaN,NaN
2026-04-16 00:00:00,3889.5,13.6725,2.64879166666667,43.4308333333333,2.68129166666667,213.554166666667,2.69420833333333,-0.194125,357.34355,212.670291666667,33.2813333333333,-81.4620833333333,-2.908875,-0.216086956521739,179.384291666667,-78.5466666666667,100.83175,1.95004166666667,3.13616666666667,188.975,1.95004166666667,192.033333333333,31.2504166666667,131.1975,30.3693333333333,NaN,NaN
2026-04-17 00:00:00,3913.5,13.75375,-10.2095,79.89625,2.62854166666667,260.4125,2.578875,-0.181960416666667,344.432708333333,110.955166666667,76.4925416666667,-9.8275,1.56154166666667,Inf,34.4586666666667,-11.3867083333333,23.0700833333333,0.984875,1.81154166666667,203.6025,0.984875,209.1375,40.86875,101.119375,78.056125,NaN,NaN
2026-04-18 00:00:00,3937.5,13.66875,-6.75945833333333,56.1195833333333,2.296875,242.66125,2.27204166666667,-0.176775694444444,344.070841666667,267.979333333333,212.769291666667,-65.9307916666667,-10.0755,Inf,55.1719166666667,-55.854625,-0.687124999999998,1.23916666666667,2.004,207.245833333333,1.23916666666667,206.641666666667,34.8495833333333,202.019958333333,202.694458333333,NaN,NaN
2026-04-19 00:00:00,3961.5,13.67375,2.63429166666667,19.6241666666667,2.66379166666667,239.6,2.67670833333333,-0.195888888888889,350.532308333333,304.283041666667,81.7044583333333,-118.1875,-12.1663333333333,Inf,222.517291666667,-106.008333333333,116.5,0.820916666666667,1.5055,210.614166666667,0.820916666666667,208.858333333333,35.3200833333333,186.061666666667,69.5425,NaN,NaN
2026-04-20 00:00:00,3985.5,13.6129166666667,6.45333333333334,20.4416666666667,2.66525,238.8625,2.69641666666667,-0.199416666666667,350.170170833333,221.121583333333,20.2042083333333,-101.338333333333,-8.26379166666666,Inf,200.920125,-93.07,107.8725,0.731333333333334,1.44216666666667,200.34,0.731333333333334,210.358333333333,41.6195833333333,119.81,11.9389166666667,NaN,NaN
2026-04-21 00:00:00,4009.5,13.55125,9.53745833333334,27.5295833333333,2.65620833333333,229.45,2.70195833333333,-0.202041666666667,361.309566666667,253.741291666667,26.6394166666667,-99.4983333333333,-0.445374999999999,Inf,227.111583333333,-99.06125,128.047916666667,0.833291666666667,1.635125,169.11475,0.833291666666667,193.979166666667,38.5595833333333,154.23375,26.1932916666667,NaN,NaN
2026-04-22 00:00:00,4033.5,13.6141666666667,6.69941666666667,30.0925,2.667375,226.9375,2.69979166666667,-0.199741898148148,337.073275,284.063833333333,33.6600833333333,-96.6808333333333,9.52779166666667,Inf,250.396,-106.2075,144.1675,1.58191666666667,2.78575,193.129166666667,1.58191666666667,194.333333333333,33.6866666666667,187.30625,43.1790833333333,-103.875,3.23375
2026-04-23 00:00:00,4057.5,13.7429166666667,-2.42516666666667,56.1191666666667,2.67545833333333,259.241666666667,2.6635,-0.189454055958132,339.0670875,256.924458333333,32.2534166666667,-67.4683333333333,23.63225,Inf,224.636916666667,-91.09,133.544583333333,1.43125,2.44108333333333,200.766666666667,1.43125,203.9375,34.8541666666667,189.405416666667,55.8804583333333,NaN,NaN
2026-04-24 00:00:00,4081.5,13.6704166666667,1.790625,29.11625,2.68045833333333,244.141666666667,2.68916666666667,-0.194047101449275,337.000329166667,292.866458333333,37.5493333333333,-93.2125,25.6684583333333,-0.346227272727273,255.308625,-118.8825,136.439833333333,1.240125,2.358875,193.433333333333,1.240125,205.683333333333,42.3375,199.689166666667,63.21125,-97.1666666666667,-2.79333333333333
2026-04-25 00:00:00,4105.5,13.6875,1.879125,44.76,2.67591666666667,252.441666666667,2.68495833333333,-0.2045,335.934554166667,168.9905,21.8055,-50.83375,18.420875,Inf,147.188916666667,-69.2566666666666,77.932125,0.872416666666667,1.815375,188.529333333333,0.872416666666667,197.423333333333,37.8625,118.167,40.233125,NaN,NaN
2026-04-26 00:00:00,4129.5,13.605,-0.247458333333333,74.73625,2.69470833333333,237.9,2.69358333333333,-0.202479166666667,340.2481125,180.068583333333,33.5882916666667,-25.253375,8.38783333333333,0.041,146.469125,-33.642625,112.830125,1.17483333333333,2.132875,204.029166666667,1.17483333333333,182.8625,28.1425,154.806208333333,41.9777083333333,NaN,NaN
2026-04-27 00:00:00,4153.5,13.5683333333333,-1.4225,77.0495833333333,2.68729166666667,247.670833333333,2.680125,-0.184008333333333,346.081720833333,176.34575,107.804416666667,-24.9087083333333,-5.53516666666667,500.4200625,68.5359166666667,-19.3735416666667,49.1598333333333,0.847458333333333,1.67695833333333,209.804166666667,0.847458333333333,203.395833333333,39.4758333333333,151.43375,102.273708333333,NaN,NaN
2026-04-28 00:00:00,4177.5,13.5158333333333,-3.37766666666667,77.5404166666667,2.479875,253.470833333333,2.46470833333333,-0.1657,346.5068875,165.50825,118.339208333333,-21.0604166666667,-4.860875,Inf,47.1717916666667,-16.20125,30.9705833333333,0.905,1.67208333333333,208.616666666667,0.905,207.541666666667,36.5445833333333,144.444041666667,113.476125,NaN,NaN
2026-04-29 00:00:00,4201.5,13.75875,-1.812375,65.195,2.67879166666667,223.425,2.66995833333333,-0.169916666666667,357.1465625,204.482833333333,136.079125,-62.2258333333333,-13.990625,Inf,68.4100416666667,-48.2370833333333,20.1728333333333,0.530416666666667,1.07770833333333,162.05425,0.530416666666667,176.209166666667,38.3062916666667,142.270416666667,122.088208333333,NaN,NaN
2026-04-30 00:00:00,4225.5,13.7079166666667,-3.90129166666667,88.5304166666667,2.54175,257.008333333333,2.52375,-0.183709459459459,355.75685,101.769083333333,83.935375,-3.168875,-2.11454166666667,444.994611111111,17.833,-1.05379166666667,16.77675,0.159416666666667,0.553416666666667,109.5435,0.159416666666667,118.781166666667,32.385375,98.6049583333333,81.8217916666667,NaN,NaN
2026-05-01 00:00:00,4249.5,13.6245833333333,-1.54,50.13375,2.331125,235.479166666667,2.32816666666667,-0.191332207207207,371.061066666667,297.414791666667,190.308666666667,-67.1148333333333,-18.7165833333333,Inf,107.105375,-48.3979166666667,58.7154583333333,0.231625,0.546625,209.86125,0.231625,80.2488333333333,26.805125,230.316083333333,171.591833333333,NaN,NaN
2026-05-02 00:00:00,4273.5,13.6520833333333,2.99541666666667,34.5525,2.68229166666667,228.9875,2.69675,-0.199458333333333,393.9139875,329.029958333333,64.88825,-109.81625,0.159875,Inf,264.09925,-109.985,154.13675,0.290416666666667,0.719583333333333,210.522916666667,0.290416666666667,181.770416666667,37.079375,219.145833333333,65.04775,NaN,NaN
2026-05-03 00:00:00,4297.5,13.6583333333333,5.23316666666667,29.3779166666667,2.66754166666667,223.329166666667,2.69295833333333,-0.205166666666667,388.50835,243.3635,25.8799166666667,-93.2529166666667,2.90054166666667,Inf,217.463291666667,-96.1554166666667,121.335708333333,0.61975,1.39495833333333,192.595416666667,0.61975,207.485041666667,53.2029166666667,150.11,28.7834166666667,NaN,NaN
2026-05-04 00:00:00,4321.5,13.59625,3.14483333333333,56.4841666666667,2.67366666666667,230.541666666667,2.68879166666667,-0.205666666666667,370.835129166667,137.979916666667,15.6101666666667,-46.6498333333333,-0.523958333333333,Inf,122.361291666667,-46.1322916666667,76.222125,0.377041666666667,0.859833333333333,215.4375,0.377041666666667,142.035833333333,30.09125,91.3133333333333,15.0880416666667,NaN,NaN
2026-05-05 00:00:00,4345.5,12.7616666666667,-4.27258333333333,90.4833333333333,2.41054166666667,255.775,2.39233333333333,0.0494180107526882,386.790975,14.7709583333333,40.5291666666667,-0.247416666666667,-4.52295833333333,-Inf,-25.75425,4.27629166666667,-21.4778333333333,0,0,65.0301666666667,0,0,0,14.524,36.004375,NaN,NaN
2026-05-06 00:00:00,4369.5,13.39625,-5.9075,72.0245833333333,2.23345833333333,244.5375,2.20929166666667,0.183665322580645,360.9495875,219.94625,172.581875,-52.0992083333333,-11.2977916666667,1.14005882352941,47.35125,-40.798125,6.56225000000001,0.648958333333333,1.12229166666667,108.927833333333,0.648958333333333,101.129583333333,23.7295833333333,167.855666666667,161.287083333333,NaN,NaN
2026-05-07 00:00:00,4393.5,13.78375,-0.0892083333333333,71.4129166666667,2.36904166666667,237.379166666667,2.36879166666667,0.134783333333333,404.0158875,234.561625,162.1465,-55.703625,-15.7553333333333,0.2424,72.40225,-39.95125,32.4435,1.167375,1.99108333333333,203.725,1.167375,196.070833333333,30.4429166666667,178.863083333333,146.396208333333,NaN,NaN
2026-05-08 00:00:00,4417.5,13.6591666666667,4.94541666666667,54.0091666666667,2.46075,219.7125,2.48283333333333,0.0177166666666667,469.6077125,261.161791666667,178.716666666667,-44.2815833333333,-25.5068333333333,0.326722222222222,82.4597916666667,-18.7704583333333,63.6989166666667,0.652166666666667,1.48270833333333,200.879166666667,0.652166666666667,211.891666666667,42.7125,216.89025,153.210166666667,NaN,NaN
2026-05-09 00:00:00,4441.5,13.6554166666667,5.295875,48.165,2.562625,224.445833333333,2.58720833333333,-0.0905438596491228,443.256404166667,293.978458333333,188.114791666667,-81.3344583333333,-26.8968333333333,NaN,105.88125,-54.4395833333333,51.4380833333333,0.78275,1.614625,198.868333333333,0.78275,190.155,44.72125,212.648208333333,161.222875,NaN,NaN
2026-05-10 00:00:00,4465.5,13.6458333333333,4.85170833333333,51.6358333333334,2.64091666666667,259.379166666667,2.66429166666667,-0.184706140350877,405.850770833333,338.6805,155.982125,-97.9577083333333,-23.1605,Inf,182.749208333333,-74.7941666666667,107.953333333333,0.280666666666667,0.772125,169.792916666667,0.280666666666667,187.7525,42.7651666666667,240.763333333333,132.820958333333,NaN,NaN
2026-05-11 00:00:00,4489.5,13.58625,9.72970833333333,25.1295833333333,2.65941666666667,210.658333333333,2.70625,-0.20675,398.9183,336.948125,45.6324583333333,-114.458333333333,-7.71366666666667,Inf,291.29025,-106.737083333333,184.5325,0.676291666666667,1.444625,179.0125,0.676291666666667,192.675,50.16875,222.434583333333,37.9103333333333,NaN,NaN
2026-05-12 00:00:00,4513.5,13.5508333333333,12.157375,25.7366666666667,2.64875,223.308333333333,2.70683333333333,-0.207458333333333,381.47495,268.929833333333,31.289875,-102.385833333333,-1.66733333333333,Inf,237.633625,-100.7175,136.925833333333,0.487666666666667,1.149,233.791666666667,0.487666666666667,218.879166666667,41.280125,166.515416666667,29.6267916666667,NaN,NaN
2026-05-13 00:00:00,4537.5,13.5008333333333,13.8229166666667,23.4325,2.63716666666667,221.1125,2.70291666666667,-0.203213541666667,369.661933333333,207.055,26.1931666666667,-88.0758333333333,-0.993333333333332,Inf,180.876208333333,-87.0770833333333,93.7983333333333,0.65275,1.451875,205.899583333333,0.65275,190.154166666667,34.1670833333333,118.996666666667,25.1999166666667,NaN,NaN
2026-05-14 00:00:00,4561.5,13.5754166666667,10.2288333333333,31.9141666666667,2.64979166666667,243.583333333333,2.69870833333333,-0.201911458333333,346.454591666667,322.639833333333,41.442,-106.251666666667,18.1295833333333,Inf,281.234916666667,-124.390416666667,156.827916666667,1.43429166666667,2.41458333333333,216.783333333333,1.43429166666667,207.85,34.90875,216.367083333333,59.574625,NaN,NaN
2026-05-15 00:00:00,4585.5,13.5770833333333,9.482625,18.3558333333333,2.65129166666667,240.266666666667,2.69679166666667,-0.207041666666667,338.498629166667,340.13975,45.4123333333333,-115.5375,26.59475,Inf,294.704125,-142.144166666667,152.57375,0.83675,1.59516666666667,209.979166666667,0.83675,201.058333333333,39.0558333333333,224.580833333333,72.008875,NaN,NaN
2026-05-16 00:00:00,4609.5,13.59,7.224875,48.5925,2.66733333333333,248.741666666667,2.70216666666667,-0.207,335.0139875,214.023333333333,28.3059166666667,-57.736375,21.4774166666667,-0.051,185.724208333333,-79.216875,106.515291666667,0.583625,1.48904166666667,193.477083333333,0.583625,197.266666666667,43.0629583333333,156.289875,49.78425,NaN,NaN
2026-05-17 00:00:00,4633.5,13.49875,1.64241666666667,87.1170833333333,2.67204166666667,244.3,2.68004166666667,-0.205815789473684,348.503691666667,193.984833333333,44.1835416666667,-20.0767083333333,7.11975,-Inf,149.789333333333,-27.2005833333333,122.592333333333,0.618958333333333,1.215625,192.500833333333,0.618958333333333,153.441666666667,29.5204166666667,173.898958333333,51.308375,NaN,NaN
2026-05-18 00:00:00,4657.5,13.0720833333333,-2.5675,90.8125,2.56133333333333,254.1125,2.5495,-0.167328307748538,344.512320833333,24.7755833333333,57.689625,-0.0260833333333333,-3.768125,2.060125,-32.9092083333333,3.74195833333333,-29.1728333333333,0.0815833333333333,0.263875,202.754583333333,0.0815833333333333,41.965,13.479,24.7496666666667,53.91625,NaN,NaN
2026-05-19 00:00:00,4681.5,13.5291666666667,-2.33008333333333,85.0695833333333,2.55266666666667,250.329166666667,2.54183333333333,-0.141030121527778,353.259429166667,144.416875,134.564,-12.8093333333333,-7.10141666666667,1.190125,9.85791666666667,-5.70808333333333,4.14116666666667,0.165958333333333,0.455875,154.11625,0.165958333333333,52.2433333333333,22.3866666666667,131.600416666667,127.464333333333,NaN,NaN
2026-05-20 00:00:00,4705.5,13.7766666666667,0.698375,68.6204166666667,2.67404166666667,250.975,2.6775,-0.17592578125,369.035566666667,181.365791666667,121.002375,-35.7815833333333,-13.2294166666667,Inf,60.3585416666667,-22.5535833333333,37.81075,0.23625,0.625708333333333,209.079166666667,0.23625,131.5,30.43,145.582125,107.779583333333,NaN,NaN
2026-05-21 00:00:00,4729.5,13.6058333333333,0.909291666666666,65.1829166666667,2.67545833333333,213.683333333333,2.67983333333333,-0.184958333333333,378.169183333333,142.500125,64.2359583333333,-46.4691666666666,-9.92566666666667,0.2364375,78.2527083333333,-36.543,41.7152916666667,0.508583333333333,1.01854166666667,233.691666666667,0.508583333333333,153.183333333333,23.2553333333333,96.0318333333333,54.3125833333333,NaN,NaN
2026-05-22 00:00:00,4753.5,13.54,0.352083333333333,65.21125,2.66991666666667,203.183333333333,2.671625,-0.172125,406.777716666667,268.062083333333,167.177458333333,-48.7901666666667,-9.79983333333333,Inf,100.853,-38.9923333333333,61.8620416666667,0.327375,0.79275,210.768333333333,0.327375,131.083333333333,25.5779166666667,219.259666666667,157.383958333333,NaN,NaN
2026-05-23 00:00:00,4777.5,13.73375,5.41158333333333,40.8975,2.67795833333333,240.216666666667,2.704375,-0.208284722222222,414.293620833333,318.151166666667,49.5959166666667,-94.85375,-0.954000000000001,Inf,268.547166666667,-93.9020833333333,174.692083333333,0.828416666666667,1.65054166666667,226.458333333333,0.828416666666667,218.933333333333,37.0525,223.375416666667,48.6479166666667,NaN,NaN
2026-05-24 00:00:00,4801.5,13.6241666666667,8.83491666666667,43.62625,2.65941666666667,241.445833333333,2.70191666666667,-0.210902777777778,411.7599,275.312291666667,31.1037916666667,-90.325,5.7795,Inf,244.208708333333,-96.1016666666666,148.113458333333,0.67425,1.48775,200.543333333333,0.67425,208.316666666667,43.3133333333333,185.00925,36.8890416666667,NaN,NaN
2026-05-25 00:00:00,4825.5,13.60125,10.3755416666667,39.1445833333333,2.661875,219.479166666667,2.71170833333333,-0.211541666666667,408.465958333333,217.976083333333,25.321875,-91.1633333333333,2.36025,Inf,192.651625,-93.51375,99.1379166666666,0.522333333333333,1.18779166666667,168.984875,0.522333333333333,168.811666666667,40.4801666666667,126.818333333333,27.6789583333333,NaN,NaN
2026-05-26 00:00:00,4849.5,13.6591666666667,8.24875,60.59375,2.658125,232.895833333333,2.69779166666667,-0.206506944444444,397.49475,147.397166666667,16.9732083333333,-39.921125,4.68608333333333,Inf,130.419333333333,-44.603375,85.8076666666666,0.487916666666667,1.29304166666667,205.906666666667,0.487916666666667,184.041666666667,42.88625,107.47325,21.6595,NaN,NaN
2026-05-27 00:00:00,4873.5,13.6641666666667,7.45416666666667,67.0254166666667,2.67070833333333,226.029166666667,2.70683333333333,-0.207145833333333,432.611441666667,217.15225,24.03,-39.4015833333333,10.552625,Inf,193.121916666667,-49.9553333333333,143.1645,0.660791666666667,1.32575,158.987916666667,0.660791666666667,169.5625,38.9204166666667,177.742083333333,34.5835416666667,NaN,NaN
2026-05-28 00:00:00,4897.5,13.5941666666667,10.2552083333333,54.6758333333333,2.64883333333333,245.720833333333,2.69779166666667,-0.198166666666667,451.396125,271.059583333333,34.0892916666667,-65.2272916666667,19.982,Inf,236.969583333333,-85.2141666666667,151.73375,0.440083333333333,1.07791666666667,211.750291666667,0.440083333333333,215.136625,38.1290833333333,205.793875,54.0701666666667,NaN,NaN
2026-05-29 00:00:00,4921.5,13.6166666666667,9.1965,56.9995833333333,2.65379166666667,248.816666666667,2.69804166666667,-0.199,454.297633333333,202.219583333333,22.28025,-44.4860833333333,8.85291666666667,0.00766666666666665,179.960583333333,-53.3366666666667,126.622458333333,0.500916666666667,1.174875,220.43225,0.500916666666667,183.172083333333,36.9954166666667,157.743291666667,31.1372916666667,NaN,NaN
2026-05-30 00:00:00,4945.5,13.6695833333333,5.26083333333333,65.6033333333333,2.67545833333333,250.9,2.70108333333333,-0.200242248062016,455.761720833333,314.625708333333,37.5177916666667,-41.90575,19.1274166666667,Inf,277.110291666667,-61.03475,216.062041666667,1.01316666666667,1.94629166666667,219.804166666667,1.01316666666667,197.995833333333,38.1179166666667,272.650583333333,56.6411666666667,NaN,NaN
2026-05-31 00:00:00,4969.5,13.7370833333333,5.43420833333333,57.1216666666667,2.65625,266.316666666667,2.68254166666667,-0.199616279069768,435.856529166667,278.119083333333,37.7512916666667,-68.8589166666667,18.1067083333333,Inf,240.368958333333,-86.965,153.377833333333,1.25483333333333,2.05741666666667,211.241666666667,1.25483333333333,210.866666666667,33.6954166666667,209.259291666667,55.859,NaN,NaN
2026-06-01 00:00:00,4993.5,13.5820833333333,10.4797083333333,40.43125,2.65091666666667,251.020833333333,2.701,-0.201058139534884,432.8601875,278.061666666667,38.5642916666667,-94.8775,17.3640833333333,Inf,239.521125,-112.2375,127.275833333333,0.394375,0.978541666666667,214.501291666667,0.394375,192.996541666667,47.2235416666667,183.191666666667,55.9214583333333,NaN,NaN
2026-06-02 00:00:00,5017.5,13.5704166666667,11.8051666666667,42.20625,2.65633333333333,285.625,2.69216666666667,-0.2225,420.320504166667,245.824458333333,33.7052916666667,-94.36625,15.0112916666667,Inf,212.134958333333,-109.3775,102.771916666667,0.353541666666667,0.951791666666667,215.776291666667,0.353541666666667,204.914166666667,49.0999583333333,151.453958333333,48.7172083333333,NaN,NaN
2026-06-03 00:00:00,5041.5,13.5879166666667,12.41,31.9429166666667,NaN,281,NaN,-0.2465,393.381641666667,232.437333333333,32.7062083333333,-96.2391666666667,13.5580416666667,Inf,199.74875,-109.80125,89.9291666666667,0.458916666666667,1.041125,198.927916666667,0.458916666666667,196.468375,41.7804166666667,136.1775,46.26,NaN,NaN
2026-06-04 00:00:00,5065.5,13.53,14.0970833333333,22.11375,NaN,281,NaN,-0.2705,376.5003625,284.673333333333,40.2965416666667,-108.291666666667,17.1323333333333,Inf,244.396541666667,-125.429583333333,118.966666666667,0.393875,1.02116666666667,212.666666666667,0.393875,199.166666666667,30.4308333333333,176.392916666667,57.4175833333333,NaN,NaN
2026-06-05 00:00:00,5089.5,13.5229166666667,13.8716666666667,25.1016666666667,NaN,281,NaN,-0.2945,360.7359125,343.9375,48.4709583333333,-116.2375,28.2694583333333,-0.441,295.470291666667,-144.504583333333,151.00125,0.604,1.27670833333333,196.091666666667,0.604,189.1375,44.4791666666667,227.744583333333,76.7387083333333,NaN,NaN
2026-06-06 00:00:00,5113.5,13.515,15.97,22.2195833333333,NaN,281,NaN,-0.3185,359.948820833333,258.966208333333,36.8569583333333,-101.608333333333,17.929125,0.233058823529412,222.09975,-119.54125,102.557916666667,0.410708333333333,1.011,209.615833333333,0.410708333333333,186.183333333333,39.2172916666667,157.358875,54.7872916666667,NaN,NaN
2026-06-07 00:00:00,5137.5,13.515,15.4775,17.6029166666667,NaN,281,NaN,-0.3425,340.733829166667,294.9715,43.3939583333333,-106.122083333333,25.82575,-0.196380952380952,251.575458333333,-131.94375,119.650416666667,1.01829166666667,1.91445833333333,206.720833333333,1.01829166666667,199.870833333333,38.165,188.88125,69.2204583333334,NaN,NaN
2026-06-08 00:00:00,5161.5,13.5379166666667,14.1470833333333,23.9766666666667,NaN,281,NaN,-0.3665,333.2419,265.461583333333,38.8227916666667,-100.36,22.2981666666667,-0.373608695652174,226.582125,-122.643333333333,103.9525,1.04575,1.900375,185.0875,1.04575,197.075,41.2079166666667,165.093125,61.1200416666666,NaN,NaN
2026-06-09 00:00:00,5185.5,13.6033333333333,12.9981666666667,23.1058333333333,NaN,281,NaN,-0.3905,326.437025,265.022416666667,39.442875,-93.4795833333333,22.9445833333333,Inf,225.60075,-116.4175,109.182083333333,1.35175,2.565875,204.920833333333,1.35175,191.9,43.06375,171.583833333333,62.38475,-125.8,105.8
2026-06-10 00:00:00,5209.5,13.6170833333333,9.573125,37.8583333333333,NaN,281,NaN,-0.4145,329.210820833333,303.88725,42.4269583333333,-65.4525,32.3914583333333,Inf,261.525083333333,-97.8383333333334,163.655416666667,1.021375,2.130625,202.239166666667,1.021375,210.895833333333,51.3070833333333,238.467541666667,74.8155833333333,NaN,NaN
2026-06-11 00:00:00,5233.5,13.64125,6.74904166666667,23.8566666666667,NaN,281,NaN,-0.438500000000001,329.9094125,368.18825,54.56625,-108.295416666667,39.4477083333333,-0.162409090909091,313.521583333333,-147.730416666667,165.83375,0.887708333333334,1.72929166666667,218.154166666667,0.887708333333334,209.925,42.12,259.825,94.0191666666667,-91.86875,13.291875
2026-06-12 00:00:00,5257.5,13.55375,12.949875,16.3358333333333,NaN,281,NaN,-0.4625,327.545333333333,358.365125,52.675,-122.191666666667,30.21825,Inf,305.680916666667,-152.408333333333,153.285,1.22625,2.07729166666667,229.945833333333,1.22629166666667,213.579166666667,36.0504166666667,236.201666666667,82.892125,-110.114285714286,-15.1571428571429
2026-06-13 00:00:00,5281.5,13.5591666666667,11.8114166666667,33.6391666666667,NaN,281,NaN,-0.4865,328.744358333333,361.257583333333,52.3292083333333,-113.583333333333,36.1995833333333,Inf,308.946291666667,-149.77125,159.1775,0.65075,1.38291666666667,217.683083333333,0.65075,178.604166666667,42.2259583333333,247.713333333333,88.5279166666667,-95.4475,-10.40125
2026-06-14 00:00:00,5305.5,13.5820833333333,7.312375,70.5491666666667,NaN,281,NaN,-0.5105,329.8431,236.919666666667,33.7276666666667,-50.2403333333333,34.4652083333333,Inf,203.19475,-84.6995833333333,118.484791666667,0.366,0.944041666666667,167.872625,0.366,121.809166666667,39.9790833333333,186.688041666667,68.1898333333333,-12.1201111111111,12.0334444444444
2026-06-15 00:00:00,5329.5,13.5570833333333,11.1331666666667,42.9470833333333,NaN,281,NaN,-0.5345,331.354741666667,323.523666666667,47.4935416666667,-94.96125,33.9884166666667,-0.508736842105263,275.986208333333,-128.95125,147.020416666667,0.470458333333333,1.169375,193.217083333333,0.470458333333333,210.325,50.1399583333333,228.534291666667,81.4816666666667,-41.055,0.801
2026-06-16 00:00:00,5346.5,13.192,9.4933,32.338,NaN,281,NaN,-0.551500000000003,330.76681,147.2428,26.3945,-101.31,2.4451,-0.5366,120.8525,-103.735,17.105,0.6295,1.1323,209.46,0.6295,221.2,25.254,45.95,28.8403,-92.6,-13.15
