TIMESTAMP,RECORD,BattV_Min,AirTC_Avg,RH,DT_Avg,Q_Avg,TCDT_Avg,DBTCDT_Avg,BP_mbar_Avg,CM3Up_Avg,CM3Dn_Avg,CG3Up_Avg,CG3Dn_Avg,Albedo_Avg,NetRs_Avg,NetRl_Avg,NetTot_Avg,WS_ms_Avg,WS_ms_Max,WindDir,WS_ms_S_WVT,WindDir_D1_WVT,WindDir_SD1_WVT,UpTot_Avg,DnTot_Avg,CG3UpCo_Avg,CG3DnCo_Avg
2025-07-17 00:00:00,5,13.13,16.7809090909091,38.8745454545455,2.42563636363636,245.154545454545,2.49863636363636,-0.01,651.372046363636,114.494090909091,13.1291818181818,-34.56,-10.3295454545455,-0.029,101.356,-24.2299090909091,77.1390909090909,0.00309090909090909,0.107454545454545,159.889818181818,0.00309090909090909,18.2054545454545,1.02209090909091,79.9353636363636,2.79890909090909,NaN,NaN
2025-07-18 00:00:00,22.5,13.0591666666667,13.3604166666667,59.1058333333333,2.447125,231.775,2.506125,-0.00730729166666667,716.143291666667,64.6157083333333,10.4067083333333,-19.8376666666667,-4.017,Inf,54.20625,-15.8212083333333,38.3889583333333,0.000208333333333333,0.0124166666666667,155.994583333333,0.000208333333333333,15.3733333333333,0,44.776875,6.39083333333333,NaN,NaN
2025-07-19 00:00:00,46.5,13.10125,12.6695416666667,61.7241666666667,2.45595833333333,216.3375,2.51191666666667,-0.0120677083333333,716.105633333333,64.4235,10.9962916666667,-26.17125,-4.94141666666667,-420.940789473684,53.4314583333333,-21.2297083333333,32.1987916666667,0.00104166666666667,0.0432083333333333,172.499625,0.00104166666666667,29.0645833333333,1.38216666666667,38.2517083333333,6.05454166666667,NaN,NaN
2025-07-20 00:00:00,70.5,13.08125,13.1766666666667,51.39125,2.43979166666667,229.383333333333,2.49783333333333,-0.0001875,716.068954166667,113.964625,14.3004583333333,-36.4054166666667,-7.01941666666667,-0.124227272727273,99.6573333333333,-29.38625,70.2727916666667,0.0005,0.013625,148.856125,0.0005,10.8458333333333,0.315458333333333,77.5522916666667,7.281125,NaN,NaN
2025-07-21 00:00:00,94.5,13.0325,12.3114583333333,53.0354166666667,2.445375,235.433333333333,2.49958333333333,0.00154166666666667,715.0889,42.2857916666667,6.78683333333333,-24.7345,-6.26633333333333,-0.101190476190476,35.4980416666667,-18.468,17.0299583333333,0.000333333333333333,0.020875,209.208333333333,0.000333333333333333,0.004,8.33333333333333e-05,17.547875,0.520416666666667,NaN,NaN
2025-07-22 00:00:00,118.5,13.1608333333333,14.450125,54.2316666666667,2.43354166666667,221.420833333333,2.496875,0.00220833333333333,713.737166666667,70.116125,9.914625,-25.985,-7.31625,Inf,60.200125,-18.6690833333333,41.5385,4.16666666666667e-05,0.00354166666666667,152.889583333333,4.16666666666667e-05,13.0420833333333,0.673833333333333,44.1234166666667,2.59833333333333,NaN,NaN
2025-07-23 00:00:00,142.5,13.11375,13.3745833333333,58.59125,2.44429166666667,217.329166666667,2.50333333333333,-0.00429166666666667,714.7038625,81.4126666666667,10.7485,-23.6571666666667,-4.95733333333333,NaN,70.66125,-18.6994166666667,51.9652083333333,0.000708333333333333,0.0305,181.258,0.000708333333333333,16.6091666666667,0.6705,57.753625,5.79129166666667,NaN,NaN
2025-07-24 00:00:00,166.5,13.1316666666667,11.756,64.8745833333333,2.46029166666667,213.720833333333,2.51216666666667,-0.00904166666666667,717.229620833333,85.6922916666667,12.0800416666667,-24.8716666666667,-4.54275,-Inf,73.6064166666667,-20.32875,53.282875,0.000458333333333333,0.023625,139.538125,0.000458333333333333,25.05625,0.0481666666666667,60.8181666666666,7.5375,NaN,NaN
2025-07-25 00:00:00,190.5,13.0425,12.5512083333333,50.8083333333333,2.440125,209.191666666667,2.49529166666667,0.00466666666666667,716.149458333333,98.7912083333333,13.2549166666667,-35.4004166666667,-6.933125,-0.1185,85.53575,-28.467125,57.070125,0.000416666666666667,0.0242916666666667,168.672083333333,0.000416666666666667,3.21541666666667,0.002,63.3883333333333,6.32425,NaN,NaN
2025-07-26 00:00:00,214.5,13.0275,13.301625,42.045,2.43333333333333,224.670833333333,2.49145833333333,0.0103333333333333,715.467891666667,108.528416666667,14.3489166666667,-37.42,-7.13254166666667,-0.185619047619048,94.1672916666667,-30.2875,63.871,0.00208333333333333,0.04775,191.900833333333,0.00208333333333333,24.5895416666667,1.989875,71.097,7.215,NaN,NaN
2025-07-27 00:00:00,238.5,13.0591666666667,14.600875,30.5766666666667,2.43091666666667,229.508333333333,2.49479166666667,0.00620833333333333,717.7019375,96.3781666666667,13.875875,-39.6220833333333,-8.76454166666666,-0.00450000000000002,82.5046666666667,-30.8570833333333,51.6457083333333,0.00304166666666667,0.0705833333333333,144.743833333333,0.00304166666666667,39.14375,2.43825,56.7610416666666,5.11175,NaN,NaN
2025-07-28 00:00:00,262.5,13.0416666666667,14.8745833333333,34.5604166666667,2.43670833333333,214.316666666667,2.501625,0.00145833333333333,720.234520833333,87.006375,12.3953333333333,-35.385,-8.82158333333333,-Inf,74.61825,-26.56325,48.0478333333333,0.00129166666666667,0.051125,159.7585,0.00129166666666667,29.2095833333333,1.62179166666667,51.6255833333333,3.57325,NaN,NaN
2025-07-29 00:00:00,286.5,13.0758333333333,12.9347916666667,50.2808333333333,2.438375,207.329166666667,2.49545833333333,0.00591666666666667,720.38895,44.4063333333333,6.286125,-22.7509583333333,-5.865125,-Inf,38.1175,-16.886625,21.2330416666667,0,0,187.200833333333,0,0,0,21.65725,0.421875,NaN,NaN
2025-07-30 00:00:00,310.5,13.0604166666667,9.18004166666667,79.7908333333333,2.46354166666667,212.658333333333,2.50441666666667,-0.00416666666666667,719.822941666667,61.3208333333333,10.220125,-25.434375,-0.373583333333333,Inf,51.0980416666667,-25.05975,26.0459166666667,0.000375,0.016625,167.786,0.000375,6.0725,0.36875,35.89,9.846375,NaN,NaN
2025-07-31 00:00:00,334.5,13.0620833333333,7.60308333333333,86.2383333333333,2.48420833333333,212.5125,2.51829166666667,-0.0172083333333333,719.762095833333,52.1655416666667,7.88425,-19.21925,-0.981083333333333,-0.28021052631579,44.2804583333333,-18.2391666666667,26.0389166666667,0.000125,0.00658333333333333,188.180833333333,0.000125,21.9333333333333,0.514583333333333,32.9396666666667,6.90375,NaN,NaN
2025-08-01 00:00:00,358.5,13.0179166666667,10.8403333333333,60.5933333333333,2.47766666666667,216.445833333333,2.526125,-0.0231666666666667,719.9346375,88.072,12.7410833333333,-33.1670833333333,-6.01633333333333,Inf,75.34,-27.1508333333333,48.1850833333333,0.000291666666666667,0.0150416666666667,183.68,0.000291666666666667,28.9,1.256375,54.900625,6.72370833333333,NaN,NaN
2025-08-02 00:00:00,382.5,12.9604166666667,8.329875,76.8733333333333,2.483,219.041666666667,2.52029166666667,-0.0144027777777778,719.579816666667,36.92975,6.89616666666667,-20.1416666666667,-1.368375,-Inf,30.0287916666667,-18.77325,11.2595833333333,0.000458333333333333,0.0293333333333333,164.915,0.000458333333333333,30.49375,8.33333333333333e-05,16.7875,5.52766666666667,NaN,NaN
2025-08-03 00:00:00,406.5,13.0166666666667,9.49504166666667,62.2541666666667,2.48483333333333,252.475,2.527375,-0.0154513888888889,717.431425,86.210375,13.1156666666667,-31.2070833333333,-5.3075,Inf,73.0904583333333,-25.8995833333333,47.189,0.000916666666666667,0.033625,170.221083333333,0.000916666666666667,12.2716666666667,0.717458333333333,55.0030833333333,7.81054166666667,NaN,NaN
2025-08-04 00:00:00,430.5,13.0966666666667,11.7597083333333,43.0525,2.46675,212.4,2.518625,-0.020875,715.663891666667,93.3247916666667,13.8285833333333,-39.79375,-9.17629166666667,-Inf,79.4859166666667,-30.6170833333333,48.8670833333333,0.00145833333333333,0.0692916666666667,182.747083333333,0.00145833333333333,21.96625,0.989791666666667,53.522375,4.650375,NaN,NaN
2025-08-05 00:00:00,454.5,13.0820833333333,14.028625,26.2829166666667,2.45225,217.733333333333,2.514125,-0.0132083333333333,716.874125,87.7456666666667,14.0990416666667,-44.5558333333333,-11.4904583333333,Inf,73.645875,-33.06625,40.5877916666667,0.00429166666666667,0.0794583333333333,149.5045,0.00429166666666667,35.7641666666667,5.323875,43.1928333333333,2.607,NaN,NaN
2025-08-06 00:00:00,478.5,13.0691666666667,13.5025416666667,35.35,2.44716666666667,218.583333333333,2.5065,-0.00533333333333333,719.656758333333,83.4223333333333,12.6165,-38.2429166666667,-9.53395833333333,-0.155952380952381,70.8084583333333,-28.7095833333333,42.099,0.000916666666666667,0.027,169.894583333333,0.000916666666666667,11.0620833333333,2.77345833333333,45.1815833333333,3.083,NaN,NaN
2025-08-07 00:00:00,502.5,13.1225,15.4416666666667,35.2941666666667,2.48225,225.675,2.551,-0.0272460317460318,717.814191666667,72.5415416666667,11.03025,-34.8858333333333,-10.4287083333333,Inf,61.5122916666667,-24.4566666666667,37.053,0.00579166666666667,0.116583333333333,155.235916666667,0.00579166666666667,48.6675,8.74133333333333,37.6577916666667,0.60225,NaN,NaN
2025-08-08 00:00:00,526.5,13.05125,15.51375,29.8775,2.50741666666667,238.095833333333,2.5775,-0.0365456349206349,714.211670833333,73.6003333333333,11.041,-34.0629166666667,-10.325125,Inf,62.5649583333333,-23.7383333333333,38.8240833333333,0.00616666666666667,0.134625,142.167916666667,0.00616666666666667,84.045,7.13945833333333,39.5409166666667,0.715125,NaN,NaN
2025-08-09 00:00:00,550.5,13.11625,11.7111666666667,36.4495833333333,2.501,220.995833333333,2.55383333333333,-0.0265659722222222,715.163070833333,70.7092916666667,10.1935,-30.3016666666667,-6.072125,Inf,60.5084166666667,-24.2305833333333,36.2811666666667,0.00175,0.0590416666666667,177.204166666667,0.00175,32.3258333333333,2.10583333333333,40.4036666666667,4.122125,NaN,NaN
2025-08-10 00:00:00,574.5,13.0845833333333,10.0771666666667,53.5775,2.48,227.5375,2.525,-0.01315625,715.697604166667,68.6701666666666,10.1171666666667,-35.3725,-4.44595833333333,Inf,58.5549583333333,-30.9254166666667,27.6262916666667,0.000291666666666667,0.011625,177.15375,0.000291666666666667,4.3375,0.40875,33.2985,5.67075,NaN,NaN
2025-08-11 00:00:00,598.5,13.10125,9.70675,55.5775,2.46,218.854166666667,2.50308333333333,-0.002655,716.868441666667,71.7144166666667,9.08854166666667,-29.8529166666667,-4.00791666666667,-0.0606818181818182,62.625625,-25.8425,36.77925,0.000125,0.00795833333333333,151.823833333333,0.000125,1.95916666666667,0,41.8609166666667,5.08091666666666,NaN,NaN
2025-08-12 00:00:00,622.5,13.0545833333333,11.6108333333333,53.2754166666667,2.47866666666667,249.416666666667,2.53016666666667,-0.00863666666666667,717.272979166667,83.7487083333333,11.2107916666667,-34.2266666666667,-6.01991666666667,NaN,72.535125,-28.2066666666667,44.3277083333333,0.000291666666666667,0.0105416666666667,164.34375,0.000291666666666667,21.7470833333333,0.319916666666667,49.51825,5.18991666666667,NaN,NaN
2025-08-13 00:00:00,646.5,13.0366666666667,14.100375,39.4591666666667,2.45183333333333,214.4875,2.51391666666667,-0.0122916666666667,715.8263,80.3643333333333,12.0174583333333,-39.71625,-8.644125,-0.120363636363636,68.329625,-31.0720833333333,37.2588333333333,0.00704166666666667,0.14675,167.544458333333,0.00704166666666667,19.0008333333333,5.14375,40.6409166666667,3.37141666666667,NaN,NaN
2025-08-14 00:00:00,670.5,13.0354166666667,13.879875,40.8154166666667,2.456875,224.066666666667,2.51825,-0.01840625,715.532591666667,33.3705833333333,5.86166666666667,-27.9304166666667,-9.11270833333334,-Inf,27.5115833333333,-18.8178333333333,8.69245833333333,0.000291666666666667,0.0104583333333333,155.622916666667,0.000291666666666667,4.38708333333333,0.286875,5.44108333333333,-3.25129166666667,NaN,NaN
2025-08-15 00:00:00,694.5,12.9495833333333,12.4049166666667,60.6595833333333,2.46283333333333,239.775,2.51804166666667,-0.0194676238738739,716.271283333333,33.5899583333333,6.18079166666667,-19.2069166666667,-4.476875,0.237947368421053,27.4120833333333,-14.7313333333333,12.6790416666667,0,0,173.040833333333,0,0,0,14.3870833333333,1.70383333333333,NaN,NaN
2025-08-16 00:00:00,718.5,13.0508333333333,12.0644583333333,65.9466666666667,2.463625,226.770833333333,2.51729166666667,-0.0175540540540541,716.351129166667,55.0415833333333,9.415125,-20.68625,-3.48791666666667,0.274642857142857,45.6227083333333,-17.1984583333333,28.4268333333333,0.000208333333333333,0.00725,147.417375,0.000208333333333333,17.4454166666667,0.753416666666667,34.3548333333333,5.92695833333333,NaN,NaN
2025-08-17 00:00:00,742.5,13.02125,11.2998333333333,56.8133333333333,2.46133333333333,216.729166666667,2.51133333333333,-0.0105304054054054,716.847879166667,43.9763333333333,6.72145833333334,-30.91125,-6.524875,-0.0857619047619047,37.2505416666667,-24.3858333333333,12.8679583333333,0.000791666666666667,0.023,172.291625,0.000791666666666667,17.4245833333333,1.84083333333333,13.0643333333333,0.196458333333334,NaN,NaN
2025-08-18 00:00:00,766.5,13.0458333333333,12.8142083333333,50.1220833333333,2.453125,213.991666666667,2.50958333333333,-0.0105833333333333,718.1812875,61.2637083333333,8.78566666666667,-33.4620833333333,-8.440625,-Inf,52.4804166666667,-25.0225,27.457375,0,0.000458333333333333,163.362916666667,0,14.4083333333333,0,27.80625,0.345875,NaN,NaN
2025-08-19 00:00:00,790.5,12.93625,13.0585416666667,54.8720833333333,2.460125,240.3375,2.51791666666667,-0.0204097222222222,720.585158333333,52.4759583333333,8.51429166666667,-31.29125,-6.685875,-0.1359,43.9559583333333,-24.6058333333333,19.35525,0,0,200.955,0,0,0,21.182125,1.829,NaN,NaN
2025-08-20 00:00:00,814.5,12.97875,14.6015416666667,45.0829166666667,2.45229166666667,244.491666666667,2.516625,-0.0173402777777778,720.291704166666,69.5894166666667,10.0885416666667,-36.0529166666667,-8.38179166666667,-0.0326190476190476,59.5099166666667,-27.6704166666667,31.840125,0.00108333333333333,0.0489166666666667,149.4125,0.00108333333333333,11.7239166666667,1.10916666666667,33.5475,1.70691666666667,NaN,NaN
2025-08-21 00:00:00,838.5,13.0229166666667,14.30425,47.2666666666667,2.45566666666667,222.908333333333,2.51891666666667,-0.0181875,719.4013375,35.8323333333333,6.50004166666667,-30.4641666666667,-8.5935,-0.03675,29.33225,-21.8716666666667,7.46133333333334,0.000416666666666667,0.0123333333333333,139.710125,0.000416666666666667,0.471666666666667,0.346666666666667,5.36920833333334,-2.09354166666667,NaN,NaN
2025-08-22 00:00:00,862.5,13.0416666666667,12.011375,70.5145833333333,2.46208333333333,216.641666666667,2.515625,-0.014,719.349325,60.6159583333333,7.56004166666667,-18.681625,-3.31341666666667,-0.195,53.0562916666667,-15.367125,37.68675,0,0,169.971958333333,0,0,0,41.9291666666667,4.246,NaN,NaN
2025-08-23 00:00:00,886.5,13.0520833333333,12.9245833333333,66.91375,2.44683333333333,225.158333333333,2.50408333333333,-0.0112916666666667,719.1959125,43.2181666666667,7.19575,-24.18525,-4.881875,0.0560555555555556,36.0235,-19.302625,16.7197083333333,0.000166666666666667,0.011375,134.322,0.000166666666666667,7.61875,0.000125,19.0306666666667,2.31366666666667,NaN,NaN
2025-08-24 00:00:00,910.5,13.1341666666667,10.8719583333333,66.36875,2.46483333333333,215.208333333333,2.51325,-0.0102083333333333,717.754845833333,55.372375,7.79116666666667,-19.483375,-2.37795833333333,-Inf,47.5820416666667,-17.1065833333333,30.4766666666667,8.33333333333333e-05,0.00325,162.74375,8.33333333333333e-05,1.05708333333333,0.110833333333333,35.8855416666667,5.413375,NaN,NaN
2025-08-25 00:00:00,934.5,13.0379166666667,9.77741666666667,77.7516666666667,2.473125,217.470833333333,2.51691666666667,-0.016875,717.4187375,38.9012916666667,5.52991666666667,-13.5650416666667,-0.148166666666667,Inf,33.371875,-13.4180416666667,19.953375,0,0,106.80625,0,0,0,25.3332083333333,5.38216666666667,NaN,NaN
2025-08-26 00:00:00,958.5,12.9841666666667,8.23475,87.7779166666667,2.49825,215.1125,2.53554166666667,-0.038875,717.427791666667,37.9145,5.76129166666667,-15.552125,0.601291666666667,-0.265285714285714,32.148125,-16.155,15.995,4.16666666666667e-05,0.00183333333333333,156.234291666667,4.16666666666667e-05,14.4083333333333,0.115125,22.3580416666667,6.36441666666667,NaN,NaN
2025-08-27 00:00:00,982.5,12.9629166666667,8.55825,94.5083333333333,2.50341666666667,203.5,2.54229166666667,-0.042375,716.4262625,40.5488333333333,5.53133333333333,-9.54166666666667,2.09566666666667,-0.0446,35.020375,-11.637,23.3764583333333,0,8.33333333333333e-05,205.329166666667,0,12.5916666666667,0,31.0016666666667,7.62629166666667,NaN,NaN
2025-08-28 00:00:00,1006.5,13.1029166666667,8.56908333333333,84.1066666666667,2.504625,211.870833333333,2.5435,-0.043125,717.488883333333,59.392,8.08533333333333,-16.6622916666667,0.286041666666667,Inf,51.3078333333333,-16.9482916666667,34.3536666666667,0.000166666666666667,0.0110416666666667,140.612916666667,0.000166666666666667,35.475,0.000125,42.729125,8.37183333333334,NaN,NaN
2025-08-29 00:00:00,1030.5,12.9579166666667,7.05954166666667,85.0454166666667,2.51158333333333,224.779166666667,2.54358333333333,-0.0453333333333333,716.929325,36.8541666666667,5.071625,-12.608375,0.879291666666667,Inf,31.7875416666667,-13.4862916666667,18.2970416666667,0,0,133.870333333333,0,0,0,24.2512916666667,5.95095833333333,NaN,NaN
2025-08-30 00:00:00,1054.5,13.0791666666667,7.509875,81.8304166666667,2.51379166666667,216.7875,2.54795833333333,-0.0459895833333333,717.002066666667,54.3557083333333,6.88291666666667,-16.0813333333333,0.729708333333333,-0.0833684210526316,47.4695833333333,-16.811125,30.658625,0.000625,0.028,173.152833333333,0.000625,12.67625,0.167833333333333,38.270625,7.61266666666667,NaN,NaN
2025-08-31 00:00:00,1078.5,13.0095833333333,7.1875,64.2666666666667,2.50525,218.225,2.5375,-0.0374479166666667,719.577645833333,67.8666666666667,8.42733333333333,-35.64375,-4.12404166666667,-0.160809523809524,59.411625,-31.5183333333333,27.9117916666667,0.000916666666666667,0.0240416666666667,179.723166666667,0.000916666666666667,4.19625,0.685416666666667,32.2314583333333,4.302125,NaN,NaN
2025-09-01 00:00:00,1102.5,12.9554166666667,7.96329166666667,55.4708333333333,2.499875,212.404166666667,2.535625,-0.0354166666666667,720.399645833333,62.4524166666667,8.577,-37.3675,-5.662,-0.1067,53.90425,-31.7066666666667,22.1789583333333,0.000166666666666667,0.0075,161.70025,0.000166666666666667,26.6725,0.91,25.1072916666667,2.91545833333333,NaN,NaN
2025-09-02 00:00:00,1126.5,13.0395833333333,7.97145833333333,58.4866666666667,2.50608333333333,223.808333333333,2.542,-0.0411125,720.285891666667,43.123625,6.81670833333333,-29.00875,-4.33404166666667,-0.227318181818182,36.3107916666667,-24.6744166666667,11.638125,0.000458333333333333,0.022125,160.651,0.000458333333333333,17.4035,0.428291666666667,14.121125,2.48258333333333,NaN,NaN
2025-09-03 00:00:00,1150.5,13.0279166666667,9.78045833333333,50.1645833333333,2.48058333333333,242.125,2.52441666666667,-0.0343833333333333,717.9129625,56.5154583333333,7.14983333333334,-34.70375,-7.512625,-0.0903684210526316,49.3607916666667,-27.1908333333333,22.1758333333333,0.000541666666666667,0.0237083333333333,148.440333333333,0.000541666666666667,17.6770833333333,0.735833333333333,21.8109166666667,-0.362666666666667,NaN,NaN
2025-09-04 00:00:00,1174.5,13.04,10.7246666666667,47.6295833333333,2.49295833333333,221.533333333333,2.54108333333333,-0.0404,713.991275,57.4769583333333,7.37808333333333,-30.5175,-7.20116666666667,-0.139105263157895,50.0957083333333,-23.3166666666667,26.7824166666667,0.000541666666666667,0.0325416666666667,164.285416666667,0.000541666666666667,25.3620833333333,0.829583333333333,26.9607083333333,0.1765,NaN,NaN
2025-09-05 00:00:00,1198.5,13.0441666666667,7.89616666666667,75.2783333333333,2.50745833333333,214.495833333333,2.54329166666667,-0.0412083333333333,712.602804166667,49.0208333333333,6.751125,-23.9746666666667,-1.67075,-0.13135,42.2665833333333,-22.3035416666667,19.961625,0.000708333333333333,0.0357916666666667,119.504208333333,0.000708333333333333,16.1366666666667,0.643875,25.043875,5.08016666666667,NaN,NaN
2025-09-06 00:00:00,1222.5,13.0066666666667,8.206875,61.37625,2.507625,228.379166666667,2.54470833333333,-0.0424877450980392,715.221125,44.9221666666667,7.23520833333333,-25.64375,-3.73004166666667,Inf,37.6835416666667,-21.9136666666667,15.77325,8.33333333333333e-05,0.00470833333333333,181.77,8.33333333333333e-05,4.67083333333333,0.737083333333333,19.2785416666667,3.505,NaN,NaN
2025-09-07 00:00:00,1246.5,12.9504166666667,8.39258333333333,78.7108333333333,2.51529166666667,237.475,2.55366666666667,-0.0464080882352941,717.209025,49.5383333333333,6.82691666666667,-14.9002083333333,-1.02745833333333,-0.208333333333333,42.7127916666667,-13.8721666666667,28.8444583333333,0.000458333333333333,0.0173333333333333,176.904583333333,0.000458333333333333,11.9054166666667,1.69441666666667,34.641,5.79933333333333,NaN,NaN
2025-09-08 00:00:00,1270.5,13.005,7.588875,75.94125,2.51404166666667,224.545833333333,2.5485,-0.0476666666666667,716.66175,41.3177916666667,5.922,-23.7356666666667,-2.706,-0.470863636363636,35.3985,-21.03,14.3732916666667,0.0005,0.0236666666666667,191.55,0.0005,22.97375,1.09466666666667,17.5862916666667,3.21616666666667,NaN,NaN
2025-09-09 00:00:00,1294.5,13.0354166666667,7.01633333333333,74.0091666666667,2.52079166666667,229.516666666667,2.55279166666667,-0.0554016666666667,714.937441666667,53.0600416666667,6.84291666666667,-21.2345416666667,-1.41329166666667,Inf,46.2142916666667,-19.821,26.3958333333333,4.16666666666667e-05,0.00325,163.670666666667,4.16666666666667e-05,13.8333333333333,0,31.81875,5.42929166666667,NaN,NaN
2025-09-10 00:00:00,1318.5,12.9516666666667,10.007375,61.6154166666666,2.51545833333333,243.279166666667,2.56091666666667,-0.06760875,714.813233333333,57.936125,7.05895833333333,-29.9551666666667,-7.29554166666667,-0.275722222222222,50.8779583333333,-22.659625,28.2165416666667,0.000833333333333333,0.0244166666666667,162.468666666667,0.000833333333333333,37.90725,2.679375,27.98125,-0.236708333333334,NaN,NaN
2025-09-11 00:00:00,1342.5,12.9441666666667,10.5837916666667,62.5820833333333,2.527125,219.504166666667,2.57541666666667,-0.0746145833333333,715.987408333333,54.528125,6.31616666666667,-22.5654166666667,-5.21341666666667,470.534294117647,48.203875,-17.35275,30.8525,0.00133333333333333,0.0271666666666667,163.478166666667,0.00133333333333333,60.7545833333333,2.794375,31.9585,1.10258333333333,NaN,NaN
2025-09-12 00:00:00,1366.5,13.0983333333333,6.47025,91.8854166666667,2.521125,246.416666666667,2.55075,-0.0543247126436782,714.852320833333,37.0797083333333,4.83754166666667,-10.149625,1.34645833333333,Inf,32.2417916666667,-11.4954166666667,20.7445416666667,0,8.33333333333333e-05,172.936291666667,0,14.3333333333333,0,26.9253333333333,6.18375,NaN,NaN
2025-09-13 00:00:00,1390.5,12.9829166666667,4.92308333333333,88.6545833333333,2.532625,229.85,2.55525,-0.0593280651340996,712.305758333333,47.185875,5.398125,-10.5827916666667,1.45029166666667,-0.31525,41.792875,-12.0335,29.7576666666667,0,0,175.803916666667,0,0,0,36.6038333333333,6.84875,NaN,NaN
2025-09-14 00:00:00,1414.5,12.9129166666667,3.92220833333333,88.4229166666667,2.54083333333333,221.970833333333,2.55908333333333,-0.0694930555555556,711.877808333333,34.2085,4.34054166666667,-14.8390416666667,2.28820833333333,Inf,29.868875,-17.1280416666667,12.7410416666667,0,0,138.648083333333,0,0,0,19.370125,6.62908333333333,NaN,NaN
2025-09-15 00:00:00,1438.5,12.9991666666667,6.73541666666667,69.5895833333333,2.536125,206.75,2.566875,-0.0688125,715.043020833333,42.868625,5.02195833333333,-30.86625,-4.47708333333333,-0.1257,37.8502916666667,-26.3908333333333,11.4559583333333,0,0,172.28375,0,0,0,12.0005833333333,0.544416666666666,NaN,NaN
2025-09-16 00:00:00,1462.5,12.8629166666667,4.53366666666667,77.27125,2.54754166666667,218.695833333333,2.56829166666667,-0.0675494791666667,716.396941666667,38.2032916666667,4.58529166666667,-22.192875,-1.76054166666667,NaN,33.6177916666667,-20.4318333333333,13.189125,0,0,153.726791666667,0,0,0,16.01175,2.825,NaN,NaN
2025-09-17 00:00:00,1486.5,12.9658333333333,2.13166666666667,92.59375,2.561875,224.029166666667,2.57179166666667,-0.0721380208333333,715.4979,49.50825,5.38533333333333,-13.8554166666667,0.76525,Inf,44.124875,-14.6205416666667,29.5035416666667,0,0,154.001458333333,0,0,0,35.6501666666667,6.15104166666667,NaN,NaN
2025-09-18 00:00:00,1510.5,12.93375,3.212625,78.7904166666666,2.54933333333333,222.429166666667,2.56404166666667,-0.064125,714.611591666667,55.6139583333333,5.55520833333333,-28.1541666666667,-1.987,-0.2442,50.064,-26.1658333333333,23.9004583333333,0,0,186.299166666667,0,0,0,27.46,3.56733333333333,NaN,NaN
2025-09-19 00:00:00,1534.5,13.0716666666667,6.30366666666667,61.4779166666667,2.536,224.075,2.565,-0.0645833333333334,714.594154166666,36.2170416666667,5.0425,-30.3729166666667,-5.387375,Inf,31.177,-24.985,6.1925,0,0,165.134583333333,0,0,0,5.85,-0.344708333333333,NaN,NaN
2025-09-20 00:00:00,1558.5,13.0433333333333,8.09079166666667,68.7358333333333,2.53375,223.833333333333,2.57104166666667,-0.069,714.690920833334,39.2473333333333,5.03270833333333,-13.4876666666667,-3.2015,Inf,34.22125,-10.2867083333333,23.93325,0.000125,0.00808333333333333,162.560416666667,0.000125,4.49458333333333,0,25.769625,1.830375,NaN,NaN
2025-09-21 00:00:00,1582.5,12.93125,7.5995,77.77125,2.53695833333333,224.329166666667,2.57183333333333,-0.073984375,712.695916666667,40.1840833333333,4.80141666666667,-15.130125,-2.26995833333333,Inf,35.3798333333333,-12.8598333333333,22.5202083333333,0,0,152.336666666667,0,0,0,25.0519166666667,2.530875,NaN,NaN
2025-09-22 00:00:00,1606.5,13.0379166666667,5.10258333333333,89.7645833333333,2.555,215.083333333333,2.57870833333333,-0.0791197916666667,711.4422,46.9077916666666,4.59645833333333,-11.3591666666667,0.359083333333333,Inf,42.308875,-11.718,30.596375,0.00120833333333333,0.0432083333333333,174.03325,0.00120833333333333,17.0666666666667,0.492125,35.5467916666667,4.95491666666667,NaN,NaN
2025-09-23 00:00:00,1630.5,12.90375,0.700625,98.0583333333333,2.55,222.116666666667,2.55320833333333,-0.0574583333333334,715.0457875,9.30091666666667,9.82895833333333,-0.249208333333333,1.14116666666667,Inf,-0.527833333333333,-1.39033333333333,-1.91758333333333,0,0.000291666666666667,113.3875,0,2.08125,0,9.05154166666667,10.9697083333333,NaN,NaN
2025-09-24 00:00:00,1654.5,12.9225,0.9625,96.3,2.55345833333333,198.995833333333,2.55795833333333,-0.0577083333333333,718.977766666667,46.1879166666667,12.4056666666667,-17.022375,-5.33691666666666,0.0531428571428571,33.7785833333333,-11.686,22.0944583333333,0,0,190.333333333333,0,0,0,29.1632916666667,7.07141666666667,NaN,NaN
2025-09-25 00:00:00,1678.5,12.8779166666667,4.05533333333333,72.2741666666667,2.57454166666667,201.120833333333,2.59345833333333,-0.0925,716.982866666667,46.348375,9.23895833333333,-31.485,-13.2737083333333,-0.234,37.109,-18.2114583333333,18.899625,0,0,186.033333333333,0,0,0,14.8617083333333,-4.03454166666667,NaN,NaN
2025-09-26 00:00:00,1702.5,12.9608333333333,5.93116666666667,67.0225,2.57466666666667,209.4875,2.602125,-0.101958333333333,713.5159,44.65575,4.94875,-29.4691666666667,-11.2814166666667,-0.220954545454546,39.7072916666667,-18.1872916666667,21.517375,0,0,184.470416666667,0,0,0,15.1848333333333,-6.33170833333333,NaN,NaN
2025-09-27 00:00:00,1726.5,12.9270833333333,6.66279166666667,68.225,2.57116666666667,205.1375,2.60208333333333,-0.103416666666667,714.6711625,40.3051666666667,3.71245833333333,-29.3908333333333,-7.57595833333334,Inf,36.592125,-21.8150416666667,14.7792083333333,0,0,174.952833333333,0,0,0,10.9150833333333,-3.86325,NaN,NaN
2025-09-28 00:00:00,1750.5,12.8966666666667,7.5625,71.0333333333333,2.56966666666667,207.958333333333,2.604875,-0.105208333333333,714.554441666667,22.0107916666667,3.11645833333333,-17.4220416666667,-5.08875,0.0291428571428571,18.894375,-12.333,6.56066666666667,0,0,151.268916666667,0,0,0,4.585625,-1.97275,NaN,NaN
2025-09-29 00:00:00,1774.5,12.9491666666667,5.25829166666667,84.9875,2.57120833333333,220.041666666667,2.59570833333333,-0.0973157894736842,714.7964125,31.326875,4.001625,-23.027625,-1.08679166666667,-0.33425,27.3189166666667,-21.9400416666667,5.38241666666667,0,0,150.87375,0,0,0,8.294875,2.914,NaN,NaN
2025-09-30 00:00:00,1798.5,12.9645833333333,6.20583333333333,75.2191666666667,2.57483333333333,206.958333333333,2.60370833333333,-0.103267543859649,712.9952625,41.4239583333333,4.37283333333334,-25.3374583333333,-4.02675,-0.0988461538461539,37.051875,-21.312375,15.740875,0.002,0.064625,148.138458333333,0.002,66.1995833333333,3.52841666666667,16.09,0.346166666666666,NaN,NaN
2025-10-01 00:00:00,1822.5,12.9529166666667,6.113375,73.17125,2.58341666666667,201.9625,2.61195833333333,-0.112166666666667,714.723454166667,30.5824583333333,3.65883333333333,-23.1942916666667,-3.01083333333333,571.359142857143,26.9205833333333,-20.181125,6.739375,0.000125,0.00741666666666667,173.05,0.000125,20.7958333333333,0,7.38766666666667,0.647625,NaN,NaN
2025-10-02 00:00:00,1846.5,12.8325,6.160625,66.2658333333333,2.5765,199.258333333333,2.60516666666667,-0.105958333333333,717.054004166666,35.0048333333333,3.44054166666667,-34.5629166666667,-6.934625,-0.302,31.5670416666667,-27.6270833333333,3.939875,0.00025,0.013125,177.85,0.00025,21.1925,0.93275,0.446916666666666,-3.49370833333333,NaN,NaN
2025-10-03 00:00:00,1870.5,12.8333333333333,8.35770833333333,52.7870833333333,2.55983333333333,218.733333333333,2.598375,-0.099875,714.2691625,35.2969583333333,3.315875,-34.9233333333333,-10.176125,-0.137529411764706,31.9804166666667,-24.7475,7.23845833333333,0.00395833333333333,0.0745416666666667,198.718333333333,0.00395833333333333,45.2121666666667,4.79841666666667,0.374583333333335,-6.86029166666667,NaN,NaN
2025-10-04 00:00:00,1894.5,12.9241666666667,5.23891666666667,75.3579166666667,2.57016666666667,219.645833333333,2.594625,-0.0974656862745098,706.1699125,29.3812083333333,4.51933333333333,-20.8684583333333,-2.36920833333333,Inf,24.8594166666667,-18.5004583333333,6.35979166666667,0.00154166666666667,0.0609583333333333,207.225833333333,0.00154166666666667,68.0255,1.78279166666667,8.50975,2.14995833333333,NaN,NaN
2025-10-05 00:00:00,1918.5,13.0004166666667,1.6115,78.7770833333333,2.58241666666667,231.041666666667,2.59004166666667,-0.0916645220588235,707.291016666667,27.2847916666667,3.55729166666667,-21.8092916666667,-0.733416666666666,Inf,23.72325,-21.0762083333333,2.654375,0.000541666666666667,0.0136666666666667,139.442875,0.000541666666666667,14.0541666666667,0.79375,5.47466666666667,2.82354166666667,NaN,NaN
2025-10-06 00:00:00,1942.5,12.8991666666667,0.773083333333333,90.1145833333333,2.60970833333333,212.041666666667,2.61329166666667,-0.108869791666667,710.983325,28.0634166666667,5.10925,-5.31879166666667,-1.1145,Inf,22.9541666666667,-4.2045,18.7492916666667,0,0,92.8504166666667,0,0,0,22.7437916666667,3.99395833333333,NaN,NaN
2025-10-07 00:00:00,1966.5,12.83625,1.63883333333333,71.2358333333333,2.59804166666667,193.770833333333,2.60554166666667,-0.105958333333333,714.281066666667,33.4692916666667,2.880375,-26.0034583333333,-3.35304166666667,Inf,30.58925,-22.65,7.93883333333334,0,0.00108333333333333,187.816791666667,0,7.2375,8.33333333333333e-05,7.4665,-0.471958333333334,NaN,NaN
2025-10-08 00:00:00,1990.5,12.8175,6.1185,46.6908333333333,2.56825,215.066666666667,2.59670833333333,-0.0987083333333334,714.756175,29.458125,2.92325,-37.59625,-11.343,-0.246176470588235,26.5338333333333,-26.2516666666667,0.284124999999998,0.00204166666666667,0.0615833333333333,179.1015,0.00204166666666667,44.1057083333333,5.27091666666667,-8.13708333333333,-8.4195,NaN,NaN
2025-10-09 00:00:00,2014.5,12.8520833333333,6.16004166666667,65.6733333333333,2.57829166666667,201.429166666667,2.60704166666667,-0.107666666666667,718.480091666667,18.6443333333333,2.8595,-25.9216666666667,-6.68158333333333,Inf,15.783625,-19.2405833333333,-3.4555,0,0,190.182666666667,0,0,0,-7.27725,-3.82125,NaN,NaN
2025-10-10 00:00:00,2038.5,12.8879166666667,5.961875,84.8683333333333,2.57541666666667,219.608333333333,2.60316666666667,-0.105244791666667,716.879904166667,25.6217916666667,3.351625,-9.97558333333333,-1.598,470.376117647059,22.27425,-8.37725,13.8968333333333,4.16666666666667e-05,0.00275,142.305166666667,4.16666666666667e-05,11.35875,8.33333333333333e-05,15.6480833333333,1.753875,NaN,NaN
2025-10-11 00:00:00,2062.5,12.81875,6.27754166666667,91.8116666666667,2.576625,203.208333333333,2.60595833333333,-0.106609375,707.937670833333,19.3147083333333,2.618625,-12.1896666666667,-0.745083333333333,Inf,16.696625,-11.4452083333333,5.251875,0.000916666666666667,0.0372083333333333,165.748625,0.000916666666666667,100.710833333333,2.40054166666667,7.12425,1.87354166666667,NaN,NaN
2025-10-12 00:00:00,2086.5,12.8375,-0.0817499999999997,89.1729166666667,2.49825,228.879166666667,2.498,-0.0973333333333333,705.233291666667,8.41558333333333,10.0425416666667,-4.75654166666667,-1.88958333333333,Inf,-1.625125,-2.86675,-4.49225,0.00329166666666667,0.0579166666666667,135.954708333333,0.00329166666666667,35.5191666666667,4.58666666666667,3.661625,8.152125,NaN,NaN
2025-10-13 00:00:00,2110.5,12.9258333333333,-1.01104166666667,91.2508333333333,2.60308333333333,192.604166666667,2.59825,-0.097625,708.487816666667,10.6122916666667,9.29483333333333,-1.940125,0.584333333333333,0.777846153846154,1.31716666666667,-2.5215,-1.20520833333333,0,0,176.046666666667,0,0,0,8.672625,9.87654166666667,NaN,NaN
2025-10-14 00:00:00,2134.5,12.9045833333333,4.5345,84.8758333333333,2.58691666666667,187.241666666667,2.60795833333333,-0.107666666666667,711.340766666667,31.5313333333333,2.91633333333333,-21.2085,-6.34304166666667,-0.0708823529411765,28.6134583333333,-14.8670416666667,13.7520833333333,0.000208333333333333,0.010875,171.792916666667,0.000208333333333333,45.7291666666667,0.564166666666667,10.3239166666667,-3.42554166666667,NaN,NaN
2025-10-15 00:00:00,2158.5,12.8716666666667,4.92229166666667,76.0545833333333,2.57916666666667,192.633333333333,2.60191666666667,-0.102291666666667,709.296970833333,19.2850833333333,2.44,-28.2308333333333,-5.99708333333333,-0.174333333333333,16.8420833333333,-22.2330833333333,-5.3905,4.16666666666667e-05,0.00320833333333333,203.020833333333,4.16666666666667e-05,15.9875,0,-8.95058333333333,-3.55775,-31.17,-15.12
2025-10-16 00:00:00,2182.5,12.8920833333333,0.863,78.4591666666666,2.596625,193.6125,2.60070833333333,-0.100583333333333,705.6093,26.4730833333333,3.26470833333333,-21.3712916666667,-0.13275,Inf,23.2105,-21.237875,1.971125,0.00266666666666667,0.0588333333333333,170.646666666667,0.00266666666666667,39.2747083333333,2.04154166666667,5.10104166666667,3.132,NaN,NaN
2025-10-17 00:00:00,2206.5,12.81625,-0.429833333333333,73.7720833333333,2.60004166666667,198.9375,2.598,-0.109072916666667,706.393720833333,18.9989166666667,2.92554166666667,-36.19375,-0.495208333333333,Inf,16.0747916666667,-35.69875,-19.624625,0.00216666666666667,0.072875,162.358958333333,0.00216666666666667,101.95175,6.107,-17.1950833333333,2.43029166666667,NaN,NaN
2025-10-18 00:00:00,2230.5,12.8991666666667,0.522458333333333,63.9125,2.5955,205.816666666667,2.59808333333333,-0.1044375,709.17775,23.9834166666667,3.143875,-24.7349166666667,-2.246375,-0.542,20.83075,-22.4880416666667,-1.65470833333333,0.000708333333333333,0.0361666666666667,205.135791666667,0.000708333333333333,80.8658333333333,1.02541666666667,-0.755333333333336,0.897583333333333,NaN,NaN
2025-10-19 00:00:00,2254.5,12.7795833333333,4.29354166666667,49.3445833333333,2.57975,190.358333333333,2.59970833333333,-0.105416666666667,709.828445833333,14.45875,2.4085,-35.71375,-10.1483333333333,Inf,12.0519583333333,-25.5641666666667,-13.511,0.0175,0.203916666666667,150.173458333333,0.0175,116.956666666667,13.246375,-21.2531666666667,-7.741,NaN,NaN
2025-10-20 00:00:00,2278.5,12.6620833333333,-2.73525,80.0370833333333,2.528375,231.170833333333,2.51575,-0.0647916666666667,709.263758333333,5.12195833333333,13.9896666666667,-1.86091666666667,-4.74891666666667,NaN,-8.866625,2.88770833333333,-5.97908333333333,0.0116666666666667,0.20075,122.899125,0.0116666666666667,160.285,6.769375,3.26220833333333,9.240125,NaN,NaN
2025-10-21 00:00:00,2302.5,12.7579166666667,-0.0962500000000002,56.5875,2.55291666666667,201.825,2.552375,-0.0517916666666667,714.33775,8.548875,6.93608333333333,-16.319125,-7.57441666666667,Inf,1.61170833333333,-8.74429166666667,-7.13395833333333,0.000166666666666667,0.00983333333333333,193.749166666667,0.000166666666666667,37.342875,0.000208333333333333,-7.77075,-0.638541666666667,NaN,NaN
2025-10-22 00:00:00,2326.5,12.7929166666667,2.06133333333333,50.2091666666667,2.548125,194.325,2.55775,-0.0577083333333334,713.646004166667,12.509875,5.04795833333333,-34.1441666666667,-11.153875,Inf,7.46175,-22.9920833333333,-15.5295416666667,0.000875,0.0310416666666667,197.583333333333,0.000875,34,2.62958333333333,-21.6320833333333,-6.10441666666667,NaN,NaN
2025-10-23 00:00:00,2350.5,12.94625,1.64825,75.58375,2.55604166666667,190.758333333333,2.56379166666667,-0.0648333333333333,711.388979166667,27.685625,9.61408333333333,-16.818625,-7.98916666666667,0.234071428571429,18.0683333333333,-8.8305,9.24104166666667,0,0,233.635416666667,0,0,0,10.866,1.626,NaN,NaN
2025-10-24 00:00:00,2374.5,12.8366666666667,0.461166666666667,87.19625,2.57825,188.958333333333,2.58041666666667,-0.0799583333333333,711.193379166667,12.0457083333333,4.37345833333333,-16.5506666666667,-2.893125,Inf,7.67108333333333,-13.6575833333333,-5.98370833333333,0,0,257.5625,0,0,0,-4.50529166666667,1.48033333333333,NaN,NaN
2025-10-25 00:00:00,2398.5,12.77375,0.907375,72.0829166666667,2.57475,190.395833333333,2.57879166666667,-0.0782083333333333,710.827454166667,9.56508333333334,4.14966666666667,-33.9733333333333,-5.79445833333333,Inf,5.41479166666667,-28.1791666666667,-22.765125,0.000875,0.0362083333333333,145.471333333333,0.000875,76.13875,1.5845,-24.4083333333333,-1.64495833333333,NaN,NaN
2025-10-26 00:00:00,2422.5,12.8633333333333,3.30804166666667,61.1183333333333,2.563375,187.575,2.578875,-0.0786666666666667,708.426120833333,16.1565416666667,5.64408333333333,-21.9595,-10.7568333333333,Inf,10.5143333333333,-11.2034166666667,-0.689083333333336,0.000416666666666667,0.0275833333333333,146.806291666667,0.000416666666666667,48.0045833333333,0.6315,-5.80158333333333,-5.11166666666667,NaN,NaN
2025-10-27 00:00:00,2446.5,12.6945833333333,-1.63233333333333,88.635,2.44983333333333,219.5125,2.44266666666667,-0.0498333333333333,706.966095833333,4.99583333333333,4.55229166666667,-0.787375,-1.42341666666667,Inf,0.443541666666667,0.636,1.0795,0.00183333333333333,0.0764583333333333,144.034666666667,0.00183333333333333,81.7570833333333,2.69133333333333,4.208125,3.12858333333333,NaN,NaN
2025-10-28 00:00:00,2470.5,12.7029166666667,-8.69191666666666,79.9408333333333,2.36483333333333,224.504166666667,2.32620833333333,-0.0135,714.370216666667,2.96858333333333,7.46491666666667,-0.0855,-3.70108333333333,Inf,-4.49670833333333,3.61570833333333,-0.880875,0.00175,0.0677083333333333,41.5901666666667,0.00175,53.6691666666667,4.39416666666667,2.88333333333333,3.764125,NaN,NaN
2025-10-29 00:00:00,2494.5,12.7283333333333,-3.04741666666667,66.8666666666667,2.53833333333333,197.7375,2.52366666666667,-0.0235416666666667,716.161483333333,3.8795,5.88016666666667,-12.5404583333333,-4.63020833333333,1.26783333333333,-1.9995,-7.910375,-9.90933333333333,0.000333333333333333,0.0145833333333333,169.419583333333,0.000333333333333333,35.763875,1.62670833333333,-8.661125,1.24891666666667,NaN,NaN
2025-10-30 00:00:00,2518.5,12.7466666666667,-0.672375,59.1758333333333,2.52470833333333,195.5375,2.52170833333333,-0.0214583333333333,711.663095833334,6.70345833333333,4.62125,-37.3908333333333,-8.33191666666666,-0.228,2.082125,-29.0591666666667,-26.97625,0.000541666666666667,0.0232083333333333,150.466416666667,0.000541666666666667,50.9825,3.01245833333333,-30.6875,-3.71083333333333,NaN,NaN
2025-10-31 00:00:00,2542.5,12.7858333333333,-1.26025,55.5633333333333,2.53054166666667,198.5,2.52470833333333,-0.0243333333333333,709.4084875,9.36533333333334,5.56558333333333,-33.9545833333333,-7.48620833333333,Inf,3.79875,-26.4658333333333,-22.6669166666667,0.000375,0.0209166666666667,156.004166666667,0.000375,6.95375,0.220583333333333,-24.5897916666667,-1.921375,NaN,NaN
2025-11-01 00:00:00,2566.5,12.92125,-1.284125,57.9004166666667,2.5335,207.470833333333,2.52745833333333,-0.0277083333333333,712.961958333333,20.101875,9.637125,-29.08125,-6.70325,-0.3115625,10.46475,-22.377875,-11.912125,0.00104166666666667,0.033875,201.23,0.00104166666666667,69.1811666666667,4.07833333333333,-8.97979166666667,2.93358333333333,NaN,NaN
2025-11-02 00:00:00,2590.5,12.76125,3.51583333333333,43.4975,2.522125,212.2125,2.53829166666667,-0.037875,714.3823375,5.77329166666667,3.66520833333333,-36.0316666666667,-13.2291666666667,Inf,2.10829166666667,-22.8033333333333,-20.6958333333333,0.000791666666666667,0.0332083333333333,189.185416666667,0.000791666666666667,70.6725,2.507375,-30.259,-9.56445833333333,NaN,NaN
2025-11-03 00:00:00,2614.5,12.92875,3.80791666666667,43.4075,2.526375,197.016666666667,2.54383333333333,-0.0437916666666667,713.8404,24.7621666666667,9.68225,-28.1883333333333,-14.7019166666667,0.063,15.0857916666667,-13.484625,1.601,0,0.000208333333333333,178.627083333333,0,21.9083333333333,0.000125,-3.41970833333334,-5.02116666666667,NaN,NaN
2025-11-04 00:00:00,2638.5,12.76375,3.89741666666667,39.8325,2.53716666666667,192.283333333333,2.55504166666667,-0.0548333333333334,712.78,6.0435,3.306625,-38.4720833333333,-12.6200416666667,Inf,2.73658333333333,-25.85125,-23.115,0.00354166666666667,0.107041666666667,205.08625,0.00354166666666667,134.23,7.11779166666667,-32.4283333333333,-9.31358333333333,NaN,NaN
2025-11-05 00:00:00,2661,12.6919047619048,2.82042857142857,43.0561904761905,2.58557142857143,223.114285714286,2.599,-0.0813823529411765,681.668631428572,3.34633333333333,2.30457142857143,-30.8628571428571,-8.52695238095238,Inf,1.04233333333333,-22.3352380952381,-21.2953333333333,0.113190476190476,0.274333333333333,205.909047619048,0.113190476190476,114.490476190476,26.2819047619048,-27.5152380952381,-6.22133333333333,NaN,NaN
2025-11-06 00:00:00,2683.5,12.6795833333333,0.588791666666666,63.8991666666667,2.72895833333333,250.583333333333,2.73166666666667,-0.17121568627451,708.114275,4.95754166666667,1.63583333333333,-8.27145833333334,-3.16125,727.302454545455,3.32166666666667,-5.109625,-1.78720833333333,0.327916666666667,0.91075,214.417041666667,0.327916666666667,163.470833333333,84.47625,-3.31333333333333,-1.5255,NaN,NaN
2025-11-07 00:00:00,2707.5,12.9233333333333,-2.16683333333333,60.5975,2.75725,228.954166666667,2.74629166666667,-0.243044817927171,706.72145,13.483875,7.262125,-2.03675,-1.97895833333333,Inf,6.22175,-0.05775,6.16475,0.268166666666667,0.733208333333333,168.64375,0.268166666666667,193.926791666667,79.32625,11.4464583333333,5.28333333333333,NaN,NaN
2025-11-08 00:00:00,2731.5,13.0475,-3.10225,53.42875,2.75791666666667,232.933333333333,2.742125,-0.240898809523809,708.255945833333,14.36575,12.2512083333333,-15.3858333333333,-2.36566666666667,Inf,2.11558333333333,-13.021125,-10.9050416666667,0.337375,0.818708333333333,195.113,0.337375,120.679583333333,82.8395833333333,-1.019375,9.885625,NaN,NaN
2025-11-09 00:00:00,2755.5,13.1316666666667,-2.74279166666667,37.2025,2.75329166666667,231.5625,2.73916666666667,-0.239025,715.822720833333,15.5644166666667,10.262375,-27.81625,-3.67066666666667,Inf,5.3025,-24.1441666666667,-18.8424166666667,0.287958333333333,0.795041666666667,182.482083333333,0.287958333333333,188.725,59.6195833333333,-12.2522083333333,6.590875,NaN,NaN
2025-11-10 00:00:00,2779.5,13.2079166666667,2.61770833333333,38.8529166666667,2.715125,259.825,2.72795833333333,-0.2391,715.947208333333,18.435625,7.83166666666667,-25.1966666666667,-10.2912916666667,NaN,10.6055833333333,-14.9057916666667,-4.30020833333333,0.413166666666667,0.935791666666667,186.59375,0.413166666666667,200.0875,64.4579166666667,-6.75908333333333,-2.45991666666667,NaN,NaN
2025-11-11 00:00:00,2803.5,13.0991666666667,3.30758333333333,41.2833333333333,2.72375,239.958333333333,2.74008333333333,-0.242479166666667,711.9892375,12.4346666666667,4.98129166666667,-28.7725,-9.5105,Inf,7.45170833333333,-19.2629166666667,-11.8095,0.292041666666667,0.73325,147.0605,0.292041666666667,169.662458333333,81.9195833333333,-16.3387083333333,-4.52941666666667,NaN,NaN
2025-11-12 00:00:00,2827.5,13.0808333333333,3.22120833333333,44.36,2.73595833333333,242.158333333333,2.751875,-0.252653356481481,712.32885,16.7265,3.750625,-26.0154166666667,-8.224625,0.086875,12.9762916666667,-17.7908333333333,-4.81495833333333,0.186208333333333,0.574583333333333,208.107083333333,0.186208333333333,200.499583333333,59.212625,-9.28791666666667,-4.47308333333333,NaN,NaN
2025-11-13 00:00:00,2851.5,13.04625,4.06208333333333,42.5395833333333,2.695,260.916666666667,2.714875,-0.244310185185185,711.397520833333,16.0011666666667,3.10991666666667,-26.238625,-8.72483333333333,Inf,12.890875,-17.5143333333333,-4.62245833333333,0.339833333333333,0.834916666666667,173.472791666667,0.339833333333333,209.313458333333,70.6841666666667,-10.2369583333333,-5.61525,NaN,NaN
2025-11-14 00:00:00,2875.5,13.0166666666667,5.24591666666667,39.6183333333333,2.69770833333333,273.816666666667,2.72329166666667,-0.239018707482993,709.339425,14.9078333333333,3.14683333333333,-27.7385416666667,-10.1575416666667,-Inf,11.7598333333333,-17.5791666666667,-5.82020833333333,0.328958333333333,0.798875,191.449833333333,0.328958333333333,229.268791666667,83.27,-12.830875,-7.00975,NaN,NaN
2025-11-15 00:00:00,2899.5,13.1516666666667,4.45345833333333,52.9220833333333,2.69666666666667,273.425,2.71841666666667,-0.241892857142857,709.652554166667,16.4475,2.657875,-25.088375,-6.989625,0.0507857142857143,13.7907083333333,-18.0991666666667,-4.30854166666667,0.256291666666667,0.704041666666667,165.872125,0.256291666666667,186.68375,66.9291666666667,-8.6405,-4.332,NaN,NaN
2025-11-16 00:00:00,2923.5,13.09125,3.937625,62.1183333333333,2.6765,324.020833333333,2.69558333333333,-0.24409693877551,705.673041666667,15.6045833333333,3.00366666666667,-23.1682083333333,-5.0865,Inf,12.5992083333333,-18.083125,-5.482,0.260958333333333,0.7185,181.281666666667,0.260958333333333,184.21625,61.46125,-7.56441666666667,-2.08320833333333,NaN,NaN
2025-11-17 00:00:00,2947.5,12.85625,-2.818625,87.5333333333333,2.68841666666667,251.766666666667,2.67454166666667,-0.246301020408163,700.813775,5.57204166666667,7.31,-0.000208333333333333,0.137375,0.258105263157895,-1.73725,-0.137625,-1.874875,0.0647083333333333,0.194541666666667,210.082625,0.0647083333333333,96.8458333333333,18.4204166666667,5.57270833333333,7.44691666666667,NaN,NaN
2025-11-18 00:00:00,2971.5,13.15875,-1.49091666666667,73.3929166666667,2.75470833333333,233.05,2.74695833333333,-0.246794642857143,706.912008333333,11.4870833333333,9.49370833333333,-9.55145833333333,-1.44491666666667,-420.997578947368,1.993,-8.10658333333333,-6.11316666666667,0.0962083333333333,0.455083333333333,229.139833333333,0.0962083333333333,254.655,49.9514583333333,1.93508333333333,8.04845833333333,NaN,NaN
2025-11-19 00:00:00,2995.5,13.1520833333333,-0.291041666666667,70.3045833333333,2.75775,211.091666666667,2.756125,-0.256166666666667,707.891470833333,13.4977083333333,6.08458333333334,-19.190375,-3.38066666666667,0.1871875,7.41420833333334,-15.8092916666667,-8.396125,0.213791666666667,0.633416666666667,200.989166666667,0.213791666666667,202.475833333333,61.092625,-5.692875,2.70304166666667,NaN,NaN
2025-11-20 00:00:00,3019.5,13.185,-1.98225,76.31625,2.767875,245.370833333333,2.75766666666667,-0.262675,705.220941666667,13.5729166666667,5.84825,-18.8954166666667,-0.332625,Inf,7.72475,-18.5616666666667,-10.8369166666667,0.0325833333333333,0.280041666666667,234.2995,0.0325833333333333,223.64125,22.44375,-5.32233333333333,5.51554166666667,NaN,NaN
2025-11-21 00:00:00,3043.5,13.1104166666667,-1.50883333333333,84.5754166666667,2.775,213.920833333333,2.76745833333333,-0.268033333333333,706.624195833333,17.1709583333333,5.72816666666667,-5.338625,0.838458333333333,666.5515,11.44175,-6.17733333333333,5.265125,0.133208333333333,0.477208333333333,149.317083333333,0.133208333333333,111.789166666667,35.51125,11.8298333333333,6.566625,NaN,NaN
2025-11-22 00:00:00,3067.5,13.0970833333333,-1.19979166666667,68.2866666666667,2.76095833333333,226.766666666667,2.75491666666667,-0.263354166666667,710.8736,9.91525,6.914375,-27.5916666666667,-2.02541666666667,-0.327055555555556,3.001125,-25.56625,-22.5654166666667,0.4,0.807166666666667,186.429166666667,0.4,182.610416666667,34.7720416666667,-17.6759166666667,4.88929166666667,NaN,NaN
2025-11-23 00:00:00,3091.5,13.18375,-0.411041666666667,57.5704166666667,2.76220833333333,207.833333333333,2.76,-0.258958333333333,706.808654166667,13.8171666666667,5.50966666666667,-23.425,-3.32691666666667,0.114473684210526,8.307625,-20.09875,-11.7895416666667,0.0634583333333333,0.30425,226.445,0.0634583333333333,267.8,34.0954583333333,-9.60708333333333,2.18275,NaN,NaN
2025-11-24 00:00:00,3115.5,13.125,-2.25291666666667,56.34875,2.76979166666667,214.266666666667,2.75841666666667,-0.261104166666667,705.298120833333,12.9767083333333,5.51175,-29.1533333333333,-0.687666666666667,Inf,7.46704166666667,-28.4654166666667,-20.9998333333333,0.345875,0.811625,162.3325,0.345875,166.006666666667,65.0029166666667,-16.1763333333333,4.82366666666667,NaN,NaN
2025-11-25 00:00:00,3139.5,13.1225,-5.56566666666667,55.98,2.78979166666667,209.8125,2.76120833333333,-0.261708333333333,707.279825,10.3242916666667,4.96983333333333,-25.0732083333333,2.043,Inf,5.35504166666667,-27.1158333333333,-21.7612083333333,0.376416666666667,0.866875,168.462083333333,0.376416666666667,99.1672916666667,82.9045833333333,-14.7485416666667,7.01291666666667,NaN,NaN
2025-11-26 00:00:00,3163.5,12.81,-5.35029166666667,66.5758333333333,2.78345833333333,235.3875,2.75595833333333,-0.26308733974359,709.8363,8.29641666666667,3.03995833333333,-12.2812916666667,1.56166666666667,Inf,5.25591666666667,-13.8430416666667,-8.58725,0.287166666666667,0.756333333333333,130.839583333333,0.287166666666667,114.91875,86.0741666666667,-3.985,4.60220833333333,NaN,NaN
2025-11-27 00:00:00,3187.5,12.8895833333333,-2.30275,77.97,2.76416666666667,279.2125,2.75245833333333,-0.254221153846154,711.490775,11.261875,5.09083333333333,-9.10816666666667,-1.55008333333333,Inf,6.17120833333333,-7.55820833333333,-1.38733333333333,0.227958333333333,0.645125,146.923375,0.227958333333333,161.171625,80.1333333333333,2.15216666666667,3.540375,NaN,NaN
2025-11-28 00:00:00,3211.5,12.96,-1.37633333333333,67.1533333333333,2.73516666666667,236.770833333333,2.728375,-0.23258733974359,703.842229166667,11.2601666666667,5.39920833333333,-8.54733333333333,-3.70154166666667,0.439555555555555,5.86033333333333,-4.84554166666667,1.01433333333333,0.268541666666667,0.801833333333333,168.597375,0.268541666666667,156.7175,73.4745833333333,2.71295833333333,1.698375,NaN,NaN
2025-11-29 00:00:00,3235.5,13.01,-10.1563333333333,85.7020833333333,2.57141666666667,210.795833333333,2.52283333333333,-0.160305555555556,704.311595833333,3.4705,10.0237083333333,-0.0235416666666667,-2.83029166666667,1.87492857142857,-6.55316666666667,2.80670833333333,-3.74716666666667,0.202208333333333,0.56825,228.897791666667,0.202208333333333,224.911791666667,56.7658333333333,3.44691666666667,7.19383333333333,NaN,NaN
2025-11-30 00:00:00,3259.5,12.8370833333333,-8.22458333333333,85.6483333333334,2.60370833333333,221.125,2.56404166666667,-0.157083333333333,701.0432,1.5555,5.64191666666667,-0.053125,-0.711375,-Inf,-4.086,0.658333333333333,-3.42829166666667,0.0934166666666666,0.339458333333333,267.348333333333,0.0934166666666666,294.329166666667,30.4307083333333,1.50241666666667,4.93079166666667,NaN,NaN
2025-12-01 00:00:00,3283.5,13.1091666666667,-11.695,80.5566666666667,2.51979166666667,234.690833333333,2.46566666666667,-0.129347222222222,702.45025,3.25270833333333,9.39925,-0.0465,-3.12383333333333,1.46571428571429,-6.14704166666667,3.07733333333333,-3.06916666666667,0.390833333333333,0.6625,110.332541666667,0.390833333333333,57.4604166666667,27.5216666666667,3.20670833333333,6.275625,-0.238,-0.882
2025-12-02 00:00:00,3307.5,13.2283333333333,-7.790875,81.4866666666667,2.13675,188.439291666667,2.10566666666667,-0.142451206140351,700.431716666667,2.511,9.42291666666667,-0.0632916666666667,-1.51670833333333,1.05478947368421,-6.912875,1.45341666666667,-5.459375,0.329875,0.732375,154.628708333333,0.329875,150.847208333333,66.5478333333333,2.44783333333333,7.90675,NaN,NaN
2025-12-03 00:00:00,3331.5,12.8108333333333,-10.8323333333333,86.9,2.37875,214.324166666667,2.330125,-0.0919708384332926,702.417475,2.09141666666667,6.97925,-0.0997916666666667,-1.05208333333333,1.716375,-4.88795833333333,0.952333333333333,-3.93591666666667,8.33333333333333e-05,0.00258333333333333,225.056208333333,8.33333333333333e-05,8.775,0.00025,1.99208333333333,5.92683333333333,-0.557,-1.645
2025-12-04 00:00:00,3355.5,13.02125,-11.4416666666667,80.9866666666667,2.65983333333333,242.420833333333,2.603625,0.000479069767441842,703.038920833333,5.17570833333333,8.43095833333333,-7.49154166666667,-1.76870833333333,Inf,-3.25495833333333,-5.72316666666667,-8.97779166666666,0.330625,0.693541666666667,131.342083333333,0.330625,114.077916666667,57.0275,-2.316375,6.66220833333333,-0.618,1.351
2025-12-05 00:00:00,3379.5,12.6641666666667,-8.85120833333333,90.0791666666667,2.19945833333333,228.65,2.16341666666667,0.107499224806202,700.574004166667,1.87591666666667,4.84891666666667,-0.027375,-0.890416666666667,-570.209214285714,-2.97375,0.863041666666667,-2.11058333333333,0.203041666666667,0.589875,202.54625,0.203041666666667,236.3455,67.19625,1.84804166666667,3.95904166666667,NaN,NaN
2025-12-06 00:00:00,3403.5,12.6658333333333,-6.08629166666667,93.7583333333333,2.24291666666667,224.254166666667,2.21770833333333,0.207555871212121,698.475304166667,0.829708333333333,2.774,-0.0201666666666667,-0.366125,-1331.49666666667,-1.943875,0.345958333333333,-1.59791666666667,0.402625,0.996041666666667,215.503333333333,0.402625,81.62625,80.33,0.809625,2.40704166666667,NaN,NaN
2025-12-07 00:00:00,3427.5,12.7245833333333,-8.88195833333333,90.55,2.299875,227.472916666667,2.26216666666667,0.178126420454545,706.2028125,6.18391666666667,9.91295833333333,-10.6226666666667,-2.51,-499.3056875,-3.72895833333333,-8.11295833333333,-11.841875,0.301541666666667,0.769083333333333,173.250333333333,0.301541666666667,159.970791666667,68.22625,-4.43908333333333,7.40358333333333,NaN,NaN
2025-12-08 00:00:00,3451.5,12.7216666666667,-6.41470833333333,90.4416666666667,2.265,224.283333333333,2.2385,0.127395833333333,707.968245833333,4.24708333333333,9.28820833333333,-0.263208333333333,-2.92208333333333,1.03513333333333,-5.04058333333333,2.658875,-2.38245833333333,0.329791666666667,0.739,194.513166666667,0.329791666666667,228.6035,75.4066666666667,3.98429166666667,6.366125,NaN,NaN
2025-12-09 00:00:00,3475.5,12.6604166666667,-2.89441666666667,85.5083333333333,2.41129166666667,205.708333333333,2.39854166666667,0.101958333333333,706.1502375,1.90858333333333,3.90008333333333,-0.235875,-2.3965,Inf,-1.991875,2.16058333333333,0.168875,0.407458333333333,0.940333333333333,228.203333333333,0.407458333333333,173.82275,89.8170833333333,1.67216666666667,1.50408333333333,NaN,NaN
2025-12-10 00:00:00,3499.5,12.6695833333333,-1.140875,88.3416666666667,2.40879166666667,213.191666666667,2.40375,0.0935,709.27795,6.74208333333333,6.111,-0.232708333333333,-1.638125,-Inf,0.630625,1.40529166666667,2.03591666666667,0.272916666666667,0.731541666666667,185.882625,0.272916666666667,202.693416666667,84.2041666666667,6.50920833333333,4.472625,NaN,NaN
2025-12-11 00:00:00,3523.5,12.9329166666667,-0.586041666666667,67.1441666666666,2.43516666666667,192.908333333333,2.43254166666667,0.0672916666666667,709.3719375,17.3267916666667,10.588125,-13.3752083333333,-7.03008333333333,0.1898125,6.74120833333333,-6.34529166666667,0.396291666666666,0.30525,0.695166666666667,196.746666666667,0.30525,269.575,73.0920833333333,3.95075,3.55816666666667,NaN,NaN
2025-12-12 00:00:00,3547.5,13.055,-0.715833333333333,63.2483333333333,2.45504166666667,189.804166666667,2.45191666666667,0.0480416666666667,709.390875,16.18225,9.919875,-24.9483333333333,-8.47929166666667,Inf,6.26066666666667,-16.4704166666667,-10.2100833333333,0.273291666666667,0.732166666666667,149.933958333333,0.273291666666667,231.105458333333,84.3354166666667,-8.76933333333333,1.44141666666667,NaN,NaN
2025-12-13 00:00:00,3571.5,13.0891666666667,-1.15220833333333,44.58875,2.469375,187.7625,2.46420833333333,0.0350416666666667,709.920625,15.566,9.29529166666667,-27.5729166666667,-11.0821666666667,0.738222222222222,6.27125,-16.4904166666667,-10.219125,0.363416666666667,0.876916666666667,162.462083333333,0.363416666666667,187.822125,80.10875,-12.0084583333333,-1.78741666666667,NaN,NaN
2025-12-14 00:00:00,3595.5,13.0945833333333,0.990083333333333,32.7179166666667,2.47433333333333,187.879166666667,2.47875,0.0212916666666667,714.245070833333,14.5425416666667,9.15733333333333,-30.35375,-14.95875,0.658,5.38445833333333,-15.3945,-10.00925,0.393083333333333,0.874916666666666,140.716416666667,0.393083333333333,176.719166666667,58.0070833333333,-15.8123333333333,-5.80195833333333,NaN,NaN
2025-12-15 00:00:00,3619.5,13.105,1.07558333333333,29.655,2.48258333333333,200.575,2.48741666666667,0.012375,713.0338,19.3980833333333,10.4667083333333,-28.7266666666667,-14.915,1230.94569230769,8.93254166666667,-13.812,-4.87954166666667,0.34075,0.804833333333333,184.86,0.34075,175.109166666667,64.7829166666667,-9.32929166666666,-4.449125,NaN,NaN
2025-12-16 00:00:00,3643.5,13.0679166666667,-1.05491666666667,54.0520833333333,2.49895833333333,191.625,2.49391666666667,0.00604166666666667,709.330491666667,13.439,6.86475,-23.175375,-9.154625,Inf,6.571875,-14.0215416666667,-7.448875,0.360708333333333,0.870958333333333,181.744583333333,0.360708333333333,187.490833333333,73.1058333333333,-9.73879166666666,-2.28866666666667,NaN,NaN
2025-12-17 00:00:00,3667.5,12.935,-1.090125,66.88875,2.498375,211.7,2.493375,0.00554166666666667,701.9193875,8.29591666666667,4.81125,-11.6520833333333,-6.5735,0.471285714285714,3.484375,-5.07804166666667,-1.59254166666667,0.574416666666667,1.26254166666667,151.518291666667,0.574416666666667,161.484166666667,82.515,-3.35529166666666,-1.76275,NaN,NaN
2025-12-18 00:00:00,3691.5,13.1441666666667,-9.01145833333333,63.1475,2.524625,203.729166666667,2.48254166666667,0.0174583333333333,701.975825,13.800875,9.23679166666667,-0.603833333333333,-2.67895833333333,400.35915,4.565125,2.07516666666667,6.64016666666666,0.430041666666666,1.05604166666667,180.215833333333,0.430041666666666,169.929583333333,80.4254166666667,13.19725,6.55816666666667,NaN,NaN
2025-12-19 00:00:00,3715.5,12.9291666666667,0.805166666666667,47.05,2.483375,206.066666666667,2.486875,0.01275,701.7258625,10.0707916666667,5.21679166666667,-7.13933333333333,-10.1944166666667,Inf,4.85383333333333,3.055,7.90866666666667,0.596666666666667,1.28979166666667,121.776791666667,0.596666666666667,147.037208333333,81.30125,2.93129166666667,-4.97775,NaN,NaN
2025-12-20 00:00:00,3739.5,12.7308333333333,-2.74841666666667,88.6666666666667,2.38333333333333,225.920833333333,2.37145833333333,0.091875,703.550758333333,0.808375,2.04358333333333,-1.17004166666667,-1.51345833333333,1.28816666666667,-1.23516666666667,0.343458333333333,-0.891791666666667,0.510791666666667,1.15391666666667,127.786125,0.510791666666667,77.9640416666667,84.8820833333333,-0.361583333333333,0.530416666666667,NaN,NaN
2025-12-21 00:00:00,3763.5,12.9441666666667,-0.355041666666667,83.5008333333333,2.36104166666667,218.366666666667,2.35933333333333,0.135416666666667,707.782841666667,7.73029166666667,10.4171666666667,-4.58395833333333,-3.03345833333333,0.454611111111111,-2.68629166666667,-1.55116666666667,-4.23808333333333,0.349791666666667,0.860375,199.696666666667,0.349791666666667,243.417875,80.8283333333333,3.14591666666667,7.383,NaN,NaN
2025-12-22 00:00:00,3787.5,13.0491666666667,1.872625,59.1316666666667,2.36529166666667,197.475,2.37333333333333,0.126875,710.162641666666,15.5603333333333,10.1494166666667,-25.3166666666667,-10.224125,Inf,5.41154166666667,-15.09,-9.68058333333333,0.376333333333333,0.883416666666667,207.987083333333,0.376333333333333,242.308333333333,65.3579166666667,-9.75816666666667,-0.0767083333333336,NaN,NaN
2025-12-23 00:00:00,3811.5,13.1645833333333,3.01491666666667,29.3858333333333,2.37770833333333,190.166666666667,2.39066666666667,0.109291666666667,711.963825,16.0171666666667,9.29341666666667,-27.6483333333333,-16.6995833333333,Inf,6.72175,-10.9470416666667,-4.225375,0.351958333333333,0.8185,185.099583333333,0.351958333333333,228.070416666667,61.575,-11.6314166666667,-7.408,NaN,NaN
2025-12-24 00:00:00,3835.5,13.0908333333333,4.29725,51.6795833333333,2.389,192.2875,2.40775,0.0915833333333333,711.406758333333,15.7019166666667,8.49304166666666,-24.06425,-15.1320833333333,Inf,7.21270833333333,-8.9325,-1.72275,0.402125,0.946333333333333,188.315416666667,0.402125,227.18875,75.8516666666667,-8.35758333333334,-6.63904166666667,NaN,NaN
2025-12-25 00:00:00,3859.5,12.9841666666667,3.041125,64.0245833333333,2.422875,188.325,2.43633333333333,0.0636666666666667,707.2087375,10.7330833333333,5.63216666666667,-17.4278333333333,-9.77483333333333,NaN,5.10083333333333,-7.65333333333334,-2.553125,0.545083333333333,1.21495833333333,182.66125,0.545083333333333,161.24625,85.195,-6.69454166666667,-4.14220833333333,NaN,NaN
2025-12-26 00:00:00,3883.5,13.2025,0.0843749999999999,53.7229166666667,2.45108333333333,184.6,2.45154166666667,0.0483333333333334,704.974725,18.8152916666667,10.0102083333333,-23.1624583333333,-7.81595833333333,Inf,8.80541666666667,-15.3469583333333,-6.54108333333333,0.596458333333333,1.365875,151.604875,0.596458333333333,133.309583333333,75.79625,-4.34608333333333,2.19479166666667,NaN,NaN
2025-12-27 00:00:00,3907.5,13.09,-2.376,69.2633333333333,2.40208333333333,205.2625,2.39195833333333,0.0497083333333333,699.100295833333,17.2267083333333,8.19791666666667,-11.0488333333333,-5.031,-Inf,9.028375,-6.01841666666667,3.010375,0.651916666666667,1.40854166666667,157.56125,0.651916666666667,116.355833333333,77.7858333333333,6.17629166666667,3.16633333333333,NaN,NaN
2025-12-28 00:00:00,3931.5,12.9195833333333,-14.1020833333333,81.8754166666667,2.37479166666667,225.7875,2.31254166666667,0.108833333333333,704.4413375,3.09425,9.14583333333333,-0.00416666666666666,-1.70658333333333,1.55621428571429,-6.05158333333333,1.702375,-4.34891666666667,0.383333333333333,0.9485,141.483333333333,0.383333333333333,107.771958333333,72.4654166666667,3.08995833333333,7.43858333333333,NaN,NaN
2025-12-29 00:00:00,3955.5,13.1070833333333,-10.6588333333333,71.3891666666667,2.43225,222.35,2.38416666666667,0.116166666666667,713.392258333333,2.37333333333333,9.30608333333333,-0.163875,-4.80020833333333,Inf,-6.93308333333334,4.63645833333333,-2.29616666666667,0.543333333333333,1.068125,167.739166666667,0.543333333333333,151.294583333333,48.09875,2.20929166666667,4.50504166666667,NaN,NaN
2025-12-30 00:00:00,3979.5,13.06,-3.41075,46.80875,2.40883333333333,198.404166666667,2.39379166666667,0.10675,714.047358333333,14.9530833333333,10.4284583333333,-24.1783333333333,-10.1485833333333,0.099,4.52658333333333,-14.0295833333333,-9.50391666666666,0.872916666666667,1.5015,144.483333333333,0.872916666666667,124.034166666667,46.965,-9.223375,0.279291666666666,NaN,NaN
2025-12-31 00:00:00,4003.5,13.0858333333333,-0.319083333333333,41.2741666666667,2.40770833333333,192.5125,2.40616666666667,0.093875,712.024304166667,15.6030416666667,10.0337916666667,-29.6695833333333,-12.9276666666667,Inf,5.570125,-16.7404166666667,-11.1735416666667,0.606625,1.13508333333333,126.710833333333,0.606625,136.33,48.4954166666667,-14.0647083333333,-2.89416666666667,NaN,NaN
2026-01-01 00:00:00,4027.5,12.9204166666667,-0.085125,63.9733333333333,2.362625,212.666666666667,2.36220833333333,0.087046875,706.439458333333,10.1914166666667,6.28716666666667,-9.35733333333333,-6.87320833333333,Inf,3.905125,-2.48320833333333,1.4225,0.399,0.914166666666667,133.034583333333,0.399,219.845833333333,58.3658333333333,0.834916666666665,-0.587625,NaN,NaN
2026-01-02 00:00:00,4051.5,12.84,-1.74904166666667,91.4666666666667,2.40025,209.1,2.39258333333333,0.109036458333333,702.938075,4.97125,5.77533333333333,-0.06725,-0.703666666666667,0.410277777777778,-0.803583333333333,0.6365,-0.167,0.404166666666667,0.923166666666667,140.2635,0.404166666666667,121.80775,79.3275,4.90404166666667,5.07108333333333,NaN,NaN
2026-01-03 00:00:00,4075.5,13.1254166666667,-0.892833333333333,69.4875,2.39125,203.154166666667,2.38733333333333,0.113208333333333,707.213620833333,12.4107083333333,11.0215416666667,-10.2139166666667,-5.17125,0.501555555555556,1.38975,-5.04395833333333,-3.65404166666667,0.340458333333333,0.766958333333333,230.291666666667,0.340458333333333,242.2375,56.485,2.196375,5.851125,NaN,NaN
2026-01-04 00:00:00,4099.5,13.2125,0.170375,50.8833333333333,2.39408333333333,192.120833333333,2.39479166666667,0.105458333333333,703.6405875,24.469375,13.6232083333333,-16.6551666666667,-8.767125,Inf,10.843125,-7.88808333333333,2.95616666666667,0.37825,0.949083333333333,174.474125,0.37825,202.941666666667,64.975,7.813,4.85479166666667,NaN,NaN
2026-01-05 00:00:00,4123.5,12.8420833333333,-3.53545833333333,82.0508333333333,2.33204166666667,218.954166666667,2.31716666666667,0.121526041666667,701.547525,8.648125,5.06945833333333,-2.76870833333333,-2.09425,0.4771,3.57870833333333,-0.674666666666667,2.90420833333333,0.372,1.06,154.34375,0.372,101.0305,81.9254166666666,5.87883333333333,2.97475,NaN,NaN
2026-01-06 00:00:00,4147.5,13.08375,-5.93895833333333,76.8633333333333,2.3585,217.858333333333,2.33275,0.155203125,703.836995833333,5.69458333333333,12.08225,-0.295208333333333,-3.6795,Inf,-6.38725,3.38445833333333,-3.00345833333333,0.357458333333333,0.903541666666667,181.236666666667,0.357458333333333,175.6575,86.7529166666666,5.39891666666667,8.40254166666667,NaN,NaN
2026-01-07 00:00:00,4171.5,13.1308333333333,-4.71041666666667,66.58125,2.358375,238.258333333333,2.337875,0.156333333333333,699.4722625,12.928625,12.0846666666667,-0.868291666666667,-6.00679166666667,Inf,0.845125,5.139,5.98333333333333,0.310208333333333,0.769958333333333,184.983583333333,0.310208333333333,215.529166666667,70.6820833333333,12.0604166666667,6.07804166666666,NaN,NaN
2026-01-08 00:00:00,4195.5,12.9691666666667,-7.33270833333333,88.3554166666667,2.19758333333333,237.2625,2.16808333333333,0.215055555555556,695.4241625,4.63954166666667,8.92433333333334,-0.072875,-2.00229166666667,Inf,-4.285625,1.92945833333333,-2.35591666666667,0.0400833333333333,0.249333333333333,164.66125,0.0400833333333333,163.875833333333,32.2833333333333,4.56679166666667,6.922,NaN,NaN
2026-01-09 00:00:00,4219.5,12.8733333333333,-14.3433333333333,82.0516666666667,2.16841666666667,237.304166666667,2.11066666666667,0.244680555555556,704.96615,4.08654166666667,9.362,0.00416666666666667,-2.23283333333333,2.046,-5.27608333333333,2.23695833333333,-3.03895833333333,0.123833333333333,0.576333333333333,207.202083333333,0.123833333333333,192.018791666667,56.5891666666667,4.09070833333333,7.12991666666667,NaN,NaN
2026-01-10 00:00:00,4243.5,13.1579166666667,-12.2617916666667,77.3320833333333,2.29975,268.2375,2.24741666666667,0.240046875,713.988754166667,5.08066666666667,11.622,-0.101333333333333,-3.589125,-Inf,-6.542,3.48758333333333,-3.05458333333333,0.470083333333333,0.996166666666667,198.127708333333,0.470083333333333,163.114166666667,60.2325,4.97875,8.03279166666667,NaN,NaN
2026-01-11 00:00:00,4267.5,13.16,-6.193,66.7458333333334,2.28966666666667,209.425,2.26345833333333,0.228729166666667,716.8377125,4.47345833333333,11.2150416666667,-0.765791666666667,-6.769625,0.8598125,-6.74195833333333,6.00416666666667,-0.738291666666666,0.302083333333333,0.73525,187.933916666667,0.302083333333333,193.978333333333,54.8541666666667,3.70708333333333,4.446,NaN,NaN
2026-01-12 00:00:00,4291.5,13.21625,-2.02679166666667,47.1995833333333,2.299625,205.333333333333,2.291125,0.209375,715.164995833333,20.0906666666667,15.7282916666667,-22.50325,-9.736875,Inf,4.361875,-12.76625,-8.40379166666667,0.567708333333333,1.19620833333333,147.707083333333,0.567708333333333,118.63,63.7558333333333,-2.41108333333333,5.991125,NaN,NaN
2026-01-13 00:00:00,4315.5,13.2170833333333,-2.32475,54.44625,2.30316666666667,231.608333333333,2.29325,0.201802672955975,713.2470125,15.5919583333333,11.094375,-21.6830416666667,-8.55533333333333,667.006333333333,4.49541666666667,-13.128375,-8.63308333333333,0.54525,1.10375,143.230375,0.545291666666667,108.416666666667,67.6375,-6.09266666666667,2.53879166666667,NaN,NaN
2026-01-14 00:00:00,4339.5,13.01,-2.20125,75.9658333333333,2.257875,279.8,2.24879166666667,0.192867924528302,714.5552625,14.2801666666667,9.84325,-11.740875,-4.23258333333333,0.222833333333333,4.43733333333333,-7.50804166666667,-3.07008333333333,0.28025,0.864208333333333,205.5975,0.28025,194.025,69.7395833333333,2.53979166666667,5.61108333333333,NaN,NaN
2026-01-15 00:00:00,4363.5,13.1025,-2.93675,53.7083333333333,2.270125,237.420833333333,2.257875,0.18462106918239,708.506575,11.30225,12.5109166666667,-31.02875,-9.73791666666667,Inf,-1.209125,-21.2891666666667,-22.4991666666667,0.32,0.764916666666667,203.870666666667,0.32,212.524166666667,78.7391666666667,-19.7263333333333,2.77295833333333,NaN,NaN
2026-01-16 00:00:00,4387.5,13.0720833333333,-12.6204166666667,76.7258333333333,2.36029166666667,258.979166666667,2.30491666666667,0.1945,704.6917,12.0047916666667,10.0860833333333,-1.98354166666667,-0.383833333333333,Inf,1.919,-1.599625,0.319624999999999,0.428041666666667,0.945458333333333,164.342416666667,0.428041666666667,110.302916666667,81.9779166666667,10.0205416666667,9.70125,NaN,NaN
2026-01-17 00:00:00,4411.5,13.07625,-13.4258333333333,80.1,2.11970833333333,212.0375,2.06741666666667,0.210614583333333,706.5616125,5.88595833333333,11.5258333333333,-0.156666666666667,-1.98783333333333,0.801722222222222,-5.64,1.83129166666667,-3.80870833333333,0.500166666666667,1.14595833333333,183.412083333333,0.500166666666667,127.998041666667,81.5216666666667,5.72879166666667,9.53775,NaN,NaN
2026-01-18 00:00:00,4435.5,13.14875,-6.90454166666667,68.1720833333333,2.32370833333333,209.0375,2.294125,0.204017156862745,707.232329166667,6.83454166666667,13.6048333333333,-0.426291666666667,-5.95383333333333,0.563090909090909,-6.77079166666667,5.52829166666667,-1.24245833333333,0.30475,0.690041666666667,150.052125,0.30475,227.20125,67.7745833333333,6.40854166666667,7.65170833333334,NaN,NaN
2026-01-19 00:00:00,4459.5,13.1054166666667,-9.99054166666667,71.4258333333333,1.81625,189.7075,1.78370833333333,0.239191176470588,707.294904166667,5.32754166666667,12.79075,-0.1485,-5.14479166666667,1.2119375,-7.46241666666667,4.99658333333333,-2.46641666666667,0.243,0.542708333333333,223.92925,0.243,149.197083333333,44.3359166666667,5.17925,7.64558333333333,NaN,NaN
2026-01-20 00:00:00,4483.5,13.1291666666667,-7.72508333333333,45.54875,2.06416666666667,241.195833333333,2.035125,0.237036666666667,705.6140875,8.6895,10.0305416666667,-1.52408333333333,-7.72779166666667,0.303238095238095,-1.341375,6.20383333333333,4.86233333333333,0.357833333333333,0.835791666666667,204.02775,0.357833333333333,210.201666666667,76.8691666666667,7.16454166666667,2.30270833333333,NaN,NaN
2026-01-21 00:00:00,4507.5,13.15125,-7.450125,40.07375,2.30325,234.679166666667,2.27170833333333,0.221255,705.819741666667,13.1801666666667,13.5015833333333,-21.6872916666667,-9.47908333333334,0.442857142857143,-0.321458333333333,-12.2083333333333,-12.5301666666667,0.337708333333333,0.815416666666667,181.909125,0.337708333333333,215.051666666667,75.8620833333333,-8.50704166666667,4.023125,NaN,NaN
2026-01-22 00:00:00,4531.5,13.1875,-5.90604166666667,38.72,2.30995833333333,205.316666666667,2.284625,0.215291666666667,703.810491666667,15.3332083333333,11.2393333333333,-20.8979166666667,-8.58816666666667,Inf,4.09466666666667,-12.3083333333333,-8.21391666666667,0.244541666666667,0.687541666666667,228.896666666667,0.244541666666667,250.444583333333,66.30625,-5.56275,2.65075,NaN,NaN
2026-01-23 00:00:00,4555.5,13.2333333333333,-6.16783333333333,50.3445833333333,2.29620833333333,204.3875,2.270375,0.208530701754386,700.166354166667,24.4635416666667,13.1345,-12.9173333333333,-6.33904166666667,Inf,11.328625,-6.57833333333333,4.74979166666667,0.189708333333333,0.60325,190.760875,0.189708333333333,173.856666666667,56.1208333333333,11.5465,6.79591666666667,NaN,NaN
2026-01-24 00:00:00,4579.5,13.1329166666667,-12.6220833333333,81.8275,2.01058333333333,222.314166666667,1.96308333333333,0.259594298245614,697.559416666667,6.24304166666667,11.4642916666667,-0.0350416666666667,-2.36854166666667,1.37253846153846,-5.21925,2.33366666666667,-2.88608333333333,0.0467083333333333,0.231875,264.120416666667,0.0467083333333333,108.414583333333,30.33,6.20770833333333,9.09420833333333,NaN,NaN
2026-01-25 00:00:00,4603.5,12.7225,-18.0841666666667,78.4041666666667,2.28445833333333,203.258333333333,2.20745833333333,0.292291666666667,698.171045833333,3.43154166666667,7.98295833333333,0.019375,-0.863625,1.42966666666667,-4.55083333333333,0.883166666666667,-3.667,0.146625,0.569708333333333,234.757375,0.146625,181.262625,60.8258333333333,3.4515,7.11820833333333,0.0123333333333333,-3.37333333333333
2026-01-26 00:00:00,4627.5,13.11875,-14.5720833333333,56.1754166666667,2.27404166666667,196.025,2.212125,0.28775,706.8368,5.52183333333333,15.1995833333333,-5.882625,-6.05495833333333,0.9168,-9.68041666666667,0.171541666666667,-9.50808333333333,0.466833333333333,0.964333333333333,183.045833333333,0.466833333333333,125.527958333333,77.94,-0.362333333333333,9.14729166666667,-0.0401111111111111,-3.88622222222222
2026-01-27 00:00:00,4651.5,13.15125,-8.363125,52.4216666666667,2.25529166666667,184.066666666667,2.22045833333333,0.279541666666667,709.585625,14.1515,14.2482916666667,-22.5618333333333,-6.67554166666667,Inf,-0.0975,-15.885125,-15.9835833333333,0.392166666666667,0.863,196.717833333333,0.392166666666667,169.129041666667,74.5033333333333,-8.40875,7.57325,NaN,NaN
2026-01-28 00:00:00,4675.5,13.2145833333333,-5.38858333333333,40.5541666666667,2.253125,193.845833333333,2.23066666666667,0.269375,708.547395833333,16.9923333333333,14.831125,-25.4060833333333,-10.02175,Inf,2.157875,-15.383375,-13.2242083333333,0.464166666666667,1.05433333333333,157.52625,0.464166666666667,124.212083333333,79.7620833333333,-8.41429166666667,4.81091666666667,NaN,NaN
2026-01-29 00:00:00,4699.5,13.0383333333333,-9.81445833333333,87.84,1.89308333333333,206.416666666667,1.858875,0.308440972222222,708.358504166667,5.80429166666667,11.9577083333333,-0.853291666666666,-2.53991666666667,1.53,-6.15329166666667,1.68645833333333,-4.46675,0.293625,0.735958333333333,157.531666666667,0.293625,126.717375,69.6158333333333,4.95141666666667,9.41833333333333,NaN,NaN
2026-01-30 00:00:00,4723.5,13.1833333333333,-8.39520833333333,85.7104166666667,2.000625,229.254166666667,1.97008333333333,0.3203125,711.689916666667,7.475375,13.4676666666667,-0.012375,-2.46720833333333,0.955923076923077,-5.992625,2.45479166666667,-3.53808333333333,0.601833333333333,1.13879166666667,148.960875,0.601833333333333,161.891666666667,53.9133333333333,7.46229166666667,11.0001666666667,NaN,NaN
2026-01-31 00:00:00,4747.5,13.15625,-4.67091666666667,81.80875,2.05370833333333,235,2.03608333333333,0.340868055555555,710.676479166667,4.92116666666667,15.0839583333333,-0.0835833333333333,-5.412125,-469.146882352941,-10.1632083333333,5.32820833333334,-4.83495833333333,0.440291666666667,0.964666666666667,161.190833333333,0.440291666666667,176.521125,80.2408333333333,4.838125,9.67295833333334,NaN,NaN
2026-02-01 00:00:00,4771.5,13.23,-2.57545833333333,57.49625,2.17483333333333,214.995833333333,2.164625,0.33473717948718,711.313945833333,11.30775,17.3119166666667,-13.1188333333333,-8.474875,0.649588235294118,-6.00745833333333,-4.64445833333333,-10.6515833333333,0.414208333333333,0.890541666666667,187.142458333333,0.414208333333333,163.182666666667,65.6229166666667,-1.81091666666667,8.838875,NaN,NaN
2026-02-02 00:00:00,4795.5,13.2258333333333,-3.22004166666667,52.9291666666667,2.19270833333333,253.095833333333,2.1795,0.314658653846154,709.639629166667,21.318,13.89225,-26.00125,-9.79725,Inf,7.426375,-16.20375,-8.77858333333333,0.25775,0.647333333333333,206.11875,0.25775,233.570833333333,60.3125,-4.68291666666667,4.09491666666667,NaN,NaN
2026-02-03 00:00:00,4819.5,13.0720833333333,-6.23716666666667,69.8475,2.199625,243.5,2.17433333333333,0.307263440860215,711.856875,14.9547083333333,11.6489166666667,-8.357125,-4.12616666666667,0.293642857142857,3.30695833333333,-4.231,-0.924875000000001,0.207875,0.65375,223.57375,0.207875,141.526875,76.4483333333333,6.59791666666667,7.52270833333333,NaN,NaN
2026-02-04 00:00:00,4843.5,13.1966666666667,-4.84866666666667,61.23875,2.14175,242.75,2.12275,0.302801142473118,716.181608333333,19.0588333333333,17.7305833333333,-11.33575,-7.37458333333333,0.472388888888889,1.32441666666667,-3.961,-2.63683333333333,0.238041666666667,0.626541666666667,196.485,0.238041666666667,199.320416666667,42.5429166666667,7.72345833333333,10.358125,NaN,NaN
2026-02-05 00:00:00,4867.5,13.19125,-1.42916666666667,55.265,2.192875,230.145833333333,2.18691666666667,0.293247916666667,715.490504166667,16.97225,15.7246666666667,-26.0308333333333,-10.4617083333333,Inf,1.24908333333333,-15.5690833333333,-14.32025,0.226541666666667,0.60525,217.4,0.226541666666667,208.729166666667,45.40375,-9.05804166666666,5.261375,NaN,NaN
2026-02-06 00:00:00,4891.5,13.2541666666667,-1.53825,55.6795833333333,2.22445833333333,189.083333333333,2.217875,0.282291666666667,712.957270833333,18.6047083333333,15.4969583333333,-25.7729166666667,-10.1125,0.488,3.10891666666667,-15.6602083333333,-12.5503333333333,0.154166666666667,0.498333333333333,222.199166666667,0.154166666666667,234.583333333333,35.8725416666667,-7.16858333333333,5.38325,NaN,NaN
2026-02-07 00:00:00,4915.5,13.21,-0.769375,53.1804166666667,2.22525,194.179166666667,2.22195833333333,0.277958333333333,710.894333333333,17.9742083333333,14.786125,-27.8429166666667,-10.0158333333333,0.801,3.18716666666667,-17.8266666666667,-14.6384583333333,0.329083333333333,0.760166666666667,187.286666666667,0.329083333333333,231.357083333333,80.5283333333333,-9.869375,4.77016666666666,NaN,NaN
2026-02-08 00:00:00,4939.5,13.2320833333333,-0.93375,53.08625,2.231625,190.6875,2.22766666666667,0.272083333333333,711.9728875,21.5526666666667,15.0458333333333,-27.0333333333333,-9.87366666666667,Inf,6.50391666666667,-17.16,-10.6561666666667,0.425333333333333,0.921875,158.214583333333,0.425333333333333,158.655416666667,72.9504166666667,-5.48583333333333,5.172875,NaN,NaN
2026-02-09 00:00:00,4963.5,13.2195833333333,0.712125,44.6220833333333,2.22945833333333,197.458333333333,2.23225,0.268,707.160541666667,22.3220416666667,15.9472916666667,-26.9916666666667,-12.9222916666667,Inf,6.371375,-14.070125,-7.69829166666667,0.402375,0.907458333333333,203.409583333333,0.402375,218.554166666667,79.15375,-4.66941666666666,3.02633333333333,NaN,NaN
2026-02-10 00:00:00,4987.5,13.14,-3.63158333333333,88.4025,2.15125,224.8875,2.13679166666667,0.288512931034483,706.728820833333,6.95291666666667,10.2318333333333,-1.04729166666667,-1.35145833333333,0.81975,-3.27929166666667,0.304208333333334,-2.975125,0.0933333333333333,0.459875,221.127083333333,0.0933333333333333,214.60475,57.1495833333333,5.90516666666667,8.88079166666667,NaN,NaN
2026-02-11 00:00:00,5011.5,12.75125,-2.406375,87.5895833333333,2.11595833333333,240.891666666667,2.10666666666667,0.318362068965517,708.507841666667,2.7835,6.029125,-0.107416666666667,-1.30966666666667,-399.25515,-3.24566666666667,1.20225,-2.04291666666667,0.194,0.660125,242.009583333333,0.194,208.885625,78.5275,2.676375,4.7185,NaN,NaN
2026-02-12 00:00:00,5035.5,13.0029166666667,-2.23375,90.2875,2.12595833333333,208.95,2.11733333333333,0.366958333333333,708.705133333333,5.529625,12.3555833333333,-0.009875,-2.34395833333333,Inf,-6.82591666666667,2.334125,-4.49170833333333,0.1165,0.483666666666667,186.26375,0.1165,223.010416666667,61.3383333333333,5.519125,10.0115,NaN,NaN
2026-02-13 00:00:00,5059.5,13.23875,-3.164625,87.1416666666667,2.11204166666667,205.7875,2.09966666666667,0.400375,706.228366666667,6.85875,17.109125,-0.0264166666666667,-3.218125,1.7323125,-10.2505416666667,3.1915,-7.059375,0.0746666666666667,0.27275,238.421041666667,0.0746666666666667,134.32875,24.765875,6.83225,13.891875,NaN,NaN
2026-02-14 00:00:00,5083.5,13.2208333333333,-4.50783333333333,72.7966666666667,2.10566666666667,184.541666666667,2.08808333333333,0.411166666666667,705.90825,9.986875,19.5233333333333,-0.049,-6.226375,-Inf,-9.53441666666667,6.17775,-3.357,0.34725,0.857125,190.65,0.34725,136.404583333333,35.8195833333333,9.93775,13.29875,NaN,NaN
2026-02-15 00:00:00,5107.5,13.30875,-2.24133333333333,44.8433333333333,2.11654166666667,182.125,2.10766666666667,0.392333333333333,705.9150375,21.4969583333333,20.0095,-6.511125,-8.0075,421.122578947368,1.48895833333333,1.49641666666667,2.985875,0.313416666666667,0.756333333333334,213.6125,0.313416666666667,237.654166666667,58.2716666666667,14.984875,12.001125,NaN,NaN
2026-02-16 00:00:00,5131.5,13.2958333333333,1.73166666666667,39.41125,2.119875,192.933333333333,2.1265,0.3735,702.2687625,32.4574166666667,17.8947083333333,-20.5483333333333,-13.8785416666667,1231.09215384615,14.55725,-6.66858333333333,7.88791666666667,0.542958333333333,1.18466666666667,160.26625,0.542958333333333,152.941666666667,67.2991666666667,11.9000833333333,4.01466666666667,NaN,NaN
2026-02-17 00:00:00,5155.5,13.0016666666667,-4.817,76.1529166666667,2.099625,207.354166666667,2.08129166666667,0.412833333333333,693.0738875,20.37575,11.454625,-5.190875,-3.72941666666667,-571.069214285714,8.91954166666667,-1.461875,7.45829166666667,0.48975,1.14304166666667,175.679833333333,0.48975,134.211416666667,73.5641666666667,15.1819583333333,7.724375,NaN,NaN
2026-02-18 00:00:00,5179.5,13.16375,-8.07783333333333,85.1516666666667,1.99866666666667,220.0125,1.968875,0.531947916666667,691.459641666667,6.06904166666667,16.4566666666667,-0.0418333333333333,-3.15929166666667,Inf,-10.388,3.11741666666667,-7.27033333333333,0.260166666666667,0.772166666666667,162.790416666667,0.260166666666667,190.399333333333,67.7091666666667,6.02679166666667,13.2968333333333,NaN,NaN
2026-02-19 00:00:00,5203.5,13.2066666666667,-14.71375,79.8116666666667,2.047625,220.816666666667,1.991625,0.510385416666667,692.004145833333,8.69845833333333,20.4514166666667,-0.00554166666666666,-3.08966666666667,1.56964705882353,-11.7491666666667,3.084,-8.66570833333333,0.324416666666667,0.746083333333333,139.926916666667,0.324416666666667,100.17875,75.0525,8.69366666666667,17.357,NaN,NaN
2026-02-20 00:00:00,5227.5,13.2395833333333,-13.7408333333333,81.975,2.01304166666667,239.579166666667,1.96175,0.494895833333333,693.3192875,7.61783333333333,16.509375,-0.332166666666667,-1.950625,1.22405882352941,-8.89091666666667,1.61858333333333,-7.27270833333333,0.0759583333333333,0.3865,185.31375,0.0759583333333333,191.19325,39.4729583333333,7.28604166666666,14.5585416666667,NaN,NaN
2026-02-21 00:00:00,5251.5,13.1558333333333,-13.5186666666667,75.5808333333333,2.06245833333333,195.4625,2.010625,0.488666666666667,706.678583333333,18.1624166666667,20.2835,-13.1884583333333,-5.7045,1.00063636363636,-2.12233333333333,-7.48316666666667,-9.60233333333333,0.217125,0.597916666666667,213.269583333333,0.217125,216.87575,54.4250416666667,4.97629166666667,14.5768333333333,NaN,NaN
2026-02-22 00:00:00,5275.5,13.2516666666667,-7.20258333333333,58.7741666666667,2.0565,183.141666666667,2.02891666666667,0.471083333333333,714.360325,33.3815416666667,21.8515833333333,-28.215,-9.69791666666667,Inf,11.5325833333333,-18.5170833333333,-6.982625,0.231583333333333,0.60825,224.929,0.231583333333333,237.14,61.6433333333333,5.17154166666667,12.1533333333333,NaN,NaN
2026-02-23 00:00:00,5299.5,13.25,-2.82704166666667,51.6608333333333,2.05504166666667,192.579166666667,2.04404166666667,0.455958333333333,712.492341666667,36.0030833333333,21.2710833333333,-26.5395833333333,-11.509375,Inf,14.7274583333333,-15.029125,-0.303333333333333,0.258291666666667,0.679708333333333,173.086375,0.258291666666667,225.720833333333,75.6725,9.461875,9.76420833333333,NaN,NaN
2026-02-24 00:00:00,5323.5,13.14375,-0.405791666666667,58.4241666666667,2.054,192.766666666667,2.0525,0.448958333333334,703.786458333333,17.7841666666667,10.6227083333333,-12.515875,-8.48204166666667,0.307692307692308,7.16645833333333,-4.03354166666667,3.13279166666667,0.572833333333333,1.22129166666667,166.833041666667,0.572833333333333,182.050041666667,80.25625,5.27275,2.14008333333333,NaN,NaN
2026-02-25 00:00:00,5347.5,12.6816666666667,-1.59858333333333,93.375,1.92133333333333,195.616666666667,1.91558333333333,0.583875,701.987216666667,1.50254166666667,6.24720833333333,-0.0329166666666667,-1.22104166666667,1.82955555555556,-4.744875,1.18808333333333,-3.55658333333333,0.531625,1.23770833333333,169.387291666667,0.531625,82.270125,88.1225,1.46958333333333,5.02695833333333,NaN,NaN
2026-02-26 00:00:00,5371.5,13.1283333333333,-3.430625,78.88375,1.919625,193.154166666667,1.90745833333333,0.593,706.441554166666,12.1243333333333,23.2715833333333,-0.129916666666667,-5.20733333333333,1.15057142857143,-11.15025,5.07754166666667,-6.072625,0.463166666666667,1.03645833333333,174.260625,0.463166666666667,128.081958333333,81.8333333333333,11.9960416666667,18.069375,NaN,NaN
2026-02-27 00:00:00,5395.5,13.2858333333333,-2.115375,59.2470833333333,1.929375,189.841666666667,1.921625,0.578375,708.981620833333,24.877875,22.77575,-12.3051666666667,-8.330875,0.583944444444444,2.09708333333333,-3.97475,-1.87795833333333,0.326625,0.757458333333333,215.718166666667,0.326625,252.9775,70.7058333333333,12.5707083333333,14.4472916666667,NaN,NaN
2026-02-28 00:00:00,5419.5,13.3870833333333,-0.300416666666667,48.335,1.93745833333333,189.575,1.93633333333333,0.5639140625,708.321208333333,38.7625833333333,22.0082083333333,-26.4147916666667,-11.9420833333333,0.847916666666667,16.7540416666667,-14.4725416666667,2.28158333333333,0.253916666666667,0.698375,202.9675,0.253916666666667,248.50125,66.6033333333333,12.344875,10.067875,NaN,NaN
2026-03-01 00:00:00,5443.5,13.2216666666667,-0.0954166666666666,80.3795833333333,1.944,203.433333333333,1.94366666666667,0.557565104166667,708.033420833333,28.0295,16.207125,-5.77708333333333,-3.79966666666667,Inf,11.8223333333333,-1.97745833333333,9.84266666666667,0.233958333333333,0.70875,167.798333333333,0.233958333333333,233.49,69.5570833333333,22.2544583333333,12.4085,NaN,NaN
2026-03-02 00:00:00,5467.5,13.3475,2.93020833333333,55.1541666666667,1.94858333333333,188.341666666667,1.95891666666667,0.541166666666667,705.196691666667,25.3929583333333,12.6959583333333,-14.906125,-10.9690416666667,Inf,12.6967083333333,-3.93679166666667,8.75875,0.288916666666667,0.797625,175.838333333333,0.288916666666667,199.9375,67.46,10.4873333333333,1.72645833333333,NaN,NaN
2026-03-03 00:00:00,5491.5,13.2858333333333,-1.785875,80.2804166666667,1.97054166666667,208.916666666667,1.96408333333333,0.536875,706.568783333333,39.1927083333333,21.611125,-1.99833333333333,-3.95629166666667,0.424722222222222,17.5800833333333,1.95825,19.538375,0.159541666666667,0.528125,186.055833333333,0.159541666666667,143.04625,46.984375,37.1910416666667,17.652125,NaN,NaN
2026-03-04 00:00:00,5515.5,13.2345833333333,-1.63320833333333,60.41625,1.95325,181.545833333333,1.94720833333333,0.55275,706.361166666667,34.2781666666667,24.421875,-10.7874583333333,-8.527375,0.5566875,9.86025,-2.260125,7.59554166666667,0.391333333333333,0.801666666666667,167.884125,0.391333333333333,167.930833333333,45.6129166666667,23.4915416666667,15.8935833333333,NaN,NaN
2026-03-05 00:00:00,5539.5,13.3366666666667,0.511041666666667,51.3616666666667,1.95608333333333,183.008333333333,1.95783333333333,0.54275,699.276425,38.6832083333333,20.649125,-22.208375,-12.166375,-Inf,18.038375,-10.0432916666667,7.996375,0.314125,0.875875,152.720833333333,0.314125,151.9,64.1566666666667,16.4787916666667,8.48279166666667,NaN,NaN
2026-03-06 00:00:00,5563.5,13.04125,-7.27541666666667,89.7166666666667,1.890875,217.841666666667,1.8655,0.6189375,699.944391666667,5.511125,15.15225,-0.02875,-0.96925,2.46063636363636,-9.64129166666667,0.940583333333334,-8.700375,0.079625,0.34925,170.95625,0.079625,138.25,28.3159166666667,5.48233333333333,14.182375,NaN,NaN
2026-03-07 00:00:00,5587.5,13.2304166666667,-9.32254166666667,74.43125,1.86975,210.770833333333,1.83720833333333,0.639291666666666,706.358075,24.5854583333333,25.186,-12.5805833333333,-6.01575,Inf,-0.600125,-6.56416666666667,-7.16533333333333,0.43725,0.884916666666667,194.301666666667,0.43725,164.205833333333,52.5435416666667,12.0044166666667,19.1689166666667,NaN,NaN
2026-03-08 00:00:00,5611.5,13.2491666666667,-1.368125,61.89,1.88529166666667,193.579166666667,1.8805,0.619541666666667,706.759625,44.5967916666667,23.276,-26.0679166666667,-9.50766666666667,Inf,21.320375,-16.5598333333333,4.758125,0.785791666666667,1.41654166666667,189.391666666667,0.785791666666667,165.802083333333,51.58625,18.5262083333333,13.7696666666667,NaN,NaN
2026-03-09 00:00:00,5635.5,13.2291666666667,1.78245833333333,45.7695833333333,1.90495833333333,190.620833333333,1.91120833333333,0.588916666666667,702.793316666667,45.0257083333333,22.0592083333333,-31.51125,-15.5454166666667,Inf,22.97125,-15.965375,7.00395833333333,0.457125,0.998958333333333,213.156666666667,0.457125,225.06875,83.4608333333333,13.5193333333333,6.51395833333333,NaN,NaN
2026-03-10 00:00:00,5659.5,13.2758333333333,1.54625,50.7291666666667,1.931,184.791666666667,1.936375,0.563916666666667,700.995204166667,35.4732916666667,19.3896666666667,-20.9835416666667,-13.6867083333333,Inf,16.0793333333333,-7.29620833333333,8.78495833333333,0.506625,1.09533333333333,130.970458333333,0.506625,138.556666666667,84.8645833333333,14.4866666666667,5.70366666666667,NaN,NaN
2026-03-11 00:00:00,5683.5,13.1683333333333,-8.788,73.3029166666667,1.89404166666667,206.2875,1.86333333333333,0.618166666666667,708.8484125,10.929,26.9321666666667,-0.0659166666666667,-5.36308333333333,2.01793333333333,-16.0030416666667,5.297625,-10.706875,0.387458333333333,0.851916666666667,215.064375,0.387458333333333,241.605833333333,68.9604166666667,10.863,21.57025,NaN,NaN
2026-03-12 00:00:00,5707.5,13.3129166666667,-0.541458333333333,55.9058333333333,1.90741666666667,186.375,1.90545833333333,0.594541666666667,708.8194625,37.092625,26.5275,-9.737,-9.09525,0.543,10.567125,-0.64125,9.92991666666667,0.529791666666667,1.14279166666667,205.954166666667,0.529791666666667,235.335833333333,89.9041666666667,27.3579166666667,17.4295,NaN,NaN
2026-03-13 00:00:00,5731.5,13.2891666666667,2.21783333333333,45.1416666666667,1.9225,188.145833333333,1.93041666666667,0.569625,706.684504166667,40.864,21.3567083333333,-26.8199583333333,-13.7926666666667,-Inf,19.5016666666667,-13.028625,6.473625,0.564125,1.18008333333333,154.96175,0.564125,160.545458333333,88.4695833333333,14.0439583333333,7.56958333333333,NaN,NaN
2026-03-14 00:00:00,5755.5,13.1745833333333,1.277625,50.44125,1.94295833333333,187.045833333333,1.94754166666667,0.553617647058824,701.239358333333,25.73675,12.863,-16.2695833333333,-10.88475,0.5097,12.8724583333333,-5.38404166666667,7.488625,0.564875,1.21983333333333,174.54375,0.564875,144.682083333333,82.8104166666667,9.4695,1.97879166666667,NaN,NaN
2026-03-15 00:00:00,5779.5,13.2316666666667,-11.6880416666667,74.99125,1.96508333333333,203.2125,1.9225,0.573132352941176,702.364858333333,26.1794583333333,24.291875,-0.154625,-1.07508333333333,0.602272727272727,1.887,0.920458333333333,2.80729166666667,0.358291666666667,0.984708333333333,133.595541666667,0.358291666666667,121.629791666667,79.8816666666666,26.0232083333333,23.2172083333333,NaN,NaN
2026-03-16 00:00:00,5803.5,13.3633333333333,-7.98816666666667,81.405,1.93179166666667,196.841666666667,1.90295833333333,0.597,705.313691666667,30.6620833333333,31.2195833333333,-0.141083333333333,-2.508875,0.273238095238095,-0.553291666666667,2.36766666666667,1.81441666666667,0.677666666666667,1.270125,147.919583333333,0.677666666666667,90.0124583333334,77.7383333333333,30.5249583333333,28.7093333333333,NaN,NaN
2026-03-17 00:00:00,5827.5,13.2783333333333,1.94425,60.9145833333333,1.886875,187.704166666667,1.893375,0.606375,707.431895833333,39.957,25.4922083333333,-15.7829583333333,-11.2593333333333,-532.5636,14.4675,-4.523625,9.940375,0.594791666666667,1.16983333333333,158.99,0.594791666666667,140.93375,84.755,24.172625,14.2298333333333,NaN,NaN
2026-03-18 00:00:00,5851.5,13.2845833333333,5.57929166666667,33.2970833333333,1.91891666666667,188.275,1.93829166666667,0.562291666666667,713.1911875,36.9204583333333,22.3470833333333,-30.4875,-23.5783333333333,0.7285,14.5737916666667,-6.909125,7.66670833333333,0.469708333333333,0.997583333333333,153.248333333333,0.469708333333333,144.142083333333,79.7875,6.43141666666666,-1.2325,NaN,NaN
2026-03-19 00:00:00,5875.5,13.2420833333333,7.40366666666667,30.3041666666667,1.95325,187.220833333333,1.979375,0.520541666666667,716.42765,36.3658333333333,20.2981666666667,-31.2908333333333,-27.4470833333333,0.790916666666666,16.0694583333333,-3.842125,12.2264583333333,0.38725,0.787666666666667,195.012875,0.38725,197.30175,70.2308333333333,5.07354166666667,-7.15291666666667,NaN,NaN
2026-03-20 00:00:00,5899.5,13.2454166666667,7.62791666666667,28.71,1.99120833333333,187.370833333333,2.01883333333333,0.481166666666667,716.008204166667,34.340125,20.1834583333333,-30.8358333333333,-27.25625,0.832384615384615,14.1587083333333,-3.57795833333333,10.5823333333333,0.351583333333333,0.74425,242.620291666667,0.351583333333333,211.784166666667,61.525,3.50825,-7.07604166666667,NaN,NaN
2026-03-21 00:00:00,5923.5,13.2575,9.63216666666666,23.65875,2.02904166666667,189.258333333333,2.064375,0.43675,711.077783333333,34.6876666666667,19.8731666666667,-28.04,-33.96375,NaN,14.8135833333333,5.92533333333333,20.739625,0.373791666666667,0.891083333333333,207.395833333333,0.373791666666667,231.092083333333,69.1354166666667,6.648625,-14.0905,NaN,NaN
2026-03-22 00:00:00,5947.5,13.33,5.17254166666667,42.0525,2.08929166666667,189.2,2.10891666666667,0.391375,710.737983333333,40.3237083333333,20.014625,-22.9195833333333,-19.0865416666667,-Inf,20.3045833333333,-3.83445833333333,16.470625,0.183041666666667,0.583583333333333,202.717916666667,0.183041666666667,201.089166666667,46.0305833333333,17.3947916666667,0.929166666666666,NaN,NaN
2026-03-23 00:00:00,5971.5,13.2066666666667,3.65979166666667,62.4891666666667,2.12225,190.679166666667,2.136375,0.363416666666667,710.214,31.4670833333333,12.5749166666667,-7.385125,-12.579,0.3728125,18.8902916666667,5.19458333333333,24.0835,0.261208333333333,0.676125,245.155416666667,0.261208333333333,261.620833333333,57.40125,24.0800833333333,-0.00483333333333363,NaN,NaN
2026-03-24 00:00:00,5995.5,13.3658333333333,6.82425,55.0616666666667,2.13591666666667,185.9875,2.162375,0.337625,710.612204166667,44.5388333333333,19.4069166666667,-22.5708333333333,-22.9215416666667,0.47475,25.1315833333333,0.349666666666666,25.4789583333333,0.403708333333333,0.881958333333333,163.559375,0.403708333333333,243.619166666667,73.8991666666667,21.969,-3.51429166666667,NaN,NaN
2026-03-25 00:00:00,6019.5,13.2375,9.45179166666667,39.4891666666667,2.17,186.766666666667,2.20720833333333,0.292791666666667,711.451,40.7995,18.245125,-27.235,-32.4958333333333,0.641,22.5477916666667,5.26166666666667,27.8130416666667,0.395625,0.843083333333333,231.71875,0.395625,247.495833333333,67.8041666666667,13.5559166666667,-14.2499583333333,NaN,NaN
2026-03-26 00:00:00,6043.5,13.2983333333333,8.21816666666667,47.3641666666667,2.21820833333333,186.65,2.25125,0.249083333333333,709.401179166667,40.0211666666667,16.0224583333333,-19.071875,-28.6392916666667,-Inf,24.000125,9.56616666666667,33.56475,0.310416666666667,0.783625,197.50625,0.310416666666667,211.997916666667,66.61125,20.9493333333333,-12.6158333333333,NaN,NaN
2026-03-27 00:00:00,6067.5,13.4070833333333,0.50225,64.9408333333333,2.26570833333333,193.729166666667,2.26770833333333,0.232895833333333,715.0313,44.7046666666667,20.008875,-21.957625,-5.92591666666667,0.4173,24.69375,-16.0318333333333,8.661625,0.139166666666667,0.495416666666667,203.266083333333,0.139166666666667,179.58375,37.0774166666667,22.7445,14.082875,NaN,NaN
2026-03-28 00:00:00,6091.5,13.3058333333333,7.16595833333333,33.3854166666667,2.25379166666667,196.779166666667,2.28316666666667,0.217,711.031395833333,42.9639166666667,18.4851666666667,-25.8495,-24.62,NaN,24.4769166666667,-1.22979166666667,23.2458333333333,0.413583333333333,0.934875,172.54125,0.413583333333333,247.472083333333,70.9845833333333,17.1103333333333,-6.13420833333333,NaN,NaN
2026-03-29 00:00:00,6115.5,13.2675,6.322,40.57625,2.29425,187.658333333333,2.32054166666667,0.179625,709.896295833334,46.7770833333333,17.7583333333333,-29.0945833333333,-21.3777916666667,533.731066666667,29.016375,-7.71870833333333,21.2942083333333,0.3685,0.932416666666667,225.306708333333,0.3685,231.145833333333,74.5054166666667,17.67875,-3.61941666666667,NaN,NaN
2026-03-30 00:00:00,6139.5,13.365,6.28745833333333,38.2845833333333,2.31633333333333,184.55,2.34275,0.157291666666667,707.248654166667,43.5142916666667,17.4770833333333,-24.6231666666667,-21.0525,-614.878615384615,26.0329583333333,-3.56908333333333,22.4625416666667,0.329041666666667,0.863625,216.767916666667,0.329041666666667,220.085833333333,70.52625,18.8916666666667,-3.57583333333333,NaN,NaN
2026-03-31 00:00:00,6163.5,13.3575,4.09629166666667,54.0654166666667,2.35145833333333,189.895833333333,2.36895833333333,0.131916666666667,705.265320833333,44.2887083333333,14.31475,-16.4191666666667,-13.6517083333333,Inf,29.9694583333333,-2.76775,27.2019166666667,0.367,0.925625,175.68125,0.367,204.345833333333,67.2133333333333,27.8654583333333,0.662083333333333,NaN,NaN
2026-04-01 00:00:00,6187.5,13.2183333333333,0.879166666666667,85.7154166666667,2.35808333333333,209.183333333333,2.36179166666667,0.139541666666667,699.275129166667,31.005,12.4260416666667,-3.65641666666667,-3.333125,0.210631578947368,18.57875,-0.323541666666667,18.256125,0.17925,0.5035,187.629583333333,0.17925,123.700458333333,50.1375,27.357625,9.09404166666667,NaN,NaN
2026-04-02 00:00:00,6211.5,13.3033333333333,-1.04770833333333,84.4704166666667,2.28304166666667,199.1125,2.27870833333333,0.2095625,698.475629166667,23.673,27.7443333333333,-3.32375,-1.76883333333333,Inf,-4.0745,-1.5545,-5.62945833333333,0.201416666666667,0.555166666666667,142.490416666667,0.201416666666667,71.6947083333333,32.8670833333333,20.3475,25.9749166666667,NaN,NaN
2026-04-03 00:00:00,6235.5,13.18375,-7.94075,86.37875,2.209,209.9375,2.17666666666667,0.31525,704.618179166667,14.6435833333333,36.5350416666667,0.024875,-1.66079166666667,617.631,-21.882375,1.685875,-20.2021666666667,0.321958333333333,0.702875,131.38375,0.321958333333333,150.65125,64.5322083333333,14.6692916666667,34.8708333333333,0.0548,1.174
2026-04-04 00:00:00,6259.5,13.2541666666667,-4.56304166666667,79.14,2.21258333333333,198.141666666667,2.19391666666667,0.306458333333333,712.607441666667,43.2477083333333,31.6065416666667,-14.4823333333333,-5.314375,1.02227777777778,11.6399166666667,-9.16883333333333,2.46966666666667,0.390916666666667,0.91075,147.626791666667,0.390916666666667,128.292041666667,61.343375,28.7659166666667,26.2875416666667,NaN,NaN
2026-04-05 00:00:00,6283.5,13.3258333333333,-2.07983333333333,63.9291666666667,2.236,196.15,2.22729166666667,0.2725,714.514345833333,64.23075,31.0532083333333,-31.1658333333333,-11.471875,Inf,33.1820416666667,-19.69375,13.485125,0.143875,0.511833333333333,228.61375,0.143875,233.129166666667,38.37125,33.0666666666667,19.578,-22.585,-1.69975
2026-04-06 00:00:00,6307.5,13.4304166666667,1.66995833333333,49.2816666666667,2.252875,195.55,2.25933333333333,0.240833333333333,710.615175,53.9546666666667,27.1480416666667,-28.0158333333333,-14.8490416666667,0.338909090909091,26.7942083333333,-13.167,13.631625,0.190041666666667,0.593833333333333,203.153333333333,0.190041666666667,204.669583333333,53.3130833333333,25.9399583333333,12.3030833333333,NaN,NaN
2026-04-07 00:00:00,6331.5,13.3279166666667,2.82516666666667,46.5479166666667,2.274375,194.325,2.28595833333333,0.213541666666667,706.6298375,48.1816666666667,23.6760416666667,-23.7019583333333,-14.4825833333333,0.382833333333312,24.5064166666667,-9.21975,15.2815833333333,0.283125,0.762916666666667,192.442083333333,0.283125,207.033333333333,60.84775,24.4775833333333,9.194625,NaN,NaN
2026-04-08 00:00:00,6355.5,13.3795833333333,4.582625,44.1666666666667,2.28395833333333,194.979166666667,2.30283333333333,0.198458333333333,706.5901,49.4137083333333,22.911,-24.775125,-17.2748333333333,0.611666666666667,26.505625,-7.49879166666667,19.0024583333333,0.339541666666667,0.831333333333333,203.875,0.339541666666667,213.622916666667,75.06125,24.6389583333333,5.63691666666667,NaN,NaN
2026-04-09 00:00:00,6379.5,13.3379166666667,3.47541666666667,60.33875,2.30666666666667,202.875,2.32095833333333,0.180541666666667,708.818133333333,45.87475,19.0575,-17.4275,-12.2927916666667,Inf,26.824,-5.134875,21.6872916666667,0.254125,0.686833333333333,195.62225,0.254125,208.421666666667,56.251125,28.4497916666667,6.763875,NaN,NaN
2026-04-10 00:00:00,6403.5,13.2325,2.929375,69.15375,2.32395833333333,220.691666666667,2.33629166666667,0.163708333333333,709.6205875,42.325875,14.7069166666667,-12.38525,-10.3805416666667,Inf,27.62075,-2.00479166666667,25.6133333333333,0.135958333333333,0.553541666666666,226.221666666667,0.135958333333333,222.259166666667,38.2945416666667,29.938875,4.32595833333334,NaN,NaN
2026-04-11 00:00:00,6427.5,13.3220833333333,5.02233333333333,49.5995833333333,2.34479166666667,198.970833333333,2.366125,0.135333333333333,705.956375,47.7685,16.2679583333333,-23.85625,-15.74675,Inf,31.5010833333333,-8.110625,23.395375,0.429,1.02929166666667,175.92,0.429,195.554166666667,72.0370833333333,23.90975,0.521458333333333,NaN,NaN
2026-04-12 00:00:00,6451.5,13.4245833333333,4.42233333333333,38.2870833333333,2.3615,195.375,2.38054166666667,0.12075,703.3381125,54.4263333333333,16.47625,-29.58875,-15.2437916666667,Inf,37.9506666666667,-14.343875,23.6083333333333,0.552458333333333,1.193625,147.423333333333,0.552458333333333,185.05,70.5875,24.8349583333333,1.231375,NaN,NaN
2026-04-13 00:00:00,6475.5,13.3766666666667,1.80054166666667,47.8704166666667,2.3825,186.0375,2.39020833333333,0.109541666666667,703.772383333333,49.1480833333333,14.8894166666667,-24.9170833333333,-8.783125,-0.0557,34.2521666666667,-16.1338333333333,18.1220833333333,0.361666666666667,0.959625,168.458875,0.361666666666667,164.7065,69.1018333333333,24.22775,6.106,NaN,NaN
2026-04-14 00:00:00,6499.5,13.2354166666667,-2.111875,86.92625,2.38354166666667,222.4625,2.37425,0.124791666666667,702.676429166667,16.2659166666667,15.6674166666667,-1.07195833333333,-1.17083333333333,Inf,0.59875,0.0985833333333337,0.697458333333333,0.113458333333333,0.502208333333333,202.81875,0.113458333333333,158.912083333333,46.1676666666667,15.1937916666667,14.49675,NaN,NaN
2026-04-15 00:00:00,6523.5,13.2729166666667,-0.875833333333334,74.385,2.26833333333333,205.829166666667,2.26529166666667,0.159583333333333,703.92305,55.590125,37.7407916666667,-12.9208333333333,-5.66145833333333,Inf,17.836125,-7.259,10.576875,0.343166666666667,0.828541666666667,158.719625,0.343166666666667,169.364166666667,71.32,42.6664166666667,32.0822916666667,NaN,NaN
2026-04-16 00:00:00,6547.5,13.3791666666667,3.271875,45.4479166666667,2.358125,194.316666666667,2.37229166666667,0.128458333333333,701.60065,56.1957083333333,23.2314166666667,-26.6733333333333,-14.5382916666667,0.518785714285714,32.961,-12.135375,20.8257083333333,0.63125,1.31195833333333,131.027083333333,0.63125,144.091666666667,71.5979166666667,29.519125,8.69116666666667,NaN,NaN
2026-04-17 00:00:00,6571.5,13.2804166666667,-8.756125,81.5933333333333,2.33291666666667,206.279166666667,2.29554166666667,0.125458333333333,702.055629166667,19.1315416666667,18.5572083333333,-3.94383333333333,2.68891666666667,0.6637,0.574708333333334,-6.63295833333333,-6.058,0.268333333333333,0.779583333333333,148.390416666667,0.268333333333333,95.0225,64.6895833333333,15.1874166666667,21.24575,NaN,NaN
2026-04-18 00:00:00,6595.5,13.2741666666667,-6.55741666666667,68.3629166666667,2.22483333333333,211.7,2.19858333333333,0.1825,708.7609625,38.1135833333333,39.9265833333333,-11.5550833333333,-4.1025,1.3935,-1.81016666666667,-7.45225,-9.26158333333333,0.299416666666667,0.750083333333333,191.846875,0.299416666666667,162.8775,65.0358333333333,26.5565,35.8290833333333,-0.43,-0.89
2026-04-19 00:00:00,6619.5,13.3366666666667,-0.340708333333333,42.9391666666667,2.3585,188.4,2.35675,0.143958333333333,711.149166666667,82.5140833333333,31.4789583333333,-33.3820833333333,-13.0629583333333,Inf,51.0395,-20.3182083333333,30.7173333333333,0.275916666666667,0.7055,197.675833333333,0.275916666666667,191.928333333333,51.96875,49.1408333333333,18.4172916666667,NaN,NaN
2026-04-20 00:00:00,6643.5,13.3454166666667,3.764625,36.27375,2.36958333333333,188.008333333333,2.38545833333333,0.115416666666667,711.134966666667,80.2320416666667,21.6640416666667,-28.49375,-17.9698333333333,0.121333333333333,58.5747083333333,-10.5239583333333,48.0497916666667,0.209,0.61525,217.792916666667,0.209,220.041666666667,56.3275,51.7478333333333,3.69433333333333,NaN,NaN
2026-04-21 00:00:00,6667.5,13.3129166666667,6.553125,42.6275,2.38070833333333,196.929166666667,2.40870833333333,0.0915,710.322033333333,69.2605,16.2202083333333,-25.3975,-23.5121666666667,0.140333333333333,53.0420416666667,-1.88475,51.1575,0.206208333333333,0.677791666666667,191.197916666667,0.206208333333333,201.279166666667,51.8895833333333,43.859625,-7.29208333333333,NaN,NaN
2026-04-22 00:00:00,6691.5,13.2954166666667,6.04983333333333,36.7604166666667,2.42016666666667,195.35,2.446625,0.0537916666666666,703.3708375,80.6555416666667,18.9087916666667,-29.9541666666667,-19.0844583333333,0.359000000000006,61.7504166666666,-10.8692916666667,50.88,0.53075,1.16170833333333,237.395833333333,0.53075,181.412916666667,63.9025,50.7037916666667,-0.176541666666666,NaN,NaN
2026-04-23 00:00:00,6715.5,13.3291666666667,-1.14170833333333,54.7441666666667,2.47829166666667,191.4125,2.47316666666667,0.0259166666666667,701.216033333333,83.642,18.0112083333333,-26.40875,-3.36495833333333,0.0796666666666667,65.6360833333333,-23.0442916666667,42.589625,0.432791666666667,0.986291666666667,169.068333333333,0.432791666666667,128.355833333333,78.0970833333333,57.2328333333333,14.6469166666667,NaN,NaN
2026-04-24 00:00:00,6739.5,13.3320833333333,2.21708333333333,32.4945833333333,2.47383333333333,195.820833333333,2.48370833333333,0.016375,701.0592375,70.8255416666667,17.929,-29.7984166666667,-10.906625,0.219176470588235,52.895625,-18.8909583333333,34.0040416666667,0.457125,1.08725,167.534541666667,0.457125,164.28875,75.2258333333333,41.0252083333333,7.02291666666666,NaN,NaN
2026-04-25 00:00:00,6763.5,13.2875,2.33304166666667,48.4754166666667,2.4925,196.645833333333,2.502875,-0.00270833333333333,700.7883875,48.1422916666667,10.71225,-15.9967083333333,-8.18716666666667,Inf,37.4285833333333,-7.80975,29.6206666666667,0.2545,0.774041666666667,185.42125,0.2545,170.962083333333,63.2508333333333,32.1430833333333,2.526,NaN,NaN
2026-04-26 00:00:00,6787.5,13.2516666666667,0.0269166666666667,80.0558333333333,2.490625,218.6125,2.490625,-0.00465509259259259,698.013766666667,48.8420416666667,15.6334583333333,-4.838,-3.18545833333333,0.184666666666667,33.2090833333333,-1.65333333333333,31.5527916666667,0.322041666666667,0.793916666666667,173.727916666667,0.322041666666667,164.739583333333,59.919375,44.0021666666667,12.4485416666667,NaN,NaN
2026-04-27 00:00:00,6811.5,13.2970833333333,-1.07925,85.4270833333333,2.4455,231.058333333333,2.44066666666667,0.0444415509259259,701.264258333333,37.371,25.8762083333333,-3.894375,-1.03975,0.268565217391304,11.4984583333333,-2.85483333333333,8.64429166666667,0.206083333333333,0.653791666666667,183.872083333333,0.206083333333333,146.226291666667,66.7370833333333,33.483625,24.8302916666667,NaN,NaN
2026-04-28 00:00:00,6835.5,13.2333333333333,-2.723875,87.2641666666667,2.333125,232.804166666667,2.32125,0.112921875,705.689191666667,18.062625,33.3627083333333,-0.0566666666666667,-1.49966666666667,0.851142857142857,-15.2977083333333,1.44304166666667,-13.8558333333333,0.151625,0.590458333333333,194.21,0.151625,253.791083333333,63.1125,18.0060416666667,31.8627083333333,NaN,NaN
2026-04-29 00:00:00,6859.5,13.4666666666667,-2.104,77.3020833333333,2.40870833333333,215.333333333333,2.39933333333333,0.1011875,708.071545833333,42.5566666666667,30.4050416666667,-7.80075,-3.39770833333333,0.31545,12.1590416666667,-4.40329166666667,7.75725,0.107375,0.442625,194.682083333333,0.107375,177.073333333333,39.0590833333333,34.761875,27.0064583333333,NaN,NaN
2026-04-30 00:00:00,6883.5,13.3045833333333,-3.03229166666667,89.4666666666667,2.37825,194.775,2.365,0.12825,707.5805125,27.0071666666667,21.959875,-1.63720833333333,-0.972416666666667,Inf,5.044375,-0.664625,4.380625,0.062375,0.272333333333333,159.20375,0.062375,75.6116666666667,26.5050833333333,25.3692083333333,20.991,NaN,NaN
2026-05-01 00:00:00,6907.5,13.4245833333333,-3.02095833333333,64.3504166666667,2.37375,182.741666666667,2.36029166666667,0.13975,709.1975375,67.87675,43.151625,-15.8870416666667,-7.37704166666667,1.24795454545455,24.7269583333333,-8.50925,16.2185416666667,0.085875,0.313625,189.1225,0.085875,78.9566666666667,28.1449583333333,51.9923333333333,35.773875,-0.1944,-0.4972
2026-05-02 00:00:00,6931.5,13.3945833333333,1.20241666666667,51.185,2.394875,185.620833333333,2.399875,0.100375,710.896445833333,80.64675,33.3279583333333,-32.8941666666667,-15.0471666666667,0.405809523809524,47.323625,-17.8467916666667,29.472125,0.16025,0.482625,229.548333333333,0.16025,224.474166666667,45.80625,47.7562916666667,18.2820833333333,NaN,NaN
2026-05-03 00:00:00,6955.5,13.4141666666667,3.556375,42.5233333333333,2.41633333333333,192.875,2.43179166666667,0.0682083333333333,708.2201625,60.5566666666667,24.5947083333333,-26.5745833333333,-15.1957916666667,0.179666666666667,35.959,-11.3775833333333,24.5856666666667,0.25525,0.733125,229.786666666667,0.25525,194.3225,57.4245833333333,33.985875,9.39720833333333,NaN,NaN
2026-05-04 00:00:00,6979.5,13.2375,1.55675,69.6979166666667,2.44675,204.495833333333,2.45358333333333,0.0472916666666667,704.077804166667,38.5605416666667,14.3470833333333,-10.8642083333333,-6.31325,0.222227272727273,24.2146666666667,-4.55120833333333,19.664875,0.130708333333333,0.387875,240.681666666667,0.130708333333333,118.234166666667,37.3178333333333,27.6947083333333,8.03258333333333,NaN,NaN
2026-05-05 00:00:00,7003.5,12.69875,-3.98441666666667,93.1916666666666,2.13558333333333,206.895833333333,2.12066666666667,0.376541666666667,701.53435,4.06604166666667,10.977875,0.0270416666666667,-1.408125,Inf,-6.91154166666667,1.435125,-5.47595833333333,0,0,303.156083333333,0,0,0,4.09358333333333,9.56983333333333,NaN,NaN
2026-05-06 00:00:00,7027.5,13.10625,-5.654375,83.6370833333333,1.90366666666667,204.454166666667,1.88404166666667,0.596625,704.765320833333,54.8799166666667,57.3814583333333,-10.5455416666667,-4.09420833333333,Inf,-2.50079166666667,-6.45116666666667,-8.95308333333334,0.170916666666667,0.383666666666667,192.839291666667,0.170916666666667,49.9795833333333,27.6108333333333,44.3336666666667,53.2863333333333,NaN,NaN
2026-05-07 00:00:00,7051.5,13.4416666666667,-0.77225,86.8329166666667,2.01604166666667,191.070833333333,2.01316666666667,0.486833333333333,707.510095833333,77.1843333333333,43.428875,-18.5138333333333,-8.485875,0.645133333333333,33.7545,-10.0275,23.7268333333333,0.27825,0.743625,163.475291666667,0.27825,154.197916666667,63.0054166666667,58.676125,34.945875,NaN,NaN
2026-05-08 00:00:00,7075.5,13.4654166666667,3.96120833333333,67.9470833333333,2.08625,196.758333333333,2.101,0.399166666666667,707.857320833333,71.5450416666667,34.25925,-12.0170833333333,-15.5567083333333,-Inf,37.2879583333333,3.53941666666667,40.8300833333333,0.185333333333333,0.644125,234.919583333333,0.185333333333333,259.396666666667,50.4205833333333,59.5313333333334,18.7051666666667,NaN,NaN
2026-05-09 00:00:00,7099.5,13.4908333333333,5.401875,50.8925,2.15808333333333,194.754166666667,2.17908333333333,0.32075,708.4044625,73.346875,37.5438333333333,-24.21275,-21.175125,0.570375,35.8010833333333,-3.038625,32.76875,0.266458333333333,0.762125,197.01875,0.266458333333333,166.819166666667,70.9508333333333,49.1375416666667,16.3714583333333,NaN,NaN
2026-05-10 00:00:00,7123.5,13.4033333333333,4.03895833333333,59.0554166666667,2.24325,200.3875,2.25966666666667,0.24075,713.2117875,92.4663333333333,40.6844583333333,-30.026875,-17.9842916666667,-Inf,51.7742083333333,-12.042625,39.7352916666667,0.142083333333333,0.503708333333333,217.324166666667,0.142083333333333,186.399583333333,40.2923333333333,62.4355833333333,22.7016666666667,NaN,NaN
2026-05-11 00:00:00,7147.5,13.3854166666667,7.203875,42.9133333333333,2.2905,192.708333333333,2.32016666666667,0.180291666666667,714.521916666667,93.6867916666666,37.50125,-32.3708333333333,-27.61875,Inf,56.1875416666667,-4.75008333333333,51.432625,0.292208333333333,0.766833333333333,230.775,0.292208333333333,206.470833333333,51.7008333333333,61.3143333333333,9.87991666666666,NaN,NaN
2026-05-12 00:00:00,7171.5,13.325,8.599875,45.5225,2.34129166666667,194.3375,2.37733333333333,0.122583333333333,715.386141666667,69.4019166666667,24.418125,-26.6283333333333,-27.6678333333333,0.27925,44.9758333333333,1.039125,46.0155833333333,0.221541666666667,0.658791666666667,247.8375,0.221541666666667,212.816666666667,50.6216666666667,42.7708333333333,-3.24995833333333,NaN,NaN
2026-05-13 00:00:00,7195.5,13.2779166666667,9.48441666666667,45.42,2.387125,183.154166666667,2.42770833333333,0.0722916666666667,713.2730375,58.6076666666667,17.1174166666667,-20.0302083333333,-27.568125,0.294588235294118,41.4903333333333,7.537125,49.0277916666667,0.231833333333333,0.798083333333333,227.904583333333,0.231833333333333,232.9,51.1879166666667,38.5745,-10.4515833333333,NaN,NaN
2026-05-14 00:00:00,7219.5,13.2229166666667,9.63970833333333,40.0025,2.446875,190.020833333333,2.48933333333333,0.011,708.4613125,88.3978333333333,21.7775,-32.5091666666667,-25.6005416666667,842.316052631579,66.6161666666667,-6.907625,59.7139166666667,0.428416666666667,0.979041666666667,165.91375,0.428416666666667,152.744791666667,80.2066666666666,55.8883333333333,-3.823,NaN,NaN
2026-05-15 00:00:00,7243.5,13.2520833333333,7.92275,31.3908333333333,2.50745833333333,198.945833333333,2.54329166666667,-0.0425833333333333,708.098729166667,90.0305,19.4968333333333,-33.5791666666667,-19.4112083333333,-420.668736842105,70.539,-14.168125,56.36525,0.2995,0.770625,210.117083333333,0.2995,204.584166666667,57.2433333333333,56.452,0.0879583333333327,NaN,NaN
2026-05-16 00:00:00,7267.5,13.1925,5.92445833333333,60.965,2.56166666666667,192.525,2.58904166666667,-0.0887573529411765,705.792091666667,54.7268333333333,11.7361666666667,-16.3641666666667,-11.6661666666667,Inf,42.9932083333333,-4.69858333333333,38.293625,0.193166666666667,0.697833333333333,197.73875,0.193166666666667,212.366666666667,43.3845,38.3619166666667,0.0702500000000002,NaN,NaN
2026-05-17 00:00:00,7291.5,13.2704166666667,1.78154166666667,88.7629166666667,2.58025,215.758333333333,2.58866666666667,-0.11040931372549,700.859670833333,52.2726666666667,18.273,-6.78141666666667,-2.228,Inf,33.9994166666667,-4.55345833333333,29.4412083333333,0.117708333333333,0.470375,216.970916666667,0.117708333333333,120.035,34.1060833333333,45.4944583333333,16.0456666666667,NaN,NaN
2026-05-18 00:00:00,7315.5,12.9429166666667,-2.39816666666667,93.4041666666667,2.431875,204.945833333333,2.42133333333333,0.0357305555555556,701.341229166667,5.904125,14.9528333333333,0.0102083333333333,-1.23191666666667,1.82582352941176,-9.04808333333333,1.24208333333333,-7.80741666666667,0,0,279.734875,0,0,0,5.91425,13.72075,NaN,NaN
2026-05-19 00:00:00,7339.5,13.2841666666667,-2.16120833333333,90.1433333333334,2.415375,257.725,2.40579166666667,0.0987555555555556,709.160329166667,28.9489583333333,39.7051666666667,-1.90841666666667,-1.71116666666667,1.8655,-10.7595416666667,-0.197083333333333,-10.9579583333333,0.014,0.115666666666667,283.297291666667,0.014,84.4945833333333,7.20283333333333,27.0433333333333,37.9972916666667,NaN,NaN
2026-05-20 00:00:00,7363.5,13.4404166666667,-0.210291666666667,90.6333333333333,2.44316666666667,222.341666666667,2.44208333333333,0.0582222222222222,709.080025,44.7875,25.2195416666667,-9.42270833333333,-3.57666666666667,Inf,19.5736666666667,-5.84554166666667,13.7275,0.055375,0.285041666666667,274.578833333333,0.055375,155.154166666667,22.4449583333333,35.367375,21.6424583333333,NaN,NaN
2026-05-21 00:00:00,7387.5,13.28125,-0.143,81.9770833333333,2.44566666666667,201.308333333333,2.44483333333333,0.0567083333333333,706.536345833333,38.38425,19.3472916666667,-12.8171666666667,-5.55583333333333,0.1851,19.0325,-7.261,11.7694166666667,0.103208333333333,0.392416666666667,223.170583333333,0.103208333333333,160.450833333333,30.7737083333333,25.5615833333333,13.792625,NaN,NaN
2026-05-22 00:00:00,7411.5,13.3029166666667,0.114333333333333,80.0079166666667,2.422125,199.220833333333,2.42254166666667,0.0772083333333333,707.126829166667,56.6421666666667,51.2100416666667,-11.3083333333333,-5.51129166666667,Inf,5.42695833333333,-5.79720833333333,-0.366125,0.08575,0.295583333333333,225.586666666667,0.08575,92.5133333333333,26.94675,45.3270416666667,45.7014166666667,NaN,NaN
2026-05-23 00:00:00,7435.5,13.3883333333333,4.20583333333333,55.6125,2.46516666666667,219.745833333333,2.48383333333333,0.01625,709.456058333333,89.9195,35.9459583333333,-28.51625,-17.147375,Inf,53.9791666666667,-11.3691666666667,42.6131666666667,0.241083333333333,0.679708333333333,201.869166666667,0.241083333333333,192.325916666667,55.7754166666667,61.4137083333333,18.7958333333333,NaN,NaN
2026-05-24 00:00:00,7459.5,13.2925,7.57179166666667,53.2025,2.497,208.783333333333,2.53129166666667,-0.0311666666666667,712.292025,72.3527916666667,23.3725,-24.5420833333333,-19.92275,0.317588235294118,48.9903333333333,-4.619125,44.3696666666667,0.222791666666667,0.683125,187.434583333333,0.222791666666667,199.057916666667,54.9841666666667,47.8167083333333,3.448375,NaN,NaN
2026-05-25 00:00:00,7483.5,13.16875,7.26658333333333,59.5416666666667,2.55295833333333,196.2,2.5865,-0.086125,711.501679166667,58.2584583333333,13.646625,-23.29375,-15.7245,Inf,44.6097083333334,-7.56979166666667,37.0438333333333,0.165083333333333,0.613958333333333,236.35625,0.165083333333333,205.507083333333,41.926,34.9641666666667,-2.07808333333333,NaN,NaN
2026-05-26 00:00:00,7507.5,13.2333333333333,6.22608333333333,76.5554166666667,2.60508333333333,201.6875,2.6345,-0.132317708333333,706.649254166667,49.781625,8.34520833333333,-14.1558333333333,-9.963125,Inf,41.43925,-4.1925,37.246875,0.165666666666667,0.654375,207.796916666667,0.165666666666667,216.466666666667,35.4558333333333,35.630375,-1.61754166666667,NaN,NaN
2026-05-27 00:00:00,7531.5,13.34,6.252375,77.80875,2.65,191.920833333333,2.67991666666667,-0.179015625,708.745054166667,63.814,9.34133333333333,-12.9874166666667,-8.29754166666667,Inf,54.468875,-4.69016666666667,49.7800833333333,0.298708333333333,0.820125,176.45625,0.298708333333333,228.4375,39.1829583333333,50.8272083333333,1.044375,NaN,NaN
2026-05-28 00:00:00,7555.5,13.2229166666667,8.649875,70.1883333333333,2.68891666666667,189.5125,2.730875,-0.230666666666667,710.420595833333,70.5229166666667,9.45833333333333,-18.1946666666667,-9.99066666666667,-Inf,61.0632916666667,-8.20358333333333,52.8625,0.118125,0.513541666666667,202.569583333333,0.118125,191.849166666667,39.342375,52.3264583333333,-0.532125,NaN,NaN
2026-05-29 00:00:00,7579.5,13.0908333333333,6.99220833333333,79.5533333333333,2.72766666666667,224.908333333333,2.76229166666667,-0.268903428819445,707.747941666667,44.8605416666667,5.39175,-9.527875,-3.27970833333333,-0.149454545454545,39.4691666666667,-6.24866666666667,33.2246666666667,0.1075,0.541708333333333,239.37125,0.1075,203.3,34.3547083333333,35.3398333333333,2.11183333333333,NaN,NaN
2026-05-30 00:00:00,7603.5,13.2008333333333,5.59333333333333,68.8645833333333,2.70425,261.7,2.73166666666667,-0.2679609375,706.535816666667,83.480125,9.9735,-18.6489583333333,1.88633333333333,Inf,73.4969583333334,-20.5353333333333,52.9727083333333,0.289,0.755833333333333,176.371666666667,0.289,157.485,64.4554583333333,64.8255833333333,11.859875,NaN,NaN
2026-05-31 00:00:00,7627.5,13.1841666666667,5.67445833333333,62.7691666666667,2.72591666666667,236.55,2.75383333333333,-0.2625859375,710.115891666666,76.7540833333333,9.287875,-23.4311666666667,1.30158333333333,Inf,67.469,-24.733375,42.734125,0.348375,0.802666666666667,170.629291666667,0.348375,211.894166666667,74.0875,53.3210833333333,10.5895416666667,NaN,NaN
2026-06-01 00:00:00,7651.5,13.14625,8.42275,55.6120833333333,2.71475,272.891666666667,2.75570833333333,-0.2572109375,712.72355,74.6983333333333,8.02279166666667,-27.9970833333333,-2.09770833333333,-0.135095238095238,66.6810416666666,-25.9,40.7774166666667,0.159708333333333,0.568625,217.446666666667,0.159708333333333,192.96625,41.3824166666667,46.70075,5.92504166666667,NaN,NaN
2026-06-02 00:00:00,7675.5,13.1016666666667,9.33625,57.1695833333333,2.609875,267.745833333333,2.65279166666667,-0.2518359375,714.379179166667,62.1697083333333,7.95120833333333,-27.0091666666667,-1.05495833333333,-0.10255,54.21225,-25.955,28.2600416666667,0.125208333333333,0.503916666666667,209.106916666667,0.125208333333333,194.20125,39.9936666666667,35.1639166666667,6.897,NaN,NaN
2026-06-03 00:00:00,7699.5,13.20625,9.84529166666667,51.3170833333333,2.62729166666667,265.958333333333,2.673125,-0.2464609375,714.1764125,55.7513333333333,7.33204166666667,-28.2791666666667,-2.07933333333333,NaN,48.4240416666667,-26.20125,22.216625,0.174291666666667,0.554625,226.679166666667,0.174291666666667,207.281666666667,41.1862083333333,27.4811666666667,5.25383333333333,NaN,NaN
2026-06-04 00:00:00,7723.5,13.0966666666667,11.203125,42.5933333333333,2.61141666666667,273.7875,2.66270833333333,-0.2410859375,711.3296625,83.0477916666667,8.578375,-31.7220833333333,-3.05420833333333,Inf,74.4724583333333,-28.6675,45.7990833333333,0.262291666666667,0.732,207.557875,0.262291666666667,197.503375,54.7608333333333,51.3229166666667,5.52416666666667,NaN,NaN
2026-06-05 00:00:00,7747.5,13.0483333333333,11.75625,42.19,2.55325,254.916666666667,2.60508333333333,-0.2357109375,711.124245833333,105.814333333333,11.0894166666667,-35.7758333333333,0.357416666666667,0.0265714285714286,94.727125,-36.1320833333333,58.5923333333333,0.251625,0.706041666666667,208.567916666667,0.251625,201.9,51.1629166666667,70.0406666666667,11.4457083333333,NaN,NaN
2026-06-06 00:00:00,7771.5,13.1179166666667,13.0494166666667,41.8775,2.57854166666667,254.495833333333,2.63920833333333,-0.214383125964506,708.924970833333,71.2535833333333,7.81125,-29.8445833333333,-2.36104166666667,-363.589636363636,63.4353333333333,-27.4825,35.954375,0.167,0.604958333333333,217.475416666667,0.167,206.130833333333,41.47875,41.407125,5.45004166666667,NaN,NaN
2026-06-07 00:00:00,7795.5,13.0866666666667,13.8944583333333,28.5075,2.49875,258.429166666667,2.55966666666667,-0.0723250237416904,706.899766666667,88.89475,9.967625,-32.165,-0.241333333333333,Inf,78.9327083333333,-31.9245833333333,47.0065833333333,0.314166666666667,0.844625,200.782083333333,0.314166666666667,211.204166666667,55.7866666666667,56.7369583333333,9.72758333333333,NaN,NaN
2026-06-08 00:00:00,7819.5,13.1566666666667,13.0940833333333,32.33375,2.41029166666667,267.020833333333,2.46620833333333,0.0869487179487179,710.003766666667,78.5776666666667,7.96254166666667,-30.9104166666667,-1.03258333333333,NaN,70.6096666666667,-29.8775,40.737625,0.282416666666667,0.826708333333333,194.666666666667,0.282416666666667,215.391666666667,57.2091666666667,47.6669166666667,6.929875,NaN,NaN
2026-06-09 00:00:00,7843.5,13.1895833333333,12.96175,26.64875,2.29220833333333,236.35,2.34429166666667,0.252822021116139,708.247704166667,85.5678333333334,8.93920833333333,-30.7825,0.545375,Inf,76.6260416666667,-31.3258333333333,45.3029583333333,0.465083333333333,1.11058333333333,126.762333333333,0.465083333333333,187.283333333333,73.0233333333333,54.7853333333333,9.484,NaN,NaN
2026-06-10 00:00:00,7867.5,13.2358333333333,10.4501666666667,38.61,2.35475,234.179166666667,2.39808333333333,0.106039939839572,706.89775,98.1551666666667,10.7419583333333,-23.843625,5.83770833333333,Inf,87.4031666666667,-29.6821666666667,57.72625,0.429291666666667,1.11970833333333,121.879583333333,0.429291666666667,142.137916666667,75.1358333333333,74.309375,16.5812083333333,NaN,NaN
2026-06-11 00:00:00,7891.5,13.0970833333333,6.93929166666667,30.8316666666667,2.49045833333333,269.925,2.5205,0.0128977272727273,710.662783333333,115.366333333333,12.5575833333333,-38.295,7.573875,0.144590909090909,102.814166666667,-45.8675,56.9454166666667,0.308708333333333,0.83275,171.995833333333,0.308708333333333,181.4125,63.47875,77.0799166666667,20.136375,NaN,NaN
2026-06-12 00:00:00,7915.5,13.0329166666667,11.92975,25.26625,2.26895833333333,240.670833333333,2.31729166666667,0.0889214015151515,711.7748875,115.04475,12.2249583333333,-38.6820833333333,3.00375,Inf,102.8205,-41.68375,61.1374583333333,0.39775,0.888375,188.02125,0.39775,199.375,66.5445833333333,76.3604166666667,15.2299166666667,NaN,NaN
2026-06-13 00:00:00,7939.5,13.03625,11.4925,37.6975,2.37754166666667,249.345833333333,2.42579166666667,0.062077485380117,712.43315,115.37025,12.015625,-38.1529166666667,4.63858333333333,Inf,103.35525,-42.7920833333333,60.5625833333333,0.274833333333333,0.710583333333333,184.44625,0.274833333333333,155.623333333333,52.7174583333333,77.2171666666667,16.6557083333333,NaN,NaN
2026-06-14 00:00:00,7963.5,13.2279166666667,7.79033333333333,66.75375,2.18604166666667,228.916666666667,2.21875,0.111491959064328,714.195216666667,78.47975,7.0215,-18.5040833333333,5.31975,Inf,71.458375,-23.8229583333333,47.6346666666667,0.190708333333333,0.560583333333333,110.375291666667,0.190708333333333,103.552916666667,42.1475,59.9770833333333,12.3417916666667,-2.95166666666667,6.90566666666667
2026-06-15 00:00:00,7987.5,13.07625,9.6975,53.89625,2.40508333333333,262.395833333333,2.44566666666667,-0.097,713.831708333333,108.05225,11.164625,-31.6283333333333,5.36008333333333,0.000238095238095249,96.885,-36.9933333333333,59.9016666666667,0.231208333333333,0.652458333333333,208.98625,0.231208333333333,190.557083333333,53.4773333333333,76.4254166666666,16.525,-21.122,3.216
2026-06-16 00:00:00,8005.5,12.8775,7.72416666666667,47.8591666666667,2.51333333333333,314.508333333333,2.548,-0.133,712.07225,54.1883333333333,7.20266666666667,-27.7566666666667,0.9805,0.0604444444444445,46.9895833333333,-28.7358333333333,18.2450833333333,0.219833333333333,0.639833333333333,220.575,0.219833333333333,209.433333333333,45.7691666666667,26.4309166666667,8.18183333333333,NaN,NaN
