TIMESTAMP,RECORD,BattV_Min,AirTC_Avg,RH,DT_Avg,Q_Avg,TCDT_Avg,DBTCDT_Avg,BP_mbar_Avg,CM3Up_Avg,CM3Dn_Avg,CG3Up_Avg,CG3Dn_Avg,Albedo_Avg,NetRs_Avg,NetRl_Avg,NetTot_Avg,WS_ms_Avg,WS_ms_Max,WindDir,WS_ms_S_WVT,WindDir_D1_WVT,WindDir_SD1_WVT,UpTot_Avg,DnTot_Avg,CG3UpCo_Avg,CG3DnCo_Avg,BFN_density,SWE
2020-10-01 00:00:00,NaN,NaN,NaN,NaN,NaN,NaN,NaN,NaN,NaN,NaN,NaN,NaN,NaN,NaN,NaN,NaN,NaN,NaN,NaN,NaN,NaN,NaN,NaN,NaN,NaN,NaN,NaN,NaN,NaN
2020-10-02 00:00:00,NaN,NaN,NaN,NaN,NaN,NaN,NaN,NaN,NaN,NaN,NaN,NaN,NaN,NaN,NaN,NaN,NaN,NaN,NaN,NaN,NaN,NaN,NaN,NaN,NaN,NaN,NaN,NaN,NaN
2020-10-03 00:00:00,NaN,NaN,NaN,NaN,NaN,NaN,NaN,NaN,NaN,NaN,NaN,NaN,NaN,NaN,NaN,NaN,NaN,NaN,NaN,NaN,NaN,NaN,NaN,NaN,NaN,NaN,NaN,NaN,NaN
2020-10-04 00:00:00,NaN,NaN,NaN,NaN,NaN,NaN,NaN,NaN,NaN,NaN,NaN,NaN,NaN,NaN,NaN,NaN,NaN,NaN,NaN,NaN,NaN,NaN,NaN,NaN,NaN,NaN,NaN,NaN,NaN
2020-10-05 00:00:00,NaN,NaN,NaN,NaN,NaN,NaN,NaN,NaN,NaN,NaN,NaN,NaN,NaN,NaN,NaN,NaN,NaN,NaN,NaN,NaN,NaN,NaN,NaN,NaN,NaN,NaN,NaN,NaN,NaN
2020-10-06 00:00:00,NaN,NaN,NaN,NaN,NaN,NaN,NaN,NaN,NaN,NaN,NaN,NaN,NaN,NaN,NaN,NaN,NaN,NaN,NaN,NaN,NaN,NaN,NaN,NaN,NaN,NaN,NaN,NaN,NaN
2020-10-07 00:00:00,NaN,NaN,NaN,NaN,NaN,NaN,NaN,NaN,NaN,NaN,NaN,NaN,NaN,NaN,NaN,NaN,NaN,NaN,NaN,NaN,NaN,NaN,NaN,NaN,NaN,NaN,NaN,NaN,NaN
2020-10-08 00:00:00,NaN,NaN,NaN,NaN,NaN,NaN,NaN,NaN,NaN,NaN,NaN,NaN,NaN,NaN,NaN,NaN,NaN,NaN,NaN,NaN,NaN,NaN,NaN,NaN,NaN,NaN,NaN,NaN,NaN
2020-10-09 00:00:00,NaN,NaN,NaN,NaN,NaN,NaN,NaN,NaN,NaN,NaN,NaN,NaN,NaN,NaN,NaN,NaN,NaN,NaN,NaN,NaN,NaN,NaN,NaN,NaN,NaN,NaN,NaN,NaN,NaN
2020-10-10 00:00:00,NaN,NaN,NaN,NaN,NaN,NaN,NaN,NaN,NaN,NaN,NaN,NaN,NaN,NaN,NaN,NaN,NaN,NaN,NaN,NaN,NaN,NaN,NaN,NaN,NaN,NaN,NaN,NaN,NaN
2020-10-11 00:00:00,NaN,NaN,NaN,NaN,NaN,NaN,NaN,NaN,NaN,NaN,NaN,NaN,NaN,NaN,NaN,NaN,NaN,NaN,NaN,NaN,NaN,NaN,NaN,NaN,NaN,NaN,NaN,NaN,NaN
2020-10-12 00:00:00,NaN,NaN,NaN,NaN,NaN,NaN,NaN,NaN,NaN,NaN,NaN,NaN,NaN,NaN,NaN,NaN,NaN,NaN,NaN,NaN,NaN,NaN,NaN,NaN,NaN,NaN,NaN,NaN,NaN
2020-10-13 00:00:00,NaN,NaN,NaN,NaN,NaN,NaN,NaN,NaN,NaN,NaN,NaN,NaN,NaN,NaN,NaN,NaN,NaN,NaN,NaN,NaN,NaN,NaN,NaN,NaN,NaN,NaN,NaN,NaN,NaN
2020-10-14 00:00:00,NaN,NaN,NaN,NaN,NaN,NaN,NaN,NaN,NaN,NaN,NaN,NaN,NaN,NaN,NaN,NaN,NaN,NaN,NaN,NaN,NaN,NaN,NaN,NaN,NaN,NaN,NaN,NaN,NaN
2020-10-15 00:00:00,NaN,NaN,NaN,NaN,NaN,NaN,NaN,NaN,NaN,NaN,NaN,NaN,NaN,NaN,NaN,NaN,NaN,NaN,NaN,NaN,NaN,NaN,NaN,NaN,NaN,NaN,NaN,NaN,NaN
2020-10-16 00:00:00,NaN,NaN,NaN,NaN,NaN,NaN,NaN,NaN,NaN,NaN,NaN,NaN,NaN,NaN,NaN,NaN,NaN,NaN,NaN,NaN,NaN,NaN,NaN,NaN,NaN,NaN,NaN,NaN,NaN
2020-10-17 00:00:00,NaN,NaN,NaN,NaN,NaN,NaN,NaN,NaN,NaN,NaN,NaN,NaN,NaN,NaN,NaN,NaN,NaN,NaN,NaN,NaN,NaN,NaN,NaN,NaN,NaN,NaN,NaN,NaN,NaN
2020-10-18 00:00:00,NaN,NaN,NaN,NaN,NaN,NaN,NaN,NaN,NaN,NaN,NaN,NaN,NaN,NaN,NaN,NaN,NaN,NaN,NaN,NaN,NaN,NaN,NaN,NaN,NaN,NaN,NaN,NaN,NaN
2020-10-19 00:00:00,NaN,NaN,NaN,NaN,NaN,NaN,NaN,NaN,NaN,NaN,NaN,NaN,NaN,NaN,NaN,NaN,NaN,NaN,NaN,NaN,NaN,NaN,NaN,NaN,NaN,NaN,NaN,NaN,NaN
2020-10-20 00:00:00,NaN,NaN,NaN,NaN,NaN,NaN,NaN,NaN,NaN,NaN,NaN,NaN,NaN,NaN,NaN,NaN,NaN,NaN,NaN,NaN,NaN,NaN,NaN,NaN,NaN,NaN,NaN,NaN,NaN
2020-10-21 00:00:00,NaN,NaN,NaN,NaN,NaN,NaN,NaN,NaN,NaN,NaN,NaN,NaN,NaN,NaN,NaN,NaN,NaN,NaN,NaN,NaN,NaN,NaN,NaN,NaN,NaN,NaN,NaN,NaN,NaN
2020-10-22 00:00:00,NaN,NaN,NaN,NaN,NaN,NaN,NaN,NaN,NaN,NaN,NaN,NaN,NaN,NaN,NaN,NaN,NaN,NaN,NaN,NaN,NaN,NaN,NaN,NaN,NaN,NaN,NaN,NaN,NaN
2020-10-23 00:00:00,NaN,NaN,NaN,NaN,NaN,NaN,NaN,NaN,NaN,NaN,NaN,NaN,NaN,NaN,NaN,NaN,NaN,NaN,NaN,NaN,NaN,NaN,NaN,NaN,NaN,NaN,NaN,NaN,NaN
2020-10-24 00:00:00,NaN,NaN,NaN,NaN,NaN,NaN,NaN,NaN,NaN,NaN,NaN,NaN,NaN,NaN,NaN,NaN,NaN,NaN,NaN,NaN,NaN,NaN,NaN,NaN,NaN,NaN,NaN,NaN,NaN
2020-10-25 00:00:00,NaN,NaN,NaN,NaN,NaN,NaN,NaN,NaN,NaN,NaN,NaN,NaN,NaN,NaN,NaN,NaN,NaN,NaN,NaN,NaN,NaN,NaN,NaN,NaN,NaN,NaN,NaN,NaN,NaN
2020-10-26 00:00:00,NaN,NaN,NaN,NaN,NaN,NaN,NaN,NaN,NaN,NaN,NaN,NaN,NaN,NaN,NaN,NaN,NaN,NaN,NaN,NaN,NaN,NaN,NaN,NaN,NaN,NaN,NaN,NaN,NaN
2020-10-27 00:00:00,NaN,NaN,NaN,NaN,NaN,NaN,NaN,NaN,NaN,NaN,NaN,NaN,NaN,NaN,NaN,NaN,NaN,NaN,NaN,NaN,NaN,NaN,NaN,NaN,NaN,NaN,NaN,NaN,NaN
2020-10-28 00:00:00,NaN,NaN,NaN,NaN,NaN,NaN,NaN,NaN,NaN,NaN,NaN,NaN,NaN,NaN,NaN,NaN,NaN,NaN,NaN,NaN,NaN,NaN,NaN,NaN,NaN,NaN,NaN,NaN,NaN
2020-10-29 00:00:00,NaN,NaN,NaN,NaN,NaN,NaN,NaN,NaN,NaN,NaN,NaN,NaN,NaN,NaN,NaN,NaN,NaN,NaN,NaN,NaN,NaN,NaN,NaN,NaN,NaN,NaN,NaN,NaN,NaN
2020-10-30 00:00:00,NaN,NaN,NaN,NaN,NaN,NaN,NaN,NaN,NaN,NaN,NaN,NaN,NaN,NaN,NaN,NaN,NaN,NaN,NaN,NaN,NaN,NaN,NaN,NaN,NaN,NaN,NaN,NaN,NaN
2020-10-31 00:00:00,NaN,NaN,NaN,NaN,NaN,NaN,NaN,NaN,NaN,NaN,NaN,NaN,NaN,NaN,NaN,NaN,NaN,NaN,NaN,NaN,NaN,NaN,NaN,NaN,NaN,NaN,NaN,NaN,NaN
2020-11-01 00:00:00,NaN,NaN,NaN,NaN,NaN,NaN,NaN,NaN,NaN,NaN,NaN,NaN,NaN,NaN,NaN,NaN,NaN,NaN,NaN,NaN,NaN,NaN,NaN,NaN,NaN,NaN,NaN,NaN,NaN
2020-11-02 00:00:00,NaN,NaN,NaN,NaN,NaN,NaN,NaN,NaN,NaN,NaN,NaN,NaN,NaN,NaN,NaN,NaN,NaN,NaN,NaN,NaN,NaN,NaN,NaN,NaN,NaN,NaN,NaN,NaN,NaN
2020-11-03 00:00:00,NaN,NaN,NaN,NaN,NaN,NaN,NaN,NaN,NaN,NaN,NaN,NaN,NaN,NaN,NaN,NaN,NaN,NaN,NaN,NaN,NaN,NaN,NaN,NaN,NaN,NaN,NaN,NaN,NaN
2020-11-04 00:00:00,NaN,NaN,NaN,NaN,NaN,NaN,NaN,NaN,NaN,NaN,NaN,NaN,NaN,NaN,NaN,NaN,NaN,NaN,NaN,NaN,NaN,NaN,NaN,NaN,NaN,NaN,NaN,NaN,NaN
2020-11-05 00:00:00,NaN,NaN,NaN,NaN,NaN,NaN,NaN,NaN,NaN,NaN,NaN,NaN,NaN,NaN,NaN,NaN,NaN,NaN,NaN,NaN,NaN,NaN,NaN,NaN,NaN,NaN,NaN,NaN,NaN
2020-11-06 00:00:00,NaN,NaN,NaN,NaN,NaN,NaN,NaN,NaN,NaN,NaN,NaN,NaN,NaN,NaN,NaN,NaN,NaN,NaN,NaN,NaN,NaN,NaN,NaN,NaN,NaN,NaN,NaN,NaN,NaN
2020-11-07 00:00:00,NaN,NaN,NaN,NaN,NaN,NaN,NaN,NaN,NaN,NaN,NaN,NaN,NaN,NaN,NaN,NaN,NaN,NaN,NaN,NaN,NaN,NaN,NaN,NaN,NaN,NaN,NaN,NaN,NaN
2020-11-08 00:00:00,NaN,NaN,NaN,NaN,NaN,NaN,NaN,NaN,NaN,NaN,NaN,NaN,NaN,NaN,NaN,NaN,NaN,NaN,NaN,NaN,NaN,NaN,NaN,NaN,NaN,NaN,NaN,NaN,NaN
2020-11-09 00:00:00,NaN,NaN,NaN,NaN,NaN,NaN,NaN,NaN,NaN,NaN,NaN,NaN,NaN,NaN,NaN,NaN,NaN,NaN,NaN,NaN,NaN,NaN,NaN,NaN,NaN,NaN,NaN,NaN,NaN
2020-11-10 00:00:00,NaN,NaN,NaN,NaN,NaN,NaN,NaN,NaN,NaN,NaN,NaN,NaN,NaN,NaN,NaN,NaN,NaN,NaN,NaN,NaN,NaN,NaN,NaN,NaN,NaN,NaN,NaN,NaN,NaN
2020-11-11 00:00:00,NaN,NaN,NaN,NaN,NaN,NaN,NaN,NaN,NaN,NaN,NaN,NaN,NaN,NaN,NaN,NaN,NaN,NaN,NaN,NaN,NaN,NaN,NaN,NaN,NaN,NaN,NaN,NaN,NaN
2020-11-12 00:00:00,NaN,NaN,NaN,NaN,NaN,NaN,NaN,NaN,NaN,NaN,NaN,NaN,NaN,NaN,NaN,NaN,NaN,NaN,NaN,NaN,NaN,NaN,NaN,NaN,NaN,NaN,NaN,NaN,NaN
2020-11-13 00:00:00,NaN,NaN,NaN,NaN,NaN,NaN,NaN,NaN,NaN,NaN,NaN,NaN,NaN,NaN,NaN,NaN,NaN,NaN,NaN,NaN,NaN,NaN,NaN,NaN,NaN,NaN,NaN,NaN,NaN
2020-11-14 00:00:00,NaN,NaN,NaN,NaN,NaN,NaN,NaN,NaN,NaN,NaN,NaN,NaN,NaN,NaN,NaN,NaN,NaN,NaN,NaN,NaN,NaN,NaN,NaN,NaN,NaN,NaN,NaN,NaN,NaN
2020-11-15 00:00:00,NaN,NaN,NaN,NaN,NaN,NaN,NaN,NaN,NaN,NaN,NaN,NaN,NaN,NaN,NaN,NaN,NaN,NaN,NaN,NaN,NaN,NaN,NaN,NaN,NaN,NaN,NaN,NaN,NaN
2020-11-16 00:00:00,NaN,NaN,NaN,NaN,NaN,NaN,NaN,NaN,NaN,NaN,NaN,NaN,NaN,NaN,NaN,NaN,NaN,NaN,NaN,NaN,NaN,NaN,NaN,NaN,NaN,NaN,NaN,NaN,NaN
2020-11-17 00:00:00,NaN,NaN,NaN,NaN,NaN,NaN,NaN,NaN,NaN,NaN,NaN,NaN,NaN,NaN,NaN,NaN,NaN,NaN,NaN,NaN,NaN,NaN,NaN,NaN,NaN,NaN,NaN,NaN,NaN
2020-11-18 00:00:00,NaN,NaN,NaN,NaN,NaN,NaN,NaN,NaN,NaN,NaN,NaN,NaN,NaN,NaN,NaN,NaN,NaN,NaN,NaN,NaN,NaN,NaN,NaN,NaN,NaN,NaN,NaN,NaN,NaN
2020-11-19 00:00:00,NaN,NaN,NaN,NaN,NaN,NaN,NaN,NaN,NaN,NaN,NaN,NaN,NaN,NaN,NaN,NaN,NaN,NaN,NaN,NaN,NaN,NaN,NaN,NaN,NaN,NaN,NaN,NaN,NaN
2020-11-20 00:00:00,NaN,NaN,NaN,NaN,NaN,NaN,NaN,NaN,NaN,NaN,NaN,NaN,NaN,NaN,NaN,NaN,NaN,NaN,NaN,NaN,NaN,NaN,NaN,NaN,NaN,NaN,NaN,NaN,NaN
2020-11-21 00:00:00,NaN,NaN,NaN,NaN,NaN,NaN,NaN,NaN,NaN,NaN,NaN,NaN,NaN,NaN,NaN,NaN,NaN,NaN,NaN,NaN,NaN,NaN,NaN,NaN,NaN,NaN,NaN,NaN,NaN
2020-11-22 00:00:00,NaN,NaN,NaN,NaN,NaN,NaN,NaN,NaN,NaN,NaN,NaN,NaN,NaN,NaN,NaN,NaN,NaN,NaN,NaN,NaN,NaN,NaN,NaN,NaN,NaN,NaN,NaN,NaN,NaN
2020-11-23 00:00:00,NaN,NaN,NaN,NaN,NaN,NaN,NaN,NaN,NaN,NaN,NaN,NaN,NaN,NaN,NaN,NaN,NaN,NaN,NaN,NaN,NaN,NaN,NaN,NaN,NaN,NaN,NaN,NaN,NaN
2020-11-24 00:00:00,NaN,NaN,NaN,NaN,NaN,NaN,NaN,NaN,NaN,NaN,NaN,NaN,NaN,NaN,NaN,NaN,NaN,NaN,NaN,NaN,NaN,NaN,NaN,NaN,NaN,NaN,NaN,NaN,NaN
2020-11-25 00:00:00,NaN,NaN,NaN,NaN,NaN,NaN,NaN,NaN,NaN,NaN,NaN,NaN,NaN,NaN,NaN,NaN,NaN,NaN,NaN,NaN,NaN,NaN,NaN,NaN,NaN,NaN,NaN,NaN,NaN
2020-11-26 00:00:00,NaN,NaN,NaN,NaN,NaN,NaN,NaN,NaN,NaN,NaN,NaN,NaN,NaN,NaN,NaN,NaN,NaN,NaN,NaN,NaN,NaN,NaN,NaN,NaN,NaN,NaN,NaN,NaN,NaN
2020-11-27 00:00:00,NaN,NaN,NaN,NaN,NaN,NaN,NaN,NaN,NaN,NaN,NaN,NaN,NaN,NaN,NaN,NaN,NaN,NaN,NaN,NaN,NaN,NaN,NaN,NaN,NaN,NaN,NaN,NaN,NaN
2020-11-28 00:00:00,NaN,NaN,NaN,NaN,NaN,NaN,NaN,NaN,NaN,NaN,NaN,NaN,NaN,NaN,NaN,NaN,NaN,NaN,NaN,NaN,NaN,NaN,NaN,NaN,NaN,NaN,NaN,NaN,NaN
2020-11-29 00:00:00,NaN,NaN,NaN,NaN,NaN,NaN,NaN,NaN,NaN,NaN,NaN,NaN,NaN,NaN,NaN,NaN,NaN,NaN,NaN,NaN,NaN,NaN,NaN,NaN,NaN,NaN,NaN,NaN,NaN
2020-11-30 00:00:00,NaN,NaN,NaN,NaN,NaN,NaN,NaN,NaN,NaN,NaN,NaN,NaN,NaN,NaN,NaN,NaN,NaN,NaN,NaN,NaN,NaN,NaN,NaN,NaN,NaN,NaN,NaN,NaN,NaN
2020-12-01 00:00:00,NaN,NaN,NaN,NaN,NaN,NaN,NaN,NaN,NaN,NaN,NaN,NaN,NaN,NaN,NaN,NaN,NaN,NaN,NaN,NaN,NaN,NaN,NaN,NaN,NaN,NaN,NaN,NaN,NaN
2020-12-02 00:00:00,NaN,NaN,NaN,NaN,NaN,NaN,NaN,NaN,NaN,NaN,NaN,NaN,NaN,NaN,NaN,NaN,NaN,NaN,NaN,NaN,NaN,NaN,NaN,NaN,NaN,NaN,NaN,NaN,NaN
2020-12-03 00:00:00,NaN,NaN,NaN,NaN,NaN,NaN,NaN,NaN,NaN,NaN,NaN,NaN,NaN,NaN,NaN,NaN,NaN,NaN,NaN,NaN,NaN,NaN,NaN,NaN,NaN,NaN,NaN,NaN,NaN
2020-12-04 00:00:00,NaN,NaN,NaN,NaN,NaN,NaN,NaN,NaN,NaN,NaN,NaN,NaN,NaN,NaN,NaN,NaN,NaN,NaN,NaN,NaN,NaN,NaN,NaN,NaN,NaN,NaN,NaN,NaN,NaN
2020-12-05 00:00:00,NaN,NaN,NaN,NaN,NaN,NaN,NaN,NaN,NaN,NaN,NaN,NaN,NaN,NaN,NaN,NaN,NaN,NaN,NaN,NaN,NaN,NaN,NaN,NaN,NaN,NaN,NaN,NaN,NaN
2020-12-06 00:00:00,NaN,NaN,NaN,NaN,NaN,NaN,NaN,NaN,NaN,NaN,NaN,NaN,NaN,NaN,NaN,NaN,NaN,NaN,NaN,NaN,NaN,NaN,NaN,NaN,NaN,NaN,NaN,NaN,NaN
2020-12-07 00:00:00,NaN,NaN,NaN,NaN,NaN,NaN,NaN,NaN,NaN,NaN,NaN,NaN,NaN,NaN,NaN,NaN,NaN,NaN,NaN,NaN,NaN,NaN,NaN,NaN,NaN,NaN,NaN,NaN,NaN
2020-12-08 00:00:00,NaN,NaN,NaN,NaN,NaN,NaN,NaN,NaN,NaN,NaN,NaN,NaN,NaN,NaN,NaN,NaN,NaN,NaN,NaN,NaN,NaN,NaN,NaN,NaN,NaN,NaN,NaN,NaN,NaN
2020-12-09 00:00:00,NaN,NaN,NaN,NaN,NaN,NaN,NaN,NaN,NaN,NaN,NaN,NaN,NaN,NaN,NaN,NaN,NaN,NaN,NaN,NaN,NaN,NaN,NaN,NaN,NaN,NaN,NaN,NaN,NaN
2020-12-10 00:00:00,NaN,NaN,NaN,NaN,NaN,NaN,NaN,NaN,NaN,NaN,NaN,NaN,NaN,NaN,NaN,NaN,NaN,NaN,NaN,NaN,NaN,NaN,NaN,NaN,NaN,NaN,NaN,NaN,NaN
2020-12-11 00:00:00,NaN,NaN,NaN,NaN,NaN,NaN,NaN,NaN,NaN,NaN,NaN,NaN,NaN,NaN,NaN,NaN,NaN,NaN,NaN,NaN,NaN,NaN,NaN,NaN,NaN,NaN,NaN,NaN,NaN
2020-12-12 00:00:00,NaN,NaN,NaN,NaN,NaN,NaN,NaN,NaN,NaN,NaN,NaN,NaN,NaN,NaN,NaN,NaN,NaN,NaN,NaN,NaN,NaN,NaN,NaN,NaN,NaN,NaN,NaN,NaN,NaN
2020-12-13 00:00:00,NaN,NaN,NaN,NaN,NaN,NaN,NaN,NaN,NaN,NaN,NaN,NaN,NaN,NaN,NaN,NaN,NaN,NaN,NaN,NaN,NaN,NaN,NaN,NaN,NaN,NaN,NaN,NaN,NaN
2020-12-14 00:00:00,NaN,NaN,NaN,NaN,NaN,NaN,NaN,NaN,NaN,NaN,NaN,NaN,NaN,NaN,NaN,NaN,NaN,NaN,NaN,NaN,NaN,NaN,NaN,NaN,NaN,NaN,NaN,NaN,NaN
2020-12-15 00:00:00,NaN,NaN,NaN,NaN,NaN,NaN,NaN,NaN,NaN,NaN,NaN,NaN,NaN,NaN,NaN,NaN,NaN,NaN,NaN,NaN,NaN,NaN,NaN,NaN,NaN,NaN,NaN,NaN,NaN
2020-12-16 00:00:00,NaN,NaN,NaN,NaN,NaN,NaN,NaN,NaN,NaN,NaN,NaN,NaN,NaN,NaN,NaN,NaN,NaN,NaN,NaN,NaN,NaN,NaN,NaN,NaN,NaN,NaN,NaN,NaN,NaN
2020-12-17 00:00:00,NaN,NaN,NaN,NaN,NaN,NaN,NaN,NaN,NaN,NaN,NaN,NaN,NaN,NaN,NaN,NaN,NaN,NaN,NaN,NaN,NaN,NaN,NaN,NaN,NaN,NaN,NaN,NaN,NaN
2020-12-18 00:00:00,NaN,NaN,NaN,NaN,NaN,NaN,NaN,NaN,NaN,NaN,NaN,NaN,NaN,NaN,NaN,NaN,NaN,NaN,NaN,NaN,NaN,NaN,NaN,NaN,NaN,NaN,NaN,NaN,NaN
2020-12-19 00:00:00,NaN,NaN,NaN,NaN,NaN,NaN,NaN,NaN,NaN,NaN,NaN,NaN,NaN,NaN,NaN,NaN,NaN,NaN,NaN,NaN,NaN,NaN,NaN,NaN,NaN,NaN,NaN,NaN,NaN
2020-12-20 00:00:00,NaN,NaN,NaN,NaN,NaN,NaN,NaN,NaN,NaN,NaN,NaN,NaN,NaN,NaN,NaN,NaN,NaN,NaN,NaN,NaN,NaN,NaN,NaN,NaN,NaN,NaN,NaN,NaN,NaN
2020-12-21 00:00:00,NaN,NaN,NaN,NaN,NaN,NaN,NaN,NaN,NaN,NaN,NaN,NaN,NaN,NaN,NaN,NaN,NaN,NaN,NaN,NaN,NaN,NaN,NaN,NaN,NaN,NaN,NaN,NaN,NaN
2020-12-22 00:00:00,NaN,NaN,NaN,NaN,NaN,NaN,NaN,NaN,NaN,NaN,NaN,NaN,NaN,NaN,NaN,NaN,NaN,NaN,NaN,NaN,NaN,NaN,NaN,NaN,NaN,NaN,NaN,NaN,NaN
2020-12-23 00:00:00,NaN,NaN,NaN,NaN,NaN,NaN,NaN,NaN,NaN,NaN,NaN,NaN,NaN,NaN,NaN,NaN,NaN,NaN,NaN,NaN,NaN,NaN,NaN,NaN,NaN,NaN,NaN,NaN,NaN
2020-12-24 00:00:00,NaN,NaN,NaN,NaN,NaN,NaN,NaN,NaN,NaN,NaN,NaN,NaN,NaN,NaN,NaN,NaN,NaN,NaN,NaN,NaN,NaN,NaN,NaN,NaN,NaN,NaN,NaN,NaN,NaN
2020-12-25 00:00:00,NaN,NaN,NaN,NaN,NaN,NaN,NaN,NaN,NaN,NaN,NaN,NaN,NaN,NaN,NaN,NaN,NaN,NaN,NaN,NaN,NaN,NaN,NaN,NaN,NaN,NaN,NaN,NaN,NaN
2020-12-26 00:00:00,NaN,NaN,NaN,NaN,NaN,NaN,NaN,NaN,NaN,NaN,NaN,NaN,NaN,NaN,NaN,NaN,NaN,NaN,NaN,NaN,NaN,NaN,NaN,NaN,NaN,NaN,NaN,NaN,NaN
2020-12-27 00:00:00,NaN,NaN,NaN,NaN,NaN,NaN,NaN,NaN,NaN,NaN,NaN,NaN,NaN,NaN,NaN,NaN,NaN,NaN,NaN,NaN,NaN,NaN,NaN,NaN,NaN,NaN,NaN,NaN,NaN
2020-12-28 00:00:00,NaN,NaN,NaN,NaN,NaN,NaN,NaN,NaN,NaN,NaN,NaN,NaN,NaN,NaN,NaN,NaN,NaN,NaN,NaN,NaN,NaN,NaN,NaN,NaN,NaN,NaN,NaN,NaN,NaN
2020-12-29 00:00:00,NaN,NaN,NaN,NaN,NaN,NaN,NaN,NaN,NaN,NaN,NaN,NaN,NaN,NaN,NaN,NaN,NaN,NaN,NaN,NaN,NaN,NaN,NaN,NaN,NaN,NaN,NaN,NaN,NaN
2020-12-30 00:00:00,NaN,NaN,NaN,NaN,NaN,NaN,NaN,NaN,NaN,NaN,NaN,NaN,NaN,NaN,NaN,NaN,NaN,NaN,NaN,NaN,NaN,NaN,NaN,NaN,NaN,NaN,NaN,NaN,NaN
2020-12-31 00:00:00,NaN,NaN,NaN,NaN,NaN,NaN,NaN,NaN,NaN,NaN,NaN,NaN,NaN,NaN,NaN,NaN,NaN,NaN,NaN,NaN,NaN,NaN,NaN,NaN,NaN,NaN,NaN,NaN,NaN
2021-01-01 00:00:00,NaN,NaN,NaN,NaN,NaN,NaN,NaN,NaN,NaN,NaN,NaN,NaN,NaN,NaN,NaN,NaN,NaN,NaN,NaN,NaN,NaN,NaN,NaN,NaN,NaN,NaN,NaN,NaN,NaN
2021-01-02 00:00:00,NaN,NaN,NaN,NaN,NaN,NaN,NaN,NaN,NaN,NaN,NaN,NaN,NaN,NaN,NaN,NaN,NaN,NaN,NaN,NaN,NaN,NaN,NaN,NaN,NaN,NaN,NaN,NaN,NaN
2021-01-03 00:00:00,NaN,NaN,NaN,NaN,NaN,NaN,NaN,NaN,NaN,NaN,NaN,NaN,NaN,NaN,NaN,NaN,NaN,NaN,NaN,NaN,NaN,NaN,NaN,NaN,NaN,NaN,NaN,NaN,NaN
2021-01-04 00:00:00,NaN,NaN,NaN,NaN,NaN,NaN,NaN,NaN,NaN,NaN,NaN,NaN,NaN,NaN,NaN,NaN,NaN,NaN,NaN,NaN,NaN,NaN,NaN,NaN,NaN,NaN,NaN,NaN,NaN
2021-01-05 00:00:00,NaN,NaN,NaN,NaN,NaN,NaN,NaN,NaN,NaN,NaN,NaN,NaN,NaN,NaN,NaN,NaN,NaN,NaN,NaN,NaN,NaN,NaN,NaN,NaN,NaN,NaN,NaN,NaN,NaN
2021-01-06 00:00:00,NaN,NaN,NaN,NaN,NaN,NaN,NaN,NaN,NaN,NaN,NaN,NaN,NaN,NaN,NaN,NaN,NaN,NaN,NaN,NaN,NaN,NaN,NaN,NaN,NaN,NaN,NaN,NaN,NaN
2021-01-07 00:00:00,NaN,NaN,NaN,NaN,NaN,NaN,NaN,NaN,NaN,NaN,NaN,NaN,NaN,NaN,NaN,NaN,NaN,NaN,NaN,NaN,NaN,NaN,NaN,NaN,NaN,NaN,NaN,NaN,NaN
2021-01-08 00:00:00,NaN,NaN,NaN,NaN,NaN,NaN,NaN,NaN,NaN,NaN,NaN,NaN,NaN,NaN,NaN,NaN,NaN,NaN,NaN,NaN,NaN,NaN,NaN,NaN,NaN,NaN,NaN,NaN,NaN
2021-01-09 00:00:00,NaN,NaN,NaN,NaN,NaN,NaN,NaN,NaN,NaN,NaN,NaN,NaN,NaN,NaN,NaN,NaN,NaN,NaN,NaN,NaN,NaN,NaN,NaN,NaN,NaN,NaN,NaN,NaN,NaN
2021-01-10 00:00:00,NaN,NaN,NaN,NaN,NaN,NaN,NaN,NaN,NaN,NaN,NaN,NaN,NaN,NaN,NaN,NaN,NaN,NaN,NaN,NaN,NaN,NaN,NaN,NaN,NaN,NaN,NaN,NaN,NaN
2021-01-11 00:00:00,NaN,NaN,NaN,NaN,NaN,NaN,NaN,NaN,NaN,NaN,NaN,NaN,NaN,NaN,NaN,NaN,NaN,NaN,NaN,NaN,NaN,NaN,NaN,NaN,NaN,NaN,NaN,NaN,NaN
2021-01-12 00:00:00,NaN,NaN,NaN,NaN,NaN,NaN,NaN,NaN,NaN,NaN,NaN,NaN,NaN,NaN,NaN,NaN,NaN,NaN,NaN,NaN,NaN,NaN,NaN,NaN,NaN,NaN,NaN,NaN,NaN
2021-01-13 00:00:00,NaN,NaN,NaN,NaN,NaN,NaN,NaN,NaN,NaN,NaN,NaN,NaN,NaN,NaN,NaN,NaN,NaN,NaN,NaN,NaN,NaN,NaN,NaN,NaN,NaN,NaN,NaN,NaN,NaN
2021-01-14 00:00:00,NaN,NaN,NaN,NaN,NaN,NaN,NaN,NaN,NaN,NaN,NaN,NaN,NaN,NaN,NaN,NaN,NaN,NaN,NaN,NaN,NaN,NaN,NaN,NaN,NaN,NaN,NaN,NaN,NaN
2021-01-15 00:00:00,NaN,NaN,NaN,NaN,NaN,NaN,NaN,NaN,NaN,NaN,NaN,NaN,NaN,NaN,NaN,NaN,NaN,NaN,NaN,NaN,NaN,NaN,NaN,NaN,NaN,NaN,NaN,NaN,NaN
2021-01-16 00:00:00,NaN,NaN,NaN,NaN,NaN,NaN,NaN,NaN,NaN,NaN,NaN,NaN,NaN,NaN,NaN,NaN,NaN,NaN,NaN,NaN,NaN,NaN,NaN,NaN,NaN,NaN,NaN,NaN,NaN
2021-01-17 00:00:00,NaN,NaN,NaN,NaN,NaN,NaN,NaN,NaN,NaN,NaN,NaN,NaN,NaN,NaN,NaN,NaN,NaN,NaN,NaN,NaN,NaN,NaN,NaN,NaN,NaN,NaN,NaN,NaN,NaN
2021-01-18 00:00:00,NaN,NaN,NaN,NaN,NaN,NaN,NaN,NaN,NaN,NaN,NaN,NaN,NaN,NaN,NaN,NaN,NaN,NaN,NaN,NaN,NaN,NaN,NaN,NaN,NaN,NaN,NaN,NaN,NaN
2021-01-19 00:00:00,NaN,NaN,NaN,NaN,NaN,NaN,NaN,NaN,NaN,NaN,NaN,NaN,NaN,NaN,NaN,NaN,NaN,NaN,NaN,NaN,NaN,NaN,NaN,NaN,NaN,NaN,NaN,NaN,NaN
2021-01-20 00:00:00,NaN,NaN,NaN,NaN,NaN,NaN,NaN,NaN,NaN,NaN,NaN,NaN,NaN,NaN,NaN,NaN,NaN,NaN,NaN,NaN,NaN,NaN,NaN,NaN,NaN,NaN,NaN,NaN,NaN
2021-01-21 00:00:00,NaN,NaN,NaN,NaN,NaN,NaN,NaN,NaN,NaN,NaN,NaN,NaN,NaN,NaN,NaN,NaN,NaN,NaN,NaN,NaN,NaN,NaN,NaN,NaN,NaN,NaN,NaN,NaN,NaN
2021-01-22 00:00:00,NaN,NaN,NaN,NaN,NaN,NaN,NaN,NaN,NaN,NaN,NaN,NaN,NaN,NaN,NaN,NaN,NaN,NaN,NaN,NaN,NaN,NaN,NaN,NaN,NaN,NaN,NaN,NaN,NaN
2021-01-23 00:00:00,NaN,NaN,NaN,NaN,NaN,NaN,NaN,NaN,NaN,NaN,NaN,NaN,NaN,NaN,NaN,NaN,NaN,NaN,NaN,NaN,NaN,NaN,NaN,NaN,NaN,NaN,NaN,NaN,NaN
2021-01-24 00:00:00,NaN,NaN,NaN,NaN,NaN,NaN,NaN,NaN,NaN,NaN,NaN,NaN,NaN,NaN,NaN,NaN,NaN,NaN,NaN,NaN,NaN,NaN,NaN,NaN,NaN,NaN,NaN,NaN,NaN
2021-01-25 00:00:00,NaN,NaN,NaN,NaN,NaN,NaN,NaN,NaN,NaN,NaN,NaN,NaN,NaN,NaN,NaN,NaN,NaN,NaN,NaN,NaN,NaN,NaN,NaN,NaN,NaN,NaN,NaN,NaN,NaN
2021-01-26 00:00:00,NaN,NaN,NaN,NaN,NaN,NaN,NaN,NaN,NaN,NaN,NaN,NaN,NaN,NaN,NaN,NaN,NaN,NaN,NaN,NaN,NaN,NaN,NaN,NaN,NaN,NaN,NaN,NaN,NaN
2021-01-27 00:00:00,NaN,NaN,NaN,NaN,NaN,NaN,NaN,NaN,NaN,NaN,NaN,NaN,NaN,NaN,NaN,NaN,NaN,NaN,NaN,NaN,NaN,NaN,NaN,NaN,NaN,NaN,NaN,NaN,NaN
2021-01-28 00:00:00,NaN,NaN,NaN,NaN,NaN,NaN,NaN,NaN,NaN,NaN,NaN,NaN,NaN,NaN,NaN,NaN,NaN,NaN,NaN,NaN,NaN,NaN,NaN,NaN,NaN,NaN,NaN,NaN,NaN
2021-01-29 00:00:00,NaN,NaN,NaN,NaN,NaN,NaN,NaN,NaN,NaN,NaN,NaN,NaN,NaN,NaN,NaN,NaN,NaN,NaN,NaN,NaN,NaN,NaN,NaN,NaN,NaN,NaN,NaN,NaN,NaN
2021-01-30 00:00:00,NaN,NaN,NaN,NaN,NaN,NaN,NaN,NaN,NaN,NaN,NaN,NaN,NaN,NaN,NaN,NaN,NaN,NaN,NaN,NaN,NaN,NaN,NaN,NaN,NaN,NaN,NaN,NaN,NaN
2021-01-31 00:00:00,NaN,NaN,NaN,NaN,NaN,NaN,NaN,NaN,NaN,NaN,NaN,NaN,NaN,NaN,NaN,NaN,NaN,NaN,NaN,NaN,NaN,NaN,NaN,NaN,NaN,NaN,NaN,NaN,NaN
2021-02-01 00:00:00,NaN,NaN,NaN,NaN,NaN,NaN,NaN,NaN,NaN,NaN,NaN,NaN,NaN,NaN,NaN,NaN,NaN,NaN,NaN,NaN,NaN,NaN,NaN,NaN,NaN,NaN,NaN,NaN,NaN
2021-02-02 00:00:00,NaN,NaN,NaN,NaN,NaN,NaN,NaN,NaN,NaN,NaN,NaN,NaN,NaN,NaN,NaN,NaN,NaN,NaN,NaN,NaN,NaN,NaN,NaN,NaN,NaN,NaN,NaN,NaN,NaN
2021-02-03 00:00:00,NaN,NaN,NaN,NaN,NaN,NaN,NaN,NaN,NaN,NaN,NaN,NaN,NaN,NaN,NaN,NaN,NaN,NaN,NaN,NaN,NaN,NaN,NaN,NaN,NaN,NaN,NaN,NaN,NaN
2021-02-04 00:00:00,NaN,NaN,NaN,NaN,NaN,NaN,NaN,NaN,NaN,NaN,NaN,NaN,NaN,NaN,NaN,NaN,NaN,NaN,NaN,NaN,NaN,NaN,NaN,NaN,NaN,NaN,NaN,NaN,NaN
2021-02-05 00:00:00,NaN,NaN,NaN,NaN,NaN,NaN,NaN,NaN,NaN,NaN,NaN,NaN,NaN,NaN,NaN,NaN,NaN,NaN,NaN,NaN,NaN,NaN,NaN,NaN,NaN,NaN,NaN,NaN,NaN
2021-02-06 00:00:00,NaN,NaN,NaN,NaN,NaN,NaN,NaN,NaN,NaN,NaN,NaN,NaN,NaN,NaN,NaN,NaN,NaN,NaN,NaN,NaN,NaN,NaN,NaN,NaN,NaN,NaN,NaN,NaN,NaN
2021-02-07 00:00:00,NaN,NaN,NaN,NaN,NaN,NaN,NaN,NaN,NaN,NaN,NaN,NaN,NaN,NaN,NaN,NaN,NaN,NaN,NaN,NaN,NaN,NaN,NaN,NaN,NaN,NaN,NaN,NaN,NaN
2021-02-08 00:00:00,NaN,NaN,NaN,NaN,NaN,NaN,NaN,NaN,NaN,NaN,NaN,NaN,NaN,NaN,NaN,NaN,NaN,NaN,NaN,NaN,NaN,NaN,NaN,NaN,NaN,NaN,NaN,NaN,NaN
2021-02-09 00:00:00,NaN,NaN,NaN,NaN,NaN,NaN,NaN,NaN,NaN,NaN,NaN,NaN,NaN,NaN,NaN,NaN,NaN,NaN,NaN,NaN,NaN,NaN,NaN,NaN,NaN,NaN,NaN,NaN,NaN
2021-02-10 00:00:00,NaN,NaN,NaN,NaN,NaN,NaN,NaN,NaN,NaN,NaN,NaN,NaN,NaN,NaN,NaN,NaN,NaN,NaN,NaN,NaN,NaN,NaN,NaN,NaN,NaN,NaN,NaN,NaN,NaN
2021-02-11 00:00:00,NaN,NaN,NaN,NaN,NaN,NaN,NaN,NaN,NaN,NaN,NaN,NaN,NaN,NaN,NaN,NaN,NaN,NaN,NaN,NaN,NaN,NaN,NaN,NaN,NaN,NaN,NaN,NaN,NaN
2021-02-12 00:00:00,NaN,NaN,NaN,NaN,NaN,NaN,NaN,NaN,NaN,NaN,NaN,NaN,NaN,NaN,NaN,NaN,NaN,NaN,NaN,NaN,NaN,NaN,NaN,NaN,NaN,NaN,NaN,NaN,NaN
2021-02-13 00:00:00,NaN,NaN,NaN,NaN,NaN,NaN,NaN,NaN,NaN,NaN,NaN,NaN,NaN,NaN,NaN,NaN,NaN,NaN,NaN,NaN,NaN,NaN,NaN,NaN,NaN,NaN,NaN,NaN,NaN
2021-02-14 00:00:00,NaN,NaN,NaN,NaN,NaN,NaN,NaN,NaN,NaN,NaN,NaN,NaN,NaN,NaN,NaN,NaN,NaN,NaN,NaN,NaN,NaN,NaN,NaN,NaN,NaN,NaN,NaN,NaN,NaN
2021-02-15 00:00:00,NaN,NaN,NaN,NaN,NaN,NaN,NaN,NaN,NaN,NaN,NaN,NaN,NaN,NaN,NaN,NaN,NaN,NaN,NaN,NaN,NaN,NaN,NaN,NaN,NaN,NaN,NaN,NaN,NaN
2021-02-16 00:00:00,NaN,NaN,NaN,NaN,NaN,NaN,NaN,NaN,NaN,NaN,NaN,NaN,NaN,NaN,NaN,NaN,NaN,NaN,NaN,NaN,NaN,NaN,NaN,NaN,NaN,NaN,NaN,NaN,NaN
2021-02-17 00:00:00,NaN,NaN,NaN,NaN,NaN,NaN,NaN,NaN,NaN,NaN,NaN,NaN,NaN,NaN,NaN,NaN,NaN,NaN,NaN,NaN,NaN,NaN,NaN,NaN,NaN,NaN,NaN,NaN,NaN
2021-02-18 00:00:00,NaN,NaN,NaN,NaN,NaN,NaN,NaN,NaN,NaN,NaN,NaN,NaN,NaN,NaN,NaN,NaN,NaN,NaN,NaN,NaN,NaN,NaN,NaN,NaN,NaN,NaN,NaN,NaN,NaN
2021-02-19 00:00:00,NaN,NaN,NaN,NaN,NaN,NaN,NaN,NaN,NaN,NaN,NaN,NaN,NaN,NaN,NaN,NaN,NaN,NaN,NaN,NaN,NaN,NaN,NaN,NaN,NaN,NaN,NaN,NaN,NaN
2021-02-20 00:00:00,NaN,NaN,NaN,NaN,NaN,NaN,NaN,NaN,NaN,NaN,NaN,NaN,NaN,NaN,NaN,NaN,NaN,NaN,NaN,NaN,NaN,NaN,NaN,NaN,NaN,NaN,NaN,NaN,NaN
2021-02-21 00:00:00,NaN,NaN,NaN,NaN,NaN,NaN,NaN,NaN,NaN,NaN,NaN,NaN,NaN,NaN,NaN,NaN,NaN,NaN,NaN,NaN,NaN,NaN,NaN,NaN,NaN,NaN,NaN,NaN,NaN
2021-02-22 00:00:00,NaN,NaN,NaN,NaN,NaN,NaN,NaN,NaN,NaN,NaN,NaN,NaN,NaN,NaN,NaN,NaN,NaN,NaN,NaN,NaN,NaN,NaN,NaN,NaN,NaN,NaN,NaN,NaN,NaN
2021-02-23 00:00:00,NaN,NaN,NaN,NaN,NaN,NaN,NaN,NaN,NaN,NaN,NaN,NaN,NaN,NaN,NaN,NaN,NaN,NaN,NaN,NaN,NaN,NaN,NaN,NaN,NaN,NaN,NaN,NaN,NaN
2021-02-24 00:00:00,NaN,NaN,NaN,NaN,NaN,NaN,NaN,NaN,NaN,NaN,NaN,NaN,NaN,NaN,NaN,NaN,NaN,NaN,NaN,NaN,NaN,NaN,NaN,NaN,NaN,NaN,NaN,NaN,NaN
2021-02-25 00:00:00,NaN,NaN,NaN,NaN,NaN,NaN,NaN,NaN,NaN,NaN,NaN,NaN,NaN,NaN,NaN,NaN,NaN,NaN,NaN,NaN,NaN,NaN,NaN,NaN,NaN,NaN,NaN,NaN,NaN
2021-02-26 00:00:00,NaN,NaN,NaN,NaN,NaN,NaN,NaN,NaN,NaN,NaN,NaN,NaN,NaN,NaN,NaN,NaN,NaN,NaN,NaN,NaN,NaN,NaN,NaN,NaN,NaN,NaN,NaN,NaN,NaN
2021-02-27 00:00:00,NaN,NaN,NaN,NaN,NaN,NaN,NaN,NaN,NaN,NaN,NaN,NaN,NaN,NaN,NaN,NaN,NaN,NaN,NaN,NaN,NaN,NaN,NaN,NaN,NaN,NaN,NaN,NaN,NaN
2021-02-28 00:00:00,NaN,NaN,NaN,NaN,NaN,NaN,NaN,NaN,NaN,NaN,NaN,NaN,NaN,NaN,NaN,NaN,NaN,NaN,NaN,NaN,NaN,NaN,NaN,NaN,NaN,NaN,NaN,NaN,NaN
2021-03-01 00:00:00,NaN,NaN,NaN,NaN,NaN,NaN,NaN,NaN,NaN,NaN,NaN,NaN,NaN,NaN,NaN,NaN,NaN,NaN,NaN,NaN,NaN,NaN,NaN,NaN,NaN,NaN,NaN,NaN,NaN
2021-03-02 00:00:00,NaN,NaN,NaN,NaN,NaN,NaN,NaN,NaN,NaN,NaN,NaN,NaN,NaN,NaN,NaN,NaN,NaN,NaN,NaN,NaN,NaN,NaN,NaN,NaN,NaN,NaN,NaN,NaN,NaN
2021-03-03 00:00:00,NaN,NaN,NaN,NaN,NaN,NaN,NaN,NaN,NaN,NaN,NaN,NaN,NaN,NaN,NaN,NaN,NaN,NaN,NaN,NaN,NaN,NaN,NaN,NaN,NaN,NaN,NaN,NaN,NaN
2021-03-04 00:00:00,NaN,NaN,NaN,NaN,NaN,NaN,NaN,NaN,NaN,NaN,NaN,NaN,NaN,NaN,NaN,NaN,NaN,NaN,NaN,NaN,NaN,NaN,NaN,NaN,NaN,NaN,NaN,NaN,NaN
2021-03-05 00:00:00,NaN,NaN,NaN,NaN,NaN,NaN,NaN,NaN,NaN,NaN,NaN,NaN,NaN,NaN,NaN,NaN,NaN,NaN,NaN,NaN,NaN,NaN,NaN,NaN,NaN,NaN,NaN,NaN,NaN
2021-03-06 00:00:00,NaN,NaN,NaN,NaN,NaN,NaN,NaN,NaN,NaN,NaN,NaN,NaN,NaN,NaN,NaN,NaN,NaN,NaN,NaN,NaN,NaN,NaN,NaN,NaN,NaN,NaN,NaN,NaN,NaN
2021-03-07 00:00:00,NaN,NaN,NaN,NaN,NaN,NaN,NaN,NaN,NaN,NaN,NaN,NaN,NaN,NaN,NaN,NaN,NaN,NaN,NaN,NaN,NaN,NaN,NaN,NaN,NaN,NaN,NaN,NaN,NaN
2021-03-08 00:00:00,NaN,NaN,NaN,NaN,NaN,NaN,NaN,NaN,NaN,NaN,NaN,NaN,NaN,NaN,NaN,NaN,NaN,NaN,NaN,NaN,NaN,NaN,NaN,NaN,NaN,NaN,NaN,NaN,NaN
2021-03-09 00:00:00,NaN,NaN,NaN,NaN,NaN,NaN,NaN,NaN,NaN,NaN,NaN,NaN,NaN,NaN,NaN,NaN,NaN,NaN,NaN,NaN,NaN,NaN,NaN,NaN,NaN,NaN,NaN,NaN,NaN
2021-03-10 00:00:00,NaN,NaN,NaN,NaN,NaN,NaN,NaN,NaN,NaN,NaN,NaN,NaN,NaN,NaN,NaN,NaN,NaN,NaN,NaN,NaN,NaN,NaN,NaN,NaN,NaN,NaN,NaN,NaN,NaN
2021-03-11 00:00:00,NaN,NaN,NaN,NaN,NaN,NaN,NaN,NaN,NaN,NaN,NaN,NaN,NaN,NaN,NaN,NaN,NaN,NaN,NaN,NaN,NaN,NaN,NaN,NaN,NaN,NaN,NaN,NaN,NaN
2021-03-12 00:00:00,NaN,NaN,NaN,NaN,NaN,NaN,NaN,NaN,NaN,NaN,NaN,NaN,NaN,NaN,NaN,NaN,NaN,NaN,NaN,NaN,NaN,NaN,NaN,NaN,NaN,NaN,NaN,NaN,NaN
2021-03-13 00:00:00,NaN,NaN,NaN,NaN,NaN,NaN,NaN,NaN,NaN,NaN,NaN,NaN,NaN,NaN,NaN,NaN,NaN,NaN,NaN,NaN,NaN,NaN,NaN,NaN,NaN,NaN,NaN,NaN,NaN
2021-03-14 00:00:00,NaN,NaN,NaN,NaN,NaN,NaN,NaN,NaN,NaN,NaN,NaN,NaN,NaN,NaN,NaN,NaN,NaN,NaN,NaN,NaN,NaN,NaN,NaN,NaN,NaN,NaN,NaN,NaN,NaN
2021-03-15 00:00:00,NaN,NaN,NaN,NaN,NaN,NaN,NaN,NaN,NaN,NaN,NaN,NaN,NaN,NaN,NaN,NaN,NaN,NaN,NaN,NaN,NaN,NaN,NaN,NaN,NaN,NaN,NaN,NaN,NaN
2021-03-16 00:00:00,NaN,NaN,NaN,NaN,NaN,NaN,NaN,NaN,NaN,NaN,NaN,NaN,NaN,NaN,NaN,NaN,NaN,NaN,NaN,NaN,NaN,NaN,NaN,NaN,NaN,NaN,NaN,NaN,NaN
2021-03-17 00:00:00,NaN,NaN,NaN,NaN,NaN,NaN,NaN,NaN,NaN,NaN,NaN,NaN,NaN,NaN,NaN,NaN,NaN,NaN,NaN,NaN,NaN,NaN,NaN,NaN,NaN,NaN,NaN,NaN,NaN
2021-03-18 00:00:00,NaN,NaN,NaN,NaN,NaN,NaN,NaN,NaN,NaN,NaN,NaN,NaN,NaN,NaN,NaN,NaN,NaN,NaN,NaN,NaN,NaN,NaN,NaN,NaN,NaN,NaN,NaN,NaN,NaN
2021-03-19 00:00:00,NaN,NaN,NaN,NaN,NaN,NaN,NaN,NaN,NaN,NaN,NaN,NaN,NaN,NaN,NaN,NaN,NaN,NaN,NaN,NaN,NaN,NaN,NaN,NaN,NaN,NaN,NaN,NaN,NaN
2021-03-20 00:00:00,NaN,NaN,NaN,NaN,NaN,NaN,NaN,NaN,NaN,NaN,NaN,NaN,NaN,NaN,NaN,NaN,NaN,NaN,NaN,NaN,NaN,NaN,NaN,NaN,NaN,NaN,NaN,NaN,NaN
2021-03-21 00:00:00,NaN,NaN,NaN,NaN,NaN,NaN,NaN,NaN,NaN,NaN,NaN,NaN,NaN,NaN,NaN,NaN,NaN,NaN,NaN,NaN,NaN,NaN,NaN,NaN,NaN,NaN,NaN,NaN,NaN
2021-03-22 00:00:00,NaN,NaN,NaN,NaN,NaN,NaN,NaN,NaN,NaN,NaN,NaN,NaN,NaN,NaN,NaN,NaN,NaN,NaN,NaN,NaN,NaN,NaN,NaN,NaN,NaN,NaN,NaN,NaN,NaN
2021-03-23 00:00:00,NaN,NaN,NaN,NaN,NaN,NaN,NaN,NaN,NaN,NaN,NaN,NaN,NaN,NaN,NaN,NaN,NaN,NaN,NaN,NaN,NaN,NaN,NaN,NaN,NaN,NaN,NaN,NaN,NaN
2021-03-24 00:00:00,NaN,NaN,NaN,NaN,NaN,NaN,NaN,NaN,NaN,NaN,NaN,NaN,NaN,NaN,NaN,NaN,NaN,NaN,NaN,NaN,NaN,NaN,NaN,NaN,NaN,NaN,NaN,NaN,NaN
2021-03-25 00:00:00,NaN,NaN,NaN,NaN,NaN,NaN,NaN,NaN,NaN,NaN,NaN,NaN,NaN,NaN,NaN,NaN,NaN,NaN,NaN,NaN,NaN,NaN,NaN,NaN,NaN,NaN,NaN,NaN,NaN
2021-03-26 00:00:00,NaN,NaN,NaN,NaN,NaN,NaN,NaN,NaN,NaN,NaN,NaN,NaN,NaN,NaN,NaN,NaN,NaN,NaN,NaN,NaN,NaN,NaN,NaN,NaN,NaN,NaN,NaN,NaN,NaN
2021-03-27 00:00:00,NaN,NaN,NaN,NaN,NaN,NaN,NaN,NaN,NaN,NaN,NaN,NaN,NaN,NaN,NaN,NaN,NaN,NaN,NaN,NaN,NaN,NaN,NaN,NaN,NaN,NaN,NaN,NaN,NaN
2021-03-28 00:00:00,NaN,NaN,NaN,NaN,NaN,NaN,NaN,NaN,NaN,NaN,NaN,NaN,NaN,NaN,NaN,NaN,NaN,NaN,NaN,NaN,NaN,NaN,NaN,NaN,NaN,NaN,NaN,NaN,NaN
2021-03-29 00:00:00,NaN,NaN,NaN,NaN,NaN,NaN,NaN,NaN,NaN,NaN,NaN,NaN,NaN,NaN,NaN,NaN,NaN,NaN,NaN,NaN,NaN,NaN,NaN,NaN,NaN,NaN,NaN,NaN,NaN
2021-03-30 00:00:00,NaN,NaN,NaN,NaN,NaN,NaN,NaN,NaN,NaN,NaN,NaN,NaN,NaN,NaN,NaN,NaN,NaN,NaN,NaN,NaN,NaN,NaN,NaN,NaN,NaN,NaN,NaN,NaN,NaN
2021-03-31 00:00:00,NaN,NaN,NaN,NaN,NaN,NaN,NaN,NaN,NaN,NaN,NaN,NaN,NaN,NaN,NaN,NaN,NaN,NaN,NaN,NaN,NaN,NaN,NaN,NaN,NaN,NaN,NaN,NaN,NaN
2021-04-01 00:00:00,NaN,NaN,NaN,NaN,NaN,NaN,NaN,NaN,NaN,NaN,NaN,NaN,NaN,NaN,NaN,NaN,NaN,NaN,NaN,NaN,NaN,NaN,NaN,NaN,NaN,NaN,NaN,NaN,NaN
2021-04-02 00:00:00,NaN,NaN,NaN,NaN,NaN,NaN,NaN,NaN,NaN,NaN,NaN,NaN,NaN,NaN,NaN,NaN,NaN,NaN,NaN,NaN,NaN,NaN,NaN,NaN,NaN,NaN,NaN,NaN,NaN
2021-04-03 00:00:00,NaN,NaN,NaN,NaN,NaN,NaN,NaN,NaN,NaN,NaN,NaN,NaN,NaN,NaN,NaN,NaN,NaN,NaN,NaN,NaN,NaN,NaN,NaN,NaN,NaN,NaN,NaN,NaN,NaN
2021-04-04 00:00:00,NaN,NaN,NaN,NaN,NaN,NaN,NaN,NaN,NaN,NaN,NaN,NaN,NaN,NaN,NaN,NaN,NaN,NaN,NaN,NaN,NaN,NaN,NaN,NaN,NaN,NaN,NaN,NaN,NaN
2021-04-05 00:00:00,NaN,NaN,NaN,NaN,NaN,NaN,NaN,NaN,NaN,NaN,NaN,NaN,NaN,NaN,NaN,NaN,NaN,NaN,NaN,NaN,NaN,NaN,NaN,NaN,NaN,NaN,NaN,NaN,NaN
2021-04-06 00:00:00,NaN,NaN,NaN,NaN,NaN,NaN,NaN,NaN,NaN,NaN,NaN,NaN,NaN,NaN,NaN,NaN,NaN,NaN,NaN,NaN,NaN,NaN,NaN,NaN,NaN,NaN,NaN,NaN,NaN
2021-04-07 00:00:00,NaN,NaN,NaN,NaN,NaN,NaN,NaN,NaN,NaN,NaN,NaN,NaN,NaN,NaN,NaN,NaN,NaN,NaN,NaN,NaN,NaN,NaN,NaN,NaN,NaN,NaN,NaN,NaN,NaN
2021-04-08 00:00:00,NaN,NaN,NaN,NaN,NaN,NaN,NaN,NaN,NaN,NaN,NaN,NaN,NaN,NaN,NaN,NaN,NaN,NaN,NaN,NaN,NaN,NaN,NaN,NaN,NaN,NaN,NaN,NaN,NaN
2021-04-09 00:00:00,NaN,NaN,NaN,NaN,NaN,NaN,NaN,NaN,NaN,NaN,NaN,NaN,NaN,NaN,NaN,NaN,NaN,NaN,NaN,NaN,NaN,NaN,NaN,NaN,NaN,NaN,NaN,NaN,NaN
2021-04-10 00:00:00,NaN,NaN,NaN,NaN,NaN,NaN,NaN,NaN,NaN,NaN,NaN,NaN,NaN,NaN,NaN,NaN,NaN,NaN,NaN,NaN,NaN,NaN,NaN,NaN,NaN,NaN,NaN,NaN,NaN
2021-04-11 00:00:00,NaN,NaN,NaN,NaN,NaN,NaN,NaN,NaN,NaN,NaN,NaN,NaN,NaN,NaN,NaN,NaN,NaN,NaN,NaN,NaN,NaN,NaN,NaN,NaN,NaN,NaN,NaN,NaN,NaN
2021-04-12 00:00:00,NaN,NaN,NaN,NaN,NaN,NaN,NaN,NaN,NaN,NaN,NaN,NaN,NaN,NaN,NaN,NaN,NaN,NaN,NaN,NaN,NaN,NaN,NaN,NaN,NaN,NaN,NaN,NaN,NaN
2021-04-13 00:00:00,NaN,NaN,NaN,NaN,NaN,NaN,NaN,NaN,NaN,NaN,NaN,NaN,NaN,NaN,NaN,NaN,NaN,NaN,NaN,NaN,NaN,NaN,NaN,NaN,NaN,NaN,NaN,NaN,NaN
2021-04-14 00:00:00,NaN,NaN,NaN,NaN,NaN,NaN,NaN,NaN,NaN,NaN,NaN,NaN,NaN,NaN,NaN,NaN,NaN,NaN,NaN,NaN,NaN,NaN,NaN,NaN,NaN,NaN,NaN,NaN,NaN
2021-04-15 00:00:00,NaN,NaN,NaN,NaN,NaN,NaN,NaN,NaN,NaN,NaN,NaN,NaN,NaN,NaN,NaN,NaN,NaN,NaN,NaN,NaN,NaN,NaN,NaN,NaN,NaN,NaN,NaN,NaN,NaN
2021-04-16 00:00:00,NaN,NaN,NaN,NaN,NaN,NaN,NaN,NaN,NaN,NaN,NaN,NaN,NaN,NaN,NaN,NaN,NaN,NaN,NaN,NaN,NaN,NaN,NaN,NaN,NaN,NaN,NaN,NaN,NaN
2021-04-17 00:00:00,NaN,NaN,NaN,NaN,NaN,NaN,NaN,NaN,NaN,NaN,NaN,NaN,NaN,NaN,NaN,NaN,NaN,NaN,NaN,NaN,NaN,NaN,NaN,NaN,NaN,NaN,NaN,NaN,NaN
2021-04-18 00:00:00,NaN,NaN,NaN,NaN,NaN,NaN,NaN,NaN,NaN,NaN,NaN,NaN,NaN,NaN,NaN,NaN,NaN,NaN,NaN,NaN,NaN,NaN,NaN,NaN,NaN,NaN,NaN,NaN,NaN
2021-04-19 00:00:00,NaN,NaN,NaN,NaN,NaN,NaN,NaN,NaN,NaN,NaN,NaN,NaN,NaN,NaN,NaN,NaN,NaN,NaN,NaN,NaN,NaN,NaN,NaN,NaN,NaN,NaN,NaN,NaN,NaN
2021-04-20 00:00:00,NaN,NaN,NaN,NaN,NaN,NaN,NaN,NaN,NaN,NaN,NaN,NaN,NaN,NaN,NaN,NaN,NaN,NaN,NaN,NaN,NaN,NaN,NaN,NaN,NaN,NaN,NaN,NaN,NaN
2021-04-21 00:00:00,NaN,NaN,NaN,NaN,NaN,NaN,NaN,NaN,NaN,NaN,NaN,NaN,NaN,NaN,NaN,NaN,NaN,NaN,NaN,NaN,NaN,NaN,NaN,NaN,NaN,NaN,NaN,NaN,NaN
2021-04-22 00:00:00,NaN,NaN,NaN,NaN,NaN,NaN,NaN,NaN,NaN,NaN,NaN,NaN,NaN,NaN,NaN,NaN,NaN,NaN,NaN,NaN,NaN,NaN,NaN,NaN,NaN,NaN,NaN,NaN,NaN
2021-04-23 00:00:00,NaN,NaN,NaN,NaN,NaN,NaN,NaN,NaN,NaN,NaN,NaN,NaN,NaN,NaN,NaN,NaN,NaN,NaN,NaN,NaN,NaN,NaN,NaN,NaN,NaN,NaN,NaN,NaN,NaN
2021-04-24 00:00:00,NaN,NaN,NaN,NaN,NaN,NaN,NaN,NaN,NaN,NaN,NaN,NaN,NaN,NaN,NaN,NaN,NaN,NaN,NaN,NaN,NaN,NaN,NaN,NaN,NaN,NaN,NaN,NaN,NaN
2021-04-25 00:00:00,NaN,NaN,NaN,NaN,NaN,NaN,NaN,NaN,NaN,NaN,NaN,NaN,NaN,NaN,NaN,NaN,NaN,NaN,NaN,NaN,NaN,NaN,NaN,NaN,NaN,NaN,NaN,NaN,NaN
2021-04-26 00:00:00,NaN,NaN,NaN,NaN,NaN,NaN,NaN,NaN,NaN,NaN,NaN,NaN,NaN,NaN,NaN,NaN,NaN,NaN,NaN,NaN,NaN,NaN,NaN,NaN,NaN,NaN,NaN,NaN,NaN
2021-04-27 00:00:00,NaN,NaN,NaN,NaN,NaN,NaN,NaN,NaN,NaN,NaN,NaN,NaN,NaN,NaN,NaN,NaN,NaN,NaN,NaN,NaN,NaN,NaN,NaN,NaN,NaN,NaN,NaN,NaN,NaN
2021-04-28 00:00:00,NaN,NaN,NaN,NaN,NaN,NaN,NaN,NaN,NaN,NaN,NaN,NaN,NaN,NaN,NaN,NaN,NaN,NaN,NaN,NaN,NaN,NaN,NaN,NaN,NaN,NaN,NaN,NaN,NaN
2021-04-29 00:00:00,NaN,NaN,NaN,NaN,NaN,NaN,NaN,NaN,NaN,NaN,NaN,NaN,NaN,NaN,NaN,NaN,NaN,NaN,NaN,NaN,NaN,NaN,NaN,NaN,NaN,NaN,NaN,NaN,NaN
2021-04-30 00:00:00,NaN,NaN,NaN,NaN,NaN,NaN,NaN,NaN,NaN,NaN,NaN,NaN,NaN,NaN,NaN,NaN,NaN,NaN,NaN,NaN,NaN,NaN,NaN,NaN,NaN,NaN,NaN,NaN,NaN
2021-05-01 00:00:00,NaN,NaN,NaN,NaN,NaN,NaN,NaN,NaN,NaN,NaN,NaN,NaN,NaN,NaN,NaN,NaN,NaN,NaN,NaN,NaN,NaN,NaN,NaN,NaN,NaN,NaN,NaN,NaN,NaN
2021-05-02 00:00:00,NaN,NaN,NaN,NaN,NaN,NaN,NaN,NaN,NaN,NaN,NaN,NaN,NaN,NaN,NaN,NaN,NaN,NaN,NaN,NaN,NaN,NaN,NaN,NaN,NaN,NaN,NaN,NaN,NaN
2021-05-03 00:00:00,NaN,NaN,NaN,NaN,NaN,NaN,NaN,NaN,NaN,NaN,NaN,NaN,NaN,NaN,NaN,NaN,NaN,NaN,NaN,NaN,NaN,NaN,NaN,NaN,NaN,NaN,NaN,NaN,NaN
2021-05-04 00:00:00,NaN,NaN,NaN,NaN,NaN,NaN,NaN,NaN,NaN,NaN,NaN,NaN,NaN,NaN,NaN,NaN,NaN,NaN,NaN,NaN,NaN,NaN,NaN,NaN,NaN,NaN,NaN,NaN,NaN
2021-05-05 00:00:00,NaN,NaN,NaN,NaN,NaN,NaN,NaN,NaN,NaN,NaN,NaN,NaN,NaN,NaN,NaN,NaN,NaN,NaN,NaN,NaN,NaN,NaN,NaN,NaN,NaN,NaN,NaN,NaN,NaN
2021-05-06 00:00:00,NaN,NaN,NaN,NaN,NaN,NaN,NaN,NaN,NaN,NaN,NaN,NaN,NaN,NaN,NaN,NaN,NaN,NaN,NaN,NaN,NaN,NaN,NaN,NaN,NaN,NaN,NaN,NaN,NaN
2021-05-07 00:00:00,NaN,NaN,NaN,NaN,NaN,NaN,NaN,NaN,NaN,NaN,NaN,NaN,NaN,NaN,NaN,NaN,NaN,NaN,NaN,NaN,NaN,NaN,NaN,NaN,NaN,NaN,NaN,NaN,NaN
2021-05-08 00:00:00,NaN,NaN,NaN,NaN,NaN,NaN,NaN,NaN,NaN,NaN,NaN,NaN,NaN,NaN,NaN,NaN,NaN,NaN,NaN,NaN,NaN,NaN,NaN,NaN,NaN,NaN,NaN,NaN,NaN
2021-05-09 00:00:00,NaN,NaN,NaN,NaN,NaN,NaN,NaN,NaN,NaN,NaN,NaN,NaN,NaN,NaN,NaN,NaN,NaN,NaN,NaN,NaN,NaN,NaN,NaN,NaN,NaN,NaN,NaN,NaN,NaN
2021-05-10 00:00:00,NaN,NaN,NaN,NaN,NaN,NaN,NaN,NaN,NaN,NaN,NaN,NaN,NaN,NaN,NaN,NaN,NaN,NaN,NaN,NaN,NaN,NaN,NaN,NaN,NaN,NaN,NaN,NaN,NaN
2021-05-11 00:00:00,NaN,NaN,NaN,NaN,NaN,NaN,NaN,NaN,NaN,NaN,NaN,NaN,NaN,NaN,NaN,NaN,NaN,NaN,NaN,NaN,NaN,NaN,NaN,NaN,NaN,NaN,NaN,NaN,NaN
2021-05-12 00:00:00,NaN,NaN,NaN,NaN,NaN,NaN,NaN,NaN,NaN,NaN,NaN,NaN,NaN,NaN,NaN,NaN,NaN,NaN,NaN,NaN,NaN,NaN,NaN,NaN,NaN,NaN,NaN,NaN,NaN
2021-05-13 00:00:00,NaN,NaN,NaN,NaN,NaN,NaN,NaN,NaN,NaN,NaN,NaN,NaN,NaN,NaN,NaN,NaN,NaN,NaN,NaN,NaN,NaN,NaN,NaN,NaN,NaN,NaN,NaN,NaN,NaN
2021-05-14 00:00:00,NaN,NaN,NaN,NaN,NaN,NaN,NaN,NaN,NaN,NaN,NaN,NaN,NaN,NaN,NaN,NaN,NaN,NaN,NaN,NaN,NaN,NaN,NaN,NaN,NaN,NaN,NaN,NaN,NaN
2021-05-15 00:00:00,NaN,NaN,NaN,NaN,NaN,NaN,NaN,NaN,NaN,NaN,NaN,NaN,NaN,NaN,NaN,NaN,NaN,NaN,NaN,NaN,NaN,NaN,NaN,NaN,NaN,NaN,NaN,NaN,NaN
2021-05-16 00:00:00,NaN,NaN,NaN,NaN,NaN,NaN,NaN,NaN,NaN,NaN,NaN,NaN,NaN,NaN,NaN,NaN,NaN,NaN,NaN,NaN,NaN,NaN,NaN,NaN,NaN,NaN,NaN,NaN,NaN
2021-05-17 00:00:00,NaN,NaN,NaN,NaN,NaN,NaN,NaN,NaN,NaN,NaN,NaN,NaN,NaN,NaN,NaN,NaN,NaN,NaN,NaN,NaN,NaN,NaN,NaN,NaN,NaN,NaN,NaN,NaN,NaN
2021-05-18 00:00:00,NaN,NaN,NaN,NaN,NaN,NaN,NaN,NaN,NaN,NaN,NaN,NaN,NaN,NaN,NaN,NaN,NaN,NaN,NaN,NaN,NaN,NaN,NaN,NaN,NaN,NaN,NaN,NaN,NaN
2021-05-19 00:00:00,NaN,NaN,NaN,NaN,NaN,NaN,NaN,NaN,NaN,NaN,NaN,NaN,NaN,NaN,NaN,NaN,NaN,NaN,NaN,NaN,NaN,NaN,NaN,NaN,NaN,NaN,NaN,NaN,NaN
2021-05-20 00:00:00,NaN,NaN,NaN,NaN,NaN,NaN,NaN,NaN,NaN,NaN,NaN,NaN,NaN,NaN,NaN,NaN,NaN,NaN,NaN,NaN,NaN,NaN,NaN,NaN,NaN,NaN,NaN,NaN,NaN
2021-05-21 00:00:00,NaN,NaN,NaN,NaN,NaN,NaN,NaN,NaN,NaN,NaN,NaN,NaN,NaN,NaN,NaN,NaN,NaN,NaN,NaN,NaN,NaN,NaN,NaN,NaN,NaN,NaN,NaN,NaN,NaN
2021-05-22 00:00:00,NaN,NaN,NaN,NaN,NaN,NaN,NaN,NaN,NaN,NaN,NaN,NaN,NaN,NaN,NaN,NaN,NaN,NaN,NaN,NaN,NaN,NaN,NaN,NaN,NaN,NaN,NaN,NaN,NaN
2021-05-23 00:00:00,NaN,NaN,NaN,NaN,NaN,NaN,NaN,NaN,NaN,NaN,NaN,NaN,NaN,NaN,NaN,NaN,NaN,NaN,NaN,NaN,NaN,NaN,NaN,NaN,NaN,NaN,NaN,NaN,NaN
2021-05-24 00:00:00,NaN,NaN,NaN,NaN,NaN,NaN,NaN,NaN,NaN,NaN,NaN,NaN,NaN,NaN,NaN,NaN,NaN,NaN,NaN,NaN,NaN,NaN,NaN,NaN,NaN,NaN,NaN,NaN,NaN
2021-05-25 00:00:00,NaN,NaN,NaN,NaN,NaN,NaN,NaN,NaN,NaN,NaN,NaN,NaN,NaN,NaN,NaN,NaN,NaN,NaN,NaN,NaN,NaN,NaN,NaN,NaN,NaN,NaN,NaN,NaN,NaN
2021-05-26 00:00:00,NaN,NaN,NaN,NaN,NaN,NaN,NaN,NaN,NaN,NaN,NaN,NaN,NaN,NaN,NaN,NaN,NaN,NaN,NaN,NaN,NaN,NaN,NaN,NaN,NaN,NaN,NaN,NaN,NaN
2021-05-27 00:00:00,NaN,NaN,NaN,NaN,NaN,NaN,NaN,NaN,NaN,NaN,NaN,NaN,NaN,NaN,NaN,NaN,NaN,NaN,NaN,NaN,NaN,NaN,NaN,NaN,NaN,NaN,NaN,NaN,NaN
2021-05-28 00:00:00,NaN,NaN,NaN,NaN,NaN,NaN,NaN,NaN,NaN,NaN,NaN,NaN,NaN,NaN,NaN,NaN,NaN,NaN,NaN,NaN,NaN,NaN,NaN,NaN,NaN,NaN,NaN,NaN,NaN
2021-05-29 00:00:00,NaN,NaN,NaN,NaN,NaN,NaN,NaN,NaN,NaN,NaN,NaN,NaN,NaN,NaN,NaN,NaN,NaN,NaN,NaN,NaN,NaN,NaN,NaN,NaN,NaN,NaN,NaN,NaN,NaN
2021-05-30 00:00:00,NaN,NaN,NaN,NaN,NaN,NaN,NaN,NaN,NaN,NaN,NaN,NaN,NaN,NaN,NaN,NaN,NaN,NaN,NaN,NaN,NaN,NaN,NaN,NaN,NaN,NaN,NaN,NaN,NaN
2021-05-31 00:00:00,NaN,NaN,NaN,NaN,NaN,NaN,NaN,NaN,NaN,NaN,NaN,NaN,NaN,NaN,NaN,NaN,NaN,NaN,NaN,NaN,NaN,NaN,NaN,NaN,NaN,NaN,NaN,NaN,NaN
2021-06-01 00:00:00,NaN,NaN,NaN,NaN,NaN,NaN,NaN,NaN,NaN,NaN,NaN,NaN,NaN,NaN,NaN,NaN,NaN,NaN,NaN,NaN,NaN,NaN,NaN,NaN,NaN,NaN,NaN,NaN,NaN
2021-06-02 00:00:00,NaN,NaN,NaN,NaN,NaN,NaN,NaN,NaN,NaN,NaN,NaN,NaN,NaN,NaN,NaN,NaN,NaN,NaN,NaN,NaN,NaN,NaN,NaN,NaN,NaN,NaN,NaN,NaN,NaN
2021-06-03 00:00:00,NaN,NaN,NaN,NaN,NaN,NaN,NaN,NaN,NaN,NaN,NaN,NaN,NaN,NaN,NaN,NaN,NaN,NaN,NaN,NaN,NaN,NaN,NaN,NaN,NaN,NaN,NaN,NaN,NaN
2021-06-04 00:00:00,NaN,NaN,NaN,NaN,NaN,NaN,NaN,NaN,NaN,NaN,NaN,NaN,NaN,NaN,NaN,NaN,NaN,NaN,NaN,NaN,NaN,NaN,NaN,NaN,NaN,NaN,NaN,NaN,NaN
2021-06-05 00:00:00,NaN,NaN,NaN,NaN,NaN,NaN,NaN,NaN,NaN,NaN,NaN,NaN,NaN,NaN,NaN,NaN,NaN,NaN,NaN,NaN,NaN,NaN,NaN,NaN,NaN,NaN,NaN,NaN,NaN
2021-06-06 00:00:00,NaN,NaN,NaN,NaN,NaN,NaN,NaN,NaN,NaN,NaN,NaN,NaN,NaN,NaN,NaN,NaN,NaN,NaN,NaN,NaN,NaN,NaN,NaN,NaN,NaN,NaN,NaN,NaN,NaN
2021-06-07 00:00:00,NaN,NaN,NaN,NaN,NaN,NaN,NaN,NaN,NaN,NaN,NaN,NaN,NaN,NaN,NaN,NaN,NaN,NaN,NaN,NaN,NaN,NaN,NaN,NaN,NaN,NaN,NaN,NaN,NaN
2021-06-08 00:00:00,NaN,NaN,NaN,NaN,NaN,NaN,NaN,NaN,NaN,NaN,NaN,NaN,NaN,NaN,NaN,NaN,NaN,NaN,NaN,NaN,NaN,NaN,NaN,NaN,NaN,NaN,NaN,NaN,NaN
2021-06-09 00:00:00,NaN,NaN,NaN,NaN,NaN,NaN,NaN,NaN,NaN,NaN,NaN,NaN,NaN,NaN,NaN,NaN,NaN,NaN,NaN,NaN,NaN,NaN,NaN,NaN,NaN,NaN,NaN,NaN,NaN
2021-06-10 00:00:00,NaN,NaN,NaN,NaN,NaN,NaN,NaN,NaN,NaN,NaN,NaN,NaN,NaN,NaN,NaN,NaN,NaN,NaN,NaN,NaN,NaN,NaN,NaN,NaN,NaN,NaN,NaN,NaN,NaN
2021-06-11 00:00:00,NaN,NaN,NaN,NaN,NaN,NaN,NaN,NaN,NaN,NaN,NaN,NaN,NaN,NaN,NaN,NaN,NaN,NaN,NaN,NaN,NaN,NaN,NaN,NaN,NaN,NaN,NaN,NaN,NaN
2021-06-12 00:00:00,NaN,NaN,NaN,NaN,NaN,NaN,NaN,NaN,NaN,NaN,NaN,NaN,NaN,NaN,NaN,NaN,NaN,NaN,NaN,NaN,NaN,NaN,NaN,NaN,NaN,NaN,NaN,NaN,NaN
2021-06-13 00:00:00,NaN,NaN,NaN,NaN,NaN,NaN,NaN,NaN,NaN,NaN,NaN,NaN,NaN,NaN,NaN,NaN,NaN,NaN,NaN,NaN,NaN,NaN,NaN,NaN,NaN,NaN,NaN,NaN,NaN
2021-06-14 00:00:00,NaN,NaN,NaN,NaN,NaN,NaN,NaN,NaN,NaN,NaN,NaN,NaN,NaN,NaN,NaN,NaN,NaN,NaN,NaN,NaN,NaN,NaN,NaN,NaN,NaN,NaN,NaN,NaN,NaN
2021-06-15 00:00:00,NaN,NaN,NaN,NaN,NaN,NaN,NaN,NaN,NaN,NaN,NaN,NaN,NaN,NaN,NaN,NaN,NaN,NaN,NaN,NaN,NaN,NaN,NaN,NaN,NaN,NaN,NaN,NaN,NaN
2021-06-16 00:00:00,NaN,NaN,NaN,NaN,NaN,NaN,NaN,NaN,NaN,NaN,NaN,NaN,NaN,NaN,NaN,NaN,NaN,NaN,NaN,NaN,NaN,NaN,NaN,NaN,NaN,NaN,NaN,NaN,NaN
2021-06-17 00:00:00,NaN,NaN,NaN,NaN,NaN,NaN,NaN,NaN,NaN,NaN,NaN,NaN,NaN,NaN,NaN,NaN,NaN,NaN,NaN,NaN,NaN,NaN,NaN,NaN,NaN,NaN,NaN,NaN,NaN
2021-06-18 00:00:00,NaN,NaN,NaN,NaN,NaN,NaN,NaN,NaN,NaN,NaN,NaN,NaN,NaN,NaN,NaN,NaN,NaN,NaN,NaN,NaN,NaN,NaN,NaN,NaN,NaN,NaN,NaN,NaN,NaN
2021-06-19 00:00:00,NaN,NaN,NaN,NaN,NaN,NaN,NaN,NaN,NaN,NaN,NaN,NaN,NaN,NaN,NaN,NaN,NaN,NaN,NaN,NaN,NaN,NaN,NaN,NaN,NaN,NaN,NaN,NaN,NaN
2021-06-20 00:00:00,NaN,NaN,NaN,NaN,NaN,NaN,NaN,NaN,NaN,NaN,NaN,NaN,NaN,NaN,NaN,NaN,NaN,NaN,NaN,NaN,NaN,NaN,NaN,NaN,NaN,NaN,NaN,NaN,NaN
2021-06-21 00:00:00,NaN,NaN,NaN,NaN,NaN,NaN,NaN,NaN,NaN,NaN,NaN,NaN,NaN,NaN,NaN,NaN,NaN,NaN,NaN,NaN,NaN,NaN,NaN,NaN,NaN,NaN,NaN,NaN,NaN
2021-06-22 00:00:00,NaN,NaN,NaN,NaN,NaN,NaN,NaN,NaN,NaN,NaN,NaN,NaN,NaN,NaN,NaN,NaN,NaN,NaN,NaN,NaN,NaN,NaN,NaN,NaN,NaN,NaN,NaN,NaN,NaN
2021-06-23 00:00:00,NaN,NaN,NaN,NaN,NaN,NaN,NaN,NaN,NaN,NaN,NaN,NaN,NaN,NaN,NaN,NaN,NaN,NaN,NaN,NaN,NaN,NaN,NaN,NaN,NaN,NaN,NaN,NaN,NaN
2021-06-24 00:00:00,NaN,NaN,NaN,NaN,NaN,NaN,NaN,NaN,NaN,NaN,NaN,NaN,NaN,NaN,NaN,NaN,NaN,NaN,NaN,NaN,NaN,NaN,NaN,NaN,NaN,NaN,NaN,NaN,NaN
2021-06-25 00:00:00,NaN,NaN,NaN,NaN,NaN,NaN,NaN,NaN,NaN,NaN,NaN,NaN,NaN,NaN,NaN,NaN,NaN,NaN,NaN,NaN,NaN,NaN,NaN,NaN,NaN,NaN,NaN,NaN,NaN
2021-06-26 00:00:00,NaN,NaN,NaN,NaN,NaN,NaN,NaN,NaN,NaN,NaN,NaN,NaN,NaN,NaN,NaN,NaN,NaN,NaN,NaN,NaN,NaN,NaN,NaN,NaN,NaN,NaN,NaN,NaN,NaN
2021-06-27 00:00:00,NaN,NaN,NaN,NaN,NaN,NaN,NaN,NaN,NaN,NaN,NaN,NaN,NaN,NaN,NaN,NaN,NaN,NaN,NaN,NaN,NaN,NaN,NaN,NaN,NaN,NaN,NaN,NaN,NaN
2021-06-28 00:00:00,NaN,NaN,NaN,NaN,NaN,NaN,NaN,NaN,NaN,NaN,NaN,NaN,NaN,NaN,NaN,NaN,NaN,NaN,NaN,NaN,NaN,NaN,NaN,NaN,NaN,NaN,NaN,NaN,NaN
2021-06-29 00:00:00,NaN,NaN,NaN,NaN,NaN,NaN,NaN,NaN,NaN,NaN,NaN,NaN,NaN,NaN,NaN,NaN,NaN,NaN,NaN,NaN,NaN,NaN,NaN,NaN,NaN,NaN,NaN,NaN,NaN
2021-06-30 00:00:00,NaN,NaN,NaN,NaN,NaN,NaN,NaN,NaN,NaN,NaN,NaN,NaN,NaN,NaN,NaN,NaN,NaN,NaN,NaN,NaN,NaN,NaN,NaN,NaN,NaN,NaN,NaN,NaN,NaN
2021-07-01 00:00:00,NaN,NaN,NaN,NaN,NaN,NaN,NaN,NaN,NaN,NaN,NaN,NaN,NaN,NaN,NaN,NaN,NaN,NaN,NaN,NaN,NaN,NaN,NaN,NaN,NaN,NaN,NaN,NaN,NaN
2021-10-01 00:00:00,NaN,NaN,NaN,NaN,NaN,NaN,NaN,NaN,NaN,NaN,NaN,NaN,NaN,NaN,NaN,NaN,NaN,NaN,NaN,NaN,NaN,NaN,NaN,NaN,NaN,NaN,NaN,250,NaN
2021-10-02 00:00:00,NaN,NaN,NaN,NaN,NaN,NaN,NaN,NaN,NaN,NaN,NaN,NaN,NaN,NaN,NaN,NaN,NaN,NaN,NaN,NaN,NaN,NaN,NaN,NaN,NaN,NaN,NaN,250,NaN
2021-10-03 00:00:00,NaN,NaN,NaN,NaN,NaN,NaN,NaN,NaN,NaN,NaN,NaN,NaN,NaN,NaN,NaN,NaN,NaN,NaN,NaN,NaN,NaN,NaN,NaN,NaN,NaN,NaN,NaN,250,NaN
2021-10-04 00:00:00,NaN,NaN,NaN,NaN,NaN,NaN,NaN,NaN,NaN,NaN,NaN,NaN,NaN,NaN,NaN,NaN,NaN,NaN,NaN,NaN,NaN,NaN,NaN,NaN,NaN,NaN,NaN,250,NaN
2021-10-05 00:00:00,NaN,NaN,NaN,NaN,NaN,NaN,NaN,NaN,NaN,NaN,NaN,NaN,NaN,NaN,NaN,NaN,NaN,NaN,NaN,NaN,NaN,NaN,NaN,NaN,NaN,NaN,NaN,250,NaN
2021-10-06 00:00:00,NaN,NaN,NaN,NaN,NaN,NaN,NaN,NaN,NaN,NaN,NaN,NaN,NaN,NaN,NaN,NaN,NaN,NaN,NaN,NaN,NaN,NaN,NaN,NaN,NaN,NaN,NaN,250,NaN
2021-10-07 00:00:00,NaN,NaN,NaN,NaN,NaN,NaN,NaN,NaN,NaN,NaN,NaN,NaN,NaN,NaN,NaN,NaN,NaN,NaN,NaN,NaN,NaN,NaN,NaN,NaN,NaN,NaN,NaN,250,NaN
2021-10-08 00:00:00,NaN,NaN,NaN,NaN,NaN,NaN,NaN,NaN,NaN,NaN,NaN,NaN,NaN,NaN,NaN,NaN,NaN,NaN,NaN,NaN,NaN,NaN,NaN,NaN,NaN,NaN,NaN,250,NaN
2021-10-09 00:00:00,NaN,NaN,NaN,NaN,NaN,NaN,NaN,NaN,NaN,NaN,NaN,NaN,NaN,NaN,NaN,NaN,NaN,NaN,NaN,NaN,NaN,NaN,NaN,NaN,NaN,NaN,NaN,250,NaN
2021-10-10 00:00:00,NaN,NaN,NaN,NaN,NaN,NaN,NaN,NaN,NaN,NaN,NaN,NaN,NaN,NaN,NaN,NaN,NaN,NaN,NaN,NaN,NaN,NaN,NaN,NaN,NaN,NaN,NaN,250,NaN
2021-10-11 00:00:00,NaN,NaN,NaN,NaN,NaN,NaN,NaN,NaN,NaN,NaN,NaN,NaN,NaN,NaN,NaN,NaN,NaN,NaN,NaN,NaN,NaN,NaN,NaN,NaN,NaN,NaN,NaN,250,NaN
2021-10-12 00:00:00,NaN,NaN,NaN,NaN,NaN,NaN,NaN,NaN,NaN,NaN,NaN,NaN,NaN,NaN,NaN,NaN,NaN,NaN,NaN,NaN,NaN,NaN,NaN,NaN,NaN,NaN,NaN,250,NaN
2021-10-13 00:00:00,NaN,NaN,NaN,NaN,NaN,NaN,NaN,NaN,NaN,NaN,NaN,NaN,NaN,NaN,NaN,NaN,NaN,NaN,NaN,NaN,NaN,NaN,NaN,NaN,NaN,NaN,NaN,250,NaN
2021-10-14 00:00:00,NaN,NaN,NaN,NaN,NaN,NaN,NaN,NaN,NaN,NaN,NaN,NaN,NaN,NaN,NaN,NaN,NaN,NaN,NaN,NaN,NaN,NaN,NaN,NaN,NaN,NaN,NaN,250,NaN
2021-10-15 00:00:00,NaN,NaN,NaN,NaN,NaN,NaN,NaN,NaN,NaN,NaN,NaN,NaN,NaN,NaN,NaN,NaN,NaN,NaN,NaN,NaN,NaN,NaN,NaN,NaN,NaN,NaN,NaN,250,NaN
2021-10-16 00:00:00,NaN,NaN,NaN,NaN,NaN,NaN,NaN,NaN,NaN,NaN,NaN,NaN,NaN,NaN,NaN,NaN,NaN,NaN,NaN,NaN,NaN,NaN,NaN,NaN,NaN,NaN,NaN,250,NaN
2021-10-17 00:00:00,NaN,NaN,NaN,NaN,NaN,NaN,NaN,NaN,NaN,NaN,NaN,NaN,NaN,NaN,NaN,NaN,NaN,NaN,NaN,NaN,NaN,NaN,NaN,NaN,NaN,NaN,NaN,250,NaN
2021-10-18 00:00:00,NaN,NaN,NaN,NaN,NaN,NaN,NaN,NaN,NaN,NaN,NaN,NaN,NaN,NaN,NaN,NaN,NaN,NaN,NaN,NaN,NaN,NaN,NaN,NaN,NaN,NaN,NaN,250,NaN
2021-10-19 00:00:00,NaN,NaN,NaN,NaN,NaN,NaN,NaN,NaN,NaN,NaN,NaN,NaN,NaN,NaN,NaN,NaN,NaN,NaN,NaN,NaN,NaN,NaN,NaN,NaN,NaN,NaN,NaN,250,NaN
2021-10-20 00:00:00,NaN,NaN,NaN,NaN,NaN,NaN,NaN,NaN,NaN,NaN,NaN,NaN,NaN,NaN,NaN,NaN,NaN,NaN,NaN,NaN,NaN,NaN,NaN,NaN,NaN,NaN,NaN,250,NaN
2021-10-21 00:00:00,NaN,NaN,NaN,NaN,NaN,NaN,NaN,NaN,NaN,NaN,NaN,NaN,NaN,NaN,NaN,NaN,NaN,NaN,NaN,NaN,NaN,NaN,NaN,NaN,NaN,NaN,NaN,250,NaN
2021-10-22 00:00:00,NaN,NaN,NaN,NaN,NaN,NaN,NaN,NaN,NaN,NaN,NaN,NaN,NaN,NaN,NaN,NaN,NaN,NaN,NaN,NaN,NaN,NaN,NaN,NaN,NaN,NaN,NaN,250,NaN
2021-10-23 00:00:00,NaN,NaN,NaN,NaN,NaN,NaN,NaN,NaN,NaN,NaN,NaN,NaN,NaN,NaN,NaN,NaN,NaN,NaN,NaN,NaN,NaN,NaN,NaN,NaN,NaN,NaN,NaN,250,NaN
2021-10-24 00:00:00,NaN,NaN,NaN,NaN,NaN,NaN,NaN,NaN,NaN,NaN,NaN,NaN,NaN,NaN,NaN,NaN,NaN,NaN,NaN,NaN,NaN,NaN,NaN,NaN,NaN,NaN,NaN,250,NaN
2021-10-25 00:00:00,NaN,NaN,NaN,NaN,NaN,NaN,NaN,NaN,NaN,NaN,NaN,NaN,NaN,NaN,NaN,NaN,NaN,NaN,NaN,NaN,NaN,NaN,NaN,NaN,NaN,NaN,NaN,250,NaN
2021-10-26 00:00:00,NaN,NaN,NaN,NaN,NaN,NaN,NaN,NaN,NaN,NaN,NaN,NaN,NaN,NaN,NaN,NaN,NaN,NaN,NaN,NaN,NaN,NaN,NaN,NaN,NaN,NaN,NaN,250,NaN
2021-10-27 00:00:00,NaN,NaN,NaN,NaN,NaN,NaN,NaN,NaN,NaN,NaN,NaN,NaN,NaN,NaN,NaN,NaN,NaN,NaN,NaN,NaN,NaN,NaN,NaN,NaN,NaN,NaN,NaN,250,NaN
2021-10-28 00:00:00,NaN,NaN,NaN,NaN,NaN,NaN,NaN,NaN,NaN,NaN,NaN,NaN,NaN,NaN,NaN,NaN,NaN,NaN,NaN,NaN,NaN,NaN,NaN,NaN,NaN,NaN,NaN,250,NaN
2021-10-29 00:00:00,NaN,NaN,NaN,NaN,NaN,NaN,NaN,NaN,NaN,NaN,NaN,NaN,NaN,NaN,NaN,NaN,NaN,NaN,NaN,NaN,NaN,NaN,NaN,NaN,NaN,NaN,NaN,250,NaN
2021-10-30 00:00:00,NaN,NaN,NaN,NaN,NaN,NaN,NaN,NaN,NaN,NaN,NaN,NaN,NaN,NaN,NaN,NaN,NaN,NaN,NaN,NaN,NaN,NaN,NaN,NaN,NaN,NaN,NaN,250,NaN
2021-10-31 00:00:00,NaN,NaN,NaN,NaN,NaN,NaN,NaN,NaN,NaN,NaN,NaN,NaN,NaN,NaN,NaN,NaN,NaN,NaN,NaN,NaN,NaN,NaN,NaN,NaN,NaN,NaN,NaN,250,NaN
2021-11-01 00:00:00,NaN,NaN,NaN,NaN,NaN,NaN,NaN,NaN,NaN,NaN,NaN,NaN,NaN,NaN,NaN,NaN,NaN,NaN,NaN,NaN,NaN,NaN,NaN,NaN,NaN,NaN,NaN,250,NaN
2021-11-02 00:00:00,NaN,NaN,NaN,NaN,NaN,NaN,NaN,NaN,NaN,NaN,NaN,NaN,NaN,NaN,NaN,NaN,NaN,NaN,NaN,NaN,NaN,NaN,NaN,NaN,NaN,NaN,NaN,250,NaN
2021-11-03 00:00:00,NaN,NaN,NaN,NaN,NaN,NaN,NaN,NaN,NaN,NaN,NaN,NaN,NaN,NaN,NaN,NaN,NaN,NaN,NaN,NaN,NaN,NaN,NaN,NaN,NaN,NaN,NaN,250,NaN
2021-11-04 00:00:00,NaN,NaN,NaN,NaN,NaN,NaN,NaN,NaN,NaN,NaN,NaN,NaN,NaN,NaN,NaN,NaN,NaN,NaN,NaN,NaN,NaN,NaN,NaN,NaN,NaN,NaN,NaN,250,NaN
2021-11-05 00:00:00,NaN,NaN,NaN,NaN,NaN,NaN,NaN,NaN,NaN,NaN,NaN,NaN,NaN,NaN,NaN,NaN,NaN,NaN,NaN,NaN,NaN,NaN,NaN,NaN,NaN,NaN,NaN,250,NaN
2021-11-06 00:00:00,NaN,NaN,NaN,NaN,NaN,NaN,NaN,NaN,NaN,NaN,NaN,NaN,NaN,NaN,NaN,NaN,NaN,NaN,NaN,NaN,NaN,NaN,NaN,NaN,NaN,NaN,NaN,250,NaN
2021-11-07 00:00:00,NaN,NaN,NaN,NaN,NaN,NaN,NaN,NaN,NaN,NaN,NaN,NaN,NaN,NaN,NaN,NaN,NaN,NaN,NaN,NaN,NaN,NaN,NaN,NaN,NaN,NaN,NaN,320,NaN
2021-11-08 00:00:00,NaN,NaN,NaN,NaN,NaN,NaN,NaN,NaN,NaN,NaN,NaN,NaN,NaN,NaN,NaN,NaN,NaN,NaN,NaN,NaN,NaN,NaN,NaN,NaN,NaN,NaN,NaN,320,NaN
2021-11-09 00:00:00,NaN,NaN,NaN,NaN,NaN,NaN,NaN,NaN,NaN,NaN,NaN,NaN,NaN,NaN,NaN,NaN,NaN,NaN,NaN,NaN,NaN,NaN,NaN,NaN,NaN,NaN,NaN,311,NaN
2021-11-10 00:00:00,NaN,NaN,NaN,NaN,NaN,NaN,NaN,NaN,NaN,NaN,NaN,NaN,NaN,NaN,NaN,NaN,NaN,NaN,NaN,NaN,NaN,NaN,NaN,NaN,NaN,NaN,NaN,285,NaN
2021-11-11 00:00:00,NaN,NaN,NaN,NaN,NaN,NaN,NaN,NaN,NaN,NaN,NaN,NaN,NaN,NaN,NaN,NaN,NaN,NaN,NaN,NaN,NaN,NaN,NaN,NaN,NaN,NaN,NaN,264,NaN
2021-11-12 00:00:00,NaN,NaN,NaN,NaN,NaN,NaN,NaN,NaN,NaN,NaN,NaN,NaN,NaN,NaN,NaN,NaN,NaN,NaN,NaN,NaN,NaN,NaN,NaN,NaN,NaN,NaN,NaN,243,NaN
2021-11-13 00:00:00,NaN,NaN,NaN,NaN,NaN,NaN,NaN,NaN,NaN,NaN,NaN,NaN,NaN,NaN,NaN,NaN,NaN,NaN,NaN,NaN,NaN,NaN,NaN,NaN,NaN,NaN,NaN,325,NaN
2021-11-14 00:00:00,NaN,NaN,NaN,NaN,NaN,NaN,NaN,NaN,NaN,NaN,NaN,NaN,NaN,NaN,NaN,NaN,NaN,NaN,NaN,NaN,NaN,NaN,NaN,NaN,NaN,NaN,NaN,301,NaN
2021-11-15 00:00:00,NaN,NaN,NaN,NaN,NaN,NaN,NaN,NaN,NaN,NaN,NaN,NaN,NaN,NaN,NaN,NaN,NaN,NaN,NaN,NaN,NaN,NaN,NaN,NaN,NaN,NaN,NaN,303,NaN
2021-11-16 00:00:00,NaN,NaN,NaN,NaN,NaN,NaN,NaN,NaN,NaN,NaN,NaN,NaN,NaN,NaN,NaN,NaN,NaN,NaN,NaN,NaN,NaN,NaN,NaN,NaN,NaN,NaN,NaN,275,NaN
2021-11-17 00:00:00,NaN,NaN,NaN,NaN,NaN,NaN,NaN,NaN,NaN,NaN,NaN,NaN,NaN,NaN,NaN,NaN,NaN,NaN,NaN,NaN,NaN,NaN,NaN,NaN,NaN,NaN,NaN,284,NaN
2021-11-18 00:00:00,NaN,NaN,NaN,NaN,NaN,NaN,NaN,NaN,NaN,NaN,NaN,NaN,NaN,NaN,NaN,NaN,NaN,NaN,NaN,NaN,NaN,NaN,NaN,NaN,NaN,NaN,NaN,275,NaN
2021-11-19 00:00:00,NaN,NaN,NaN,NaN,NaN,NaN,NaN,NaN,NaN,NaN,NaN,NaN,NaN,NaN,NaN,NaN,NaN,NaN,NaN,NaN,NaN,NaN,NaN,NaN,NaN,NaN,NaN,267,NaN
2021-11-20 00:00:00,NaN,NaN,NaN,NaN,NaN,NaN,NaN,NaN,NaN,NaN,NaN,NaN,NaN,NaN,NaN,NaN,NaN,NaN,NaN,NaN,NaN,NaN,NaN,NaN,NaN,NaN,NaN,254,NaN
2021-11-21 00:00:00,NaN,NaN,NaN,NaN,NaN,NaN,NaN,NaN,NaN,NaN,NaN,NaN,NaN,NaN,NaN,NaN,NaN,NaN,NaN,NaN,NaN,NaN,NaN,NaN,NaN,NaN,NaN,272,NaN
2021-11-22 00:00:00,NaN,NaN,NaN,NaN,NaN,NaN,NaN,NaN,NaN,NaN,NaN,NaN,NaN,NaN,NaN,NaN,NaN,NaN,NaN,NaN,NaN,NaN,NaN,NaN,NaN,NaN,NaN,260,NaN
2021-11-23 00:00:00,NaN,NaN,NaN,NaN,NaN,NaN,NaN,NaN,NaN,NaN,NaN,NaN,NaN,NaN,NaN,NaN,NaN,NaN,NaN,NaN,NaN,NaN,NaN,NaN,NaN,NaN,NaN,274,NaN
2021-11-24 00:00:00,NaN,NaN,NaN,NaN,NaN,NaN,NaN,NaN,NaN,NaN,NaN,NaN,NaN,NaN,NaN,NaN,NaN,NaN,NaN,NaN,NaN,NaN,NaN,NaN,NaN,NaN,NaN,263,NaN
2021-11-25 00:00:00,NaN,NaN,NaN,NaN,NaN,NaN,NaN,NaN,NaN,NaN,NaN,NaN,NaN,NaN,NaN,NaN,NaN,NaN,NaN,NaN,NaN,NaN,NaN,NaN,NaN,NaN,NaN,237,NaN
2021-11-26 00:00:00,NaN,NaN,NaN,NaN,NaN,NaN,NaN,NaN,NaN,NaN,NaN,NaN,NaN,NaN,NaN,NaN,NaN,NaN,NaN,NaN,NaN,NaN,NaN,NaN,NaN,NaN,NaN,258,NaN
2021-11-27 00:00:00,NaN,NaN,NaN,NaN,NaN,NaN,NaN,NaN,NaN,NaN,NaN,NaN,NaN,NaN,NaN,NaN,NaN,NaN,NaN,NaN,NaN,NaN,NaN,NaN,NaN,NaN,NaN,271,NaN
2021-11-28 00:00:00,NaN,NaN,NaN,NaN,NaN,NaN,NaN,NaN,NaN,NaN,NaN,NaN,NaN,NaN,NaN,NaN,NaN,NaN,NaN,NaN,NaN,NaN,NaN,NaN,NaN,NaN,NaN,273,NaN
2021-11-29 00:00:00,NaN,NaN,NaN,NaN,NaN,NaN,NaN,NaN,NaN,NaN,NaN,NaN,NaN,NaN,NaN,NaN,NaN,NaN,NaN,NaN,NaN,NaN,NaN,NaN,NaN,NaN,NaN,272,NaN
2021-11-30 00:00:00,NaN,NaN,NaN,NaN,NaN,NaN,NaN,NaN,NaN,NaN,NaN,NaN,NaN,NaN,NaN,NaN,NaN,NaN,NaN,NaN,NaN,NaN,NaN,NaN,NaN,NaN,NaN,272,NaN
2021-12-01 00:00:00,NaN,NaN,NaN,NaN,NaN,NaN,NaN,NaN,NaN,NaN,NaN,NaN,NaN,NaN,NaN,NaN,NaN,NaN,NaN,NaN,NaN,NaN,NaN,NaN,NaN,NaN,NaN,271,NaN
2021-12-02 00:00:00,NaN,NaN,NaN,NaN,NaN,NaN,NaN,NaN,NaN,NaN,NaN,NaN,NaN,NaN,NaN,NaN,NaN,NaN,NaN,NaN,NaN,NaN,NaN,NaN,NaN,NaN,NaN,271,NaN
2021-12-03 00:00:00,NaN,NaN,NaN,NaN,NaN,NaN,NaN,NaN,NaN,NaN,NaN,NaN,NaN,NaN,NaN,NaN,NaN,NaN,NaN,NaN,NaN,NaN,NaN,NaN,NaN,NaN,NaN,271,NaN
2021-12-04 00:00:00,NaN,NaN,NaN,NaN,NaN,NaN,NaN,NaN,NaN,NaN,NaN,NaN,NaN,NaN,NaN,NaN,NaN,NaN,NaN,NaN,NaN,NaN,NaN,NaN,NaN,NaN,NaN,265,NaN
2021-12-05 00:00:00,NaN,NaN,NaN,NaN,NaN,NaN,NaN,NaN,NaN,NaN,NaN,NaN,NaN,NaN,NaN,NaN,NaN,NaN,NaN,NaN,NaN,NaN,NaN,NaN,NaN,NaN,NaN,264,NaN
2021-12-06 00:00:00,NaN,NaN,NaN,NaN,NaN,NaN,NaN,NaN,NaN,NaN,NaN,NaN,NaN,NaN,NaN,NaN,NaN,NaN,NaN,NaN,NaN,NaN,NaN,NaN,NaN,NaN,NaN,264,NaN
2021-12-07 00:00:00,NaN,NaN,NaN,NaN,NaN,NaN,NaN,NaN,NaN,NaN,NaN,NaN,NaN,NaN,NaN,NaN,NaN,NaN,NaN,NaN,NaN,NaN,NaN,NaN,NaN,NaN,NaN,269,NaN
2021-12-08 00:00:00,NaN,NaN,NaN,NaN,NaN,NaN,NaN,NaN,NaN,NaN,NaN,NaN,NaN,NaN,NaN,NaN,NaN,NaN,NaN,NaN,NaN,NaN,NaN,NaN,NaN,NaN,NaN,269,NaN
2021-12-09 00:00:00,NaN,NaN,NaN,NaN,NaN,NaN,NaN,NaN,NaN,NaN,NaN,NaN,NaN,NaN,NaN,NaN,NaN,NaN,NaN,NaN,NaN,NaN,NaN,NaN,NaN,NaN,NaN,295,NaN
2021-12-10 00:00:00,NaN,NaN,NaN,NaN,NaN,NaN,NaN,NaN,NaN,NaN,NaN,NaN,NaN,NaN,NaN,NaN,NaN,NaN,NaN,NaN,NaN,NaN,NaN,NaN,NaN,NaN,NaN,308,NaN
2021-12-11 00:00:00,NaN,NaN,NaN,NaN,NaN,NaN,NaN,NaN,NaN,NaN,NaN,NaN,NaN,NaN,NaN,NaN,NaN,NaN,NaN,NaN,NaN,NaN,NaN,NaN,NaN,NaN,NaN,237,NaN
2021-12-12 00:00:00,NaN,NaN,NaN,NaN,NaN,NaN,NaN,NaN,NaN,NaN,NaN,NaN,NaN,NaN,NaN,NaN,NaN,NaN,NaN,NaN,NaN,NaN,NaN,NaN,NaN,NaN,NaN,253,NaN
2021-12-13 00:00:00,NaN,NaN,NaN,NaN,NaN,NaN,NaN,NaN,NaN,NaN,NaN,NaN,NaN,NaN,NaN,NaN,NaN,NaN,NaN,NaN,NaN,NaN,NaN,NaN,NaN,NaN,NaN,266,NaN
2021-12-14 00:00:00,NaN,NaN,NaN,NaN,NaN,NaN,NaN,NaN,NaN,NaN,NaN,NaN,NaN,NaN,NaN,NaN,NaN,NaN,NaN,NaN,NaN,NaN,NaN,NaN,NaN,NaN,NaN,276,NaN
2021-12-15 00:00:00,NaN,NaN,NaN,NaN,NaN,NaN,NaN,NaN,NaN,NaN,NaN,NaN,NaN,NaN,NaN,NaN,NaN,NaN,NaN,NaN,NaN,NaN,NaN,NaN,NaN,NaN,NaN,275,NaN
2021-12-16 00:00:00,NaN,NaN,NaN,NaN,NaN,NaN,NaN,NaN,NaN,NaN,NaN,NaN,NaN,NaN,NaN,NaN,NaN,NaN,NaN,NaN,NaN,NaN,NaN,NaN,NaN,NaN,NaN,273,NaN
2021-12-17 00:00:00,NaN,NaN,NaN,NaN,NaN,NaN,NaN,NaN,NaN,NaN,NaN,NaN,NaN,NaN,NaN,NaN,NaN,NaN,NaN,NaN,NaN,NaN,NaN,NaN,NaN,NaN,NaN,238,NaN
2021-12-18 00:00:00,NaN,NaN,NaN,NaN,NaN,NaN,NaN,NaN,NaN,NaN,NaN,NaN,NaN,NaN,NaN,NaN,NaN,NaN,NaN,NaN,NaN,NaN,NaN,NaN,NaN,NaN,NaN,244,NaN
2021-12-19 00:00:00,NaN,NaN,NaN,NaN,NaN,NaN,NaN,NaN,NaN,NaN,NaN,NaN,NaN,NaN,NaN,NaN,NaN,NaN,NaN,NaN,NaN,NaN,NaN,NaN,NaN,NaN,NaN,252,NaN
2021-12-20 00:00:00,NaN,NaN,NaN,NaN,NaN,NaN,NaN,NaN,NaN,NaN,NaN,NaN,NaN,NaN,NaN,NaN,NaN,NaN,NaN,NaN,NaN,NaN,NaN,NaN,NaN,NaN,NaN,260,NaN
2021-12-21 00:00:00,NaN,NaN,NaN,NaN,NaN,NaN,NaN,NaN,NaN,NaN,NaN,NaN,NaN,NaN,NaN,NaN,NaN,NaN,NaN,NaN,NaN,NaN,NaN,NaN,NaN,NaN,NaN,268,NaN
2021-12-22 00:00:00,NaN,NaN,NaN,NaN,NaN,NaN,NaN,NaN,NaN,NaN,NaN,NaN,NaN,NaN,NaN,NaN,NaN,NaN,NaN,NaN,NaN,NaN,NaN,NaN,NaN,NaN,NaN,284,NaN
2021-12-23 00:00:00,NaN,NaN,NaN,NaN,NaN,NaN,NaN,NaN,NaN,NaN,NaN,NaN,NaN,NaN,NaN,NaN,NaN,NaN,NaN,NaN,NaN,NaN,NaN,NaN,NaN,NaN,NaN,273,NaN
2021-12-24 00:00:00,NaN,NaN,NaN,NaN,NaN,NaN,NaN,NaN,NaN,NaN,NaN,NaN,NaN,NaN,NaN,NaN,NaN,NaN,NaN,NaN,NaN,NaN,NaN,NaN,NaN,NaN,NaN,258,NaN
2021-12-25 00:00:00,NaN,NaN,NaN,NaN,NaN,NaN,NaN,NaN,NaN,NaN,NaN,NaN,NaN,NaN,NaN,NaN,NaN,NaN,NaN,NaN,NaN,NaN,NaN,NaN,NaN,NaN,NaN,223,NaN
2021-12-26 00:00:00,NaN,NaN,NaN,NaN,NaN,NaN,NaN,NaN,NaN,NaN,NaN,NaN,NaN,NaN,NaN,NaN,NaN,NaN,NaN,NaN,NaN,NaN,NaN,NaN,NaN,NaN,NaN,234,NaN
2021-12-27 00:00:00,NaN,NaN,NaN,NaN,NaN,NaN,NaN,NaN,NaN,NaN,NaN,NaN,NaN,NaN,NaN,NaN,NaN,NaN,NaN,NaN,NaN,NaN,NaN,NaN,NaN,NaN,NaN,231,NaN
2021-12-28 00:00:00,NaN,NaN,NaN,NaN,NaN,NaN,NaN,NaN,NaN,NaN,NaN,NaN,NaN,NaN,NaN,NaN,NaN,NaN,NaN,NaN,NaN,NaN,NaN,NaN,NaN,NaN,NaN,235,NaN
2021-12-29 00:00:00,NaN,NaN,NaN,NaN,NaN,NaN,NaN,NaN,NaN,NaN,NaN,NaN,NaN,NaN,NaN,NaN,NaN,NaN,NaN,NaN,NaN,NaN,NaN,NaN,NaN,NaN,NaN,241,NaN
2021-12-30 00:00:00,NaN,NaN,NaN,NaN,NaN,NaN,NaN,NaN,NaN,NaN,NaN,NaN,NaN,NaN,NaN,NaN,NaN,NaN,NaN,NaN,NaN,NaN,NaN,NaN,NaN,NaN,NaN,235,NaN
2021-12-31 00:00:00,NaN,NaN,NaN,NaN,NaN,NaN,NaN,NaN,NaN,NaN,NaN,NaN,NaN,NaN,NaN,NaN,NaN,NaN,NaN,NaN,NaN,NaN,NaN,NaN,NaN,NaN,NaN,249,NaN
2022-01-01 00:00:00,NaN,NaN,NaN,NaN,NaN,NaN,NaN,NaN,NaN,NaN,NaN,NaN,NaN,NaN,NaN,NaN,NaN,NaN,NaN,NaN,NaN,NaN,NaN,NaN,NaN,NaN,NaN,247,NaN
2022-01-02 00:00:00,NaN,NaN,NaN,NaN,NaN,NaN,NaN,NaN,NaN,NaN,NaN,NaN,NaN,NaN,NaN,NaN,NaN,NaN,NaN,NaN,NaN,NaN,NaN,NaN,NaN,NaN,NaN,255,NaN
2022-01-03 00:00:00,NaN,NaN,NaN,NaN,NaN,NaN,NaN,NaN,NaN,NaN,NaN,NaN,NaN,NaN,NaN,NaN,NaN,NaN,NaN,NaN,NaN,NaN,NaN,NaN,NaN,NaN,NaN,271,NaN
2022-01-04 00:00:00,NaN,NaN,NaN,NaN,NaN,NaN,NaN,NaN,NaN,NaN,NaN,NaN,NaN,NaN,NaN,NaN,NaN,NaN,NaN,NaN,NaN,NaN,NaN,NaN,NaN,NaN,NaN,280,NaN
2022-01-05 00:00:00,NaN,NaN,NaN,NaN,NaN,NaN,NaN,NaN,NaN,NaN,NaN,NaN,NaN,NaN,NaN,NaN,NaN,NaN,NaN,NaN,NaN,NaN,NaN,NaN,NaN,NaN,NaN,265,NaN
2022-01-06 00:00:00,NaN,NaN,NaN,NaN,NaN,NaN,NaN,NaN,NaN,NaN,NaN,NaN,NaN,NaN,NaN,NaN,NaN,NaN,NaN,NaN,NaN,NaN,NaN,NaN,NaN,NaN,NaN,257,NaN
2022-01-07 00:00:00,NaN,NaN,NaN,NaN,NaN,NaN,NaN,NaN,NaN,NaN,NaN,NaN,NaN,NaN,NaN,NaN,NaN,NaN,NaN,NaN,NaN,NaN,NaN,NaN,NaN,NaN,NaN,276,NaN
2022-01-08 00:00:00,NaN,NaN,NaN,NaN,NaN,NaN,NaN,NaN,NaN,NaN,NaN,NaN,NaN,NaN,NaN,NaN,NaN,NaN,NaN,NaN,NaN,NaN,NaN,NaN,NaN,NaN,NaN,283,NaN
2022-01-09 00:00:00,NaN,NaN,NaN,NaN,NaN,NaN,NaN,NaN,NaN,NaN,NaN,NaN,NaN,NaN,NaN,NaN,NaN,NaN,NaN,NaN,NaN,NaN,NaN,NaN,NaN,NaN,NaN,275,NaN
2022-01-10 00:00:00,NaN,NaN,NaN,NaN,NaN,NaN,NaN,NaN,NaN,NaN,NaN,NaN,NaN,NaN,NaN,NaN,NaN,NaN,NaN,NaN,NaN,NaN,NaN,NaN,NaN,NaN,NaN,286,NaN
2022-01-11 00:00:00,NaN,NaN,NaN,NaN,NaN,NaN,NaN,NaN,NaN,NaN,NaN,NaN,NaN,NaN,NaN,NaN,NaN,NaN,NaN,NaN,NaN,NaN,NaN,NaN,NaN,NaN,NaN,290,NaN
2022-01-12 00:00:00,NaN,NaN,NaN,NaN,NaN,NaN,NaN,NaN,NaN,NaN,NaN,NaN,NaN,NaN,NaN,NaN,NaN,NaN,NaN,NaN,NaN,NaN,NaN,NaN,NaN,NaN,NaN,302,NaN
2022-01-13 00:00:00,NaN,NaN,NaN,NaN,NaN,NaN,NaN,NaN,NaN,NaN,NaN,NaN,NaN,NaN,NaN,NaN,NaN,NaN,NaN,NaN,NaN,NaN,NaN,NaN,NaN,NaN,NaN,298,NaN
2022-01-14 00:00:00,NaN,NaN,NaN,NaN,NaN,NaN,NaN,NaN,NaN,NaN,NaN,NaN,NaN,NaN,NaN,NaN,NaN,NaN,NaN,NaN,NaN,NaN,NaN,NaN,NaN,NaN,NaN,303,NaN
2022-01-15 00:00:00,NaN,NaN,NaN,NaN,NaN,NaN,NaN,NaN,NaN,NaN,NaN,NaN,NaN,NaN,NaN,NaN,NaN,NaN,NaN,NaN,NaN,NaN,NaN,NaN,NaN,NaN,NaN,284,NaN
2022-01-16 00:00:00,NaN,NaN,NaN,NaN,NaN,NaN,NaN,NaN,NaN,NaN,NaN,NaN,NaN,NaN,NaN,NaN,NaN,NaN,NaN,NaN,NaN,NaN,NaN,NaN,NaN,NaN,NaN,288,NaN
2022-01-17 00:00:00,NaN,NaN,NaN,NaN,NaN,NaN,NaN,NaN,NaN,NaN,NaN,NaN,NaN,NaN,NaN,NaN,NaN,NaN,NaN,NaN,NaN,NaN,NaN,NaN,NaN,NaN,NaN,296,NaN
2022-01-18 00:00:00,NaN,NaN,NaN,NaN,NaN,NaN,NaN,NaN,NaN,NaN,NaN,NaN,NaN,NaN,NaN,NaN,NaN,NaN,NaN,NaN,NaN,NaN,NaN,NaN,NaN,NaN,NaN,304,NaN
2022-01-19 00:00:00,NaN,NaN,NaN,NaN,NaN,NaN,NaN,NaN,NaN,NaN,NaN,NaN,NaN,NaN,NaN,NaN,NaN,NaN,NaN,NaN,NaN,NaN,NaN,NaN,NaN,NaN,NaN,311,NaN
2022-01-20 00:00:00,NaN,NaN,NaN,NaN,NaN,NaN,NaN,NaN,NaN,NaN,NaN,NaN,NaN,NaN,NaN,NaN,NaN,NaN,NaN,NaN,NaN,NaN,NaN,NaN,NaN,NaN,NaN,298,NaN
2022-01-21 00:00:00,NaN,NaN,NaN,NaN,NaN,NaN,NaN,NaN,NaN,NaN,NaN,NaN,NaN,NaN,NaN,NaN,NaN,NaN,NaN,NaN,NaN,NaN,NaN,NaN,NaN,NaN,NaN,295,NaN
2022-01-22 00:00:00,NaN,NaN,NaN,NaN,NaN,NaN,NaN,NaN,NaN,NaN,NaN,NaN,NaN,NaN,NaN,NaN,NaN,NaN,NaN,NaN,NaN,NaN,NaN,NaN,NaN,NaN,NaN,290,NaN
2022-01-23 00:00:00,NaN,NaN,NaN,NaN,NaN,NaN,NaN,NaN,NaN,NaN,NaN,NaN,NaN,NaN,NaN,NaN,NaN,NaN,NaN,NaN,NaN,NaN,NaN,NaN,NaN,NaN,NaN,288,NaN
2022-01-24 00:00:00,NaN,NaN,NaN,NaN,NaN,NaN,NaN,NaN,NaN,NaN,NaN,NaN,NaN,NaN,NaN,NaN,NaN,NaN,NaN,NaN,NaN,NaN,NaN,NaN,NaN,NaN,NaN,293,NaN
2022-01-25 00:00:00,NaN,NaN,NaN,NaN,NaN,NaN,NaN,NaN,NaN,NaN,NaN,NaN,NaN,NaN,NaN,NaN,NaN,NaN,NaN,NaN,NaN,NaN,NaN,NaN,NaN,NaN,NaN,288,NaN
2022-01-26 00:00:00,NaN,NaN,NaN,NaN,NaN,NaN,NaN,NaN,NaN,NaN,NaN,NaN,NaN,NaN,NaN,NaN,NaN,NaN,NaN,NaN,NaN,NaN,NaN,NaN,NaN,NaN,NaN,289,NaN
2022-01-27 00:00:00,NaN,NaN,NaN,NaN,NaN,NaN,NaN,NaN,NaN,NaN,NaN,NaN,NaN,NaN,NaN,NaN,NaN,NaN,NaN,NaN,NaN,NaN,NaN,NaN,NaN,NaN,NaN,295,NaN
2022-01-28 00:00:00,NaN,NaN,NaN,NaN,NaN,NaN,NaN,NaN,NaN,NaN,NaN,NaN,NaN,NaN,NaN,NaN,NaN,NaN,NaN,NaN,NaN,NaN,NaN,NaN,NaN,NaN,NaN,299,NaN
2022-01-29 00:00:00,NaN,NaN,NaN,NaN,NaN,NaN,NaN,NaN,NaN,NaN,NaN,NaN,NaN,NaN,NaN,NaN,NaN,NaN,NaN,NaN,NaN,NaN,NaN,NaN,NaN,NaN,NaN,301,NaN
2022-01-30 00:00:00,NaN,NaN,NaN,NaN,NaN,NaN,NaN,NaN,NaN,NaN,NaN,NaN,NaN,NaN,NaN,NaN,NaN,NaN,NaN,NaN,NaN,NaN,NaN,NaN,NaN,NaN,NaN,300,NaN
2022-01-31 00:00:00,NaN,NaN,NaN,NaN,NaN,NaN,NaN,NaN,NaN,NaN,NaN,NaN,NaN,NaN,NaN,NaN,NaN,NaN,NaN,NaN,NaN,NaN,NaN,NaN,NaN,NaN,NaN,307,NaN
2022-02-01 00:00:00,NaN,NaN,NaN,NaN,NaN,NaN,NaN,NaN,NaN,NaN,NaN,NaN,NaN,NaN,NaN,NaN,NaN,NaN,NaN,NaN,NaN,NaN,NaN,NaN,NaN,NaN,NaN,310,NaN
2022-02-02 00:00:00,NaN,NaN,NaN,NaN,NaN,NaN,NaN,NaN,NaN,NaN,NaN,NaN,NaN,NaN,NaN,NaN,NaN,NaN,NaN,NaN,NaN,NaN,NaN,NaN,NaN,NaN,NaN,305,NaN
2022-02-03 00:00:00,NaN,NaN,NaN,NaN,NaN,NaN,NaN,NaN,NaN,NaN,NaN,NaN,NaN,NaN,NaN,NaN,NaN,NaN,NaN,NaN,NaN,NaN,NaN,NaN,NaN,NaN,NaN,300,NaN
2022-02-04 00:00:00,NaN,NaN,NaN,NaN,NaN,NaN,NaN,NaN,NaN,NaN,NaN,NaN,NaN,NaN,NaN,NaN,NaN,NaN,NaN,NaN,NaN,NaN,NaN,NaN,NaN,NaN,NaN,299,NaN
2022-02-05 00:00:00,NaN,NaN,NaN,NaN,NaN,NaN,NaN,NaN,NaN,NaN,NaN,NaN,NaN,NaN,NaN,NaN,NaN,NaN,NaN,NaN,NaN,NaN,NaN,NaN,NaN,NaN,NaN,305,NaN
2022-02-06 00:00:00,NaN,NaN,NaN,NaN,NaN,NaN,NaN,NaN,NaN,NaN,NaN,NaN,NaN,NaN,NaN,NaN,NaN,NaN,NaN,NaN,NaN,NaN,NaN,NaN,NaN,NaN,NaN,288,NaN
2022-02-07 00:00:00,NaN,NaN,NaN,NaN,NaN,NaN,NaN,NaN,NaN,NaN,NaN,NaN,NaN,NaN,NaN,NaN,NaN,NaN,NaN,NaN,NaN,NaN,NaN,NaN,NaN,NaN,NaN,287,NaN
2022-02-08 00:00:00,NaN,NaN,NaN,NaN,NaN,NaN,NaN,NaN,NaN,NaN,NaN,NaN,NaN,NaN,NaN,NaN,NaN,NaN,NaN,NaN,NaN,NaN,NaN,NaN,NaN,NaN,NaN,300,NaN
2022-02-09 00:00:00,NaN,NaN,NaN,NaN,NaN,NaN,NaN,NaN,NaN,NaN,NaN,NaN,NaN,NaN,NaN,NaN,NaN,NaN,NaN,NaN,NaN,NaN,NaN,NaN,NaN,NaN,NaN,305,NaN
2022-02-10 00:00:00,NaN,NaN,NaN,NaN,NaN,NaN,NaN,NaN,NaN,NaN,NaN,NaN,NaN,NaN,NaN,NaN,NaN,NaN,NaN,NaN,NaN,NaN,NaN,NaN,NaN,NaN,NaN,305,NaN
2022-02-11 00:00:00,NaN,NaN,NaN,NaN,NaN,NaN,NaN,NaN,NaN,NaN,NaN,NaN,NaN,NaN,NaN,NaN,NaN,NaN,NaN,NaN,NaN,NaN,NaN,NaN,NaN,NaN,NaN,313,NaN
2022-02-12 00:00:00,NaN,NaN,NaN,NaN,NaN,NaN,NaN,NaN,NaN,NaN,NaN,NaN,NaN,NaN,NaN,NaN,NaN,NaN,NaN,NaN,NaN,NaN,NaN,NaN,NaN,NaN,NaN,301,NaN
2022-02-13 00:00:00,NaN,NaN,NaN,NaN,NaN,NaN,NaN,NaN,NaN,NaN,NaN,NaN,NaN,NaN,NaN,NaN,NaN,NaN,NaN,NaN,NaN,NaN,NaN,NaN,NaN,NaN,NaN,294,NaN
2022-02-14 00:00:00,NaN,NaN,NaN,NaN,NaN,NaN,NaN,NaN,NaN,NaN,NaN,NaN,NaN,NaN,NaN,NaN,NaN,NaN,NaN,NaN,NaN,NaN,NaN,NaN,NaN,NaN,NaN,301,NaN
2022-02-15 00:00:00,NaN,NaN,NaN,NaN,NaN,NaN,NaN,NaN,NaN,NaN,NaN,NaN,NaN,NaN,NaN,NaN,NaN,NaN,NaN,NaN,NaN,NaN,NaN,NaN,NaN,NaN,NaN,303,NaN
2022-02-16 00:00:00,NaN,NaN,NaN,NaN,NaN,NaN,NaN,NaN,NaN,NaN,NaN,NaN,NaN,NaN,NaN,NaN,NaN,NaN,NaN,NaN,NaN,NaN,NaN,NaN,NaN,NaN,NaN,309,NaN
2022-02-17 00:00:00,NaN,NaN,NaN,NaN,NaN,NaN,NaN,NaN,NaN,NaN,NaN,NaN,NaN,NaN,NaN,NaN,NaN,NaN,NaN,NaN,NaN,NaN,NaN,NaN,NaN,NaN,NaN,287,NaN
2022-02-18 00:00:00,NaN,NaN,NaN,NaN,NaN,NaN,NaN,NaN,NaN,NaN,NaN,NaN,NaN,NaN,NaN,NaN,NaN,NaN,NaN,NaN,NaN,NaN,NaN,NaN,NaN,NaN,NaN,289,NaN
2022-02-19 00:00:00,NaN,NaN,NaN,NaN,NaN,NaN,NaN,NaN,NaN,NaN,NaN,NaN,NaN,NaN,NaN,NaN,NaN,NaN,NaN,NaN,NaN,NaN,NaN,NaN,NaN,NaN,NaN,296,NaN
2022-02-20 00:00:00,NaN,NaN,NaN,NaN,NaN,NaN,NaN,NaN,NaN,NaN,NaN,NaN,NaN,NaN,NaN,NaN,NaN,NaN,NaN,NaN,NaN,NaN,NaN,NaN,NaN,NaN,NaN,308,NaN
2022-02-21 00:00:00,NaN,NaN,NaN,NaN,NaN,NaN,NaN,NaN,NaN,NaN,NaN,NaN,NaN,NaN,NaN,NaN,NaN,NaN,NaN,NaN,NaN,NaN,NaN,NaN,NaN,NaN,NaN,320,NaN
2022-02-22 00:00:00,NaN,NaN,NaN,NaN,NaN,NaN,NaN,NaN,NaN,NaN,NaN,NaN,NaN,NaN,NaN,NaN,NaN,NaN,NaN,NaN,NaN,NaN,NaN,NaN,NaN,NaN,NaN,306,NaN
2022-02-23 00:00:00,NaN,NaN,NaN,NaN,NaN,NaN,NaN,NaN,NaN,NaN,NaN,NaN,NaN,NaN,NaN,NaN,NaN,NaN,NaN,NaN,NaN,NaN,NaN,NaN,NaN,NaN,NaN,303,NaN
2022-02-24 00:00:00,NaN,NaN,NaN,NaN,NaN,NaN,NaN,NaN,NaN,NaN,NaN,NaN,NaN,NaN,NaN,NaN,NaN,NaN,NaN,NaN,NaN,NaN,NaN,NaN,NaN,NaN,NaN,302,NaN
2022-02-25 00:00:00,NaN,NaN,NaN,NaN,NaN,NaN,NaN,NaN,NaN,NaN,NaN,NaN,NaN,NaN,NaN,NaN,NaN,NaN,NaN,NaN,NaN,NaN,NaN,NaN,NaN,NaN,NaN,300,NaN
2022-02-26 00:00:00,NaN,NaN,NaN,NaN,NaN,NaN,NaN,NaN,NaN,NaN,NaN,NaN,NaN,NaN,NaN,NaN,NaN,NaN,NaN,NaN,NaN,NaN,NaN,NaN,NaN,NaN,NaN,297,NaN
2022-02-27 00:00:00,NaN,NaN,NaN,NaN,NaN,NaN,NaN,NaN,NaN,NaN,NaN,NaN,NaN,NaN,NaN,NaN,NaN,NaN,NaN,NaN,NaN,NaN,NaN,NaN,NaN,NaN,NaN,300,NaN
2022-02-28 00:00:00,NaN,NaN,NaN,NaN,NaN,NaN,NaN,NaN,NaN,NaN,NaN,NaN,NaN,NaN,NaN,NaN,NaN,NaN,NaN,NaN,NaN,NaN,NaN,NaN,NaN,NaN,NaN,303,NaN
2022-03-01 00:00:00,NaN,NaN,NaN,NaN,NaN,NaN,NaN,NaN,NaN,NaN,NaN,NaN,NaN,NaN,NaN,NaN,NaN,NaN,NaN,NaN,NaN,NaN,NaN,NaN,NaN,NaN,NaN,302,NaN
2022-03-02 00:00:00,NaN,NaN,NaN,NaN,NaN,NaN,NaN,NaN,NaN,NaN,NaN,NaN,NaN,NaN,NaN,NaN,NaN,NaN,NaN,NaN,NaN,NaN,NaN,NaN,NaN,NaN,NaN,309,NaN
2022-03-03 00:00:00,NaN,NaN,NaN,NaN,NaN,NaN,NaN,NaN,NaN,NaN,NaN,NaN,NaN,NaN,NaN,NaN,NaN,NaN,NaN,NaN,NaN,NaN,NaN,NaN,NaN,NaN,NaN,318,NaN
2022-03-04 00:00:00,NaN,NaN,NaN,NaN,NaN,NaN,NaN,NaN,NaN,NaN,NaN,NaN,NaN,NaN,NaN,NaN,NaN,NaN,NaN,NaN,NaN,NaN,NaN,NaN,NaN,NaN,NaN,325,NaN
2022-03-05 00:00:00,NaN,NaN,NaN,NaN,NaN,NaN,NaN,NaN,NaN,NaN,NaN,NaN,NaN,NaN,NaN,NaN,NaN,NaN,NaN,NaN,NaN,NaN,NaN,NaN,NaN,NaN,NaN,324,NaN
2022-03-06 00:00:00,NaN,NaN,NaN,NaN,NaN,NaN,NaN,NaN,NaN,NaN,NaN,NaN,NaN,NaN,NaN,NaN,NaN,NaN,NaN,NaN,NaN,NaN,NaN,NaN,NaN,NaN,NaN,300,NaN
2022-03-07 00:00:00,NaN,NaN,NaN,NaN,NaN,NaN,NaN,NaN,NaN,NaN,NaN,NaN,NaN,NaN,NaN,NaN,NaN,NaN,NaN,NaN,NaN,NaN,NaN,NaN,NaN,NaN,NaN,283,NaN
2022-03-08 00:00:00,NaN,NaN,NaN,NaN,NaN,NaN,NaN,NaN,NaN,NaN,NaN,NaN,NaN,NaN,NaN,NaN,NaN,NaN,NaN,NaN,NaN,NaN,NaN,NaN,NaN,NaN,NaN,291,NaN
2022-03-09 00:00:00,NaN,NaN,NaN,NaN,NaN,NaN,NaN,NaN,NaN,NaN,NaN,NaN,NaN,NaN,NaN,NaN,NaN,NaN,NaN,NaN,NaN,NaN,NaN,NaN,NaN,NaN,NaN,300,NaN
2022-03-10 00:00:00,NaN,NaN,NaN,NaN,NaN,NaN,NaN,NaN,NaN,NaN,NaN,NaN,NaN,NaN,NaN,NaN,NaN,NaN,NaN,NaN,NaN,NaN,NaN,NaN,NaN,NaN,NaN,279,NaN
2022-03-11 00:00:00,NaN,NaN,NaN,NaN,NaN,NaN,NaN,NaN,NaN,NaN,NaN,NaN,NaN,NaN,NaN,NaN,NaN,NaN,NaN,NaN,NaN,NaN,NaN,NaN,NaN,NaN,NaN,285,NaN
2022-03-12 00:00:00,NaN,NaN,NaN,NaN,NaN,NaN,NaN,NaN,NaN,NaN,NaN,NaN,NaN,NaN,NaN,NaN,NaN,NaN,NaN,NaN,NaN,NaN,NaN,NaN,NaN,NaN,NaN,293,NaN
2022-03-13 00:00:00,NaN,NaN,NaN,NaN,NaN,NaN,NaN,NaN,NaN,NaN,NaN,NaN,NaN,NaN,NaN,NaN,NaN,NaN,NaN,NaN,NaN,NaN,NaN,NaN,NaN,NaN,NaN,302,NaN
2022-03-14 00:00:00,NaN,NaN,NaN,NaN,NaN,NaN,NaN,NaN,NaN,NaN,NaN,NaN,NaN,NaN,NaN,NaN,NaN,NaN,NaN,NaN,NaN,NaN,NaN,NaN,NaN,NaN,NaN,295,NaN
2022-03-15 00:00:00,NaN,NaN,NaN,NaN,NaN,NaN,NaN,NaN,NaN,NaN,NaN,NaN,NaN,NaN,NaN,NaN,NaN,NaN,NaN,NaN,NaN,NaN,NaN,NaN,NaN,NaN,NaN,292,NaN
2022-03-16 00:00:00,NaN,NaN,NaN,NaN,NaN,NaN,NaN,NaN,NaN,NaN,NaN,NaN,NaN,NaN,NaN,NaN,NaN,NaN,NaN,NaN,NaN,NaN,NaN,NaN,NaN,NaN,NaN,315,NaN
2022-03-17 00:00:00,NaN,NaN,NaN,NaN,NaN,NaN,NaN,NaN,NaN,NaN,NaN,NaN,NaN,NaN,NaN,NaN,NaN,NaN,NaN,NaN,NaN,NaN,NaN,NaN,NaN,NaN,NaN,299,NaN
2022-03-18 00:00:00,NaN,NaN,NaN,NaN,NaN,NaN,NaN,NaN,NaN,NaN,NaN,NaN,NaN,NaN,NaN,NaN,NaN,NaN,NaN,NaN,NaN,NaN,NaN,NaN,NaN,NaN,NaN,292,NaN
2022-03-19 00:00:00,NaN,NaN,NaN,NaN,NaN,NaN,NaN,NaN,NaN,NaN,NaN,NaN,NaN,NaN,NaN,NaN,NaN,NaN,NaN,NaN,NaN,NaN,NaN,NaN,NaN,NaN,NaN,303,NaN
2022-03-20 00:00:00,NaN,NaN,NaN,NaN,NaN,NaN,NaN,NaN,NaN,NaN,NaN,NaN,NaN,NaN,NaN,NaN,NaN,NaN,NaN,NaN,NaN,NaN,NaN,NaN,NaN,NaN,NaN,320,NaN
2022-03-21 00:00:00,NaN,NaN,NaN,NaN,NaN,NaN,NaN,NaN,NaN,NaN,NaN,NaN,NaN,NaN,NaN,NaN,NaN,NaN,NaN,NaN,NaN,NaN,NaN,NaN,NaN,NaN,NaN,319,NaN
2022-03-22 00:00:00,NaN,NaN,NaN,NaN,NaN,NaN,NaN,NaN,NaN,NaN,NaN,NaN,NaN,NaN,NaN,NaN,NaN,NaN,NaN,NaN,NaN,NaN,NaN,NaN,NaN,NaN,NaN,314,NaN
2022-03-23 00:00:00,NaN,NaN,NaN,NaN,NaN,NaN,NaN,NaN,NaN,NaN,NaN,NaN,NaN,NaN,NaN,NaN,NaN,NaN,NaN,NaN,NaN,NaN,NaN,NaN,NaN,NaN,NaN,313,NaN
2022-03-24 00:00:00,NaN,NaN,NaN,NaN,NaN,NaN,NaN,NaN,NaN,NaN,NaN,NaN,NaN,NaN,NaN,NaN,NaN,NaN,NaN,NaN,NaN,NaN,NaN,NaN,NaN,NaN,NaN,315,NaN
2022-03-25 00:00:00,NaN,NaN,NaN,NaN,NaN,NaN,NaN,NaN,NaN,NaN,NaN,NaN,NaN,NaN,NaN,NaN,NaN,NaN,NaN,NaN,NaN,NaN,NaN,NaN,NaN,NaN,NaN,325,NaN
2022-03-26 00:00:00,NaN,NaN,NaN,NaN,NaN,NaN,NaN,NaN,NaN,NaN,NaN,NaN,NaN,NaN,NaN,NaN,NaN,NaN,NaN,NaN,NaN,NaN,NaN,NaN,NaN,NaN,NaN,330,NaN
2022-03-27 00:00:00,NaN,NaN,NaN,NaN,NaN,NaN,NaN,NaN,NaN,NaN,NaN,NaN,NaN,NaN,NaN,NaN,NaN,NaN,NaN,NaN,NaN,NaN,NaN,NaN,NaN,NaN,NaN,321,NaN
2022-03-28 00:00:00,NaN,NaN,NaN,NaN,NaN,NaN,NaN,NaN,NaN,NaN,NaN,NaN,NaN,NaN,NaN,NaN,NaN,NaN,NaN,NaN,NaN,NaN,NaN,NaN,NaN,NaN,NaN,318,NaN
2022-03-29 00:00:00,NaN,NaN,NaN,NaN,NaN,NaN,NaN,NaN,NaN,NaN,NaN,NaN,NaN,NaN,NaN,NaN,NaN,NaN,NaN,NaN,NaN,NaN,NaN,NaN,NaN,NaN,NaN,333,NaN
2022-03-30 00:00:00,NaN,NaN,NaN,NaN,NaN,NaN,NaN,NaN,NaN,NaN,NaN,NaN,NaN,NaN,NaN,NaN,NaN,NaN,NaN,NaN,NaN,NaN,NaN,NaN,NaN,NaN,NaN,337,NaN
2022-03-31 00:00:00,NaN,NaN,NaN,NaN,NaN,NaN,NaN,NaN,NaN,NaN,NaN,NaN,NaN,NaN,NaN,NaN,NaN,NaN,NaN,NaN,NaN,NaN,NaN,NaN,NaN,NaN,NaN,331,NaN
2022-04-01 00:00:00,NaN,NaN,NaN,NaN,NaN,NaN,NaN,NaN,NaN,NaN,NaN,NaN,NaN,NaN,NaN,NaN,NaN,NaN,NaN,NaN,NaN,NaN,NaN,NaN,NaN,NaN,NaN,328,NaN
2022-04-02 00:00:00,NaN,NaN,NaN,NaN,NaN,NaN,NaN,NaN,NaN,NaN,NaN,NaN,NaN,NaN,NaN,NaN,NaN,NaN,NaN,NaN,NaN,NaN,NaN,NaN,NaN,NaN,NaN,328,NaN
2022-04-03 00:00:00,NaN,NaN,NaN,NaN,NaN,NaN,NaN,NaN,NaN,NaN,NaN,NaN,NaN,NaN,NaN,NaN,NaN,NaN,NaN,NaN,NaN,NaN,NaN,NaN,NaN,NaN,NaN,351,NaN
2022-04-04 00:00:00,NaN,NaN,NaN,NaN,NaN,NaN,NaN,NaN,NaN,NaN,NaN,NaN,NaN,NaN,NaN,NaN,NaN,NaN,NaN,NaN,NaN,NaN,NaN,NaN,NaN,NaN,NaN,350,NaN
2022-04-05 00:00:00,NaN,NaN,NaN,NaN,NaN,NaN,NaN,NaN,NaN,NaN,NaN,NaN,NaN,NaN,NaN,NaN,NaN,NaN,NaN,NaN,NaN,NaN,NaN,NaN,NaN,NaN,NaN,352,NaN
2022-04-06 00:00:00,NaN,NaN,NaN,NaN,NaN,NaN,NaN,NaN,NaN,NaN,NaN,NaN,NaN,NaN,NaN,NaN,NaN,NaN,NaN,NaN,NaN,NaN,NaN,NaN,NaN,NaN,NaN,329,NaN
2022-04-07 00:00:00,NaN,NaN,NaN,NaN,NaN,NaN,NaN,NaN,NaN,NaN,NaN,NaN,NaN,NaN,NaN,NaN,NaN,NaN,NaN,NaN,NaN,NaN,NaN,NaN,NaN,NaN,NaN,335,NaN
2022-04-08 00:00:00,NaN,NaN,NaN,NaN,NaN,NaN,NaN,NaN,NaN,NaN,NaN,NaN,NaN,NaN,NaN,NaN,NaN,NaN,NaN,NaN,NaN,NaN,NaN,NaN,NaN,NaN,NaN,335,NaN
2022-04-09 00:00:00,NaN,NaN,NaN,NaN,NaN,NaN,NaN,NaN,NaN,NaN,NaN,NaN,NaN,NaN,NaN,NaN,NaN,NaN,NaN,NaN,NaN,NaN,NaN,NaN,NaN,NaN,NaN,351,NaN
2022-04-10 00:00:00,NaN,NaN,NaN,NaN,NaN,NaN,NaN,NaN,NaN,NaN,NaN,NaN,NaN,NaN,NaN,NaN,NaN,NaN,NaN,NaN,NaN,NaN,NaN,NaN,NaN,NaN,NaN,352,NaN
2022-04-11 00:00:00,NaN,NaN,NaN,NaN,NaN,NaN,NaN,NaN,NaN,NaN,NaN,NaN,NaN,NaN,NaN,NaN,NaN,NaN,NaN,NaN,NaN,NaN,NaN,NaN,NaN,NaN,NaN,341,NaN
2022-04-12 00:00:00,NaN,NaN,NaN,NaN,NaN,NaN,NaN,NaN,NaN,NaN,NaN,NaN,NaN,NaN,NaN,NaN,NaN,NaN,NaN,NaN,NaN,NaN,NaN,NaN,NaN,NaN,NaN,326,NaN
2022-04-13 00:00:00,NaN,NaN,NaN,NaN,NaN,NaN,NaN,NaN,NaN,NaN,NaN,NaN,NaN,NaN,NaN,NaN,NaN,NaN,NaN,NaN,NaN,NaN,NaN,NaN,NaN,NaN,NaN,312,NaN
2022-04-14 00:00:00,NaN,NaN,NaN,NaN,NaN,NaN,NaN,NaN,NaN,NaN,NaN,NaN,NaN,NaN,NaN,NaN,NaN,NaN,NaN,NaN,NaN,NaN,NaN,NaN,NaN,NaN,NaN,312,NaN
2022-04-15 00:00:00,NaN,NaN,NaN,NaN,NaN,NaN,NaN,NaN,NaN,NaN,NaN,NaN,NaN,NaN,NaN,NaN,NaN,NaN,NaN,NaN,NaN,NaN,NaN,NaN,NaN,NaN,NaN,326,NaN
2022-04-16 00:00:00,NaN,NaN,NaN,NaN,NaN,NaN,NaN,NaN,NaN,NaN,NaN,NaN,NaN,NaN,NaN,NaN,NaN,NaN,NaN,NaN,NaN,NaN,NaN,NaN,NaN,NaN,NaN,328,NaN
2022-04-17 00:00:00,NaN,NaN,NaN,NaN,NaN,NaN,NaN,NaN,NaN,NaN,NaN,NaN,NaN,NaN,NaN,NaN,NaN,NaN,NaN,NaN,NaN,NaN,NaN,NaN,NaN,NaN,NaN,333,NaN
2022-04-18 00:00:00,NaN,NaN,NaN,NaN,NaN,NaN,NaN,NaN,NaN,NaN,NaN,NaN,NaN,NaN,NaN,NaN,NaN,NaN,NaN,NaN,NaN,NaN,NaN,NaN,NaN,NaN,NaN,315,NaN
2022-04-19 00:00:00,NaN,NaN,NaN,NaN,NaN,NaN,NaN,NaN,NaN,NaN,NaN,NaN,NaN,NaN,NaN,NaN,NaN,NaN,NaN,NaN,NaN,NaN,NaN,NaN,NaN,NaN,NaN,350,NaN
2022-04-20 00:00:00,NaN,NaN,NaN,NaN,NaN,NaN,NaN,NaN,NaN,NaN,NaN,NaN,NaN,NaN,NaN,NaN,NaN,NaN,NaN,NaN,NaN,NaN,NaN,NaN,NaN,NaN,NaN,354,NaN
2022-04-21 00:00:00,NaN,NaN,NaN,NaN,NaN,NaN,NaN,NaN,NaN,NaN,NaN,NaN,NaN,NaN,NaN,NaN,NaN,NaN,NaN,NaN,NaN,NaN,NaN,NaN,NaN,NaN,NaN,359,NaN
2022-04-22 00:00:00,NaN,NaN,NaN,NaN,NaN,NaN,NaN,NaN,NaN,NaN,NaN,NaN,NaN,NaN,NaN,NaN,NaN,NaN,NaN,NaN,NaN,NaN,NaN,NaN,NaN,NaN,NaN,367,NaN
2022-04-23 00:00:00,NaN,NaN,NaN,NaN,NaN,NaN,NaN,NaN,NaN,NaN,NaN,NaN,NaN,NaN,NaN,NaN,NaN,NaN,NaN,NaN,NaN,NaN,NaN,NaN,NaN,NaN,NaN,367,NaN
2022-04-24 00:00:00,NaN,NaN,NaN,NaN,NaN,NaN,NaN,NaN,NaN,NaN,NaN,NaN,NaN,NaN,NaN,NaN,NaN,NaN,NaN,NaN,NaN,NaN,NaN,NaN,NaN,NaN,NaN,365,NaN
2022-04-25 00:00:00,NaN,NaN,NaN,NaN,NaN,NaN,NaN,NaN,NaN,NaN,NaN,NaN,NaN,NaN,NaN,NaN,NaN,NaN,NaN,NaN,NaN,NaN,NaN,NaN,NaN,NaN,NaN,368,NaN
2022-04-26 00:00:00,NaN,NaN,NaN,NaN,NaN,NaN,NaN,NaN,NaN,NaN,NaN,NaN,NaN,NaN,NaN,NaN,NaN,NaN,NaN,NaN,NaN,NaN,NaN,NaN,NaN,NaN,NaN,368,NaN
2022-04-27 00:00:00,NaN,NaN,NaN,NaN,NaN,NaN,NaN,NaN,NaN,NaN,NaN,NaN,NaN,NaN,NaN,NaN,NaN,NaN,NaN,NaN,NaN,NaN,NaN,NaN,NaN,NaN,NaN,375,NaN
2022-04-28 00:00:00,NaN,NaN,NaN,NaN,NaN,NaN,NaN,NaN,NaN,NaN,NaN,NaN,NaN,NaN,NaN,NaN,NaN,NaN,NaN,NaN,NaN,NaN,NaN,NaN,NaN,NaN,NaN,377,NaN
2022-04-29 00:00:00,NaN,NaN,NaN,NaN,NaN,NaN,NaN,NaN,NaN,NaN,NaN,NaN,NaN,NaN,NaN,NaN,NaN,NaN,NaN,NaN,NaN,NaN,NaN,NaN,NaN,NaN,NaN,383,NaN
2022-04-30 00:00:00,NaN,NaN,NaN,NaN,NaN,NaN,NaN,NaN,NaN,NaN,NaN,NaN,NaN,NaN,NaN,NaN,NaN,NaN,NaN,NaN,NaN,NaN,NaN,NaN,NaN,NaN,NaN,354,NaN
2022-05-01 00:00:00,NaN,NaN,NaN,NaN,NaN,NaN,NaN,NaN,NaN,NaN,NaN,NaN,NaN,NaN,NaN,NaN,NaN,NaN,NaN,NaN,NaN,NaN,NaN,NaN,NaN,NaN,NaN,383,NaN
2022-05-02 00:00:00,NaN,NaN,NaN,NaN,NaN,NaN,NaN,NaN,NaN,NaN,NaN,NaN,NaN,NaN,NaN,NaN,NaN,NaN,NaN,NaN,NaN,NaN,NaN,NaN,NaN,NaN,NaN,374,NaN
2022-05-03 00:00:00,NaN,NaN,NaN,NaN,NaN,NaN,NaN,NaN,NaN,NaN,NaN,NaN,NaN,NaN,NaN,NaN,NaN,NaN,NaN,NaN,NaN,NaN,NaN,NaN,NaN,NaN,NaN,386,NaN
2022-05-04 00:00:00,NaN,NaN,NaN,NaN,NaN,NaN,NaN,NaN,NaN,NaN,NaN,NaN,NaN,NaN,NaN,NaN,NaN,NaN,NaN,NaN,NaN,NaN,NaN,NaN,NaN,NaN,NaN,393,NaN
2022-05-05 00:00:00,NaN,NaN,NaN,NaN,NaN,NaN,NaN,NaN,NaN,NaN,NaN,NaN,NaN,NaN,NaN,NaN,NaN,NaN,NaN,NaN,NaN,NaN,NaN,NaN,NaN,NaN,NaN,399,NaN
2022-05-06 00:00:00,NaN,NaN,NaN,NaN,NaN,NaN,NaN,NaN,NaN,NaN,NaN,NaN,NaN,NaN,NaN,NaN,NaN,NaN,NaN,NaN,NaN,NaN,NaN,NaN,NaN,NaN,NaN,392,NaN
2022-05-07 00:00:00,NaN,NaN,NaN,NaN,NaN,NaN,NaN,NaN,NaN,NaN,NaN,NaN,NaN,NaN,NaN,NaN,NaN,NaN,NaN,NaN,NaN,NaN,NaN,NaN,NaN,NaN,NaN,400,NaN
2022-05-08 00:00:00,NaN,NaN,NaN,NaN,NaN,NaN,NaN,NaN,NaN,NaN,NaN,NaN,NaN,NaN,NaN,NaN,NaN,NaN,NaN,NaN,NaN,NaN,NaN,NaN,NaN,NaN,NaN,411,NaN
2022-05-09 00:00:00,NaN,NaN,NaN,NaN,NaN,NaN,NaN,NaN,NaN,NaN,NaN,NaN,NaN,NaN,NaN,NaN,NaN,NaN,NaN,NaN,NaN,NaN,NaN,NaN,NaN,NaN,NaN,418,NaN
2022-05-10 00:00:00,NaN,NaN,NaN,NaN,NaN,NaN,NaN,NaN,NaN,NaN,NaN,NaN,NaN,NaN,NaN,NaN,NaN,NaN,NaN,NaN,NaN,NaN,NaN,NaN,NaN,NaN,NaN,405,NaN
2022-05-11 00:00:00,NaN,NaN,NaN,NaN,NaN,NaN,NaN,NaN,NaN,NaN,NaN,NaN,NaN,NaN,NaN,NaN,NaN,NaN,NaN,NaN,NaN,NaN,NaN,NaN,NaN,NaN,NaN,418,NaN
2022-05-12 00:00:00,NaN,NaN,NaN,NaN,NaN,NaN,NaN,NaN,NaN,NaN,NaN,NaN,NaN,NaN,NaN,NaN,NaN,NaN,NaN,NaN,NaN,NaN,NaN,NaN,NaN,NaN,NaN,418,NaN
2022-05-13 00:00:00,NaN,NaN,NaN,NaN,NaN,NaN,NaN,NaN,NaN,NaN,NaN,NaN,NaN,NaN,NaN,NaN,NaN,NaN,NaN,NaN,NaN,NaN,NaN,NaN,NaN,NaN,NaN,417,NaN
2022-05-14 00:00:00,NaN,NaN,NaN,NaN,NaN,NaN,NaN,NaN,NaN,NaN,NaN,NaN,NaN,NaN,NaN,NaN,NaN,NaN,NaN,NaN,NaN,NaN,NaN,NaN,NaN,NaN,NaN,414,NaN
2022-05-15 00:00:00,NaN,NaN,NaN,NaN,NaN,NaN,NaN,NaN,NaN,NaN,NaN,NaN,NaN,NaN,NaN,NaN,NaN,NaN,NaN,NaN,NaN,NaN,NaN,NaN,NaN,NaN,NaN,411,NaN
2022-05-16 00:00:00,NaN,NaN,NaN,NaN,NaN,NaN,NaN,NaN,NaN,NaN,NaN,NaN,NaN,NaN,NaN,NaN,NaN,NaN,NaN,NaN,NaN,NaN,NaN,NaN,NaN,NaN,NaN,434,NaN
2022-05-17 00:00:00,NaN,NaN,NaN,NaN,NaN,NaN,NaN,NaN,NaN,NaN,NaN,NaN,NaN,NaN,NaN,NaN,NaN,NaN,NaN,NaN,NaN,NaN,NaN,NaN,NaN,NaN,NaN,428,NaN
2022-05-18 00:00:00,NaN,NaN,NaN,NaN,NaN,NaN,NaN,NaN,NaN,NaN,NaN,NaN,NaN,NaN,NaN,NaN,NaN,NaN,NaN,NaN,NaN,NaN,NaN,NaN,NaN,NaN,NaN,432,NaN
2022-05-19 00:00:00,NaN,NaN,NaN,NaN,NaN,NaN,NaN,NaN,NaN,NaN,NaN,NaN,NaN,NaN,NaN,NaN,NaN,NaN,NaN,NaN,NaN,NaN,NaN,NaN,NaN,NaN,NaN,425,NaN
2022-05-20 00:00:00,NaN,NaN,NaN,NaN,NaN,NaN,NaN,NaN,NaN,NaN,NaN,NaN,NaN,NaN,NaN,NaN,NaN,NaN,NaN,NaN,NaN,NaN,NaN,NaN,NaN,NaN,NaN,440,NaN
2022-05-21 00:00:00,NaN,NaN,NaN,NaN,NaN,NaN,NaN,NaN,NaN,NaN,NaN,NaN,NaN,NaN,NaN,NaN,NaN,NaN,NaN,NaN,NaN,NaN,NaN,NaN,NaN,NaN,NaN,349,NaN
2022-05-22 00:00:00,NaN,NaN,NaN,NaN,NaN,NaN,NaN,NaN,NaN,NaN,NaN,NaN,NaN,NaN,NaN,NaN,NaN,NaN,NaN,NaN,NaN,NaN,NaN,NaN,NaN,NaN,NaN,416,NaN
2022-05-23 00:00:00,NaN,NaN,NaN,NaN,NaN,NaN,NaN,NaN,NaN,NaN,NaN,NaN,NaN,NaN,NaN,NaN,NaN,NaN,NaN,NaN,NaN,NaN,NaN,NaN,NaN,NaN,NaN,428,NaN
2022-05-24 00:00:00,NaN,NaN,NaN,NaN,NaN,NaN,NaN,NaN,NaN,NaN,NaN,NaN,NaN,NaN,NaN,NaN,NaN,NaN,NaN,NaN,NaN,NaN,NaN,NaN,NaN,NaN,NaN,419,NaN
2022-05-25 00:00:00,NaN,NaN,NaN,NaN,NaN,NaN,NaN,NaN,NaN,NaN,NaN,NaN,NaN,NaN,NaN,NaN,NaN,NaN,NaN,NaN,NaN,NaN,NaN,NaN,NaN,NaN,NaN,379,NaN
2022-05-26 00:00:00,NaN,NaN,NaN,NaN,NaN,NaN,NaN,NaN,NaN,NaN,NaN,NaN,NaN,NaN,NaN,NaN,NaN,NaN,NaN,NaN,NaN,NaN,NaN,NaN,NaN,NaN,NaN,464,NaN
2022-05-27 00:00:00,NaN,NaN,NaN,NaN,NaN,NaN,NaN,NaN,NaN,NaN,NaN,NaN,NaN,NaN,NaN,NaN,NaN,NaN,NaN,NaN,NaN,NaN,NaN,NaN,NaN,NaN,NaN,473,NaN
2022-05-28 00:00:00,NaN,NaN,NaN,NaN,NaN,NaN,NaN,NaN,NaN,NaN,NaN,NaN,NaN,NaN,NaN,NaN,NaN,NaN,NaN,NaN,NaN,NaN,NaN,NaN,NaN,NaN,NaN,470,NaN
2022-05-29 00:00:00,NaN,NaN,NaN,NaN,NaN,NaN,NaN,NaN,NaN,NaN,NaN,NaN,NaN,NaN,NaN,NaN,NaN,NaN,NaN,NaN,NaN,NaN,NaN,NaN,NaN,NaN,NaN,475,NaN
2022-05-30 00:00:00,NaN,NaN,NaN,NaN,NaN,NaN,NaN,NaN,NaN,NaN,NaN,NaN,NaN,NaN,NaN,NaN,NaN,NaN,NaN,NaN,NaN,NaN,NaN,NaN,NaN,NaN,NaN,448,NaN
2022-05-31 00:00:00,NaN,NaN,NaN,NaN,NaN,NaN,NaN,NaN,NaN,NaN,NaN,NaN,NaN,NaN,NaN,NaN,NaN,NaN,NaN,NaN,NaN,NaN,NaN,NaN,NaN,NaN,NaN,471,NaN
2022-06-01 00:00:00,NaN,NaN,NaN,NaN,NaN,NaN,NaN,NaN,NaN,NaN,NaN,NaN,NaN,NaN,NaN,NaN,NaN,NaN,NaN,NaN,NaN,NaN,NaN,NaN,NaN,NaN,NaN,422,NaN
2022-06-02 00:00:00,NaN,NaN,NaN,NaN,NaN,NaN,NaN,NaN,NaN,NaN,NaN,NaN,NaN,NaN,NaN,NaN,NaN,NaN,NaN,NaN,NaN,NaN,NaN,NaN,NaN,NaN,NaN,426,NaN
2022-06-03 00:00:00,NaN,NaN,NaN,NaN,NaN,NaN,NaN,NaN,NaN,NaN,NaN,NaN,NaN,NaN,NaN,NaN,NaN,NaN,NaN,NaN,NaN,NaN,NaN,NaN,NaN,NaN,NaN,425,NaN
2022-06-04 00:00:00,NaN,NaN,NaN,NaN,NaN,NaN,NaN,NaN,NaN,NaN,NaN,NaN,NaN,NaN,NaN,NaN,NaN,NaN,NaN,NaN,NaN,NaN,NaN,NaN,NaN,NaN,NaN,464,NaN
2022-06-05 00:00:00,NaN,NaN,NaN,NaN,NaN,NaN,NaN,NaN,NaN,NaN,NaN,NaN,NaN,NaN,NaN,NaN,NaN,NaN,NaN,NaN,NaN,NaN,NaN,NaN,NaN,NaN,NaN,475,NaN
2022-06-06 00:00:00,NaN,NaN,NaN,NaN,NaN,NaN,NaN,NaN,NaN,NaN,NaN,NaN,NaN,NaN,NaN,NaN,NaN,NaN,NaN,NaN,NaN,NaN,NaN,NaN,NaN,NaN,NaN,478,NaN
2022-06-07 00:00:00,NaN,NaN,NaN,NaN,NaN,NaN,NaN,NaN,NaN,NaN,NaN,NaN,NaN,NaN,NaN,NaN,NaN,NaN,NaN,NaN,NaN,NaN,NaN,NaN,NaN,NaN,NaN,534,NaN
2022-06-08 00:00:00,NaN,NaN,NaN,NaN,NaN,NaN,NaN,NaN,NaN,NaN,NaN,NaN,NaN,NaN,NaN,NaN,NaN,NaN,NaN,NaN,NaN,NaN,NaN,NaN,NaN,NaN,NaN,527,NaN
2022-06-09 00:00:00,NaN,NaN,NaN,NaN,NaN,NaN,NaN,NaN,NaN,NaN,NaN,NaN,NaN,NaN,NaN,NaN,NaN,NaN,NaN,NaN,NaN,NaN,NaN,NaN,NaN,NaN,NaN,515,NaN
2022-06-10 00:00:00,NaN,NaN,NaN,NaN,NaN,NaN,NaN,NaN,NaN,NaN,NaN,NaN,NaN,NaN,NaN,NaN,NaN,NaN,NaN,NaN,NaN,NaN,NaN,NaN,NaN,NaN,NaN,551,NaN
2022-06-11 00:00:00,NaN,NaN,NaN,NaN,NaN,NaN,NaN,NaN,NaN,NaN,NaN,NaN,NaN,NaN,NaN,NaN,NaN,NaN,NaN,NaN,NaN,NaN,NaN,NaN,NaN,NaN,NaN,500,NaN
2022-06-12 00:00:00,NaN,NaN,NaN,NaN,NaN,NaN,NaN,NaN,NaN,NaN,NaN,NaN,NaN,NaN,NaN,NaN,NaN,NaN,NaN,NaN,NaN,NaN,NaN,NaN,NaN,NaN,NaN,500,NaN
2022-06-13 00:00:00,NaN,NaN,NaN,NaN,NaN,NaN,NaN,NaN,NaN,NaN,NaN,NaN,NaN,NaN,NaN,NaN,NaN,NaN,NaN,NaN,NaN,NaN,NaN,NaN,NaN,NaN,NaN,500,NaN
2022-06-14 00:00:00,NaN,NaN,NaN,NaN,NaN,NaN,NaN,NaN,NaN,NaN,NaN,NaN,NaN,NaN,NaN,NaN,NaN,NaN,NaN,NaN,NaN,NaN,NaN,NaN,NaN,NaN,NaN,500,NaN
2022-06-15 00:00:00,NaN,NaN,NaN,NaN,NaN,NaN,NaN,NaN,NaN,NaN,NaN,NaN,NaN,NaN,NaN,NaN,NaN,NaN,NaN,NaN,NaN,NaN,NaN,NaN,NaN,NaN,NaN,500,NaN
2022-06-16 00:00:00,NaN,NaN,NaN,NaN,NaN,NaN,NaN,NaN,NaN,NaN,NaN,NaN,NaN,NaN,NaN,NaN,NaN,NaN,NaN,NaN,NaN,NaN,NaN,NaN,NaN,NaN,NaN,500,NaN
2022-06-17 00:00:00,NaN,NaN,NaN,NaN,NaN,NaN,NaN,NaN,NaN,NaN,NaN,NaN,NaN,NaN,NaN,NaN,NaN,NaN,NaN,NaN,NaN,NaN,NaN,NaN,NaN,NaN,NaN,500,NaN
2022-06-18 00:00:00,NaN,NaN,NaN,NaN,NaN,NaN,NaN,NaN,NaN,NaN,NaN,NaN,NaN,NaN,NaN,NaN,NaN,NaN,NaN,NaN,NaN,NaN,NaN,NaN,NaN,NaN,NaN,500,NaN
2022-06-19 00:00:00,NaN,NaN,NaN,NaN,NaN,NaN,NaN,NaN,NaN,NaN,NaN,NaN,NaN,NaN,NaN,NaN,NaN,NaN,NaN,NaN,NaN,NaN,NaN,NaN,NaN,NaN,NaN,500,NaN
2022-06-20 00:00:00,NaN,NaN,NaN,NaN,NaN,NaN,NaN,NaN,NaN,NaN,NaN,NaN,NaN,NaN,NaN,NaN,NaN,NaN,NaN,NaN,NaN,NaN,NaN,NaN,NaN,NaN,NaN,500,NaN
2022-06-21 00:00:00,NaN,NaN,NaN,NaN,NaN,NaN,NaN,NaN,NaN,NaN,NaN,NaN,NaN,NaN,NaN,NaN,NaN,NaN,NaN,NaN,NaN,NaN,NaN,NaN,NaN,NaN,NaN,500,NaN
2022-06-22 00:00:00,NaN,NaN,NaN,NaN,NaN,NaN,NaN,NaN,NaN,NaN,NaN,NaN,NaN,NaN,NaN,NaN,NaN,NaN,NaN,NaN,NaN,NaN,NaN,NaN,NaN,NaN,NaN,500,NaN
2022-06-23 00:00:00,NaN,NaN,NaN,NaN,NaN,NaN,NaN,NaN,NaN,NaN,NaN,NaN,NaN,NaN,NaN,NaN,NaN,NaN,NaN,NaN,NaN,NaN,NaN,NaN,NaN,NaN,NaN,500,NaN
2022-06-24 00:00:00,NaN,NaN,NaN,NaN,NaN,NaN,NaN,NaN,NaN,NaN,NaN,NaN,NaN,NaN,NaN,NaN,NaN,NaN,NaN,NaN,NaN,NaN,NaN,NaN,NaN,NaN,NaN,500,NaN
2022-06-25 00:00:00,NaN,NaN,NaN,NaN,NaN,NaN,NaN,NaN,NaN,NaN,NaN,NaN,NaN,NaN,NaN,NaN,NaN,NaN,NaN,NaN,NaN,NaN,NaN,NaN,NaN,NaN,NaN,500,NaN
2022-06-26 00:00:00,NaN,NaN,NaN,NaN,NaN,NaN,NaN,NaN,NaN,NaN,NaN,NaN,NaN,NaN,NaN,NaN,NaN,NaN,NaN,NaN,NaN,NaN,NaN,NaN,NaN,NaN,NaN,500,NaN
2022-06-27 00:00:00,NaN,NaN,NaN,NaN,NaN,NaN,NaN,NaN,NaN,NaN,NaN,NaN,NaN,NaN,NaN,NaN,NaN,NaN,NaN,NaN,NaN,NaN,NaN,NaN,NaN,NaN,NaN,500,NaN
2022-06-28 00:00:00,NaN,NaN,NaN,NaN,NaN,NaN,NaN,NaN,NaN,NaN,NaN,NaN,NaN,NaN,NaN,NaN,NaN,NaN,NaN,NaN,NaN,NaN,NaN,NaN,NaN,NaN,NaN,500,NaN
2022-06-29 00:00:00,NaN,NaN,NaN,NaN,NaN,NaN,NaN,NaN,NaN,NaN,NaN,NaN,NaN,NaN,NaN,NaN,NaN,NaN,NaN,NaN,NaN,NaN,NaN,NaN,NaN,NaN,NaN,500,NaN
2022-06-30 00:00:00,NaN,NaN,NaN,NaN,NaN,NaN,NaN,NaN,NaN,NaN,NaN,NaN,NaN,NaN,NaN,NaN,NaN,NaN,NaN,NaN,NaN,NaN,NaN,NaN,NaN,NaN,NaN,500,NaN
2022-07-01 00:00:00,NaN,NaN,NaN,NaN,NaN,NaN,NaN,NaN,NaN,NaN,NaN,NaN,NaN,NaN,NaN,NaN,NaN,NaN,NaN,NaN,NaN,NaN,NaN,NaN,NaN,NaN,NaN,500,NaN
2022-10-01 00:00:00,NaN,NaN,NaN,NaN,NaN,NaN,NaN,NaN,NaN,NaN,NaN,NaN,NaN,NaN,NaN,NaN,NaN,NaN,NaN,NaN,NaN,NaN,NaN,NaN,NaN,NaN,NaN,250,NaN
2022-10-02 00:00:00,NaN,NaN,NaN,NaN,NaN,NaN,NaN,NaN,NaN,NaN,NaN,NaN,NaN,NaN,NaN,NaN,NaN,NaN,NaN,NaN,NaN,NaN,NaN,NaN,NaN,NaN,NaN,250,NaN
2022-10-03 00:00:00,NaN,NaN,NaN,NaN,NaN,NaN,NaN,NaN,NaN,NaN,NaN,NaN,NaN,NaN,NaN,NaN,NaN,NaN,NaN,NaN,NaN,NaN,NaN,NaN,NaN,NaN,NaN,250,NaN
2022-10-04 00:00:00,NaN,NaN,NaN,NaN,NaN,NaN,NaN,NaN,NaN,NaN,NaN,NaN,NaN,NaN,NaN,NaN,NaN,NaN,NaN,NaN,NaN,NaN,NaN,NaN,NaN,NaN,NaN,250,NaN
2022-10-05 00:00:00,NaN,NaN,NaN,NaN,NaN,NaN,NaN,NaN,NaN,NaN,NaN,NaN,NaN,NaN,NaN,NaN,NaN,NaN,NaN,NaN,NaN,NaN,NaN,NaN,NaN,NaN,NaN,250,NaN
2022-10-06 00:00:00,NaN,NaN,NaN,NaN,NaN,NaN,NaN,NaN,NaN,NaN,NaN,NaN,NaN,NaN,NaN,NaN,NaN,NaN,NaN,NaN,NaN,NaN,NaN,NaN,NaN,NaN,NaN,250,NaN
2022-10-07 00:00:00,NaN,NaN,NaN,NaN,NaN,NaN,NaN,NaN,NaN,NaN,NaN,NaN,NaN,NaN,NaN,NaN,NaN,NaN,NaN,NaN,NaN,NaN,NaN,NaN,NaN,NaN,NaN,250,NaN
2022-10-08 00:00:00,NaN,NaN,NaN,NaN,NaN,NaN,NaN,NaN,NaN,NaN,NaN,NaN,NaN,NaN,NaN,NaN,NaN,NaN,NaN,NaN,NaN,NaN,NaN,NaN,NaN,NaN,NaN,250,NaN
2022-10-09 00:00:00,5,13.1127272727273,6.95509090909091,24.0081818181818,2.16,204.981818181818,2.18745454545455,-0.00131818181818182,273.485127272727,NaN,NaN,NaN,NaN,NaN,NaN,NaN,NaN,0.413727272727273,1.18872727272727,243.272727272727,0.413727272727273,254.863636363636,25.9000909090909,NaN,NaN,NaN,NaN,250,-0.0329545454545455
2022-10-10 00:00:00,22.5,13.2670833333333,5.745,41.1375,2.15983333333333,217.529166666667,2.182375,0.00192916666666667,196.601116666667,NaN,-74.8,-71.07,172.2,NaN,NaN,-243.2,NaN,0.959375,2.154625,229.38225,0.959375,250.2875,46.6416666666667,NaN,NaN,NaN,NaN,250,0.0482291666666667
2022-10-11 00:00:00,46.5,13.2845833333333,5.09554166666667,41.3858333333333,2.15245833333333,224.058333333333,2.1725,0.00758333333333334,176.663804166667,NaN,-1162.325,-478,-303.45,NaN,NaN,-338.7,NaN,2.03333333333333,3.869375,250.820833333333,2.03333333333333,262.391666666667,52.5575,NaN,NaN,NaN,NaN,250,0.189583333333333
2022-10-12 00:00:00,70.5,13.2441666666667,4.401625,46.16625,2.15633333333333,207.3375,2.17366666666667,0.00641666666666667,166.002841666667,NaN,-976.45,NaN,-399.6,NaN,NaN,NaN,NaN,1.73675,3.47183333333333,249.944166666667,1.73675,262.408333333333,56.5191666666667,NaN,NaN,NaN,NaN,250,0.160416666666667
2022-10-13 00:00:00,94.5,13.2866666666667,2.89454166666667,51.715,2.16291666666667,209.145833333333,2.17441666666667,0.00541666666666667,155.496795833333,NaN,NaN,NaN,NaN,NaN,NaN,NaN,NaN,1.09641666666667,2.35854166666667,236.457916666667,1.09641666666667,259.1875,50.8583333333333,NaN,NaN,NaN,NaN,250,0.135416666666667
2022-10-14 00:00:00,118.5,13.24625,4.972,32.36375,2.15604166666667,203.554166666667,2.175625,0.00470833333333333,162.219291666667,NaN,NaN,NaN,NaN,NaN,NaN,NaN,NaN,1.33383333333333,2.6435,245.055333333333,1.33383333333333,252.1875,47.0304166666667,NaN,NaN,NaN,NaN,250,0.117708333333333
2022-10-15 00:00:00,142.5,13.3079166666667,4.50908333333333,45.73625,2.1575,204.9625,2.17520833333333,0.00495833333333334,159.61815,NaN,-1055,NaN,NaN,NaN,NaN,NaN,NaN,0.990625,1.99145833333333,202.568583333333,0.990625,176.37,41.0891666666667,NaN,NaN,NaN,NaN,250,0.123958333333333
2022-10-16 00:00:00,166.5,13.23,1.45754166666667,70.2741666666667,2.168375,213.145833333333,2.17404166666667,0.00591666666666667,143.695269166667,NaN,NaN,NaN,NaN,NaN,NaN,NaN,NaN,0.603166666666667,1.27616666666667,142.067083333333,0.603166666666667,117.456416666667,38.0834166666667,NaN,NaN,NaN,NaN,250,0.147916666666667
2022-10-17 00:00:00,190.5,13.2470833333333,3.37479166666667,45.5470833333333,2.16429166666667,211.3125,2.1775,0.00254166666666667,78.5396777777778,NaN,NaN,NaN,NaN,NaN,NaN,NaN,NaN,0.681208333333333,1.42191666666667,195.177291666667,0.681208333333333,172.9325,28.6209166666667,NaN,NaN,NaN,NaN,250,0.0635416666666667
2022-10-18 00:00:00,214.5,13.2416666666667,4.45195833333333,31.2954166666667,2.16245833333333,209.733333333333,2.179875,-0.000375,53.21549,NaN,NaN,NaN,NaN,NaN,NaN,NaN,NaN,0.681583333333333,1.40491666666667,170.565833333333,0.681583333333333,153.954166666667,30.44625,NaN,NaN,NaN,NaN,250,-0.009375
2022-10-19 00:00:00,238.5,13.2275,6.69558333333333,25.545,2.15454166666667,207.416666666667,2.18070833333333,-0.000625,64.37699,NaN,NaN,NaN,NaN,NaN,NaN,NaN,NaN,0.968208333333334,1.90125,243.275,0.968208333333334,244.675,31.9679166666667,NaN,NaN,NaN,NaN,250,-0.015625
2022-10-20 00:00:00,262.5,13.2358333333333,6.49020833333333,27.1204166666667,2.15345833333333,207.220833333333,2.17879166666667,0.00125,NaN,NaN,NaN,NaN,NaN,NaN,NaN,NaN,NaN,1.10658333333333,2.32158333333333,221.4775,1.10658333333333,231.158333333333,56.58375,NaN,NaN,NaN,NaN,250,0.03125
2022-10-21 00:00:00,286.5,13.29875,5.221875,30.4725,2.15679166666667,208.6375,2.17729166666667,0.00258333333333333,NaN,NaN,NaN,NaN,NaN,NaN,NaN,NaN,NaN,2.03733333333333,3.708,273.379166666667,2.03733333333333,253.345833333333,53.0170833333333,NaN,NaN,NaN,NaN,250,0.0645833333333334
2022-10-22 00:00:00,310.5,13.2895833333333,4.94554166666667,37.7125,2.15975,205.941666666667,2.17904166666667,0.001,NaN,NaN,NaN,NaN,NaN,NaN,NaN,NaN,NaN,1.923,3.67408333333333,256.854166666667,1.923,245.041666666667,53.75125,NaN,NaN,NaN,NaN,250,0.025
2022-10-23 00:00:00,334.5,13.2395833333333,-1.82429166666667,79.4195833333333,2.15754166666667,227.7,2.150125,0.0259166666666667,NaN,NaN,NaN,NaN,NaN,NaN,NaN,NaN,NaN,1.44258333333333,3.116875,218.008333333333,1.44258333333333,254.4125,52.5508333333333,NaN,NaN,NaN,NaN,250,0.647916666666667
2022-10-24 00:00:00,358.5,13.4470833333333,-9.46825,81.8004166666666,2.16754166666667,196.875,2.129625,0.0492916666666667,NaN,NaN,NaN,NaN,NaN,NaN,NaN,NaN,NaN,1.58433333333333,3.13966666666667,217.464083333333,1.58433333333333,229.116666666667,65.07125,NaN,NaN,NaN,NaN,250,1.23229166666667
2022-10-25 00:00:00,382.5,13.3591666666667,-5.778125,79.94625,2.146625,205.804166666667,2.12366666666667,0.0525,NaN,NaN,NaN,NaN,NaN,NaN,NaN,NaN,NaN,1.48716666666667,2.86625,235.035416666667,1.48716666666667,235.0625,50.6633333333333,NaN,NaN,NaN,NaN,250,1.3125
2022-10-26 00:00:00,406.5,12.9866666666667,-4.11366666666667,79.5208333333333,2.09129166666667,229.6125,2.0755,0.100583333333333,NaN,NaN,NaN,NaN,NaN,NaN,NaN,NaN,NaN,0.928375,2.05758333333333,249.320833333333,0.928375,256.691666666667,50.07375,NaN,NaN,NaN,NaN,250,2.51458333333333
2022-10-27 00:00:00,430.5,12.9533333333333,-6.407125,85.5066666666667,2.010875,232.504166666667,1.987,0.188260416666667,NaN,NaN,NaN,NaN,NaN,NaN,NaN,NaN,NaN,0.463458333333333,1.18929166666667,170.490625,0.463458333333333,119.295833333333,39.8916666666667,NaN,NaN,NaN,NaN,250,4.70651041666667
2022-10-28 00:00:00,454.5,13.22125,-0.7935,33.4641666666667,2.0115,220.904166666667,2.008375,0.17153125,NaN,NaN,372.9,NaN,NaN,NaN,NaN,NaN,NaN,0.995,2.04779166666667,199.87375,0.995,186.719166666667,60.5158333333333,NaN,NaN,NaN,NaN,250,4.28828125
2022-10-29 00:00:00,478.5,13.3941666666667,0.132291666666667,31.3333333333333,2.02854166666667,208.241666666667,2.028875,0.15125,NaN,NaN,-1476,NaN,NaN,NaN,NaN,NaN,NaN,0.704041666666667,1.59258333333333,215.488333333333,0.704041666666667,218.925,46.27375,NaN,NaN,NaN,NaN,250,3.78125
2022-10-30 00:00:00,502.5,13.3325,-0.971541666666667,48.70375,2.04233333333333,198.204166666667,2.03866666666667,0.141708333333333,NaN,NaN,-1328,NaN,NaN,NaN,NaN,NaN,NaN,0.671833333333333,1.51570833333333,230.34125,0.671833333333333,228.195833333333,47.8854166666667,NaN,NaN,NaN,NaN,250,3.54270833333334
2022-10-31 00:00:00,526.5,13.3458333333333,-0.308916666666667,49.3508333333333,2.045,193.858333333333,2.04375,0.1365,NaN,NaN,-448.3,NaN,-135.2,NaN,NaN,NaN,NaN,1.14495833333333,2.40391666666667,216.29,1.14495833333333,223.05,71.35,NaN,NaN,NaN,NaN,250,3.4125
2022-11-01 00:00:00,550.5,13.35125,2.96408333333333,36.93125,2.04283333333333,197.15,2.05379166666667,0.126125,NaN,NaN,NaN,NaN,NaN,NaN,NaN,NaN,NaN,1.05245833333333,2.23704166666667,236.6375,1.05245833333333,230.533333333333,55.0079166666667,NaN,NaN,NaN,NaN,250,3.153125
2022-11-02 00:00:00,574.5,13.315,2.60704166666667,32.4683333333333,2.05641666666667,196.179166666667,2.06616666666667,0.114375,NaN,NaN,-753.9,NaN,-65.42,NaN,NaN,NaN,NaN,1.4085,2.81383333333333,238.8225,1.4085,246.704166666667,49.6833333333333,NaN,NaN,NaN,NaN,250,2.859375
2022-11-03 00:00:00,598.5,13.1775,-3.80116666666667,73.38375,2.045875,214.391666666667,2.03158333333333,0.143583333333333,NaN,NaN,NaN,NaN,NaN,NaN,NaN,NaN,NaN,0.797625,1.93233333333333,193.364166666667,0.797625,193.817916666667,51.2595833333333,NaN,NaN,NaN,NaN,250,3.58958333333333
2022-11-04 00:00:00,622.5,13.3316666666667,-10.4358333333333,79.6645833333333,2.03441666666667,213.4875,1.995125,0.181125,NaN,NaN,NaN,NaN,NaN,NaN,NaN,NaN,NaN,1.67775,3.32745833333333,214.819333333333,1.67775,236.6875,67.8808333333333,NaN,NaN,NaN,NaN,250,4.528125
2022-11-05 00:00:00,646,13.0930434782609,-5.29917391304348,88.7260869565218,2.04134782608696,194.678260869565,2.02152173913043,0.157958333333333,217.54969,NaN,-344.6,NaN,NaN,NaN,NaN,NaN,NaN,2.53052173913043,4.59930434782609,250.401,2.53052173913043,255.85652173913,55.7139130434783,NaN,NaN,NaN,NaN,250,3.94895833333333
2022-11-06 00:00:00,669.5,12.77375,-5.05975,84.2891666666667,1.91870833333333,214.554166666667,1.90070833333333,0.270125,NaN,NaN,NaN,NaN,NaN,NaN,NaN,NaN,NaN,1.198625,2.63654166666667,209.563416666667,1.198625,247.785833333333,54.64625,NaN,NaN,NaN,NaN,250,6.753125
2022-11-07 00:00:00,693.5,13.2458333333333,3.41175,50.69625,1.92770833333333,194.791666666667,1.93970833333333,0.240291666666667,NaN,NaN,-334.4,-706.3,-209.7,NaN,NaN,-567.8,NaN,1.34833333333333,2.93904166666667,213.346041666667,1.34833333333333,243.109583333333,51.8595833333333,NaN,NaN,NaN,NaN,250,6.00729166666667
2022-11-08 00:00:00,717.5,13.25125,4.19716666666667,28.0566666666667,1.96416666666667,193.633333333333,1.97920833333333,0.200958333333333,NaN,NaN,NaN,NaN,NaN,NaN,NaN,NaN,NaN,1.48220833333333,2.995875,217.470625,1.48220833333333,246.995833333333,53.0833333333333,NaN,NaN,NaN,NaN,250,5.02395833333333
2022-11-09 00:00:00,741.5,13.2854166666667,1.49829166666667,40.4770833333333,1.966375,191.216666666667,1.97170833333333,0.208625,NaN,NaN,-1073,NaN,-363.6,NaN,NaN,NaN,NaN,1.706125,3.49470833333333,203.768083333333,1.706125,250.933333333333,59.96875,NaN,NaN,NaN,NaN,250,5.215625
2022-11-10 00:00:00,765.5,13.3425,-10.9383333333333,82.7470833333333,1.93183333333333,199.145833333333,1.89279166666667,0.284125,NaN,NaN,NaN,NaN,NaN,NaN,NaN,NaN,NaN,2.02545833333333,3.841875,228.4115,2.02545833333333,249.383333333333,56.9745833333333,NaN,NaN,NaN,NaN,250,7.103125
2022-11-11 00:00:00,789.5,13.4308333333333,-12.4366666666667,72.1683333333333,1.953875,188.283333333333,1.90870833333333,0.271625,NaN,NaN,NaN,NaN,NaN,NaN,NaN,NaN,NaN,1.25129166666667,2.699125,191.443333333333,1.25129166666667,190.328333333333,72.0216666666667,NaN,NaN,NaN,NaN,189,5.1337125
2022-11-12 00:00:00,813.5,13.3920833333333,-5.216625,31.975,1.9385,192.7625,1.91966666666667,0.260625,NaN,NaN,NaN,NaN,NaN,NaN,NaN,NaN,NaN,0.961958333333333,1.99066666666667,200.291666666667,0.961958333333333,206.566666666667,50.7341666666667,NaN,NaN,NaN,NaN,225,5.8640625
2022-11-13 00:00:00,837.5,13.3775,-5.76183333333333,53.6220833333333,1.94191666666667,194.9125,1.92129166666667,0.25925,NaN,NaN,NaN,NaN,NaN,NaN,NaN,NaN,NaN,1.20120833333333,2.34254166666667,225.864583333333,1.20120833333333,228.067083333333,41.5875,NaN,NaN,NaN,NaN,250,6.48125
2022-11-14 00:00:00,861.5,13.37,-11.9591666666667,75.75125,1.92341666666667,223.933333333333,1.880875,0.299041666666667,NaN,NaN,NaN,NaN,NaN,NaN,NaN,NaN,NaN,0.546875,1.30320833333333,232.125,0.546875,248.961666666667,40.7775,NaN,NaN,NaN,NaN,210,6.279875
2022-11-15 00:00:00,885.5,13.035,-14.4533333333333,78.4133333333333,1.91929166666667,197.595833333333,1.86766666666667,0.309208333333333,NaN,NaN,NaN,NaN,NaN,NaN,NaN,NaN,NaN,0.8585,1.91245833333333,226.607083333333,0.8585,225.464166666667,55.5184583333333,NaN,NaN,NaN,NaN,184,5.68943333333333
2022-11-16 00:00:00,909.5,13.065,-12.4741666666667,75.58125,1.91904166666667,192.904166666667,1.87466666666667,0.305791666666667,NaN,NaN,NaN,NaN,NaN,NaN,NaN,NaN,NaN,1.28720833333333,2.65179166666667,221.596666666667,1.28720833333333,227.646666666667,60.26125,NaN,NaN,NaN,NaN,192,5.8712
2022-11-17 00:00:00,933.5,12.6041666666667,-12.6829166666667,83.70625,1.81133333333333,224.170833333333,1.76870833333333,0.3599375,NaN,NaN,NaN,NaN,NaN,NaN,NaN,NaN,NaN,1.28783333333333,2.624,183.1125,1.28783333333333,215.9675,48.2170833333333,NaN,NaN,NaN,NaN,219,7.88263125
2022-11-18 00:00:00,957.5,12.8045833333333,-15.7008333333333,70.395,1.80804166666667,193.8125,1.755375,0.424375,NaN,NaN,NaN,NaN,NaN,NaN,NaN,NaN,NaN,0.814541666666667,1.82116666666667,197.917916666667,0.814541666666667,182.169583333333,58.80625,NaN,NaN,NaN,NaN,175,7.4265625
2022-11-19 00:00:00,981.5,12.8566666666667,-10.7178333333333,46.3025,1.82345833333333,184.183333333333,1.78725,0.392791666666667,NaN,NaN,NaN,NaN,NaN,NaN,NaN,NaN,NaN,1.27533333333333,2.526125,226.025,1.27533333333333,215.716666666667,57.67625,NaN,NaN,NaN,NaN,193,7.58087916666667
2022-11-20 00:00:00,1005.5,13.1404166666667,-6.213875,32.7195833333333,1.82633333333333,187.7875,1.80533333333333,0.374666666666667,NaN,NaN,NaN,NaN,NaN,NaN,NaN,NaN,NaN,1.31341666666667,2.681125,189.83125,1.31341666666667,159.804208333333,72.8358333333333,NaN,NaN,NaN,NaN,208,7.79306666666667
2022-11-21 00:00:00,1029.5,13.335,-2.91654166666667,21.2020833333333,1.82945833333333,183.233333333333,1.81966666666667,0.3605,NaN,NaN,NaN,NaN,NaN,NaN,NaN,NaN,NaN,1.29525,2.39375,191.22375,1.29525,197.525,47.16375,NaN,NaN,NaN,NaN,224,8.0752
2022-11-22 00:00:00,1053.5,13.3454166666667,-3.50283333333333,20.705,1.84,187.666666666667,1.82808333333333,0.352083333333333,NaN,NaN,NaN,NaN,NaN,NaN,NaN,NaN,NaN,1.06741666666667,2.1325,198.062083333333,1.06741666666667,209.3375,54.4475,NaN,NaN,NaN,NaN,231,8.133125
2022-11-23 00:00:00,1077.5,13.2908333333333,-6.5705,51.6191666666667,1.79741666666667,214.820833333333,1.77591666666667,0.351579545454545,NaN,NaN,NaN,NaN,NaN,NaN,NaN,NaN,NaN,1.30495833333333,2.66370833333333,229.494166666667,1.30495833333333,255.3,50.7891666666667,NaN,NaN,NaN,NaN,231,8.1214875
2022-11-24 00:00:00,1101.5,13.16625,-8.677875,79.025,1.67841666666667,271.091666666667,1.65120833333333,0.384087121212121,NaN,NaN,NaN,NaN,NaN,NaN,NaN,NaN,NaN,0.753083333333333,1.52070833333333,155.167916666667,0.753083333333333,142.430416666667,43.56125,NaN,NaN,NaN,NaN,214,8.21946439393939
2022-11-25 00:00:00,1125.5,13.25625,0.171333333333334,45.5933333333333,1.788,253.525,1.7885,0.390166666666667,NaN,NaN,NaN,NaN,NaN,NaN,NaN,NaN,NaN,0.745583333333333,1.31891666666667,194.263333333333,0.745583333333333,178.7275,29.10625,NaN,NaN,NaN,NaN,200,7.80333333333333
2022-11-26 00:00:00,1149.5,13.3729166666667,-2.34425,58.15,1.81116666666667,226.454166666667,1.803125,0.381125,NaN,NaN,NaN,NaN,NaN,NaN,NaN,NaN,NaN,0.924333333333333,2.02183333333333,193.956666666667,0.924333333333333,191.016666666667,67.66375,NaN,NaN,NaN,NaN,195,7.4319375
2022-11-27 00:00:00,586.5,13.2270833333333,-7.74766666666666,77.4279166666667,1.79441666666667,223.191666666667,1.768875,0.570458333333333,367.255208333333,84.84075,57.1094166666667,-66.4775,-15.1595,0.0455,27.72525,-51.315,-23.59,1.4695,2.89225,204.600375,1.4695,222.2625,62.1025,NaN,NaN,NaN,NaN,200,11.4091666666667
2022-11-28 00:00:00,23.5,13.13125,-7.29554166666667,71.6995833333334,1.7825,215.616666666667,1.75870833333333,0.740333333333333,346.723816666667,18.541125,15.142125,-12.8387916666667,-5.67158333333334,Inf,3.40041666666667,-7.16858333333333,-3.7675,1.35958333333333,2.92016666666667,198.614166666667,1.35958333333333,237.733333333333,64.0495833333333,NaN,NaN,NaN,NaN,212,15.6950666666667
2022-11-29 00:00:00,47.5,12.53875,-15.3129166666667,83.8016666666667,1.65420833333333,238.166666666667,1.60716666666667,0.871083333333333,349.643029166667,11.573875,22.94275,-7.68458333333333,-2.43620833333333,Inf,-11.369375,-5.24825,-16.6169166666667,1.36116666666667,2.83429166666667,239.98375,1.36116666666667,212.735,50.72375,NaN,NaN,NaN,NaN,195,16.986125
2022-11-30 00:00:00,71.5,12.6545833333333,-7.73395833333333,54.2641666666667,1.67995833333333,197.15,1.65595833333333,0.844041666666667,347.769970833333,68.1685416666667,40.0302916666667,-70.98,-21.295,Inf,28.1416666666667,-49.6845833333333,-21.5443333333333,1.83370833333333,3.17308333333333,230.354583333333,1.83370833333333,258.533333333333,39.83125,NaN,NaN,NaN,NaN,196,16.5432166666667
2022-12-01 00:00:00,95.5,13.0854166666667,-2.290625,46.7354166666667,1.69670833333333,192.629166666667,1.6895,0.8105,345.03185,75.293625,40.8705416666667,-83.1554166666667,-24.9891666666667,Inf,34.4219166666667,-58.1675,-23.7469583333333,2.11379166666667,3.79225,253.145833333333,2.11379166666667,248.025,56.0641666666667,NaN,NaN,NaN,NaN,210,17.0205
2022-12-02 00:00:00,119.5,13.1179166666667,-9.46445833333333,80.3420833333333,1.62570833333333,212.804166666667,1.59766666666667,0.895458333333333,347.292204166667,14.0804166666667,12.3295,-22.3820416666667,-7.16191666666667,Inf,1.751625,-15.2197083333333,-13.468375,2.036,4.07829166666667,223.659666666667,2.036,261.641666666667,57.5870833333333,NaN,NaN,NaN,NaN,222,19.879175
2022-12-03 00:00:00,143.5,13.32,-6.35766666666667,64.9666666666667,1.61133333333333,206.8,1.5925,0.90825,347.45985,34.9710416666667,27.8414166666667,-40.898625,-16.5952916666667,Inf,7.1325,-24.302625,-17.1707916666667,0.960458333333333,2.09783333333333,249.816666666667,0.960458333333333,256.583333333333,45.7895833333333,NaN,NaN,NaN,NaN,177,16.076025
2022-12-04 00:00:00,167.5,13.2533333333333,-1.268,78.65125,1.62495833333333,208.154166666667,1.62133333333333,0.877791666666667,344.885516666667,48.4141666666667,32.4082083333333,-16.9066666666667,-8.35825,-Inf,15.9981666666667,-8.5495,7.452625,1.44158333333333,2.83258333333333,246.491666666667,1.44158333333333,253.283333333333,51.01875,NaN,NaN,NaN,NaN,209,18.3458458333333
2022-12-05 00:00:00,191.5,13.045,-4.79066666666667,85.9429166666667,1.60095833333333,218.595833333333,1.58695833333333,0.913291666666667,345.606529166667,17.87175,15.032125,-8.85708333333333,-3.55041666666667,-614.624461538462,2.83833333333333,-5.306625,-2.46866666666667,1.372875,2.962625,242.529166666667,1.372875,238.433333333333,62.06125,NaN,NaN,NaN,NaN,219,20.0010875
2022-12-06 00:00:00,215.5,12.6020833333333,-9.85245833333333,83.4633333333333,1.43970833333333,230.366666666667,1.41345833333333,1.03316666666667,347.584420833333,14.042125,25.67875,-17.0127916666667,-7.89633333333333,471.386823529412,-11.6342083333333,-9.11683333333333,-20.75025,1.05604166666667,2.48741666666667,215.480458333333,1.05604166666667,241.141666666667,57.99,NaN,NaN,NaN,NaN,225,23.24625
2022-12-07 00:00:00,239.5,13.0375,-6.58975,71.1825,1.52025,199.379166666667,1.50175,0.9985,347.354929166667,40.8810416666667,29.5007916666667,-45.26425,-20.0711666666667,Inf,11.3793333333333,-25.1950833333333,-13.8183333333333,1.149625,2.186875,242.509625,1.149625,252.633333333333,39.4354166666667,NaN,NaN,NaN,NaN,197,19.67045
2022-12-08 00:00:00,263.5,13.3145833333333,-9.92104166666667,77.6329166666667,1.49833333333333,209.133333333333,1.471,1.02908333333333,347.952704166667,26.539,22.55725,-36.4746666666667,-12.3345416666667,Inf,3.98308333333333,-24.1445833333333,-20.162125,1.86954166666667,3.57395833333333,235.00875,1.86954166666667,247.891666666667,48.7933333333333,NaN,NaN,NaN,NaN,208,21.4049333333333
2022-12-09 00:00:00,287.5,13.3504166666667,-8.375875,52.1766666666667,1.511625,194.666666666667,1.48833333333333,1.01166666666667,347.811879166667,48.2685416666667,37.037,-59.31825,-19.1400416666667,NaN,11.2255833333333,-40.1795,-28.9527083333333,1.66283333333333,3.06483333333333,253.7585,1.66283333333333,258.320833333333,47.2191666666667,NaN,NaN,NaN,NaN,208,21.0426666666667
2022-12-10 00:00:00,311.5,13.3004166666667,-6.07395833333333,44.3941666666667,1.53025,179.645833333333,1.51304166666667,0.986958333333333,346.856291666667,68.6493333333333,36.2780833333333,-82.5266666666667,-26.3505416666667,Inf,32.375,-56.1779166666667,-23.8041666666667,1.65608333333333,3.03908333333333,238.80375,1.65608333333333,253.270833333333,40.9391666666667,NaN,NaN,NaN,NaN,215,21.2196041666667
2022-12-11 00:00:00,335.5,13.3175,-1.60141666666667,24.25125,1.541875,190.016666666667,1.53733333333333,0.962666666666666,344.968641666667,70.2735416666666,36.2940833333333,-84.8295833333333,-34.5579166666667,Inf,33.979625,-50.27625,-16.2979166666667,1.147375,2.508625,249.829166666667,1.147375,254.279166666667,54.5820833333333,NaN,NaN,NaN,NaN,224,21.5637333333333
2022-12-12 00:00:00,359.5,13.2954166666667,-3.9785,47.3854166666667,1.55866666666667,199.691666666667,1.54733333333333,0.953333333333333,345.061079166667,63.7682083333333,37.7566666666667,-58.7755833333334,-25.449375,Inf,26.01175,-33.3304166666667,-7.31754166666667,0.918583333333333,2.14333333333333,184.613333333333,0.918583333333333,198.79125,52.3916666666667,NaN,NaN,NaN,NaN,233,22.2126666666667
2022-12-13 00:00:00,383.5,13.4858333333333,-15.0883333333333,80.8483333333333,1.40566666666667,222.716666666667,1.366125,1.13358333333333,349.583379166667,45.2286666666667,34.87975,-9.673125,-2.34579166666667,0.386874999999975,10.3467083333333,-7.32770833333333,3.01883333333333,1.47041666666667,2.988,213.193166666667,1.47041666666667,220.299583333333,78.49625,NaN,NaN,NaN,NaN,204,23.1251
2022-12-14 00:00:00,407.5,13.48625,-14.9216666666667,85.9541666666667,1.28429166666667,241.666666666667,1.248625,1.23916666666667,350.1622875,34.37125,28.2323333333333,-10.2095833333333,-2.25575,Inf,6.14545833333333,-7.95416666666667,-1.80941666666667,2.25375,3.97466666666667,233.722916666667,2.25375,253.266666666667,60.6020833333333,NaN,NaN,NaN,NaN,213,26.39425
2022-12-15 00:00:00,431.5,13.3925,-17.33,82.12125,1.28583333333333,250.179166666667,1.24416666666667,1.2365,350.9710875,40.9672916666667,34.6434583333333,-12.8423333333333,-4.125875,Inf,6.327125,-8.716625,-2.38975,1.60195833333333,3.16466666666667,247.635,1.60195833333333,224.875833333333,64.0566666666667,NaN,NaN,NaN,NaN,209,25.84285
2022-12-16 00:00:00,455.5,13.1275,-19.3120833333333,78.5683333333333,1.27104166666667,251.95,1.225375,1.22330208333333,352.233183333333,67.8225416666667,46.8312083333333,-40.6664166666667,-11.131625,NaN,20.9897916666667,-29.535375,-8.54416666666667,1.460625,3.048,219.617916666667,1.460625,208.664166666667,71.7395833333333,NaN,NaN,NaN,NaN,218,26.6679854166667
2022-12-17 00:00:00,479.5,13.3358333333333,-14.41125,67.5141666666667,1.34091666666667,220.133333333333,1.30508333333333,1.19458333333333,350.685,60.176875,34.2155833333333,-84.0758333333333,-19.8991666666667,-0.3817,25.9605,-64.1725,-38.2170833333333,1.64716666666667,3.11383333333333,202.435,1.64716666666667,221.851666666667,63.65,NaN,NaN,NaN,NaN,218,26.0419166666667
2022-12-18 00:00:00,503.5,13.2825,-8.57429166666667,42.8425,1.35429166666667,232.433333333333,1.332875,1.167125,348.156029166667,69.1765,38.21625,-95.9708333333333,-31.8145833333333,Inf,30.953625,-64.1629166666667,-33.2045833333333,1.27083333333333,2.2875,250.966666666667,1.27083333333333,250.033333333333,35.065,NaN,NaN,NaN,NaN,231,26.9605875
2022-12-19 00:00:00,527.5,13.3516666666667,-11.0416666666667,48.6158333333333,1.38083333333333,227.433333333333,1.352625,1.147375,348.6778125,65.9274166666667,35.1295,-93.4625,-23.5891666666667,-0.34104347826087,30.7973333333333,-69.87625,-39.08,1.86029166666667,3.3505,248.3025,1.86029166666667,246.958333333333,45.8758333333333,NaN,NaN,NaN,NaN,238,27.307525
2022-12-20 00:00:00,NaN,12.8318181818182,NaN,NaN,1.39063636363636,207.554545454545,1.36218181818182,NaN,349.272572727273,27.2886363636364,18.5983636363636,-75.0681818181818,-17.0518181818182,-0.815909090909091,NaN,NaN,NaN,NaN,3.13127272727273,246.772727272727,1.87881818181818,247.663636363636,42.4690909090909,NaN,NaN,NaN,NaN,238,NaN
2022-12-21 00:00:00,NaN,NaN,NaN,NaN,NaN,NaN,NaN,NaN,NaN,NaN,NaN,NaN,NaN,NaN,NaN,NaN,NaN,NaN,NaN,NaN,NaN,NaN,NaN,NaN,NaN,NaN,NaN,245,NaN
2022-12-22 00:00:00,NaN,NaN,NaN,NaN,NaN,NaN,NaN,NaN,NaN,NaN,NaN,NaN,NaN,NaN,NaN,NaN,NaN,NaN,NaN,NaN,NaN,NaN,NaN,NaN,NaN,NaN,NaN,232,NaN
2022-12-23 00:00:00,NaN,NaN,NaN,NaN,NaN,NaN,NaN,NaN,NaN,NaN,NaN,NaN,NaN,NaN,NaN,NaN,NaN,NaN,NaN,NaN,NaN,NaN,NaN,NaN,NaN,NaN,NaN,235,NaN
2022-12-24 00:00:00,NaN,NaN,NaN,NaN,NaN,NaN,NaN,NaN,NaN,NaN,NaN,NaN,NaN,NaN,NaN,NaN,NaN,NaN,NaN,NaN,NaN,NaN,NaN,NaN,NaN,NaN,NaN,246,NaN
2022-12-25 00:00:00,NaN,NaN,NaN,NaN,NaN,NaN,NaN,NaN,NaN,NaN,NaN,NaN,NaN,NaN,NaN,NaN,NaN,NaN,NaN,NaN,NaN,NaN,NaN,NaN,NaN,NaN,NaN,256,NaN
2022-12-26 00:00:00,NaN,NaN,NaN,NaN,NaN,NaN,NaN,NaN,NaN,NaN,NaN,NaN,NaN,NaN,NaN,NaN,NaN,NaN,NaN,NaN,NaN,NaN,NaN,NaN,NaN,NaN,NaN,251,NaN
2022-12-27 00:00:00,NaN,NaN,NaN,NaN,NaN,NaN,NaN,NaN,NaN,NaN,NaN,NaN,NaN,NaN,NaN,NaN,NaN,NaN,NaN,NaN,NaN,NaN,NaN,NaN,NaN,NaN,NaN,249,NaN
2022-12-28 00:00:00,NaN,NaN,NaN,NaN,NaN,NaN,NaN,NaN,NaN,NaN,NaN,NaN,NaN,NaN,NaN,NaN,NaN,NaN,NaN,NaN,NaN,NaN,NaN,NaN,NaN,NaN,NaN,246,NaN
2022-12-29 00:00:00,NaN,NaN,NaN,NaN,NaN,NaN,NaN,NaN,NaN,NaN,NaN,NaN,NaN,NaN,NaN,NaN,NaN,NaN,NaN,NaN,NaN,NaN,NaN,NaN,NaN,NaN,NaN,231,NaN
2022-12-30 00:00:00,NaN,NaN,NaN,NaN,NaN,NaN,NaN,NaN,NaN,NaN,NaN,NaN,NaN,NaN,NaN,NaN,NaN,NaN,NaN,NaN,NaN,NaN,NaN,NaN,NaN,NaN,NaN,233,NaN
2022-12-31 00:00:00,NaN,NaN,NaN,NaN,NaN,NaN,NaN,NaN,NaN,NaN,NaN,NaN,NaN,NaN,NaN,NaN,NaN,NaN,NaN,NaN,NaN,NaN,NaN,NaN,NaN,NaN,NaN,219,NaN
2023-01-01 00:00:00,NaN,NaN,NaN,NaN,NaN,NaN,NaN,NaN,NaN,NaN,NaN,NaN,NaN,NaN,NaN,NaN,NaN,NaN,NaN,NaN,NaN,NaN,NaN,NaN,NaN,NaN,NaN,235,NaN
2023-01-02 00:00:00,NaN,NaN,NaN,NaN,NaN,NaN,NaN,NaN,NaN,NaN,NaN,NaN,NaN,NaN,NaN,NaN,NaN,NaN,NaN,NaN,NaN,NaN,NaN,NaN,NaN,NaN,NaN,242,NaN
2023-01-03 00:00:00,NaN,NaN,NaN,NaN,NaN,NaN,NaN,NaN,NaN,NaN,NaN,NaN,NaN,NaN,NaN,NaN,NaN,NaN,NaN,NaN,NaN,NaN,NaN,NaN,NaN,NaN,NaN,239,NaN
2023-01-04 00:00:00,NaN,NaN,NaN,NaN,NaN,NaN,NaN,NaN,NaN,NaN,NaN,NaN,NaN,NaN,NaN,NaN,NaN,NaN,NaN,NaN,NaN,NaN,NaN,NaN,NaN,NaN,NaN,232,NaN
2023-01-05 00:00:00,NaN,NaN,NaN,NaN,NaN,NaN,NaN,NaN,NaN,NaN,NaN,NaN,NaN,NaN,NaN,NaN,NaN,NaN,NaN,NaN,NaN,NaN,NaN,NaN,NaN,NaN,NaN,239,NaN
2023-01-06 00:00:00,NaN,NaN,NaN,NaN,NaN,NaN,NaN,NaN,NaN,NaN,NaN,NaN,NaN,NaN,NaN,NaN,NaN,NaN,NaN,NaN,NaN,NaN,NaN,NaN,NaN,NaN,NaN,252,NaN
2023-01-07 00:00:00,NaN,NaN,NaN,NaN,NaN,NaN,NaN,NaN,NaN,NaN,NaN,NaN,NaN,NaN,NaN,NaN,NaN,NaN,NaN,NaN,NaN,NaN,NaN,NaN,NaN,NaN,NaN,232,NaN
2023-01-08 00:00:00,NaN,NaN,NaN,NaN,NaN,NaN,NaN,NaN,NaN,NaN,NaN,NaN,NaN,NaN,NaN,NaN,NaN,NaN,NaN,NaN,NaN,NaN,NaN,NaN,NaN,NaN,NaN,233,NaN
2023-01-09 00:00:00,NaN,NaN,NaN,NaN,NaN,NaN,NaN,NaN,NaN,NaN,NaN,NaN,NaN,NaN,NaN,NaN,NaN,NaN,NaN,NaN,NaN,NaN,NaN,NaN,NaN,NaN,NaN,243,NaN
2023-01-10 00:00:00,NaN,NaN,NaN,NaN,NaN,NaN,NaN,NaN,NaN,NaN,NaN,NaN,NaN,NaN,NaN,NaN,NaN,NaN,NaN,NaN,NaN,NaN,NaN,NaN,NaN,NaN,NaN,250,NaN
2023-01-11 00:00:00,NaN,NaN,NaN,NaN,NaN,NaN,NaN,NaN,NaN,NaN,NaN,NaN,NaN,NaN,NaN,NaN,NaN,NaN,NaN,NaN,NaN,NaN,NaN,NaN,NaN,NaN,NaN,265,NaN
2023-01-12 00:00:00,NaN,NaN,NaN,NaN,NaN,NaN,NaN,NaN,NaN,NaN,NaN,NaN,NaN,NaN,NaN,NaN,NaN,NaN,NaN,NaN,NaN,NaN,NaN,NaN,NaN,NaN,NaN,254,NaN
2023-01-13 00:00:00,NaN,NaN,NaN,NaN,NaN,NaN,NaN,NaN,NaN,NaN,NaN,NaN,NaN,NaN,NaN,NaN,NaN,NaN,NaN,NaN,NaN,NaN,NaN,NaN,NaN,NaN,NaN,245,NaN
2023-01-14 00:00:00,NaN,NaN,NaN,NaN,NaN,NaN,NaN,NaN,NaN,NaN,NaN,NaN,NaN,NaN,NaN,NaN,NaN,NaN,NaN,NaN,NaN,NaN,NaN,NaN,NaN,NaN,NaN,252,NaN
2023-01-15 00:00:00,NaN,13.5771428571429,NaN,NaN,0.863642857142857,237.721428571429,0.8555,NaN,349.218414285714,52.7791428571429,42.7925,-3.579,-6.90257142857143,0.422,NaN,NaN,NaN,NaN,2.62007142857143,193.014857142857,1.3455,248.442142857143,54.3671428571429,NaN,NaN,NaN,NaN,257,NaN
2023-01-16 00:00:00,1199.5,13.11625,-7.93645833333333,80.695,0.829583333333333,239.816666666667,0.817458333333333,1.6524375,348.5109875,52.4985,36.6529166666667,-23.2632916666667,-8.63183333333333,0.487916666666667,15.8435416666667,-14.6322083333333,1.211,1.81816666666667,3.23783333333333,240.40325,1.81816666666667,257.733333333333,43.595,NaN,NaN,NaN,NaN,247,40.81520625
2023-01-17 00:00:00,1223.5,13.1925,-7.378875,76.9758333333333,0.873458333333333,229.308333333333,0.86175,1.625875,348.664204166667,51.9371666666667,40.7092083333333,-28.308375,-12.0393333333333,-499.3561875,11.2247083333333,-16.26825,-5.044,0.816541666666667,1.62208333333333,195.557333333333,0.816541666666667,151.23975,42.0158333333333,NaN,NaN,NaN,NaN,259,42.1101625
2023-01-18 00:00:00,1247.5,12.63,-11.9341666666667,86.3154166666666,0.639875,212.141666666667,0.625791666666667,1.74435416666667,347.529470833333,16.624875,44.2105,-3.51983333333333,-5.69075,2.10054545454545,-27.5805416666667,2.17075,-25.412375,1.07054166666667,2.04270833333333,152.486666666667,1.07054166666667,122.81925,43.6083333333333,NaN,NaN,NaN,NaN,255,44.48103125
2023-01-19 00:00:00,1271.5,12.8316666666667,-11.5685416666667,57.8275,0.439625,136.452916666667,0.428916666666667,1.71484396453089,347.256045833333,89.559625,54.3189583333333,-65.385,-23.1845833333333,0.0870555555555555,35.2535416666667,-42.2025,-6.952625,1.27558333333333,2.48866666666667,212.841666666667,1.27558333333333,234.120833333333,53.7672916666667,NaN,NaN,NaN,NaN,243,41.6707083381007
2023-01-20 00:00:00,1295.5,12.7891666666667,-12.0505416666667,68.9354166666667,0.867875,239.804166666667,0.848541666666667,1.63902555301297,347.318208333333,70.4175833333333,49.780125,-51.03375,-19.77,Inf,20.6334583333333,-31.2616666666667,-10.626125,0.732291666666667,1.33033333333333,198.497083333333,0.732291666666667,169.466666666667,30.23375,NaN,NaN,NaN,NaN,247,40.4839311594203
2023-01-21 00:00:00,1319.5,12.5954166666667,-14.4266666666667,78.3204166666667,0.879166666666666,277.508333333333,0.855541666666667,1.619125,348.667758333333,47.9773333333333,40.7859583333333,-12.4548333333333,-9.21504166666666,Inf,7.18920833333333,-3.23979166666667,3.94920833333333,0.971791666666667,1.86220833333333,219.777416666667,0.971791666666667,230.920833333333,41.0804166666667,NaN,NaN,NaN,NaN,252,40.80195
2023-01-22 00:00:00,1343.5,12.7954166666667,-10.8440833333333,79.5958333333333,0.809083333333333,245.983333333333,0.792791666666667,1.62944852941177,348.368775,87.120875,51.7667916666667,-49.5857083333333,-17.3929583333333,Inf,35.3607083333333,-32.1912916666667,3.17116666666667,1.15004166666667,2.21104166666667,179.162083333333,1.15004166666667,222.508333333333,49.8858333333333,NaN,NaN,NaN,NaN,259,42.2027169117647
2023-01-23 00:00:00,1367.5,13.0295833333333,-10.2334166666667,79.3933333333333,0.903375,281.783333333333,0.886291666666667,1.63922941176471,350.8364375,82.9424166666667,51.126375,-43.596,-20.4750833333333,Inf,31.8154166666667,-23.1191666666667,8.69637500000001,0.505416666666667,1.252625,149.570333333333,0.505416666666667,148.217375,44.5516666666667,NaN,NaN,NaN,NaN,258,42.2921188235294
2023-01-24 00:00:00,1391.5,13.3920833333333,-12.9866666666667,79.6420833333333,0.933875,270.629166666667,0.911416666666667,1.64854705882353,348.058816666667,63.03825,48.2544583333333,-31.4322916666667,-12.9355833333333,Inf,14.781875,-18.49825,-3.71545833333333,1.01866666666667,2.19895833333333,177.26875,1.01866666666667,191.254166666667,65.0075,NaN,NaN,NaN,NaN,265,43.6864970588235
2023-01-25 00:00:00,1415.5,13.0866666666667,-15.865,75.9441666666667,0.829833333333333,260.225,0.8055,1.68531666666667,349.0059625,59.6984166666667,46.5740416666667,-0.501083333333333,-6.409,Inf,13.1206666666667,5.90795833333333,19.02825,1.2015,2.44625,225.535916666667,1.2015,254.1,51.5283333333333,NaN,NaN,NaN,NaN,262,44.1552966666667
2023-01-26 00:00:00,1439.5,13.3166666666667,-14.9383333333333,80.0470833333333,0.792958333333333,244.05,0.771125,1.68858333333333,348.955558333333,71.6247916666667,54.0608333333334,-26.3382083333333,-7.99975,Inf,17.5704166666667,-18.339625,-0.768291666666666,1.800875,3.33445833333333,205.61125,1.800875,220.885,64.8095833333334,NaN,NaN,NaN,NaN,250,42.2145833333333
2023-01-27 00:00:00,1463.5,13.00375,-10.3155833333333,85.5941666666667,0.61975,214.1,0.607666666666666,1.84551822916667,352.122416666667,36.8124583333333,30.3401666666667,-8.31354166666667,-3.5245,-1142.18785714286,6.46904166666667,-4.78829166666667,1.67983333333333,1.660625,3.12541666666667,238.970833333333,1.660625,248.095833333333,50.93125,NaN,NaN,NaN,NaN,256,47.2452666666667
2023-01-28 00:00:00,1487.5,12.97,-10.7920833333333,84.7533333333333,0.584375,240.0125,0.572791666666667,1.91517172181373,351.5948375,34.1848333333333,38.6284166666667,-3.38054166666667,-3.589125,-420.611105263158,-4.446125,0.208708333333334,-4.23766666666667,1.44883333333333,2.853625,236.869166666667,1.44883333333333,251.520833333333,53.4479166666667,NaN,NaN,NaN,NaN,239,45.772604151348
2023-01-29 00:00:00,1511.5,12.99125,-10.2458333333333,88.25,0.534125,265.629166666667,0.524041666666667,1.98287254901961,352.728383333333,25.712375,23.8115416666667,-3.08379166666667,-2.8375,0.21215,1.90041666666667,-0.245708333333333,1.65445833333333,1.11920833333333,2.519,236.1625,1.11920833333333,250.575,62.3245833333333,NaN,NaN,NaN,NaN,244,48.3820901960785
2023-01-30 00:00:00,1535.5,12.5929166666667,-14.3908333333333,85.3,0.331541666666667,198.890416666667,0.323166666666667,2.1168431372549,351.093183333333,23.12725,19.775875,-3.13258333333333,-3.02508333333333,Inf,3.35020833333333,-0.10725,3.243,1.36358333333333,2.83341666666667,237.941666666667,1.36358333333333,243.766666666667,54.4775,NaN,NaN,NaN,NaN,234,49.5341294117647
2023-01-31 00:00:00,1559.5,13.01125,-16.9254166666667,54.8704166666667,0.516041666666667,229.7125,0.499958333333333,2.00413602941176,349.451275,111.420958333333,65.691375,-70.886,-23.1095833333333,Inf,45.7302916666667,-47.777,-2.043125,1.44408333333333,2.704,165.776166666667,1.44408333333333,206.275,65.9079166666667,NaN,NaN,NaN,NaN,229,45.8947150735294
2023-02-01 00:00:00,1583.5,13.1670833333333,-11.5385,75.0741666666667,0.585458333333333,204.783333333333,0.573041666666667,1.92704166666667,350.419454166667,97.4231666666667,60.6146666666667,-77.2533333333333,-19.8475,Inf,36.804875,-57.4070833333333,-20.598875,1.42791666666667,2.92266666666667,182.917083333333,1.42791666666667,187.212083333333,79.2983333333333,NaN,NaN,NaN,NaN,240,46.249
2023-02-02 00:00:00,1607.5,13.3766666666667,-8.53908333333333,59.2166666666667,0.62475,244.3875,0.615,1.87466666666667,350.4254375,115.096166666667,65.3715833333333,-80.7975,-25.9141666666667,Inf,49.7297916666667,-54.8875,-5.16,1.28575,2.61166666666667,212.05,1.28575,192.40625,73.795,NaN,NaN,NaN,NaN,252,47.2416
2023-02-03 00:00:00,1631.5,13.41875,-4.43508333333333,30.2895833333333,0.673666666666667,260.2625,0.668083333333333,1.83202083333333,348.320425,108.71375,68.8278333333333,-98.225,-36.1470833333333,Inf,39.8827916666667,-62.0945833333333,-22.2134583333333,1.14616666666667,2.22754166666667,237.966666666667,1.14616666666667,228.2,52.3375,NaN,NaN,NaN,NaN,258,47.2661375
2023-02-04 00:00:00,1655.5,13.4516666666667,-5.41533333333333,43.7841666666667,0.699791666666667,217.816666666667,0.692583333333333,1.80020175438596,344.435075,106.412833333333,64.4957916666667,-80.7645833333333,-24.7091666666667,Inf,41.9184583333333,-56.06075,-14.1405416666667,1.949875,3.36495833333333,230.64125,1.949875,253.175,44.7541666666667,NaN,NaN,NaN,NaN,262,47.1652859649123
2023-02-05 00:00:00,1679.5,13.4583333333333,-2.61433333333333,40.0408333333333,0.726708333333333,230.458333333333,0.723291666666667,1.76663157894737,345.244354166667,94.5362083333333,65.7742083333333,-63.3775,-24.5479166666667,Inf,28.7655833333333,-38.82875,-10.0599166666667,1.59933333333333,3.06054166666667,242.225,1.59933333333333,248.595833333333,54.5233333333333,NaN,NaN,NaN,NaN,271,47.8757157894737
2023-02-06 00:00:00,1703.5,13.135,-10.2716666666667,83.5454166666667,0.613791666666667,229.9375,0.60225,1.85958333333333,346.3611625,82.4759166666667,64.9172916666667,-6.89891666666667,-6.77916666666667,0.2588,17.5564583333333,-0.12025,17.4344583333333,1.16329166666667,2.46504166666667,240.9,1.16329166666667,249.8125,58.3991666666667,NaN,NaN,NaN,NaN,280,52.0683333333333
2023-02-07 00:00:00,1727.5,13.2525,-9.3605,69.09625,0.630416666666667,239.2875,0.619666666666666,1.876625,347.433508333333,90.169375,73.5123333333334,-47.5715833333333,-26.5108333333333,Inf,16.6597083333333,-21.0566666666667,-4.395125,1.11608333333333,2.20983333333333,189.50625,1.11608333333333,203.062083333333,66.1283333333333,NaN,NaN,NaN,NaN,263,49.3552375
2023-02-08 00:00:00,1751.5,13.3858333333333,-10.0455416666667,79.36375,0.640041666666667,238.116666666667,0.62825,1.86691666666667,347.700429166667,73.5999583333333,54.4002083333333,-27.5587916666667,-9.42729166666667,0.584571428571429,19.198,-18.131375,1.06154166666667,1.46729166666667,2.96179166666667,200.34525,1.46729166666667,215.219583333333,67.1225,NaN,NaN,NaN,NaN,257,47.9797583333333
2023-02-09 00:00:00,1775.5,13.1345833333333,-15.02125,74.6866666666667,0.399583333333333,204.604166666667,0.388666666666667,1.92790322580645,348.108245833333,59.028,64.1062083333333,-23.19225,-13.5089583333333,Inf,-5.07920833333333,-9.68279166666667,-14.7613333333333,1.07541666666667,2.36254166666667,218.025,1.07541666666667,219.081708333333,61.2783333333333,NaN,NaN,NaN,NaN,267,51.4750161290323
2023-02-10 00:00:00,1799.5,13.2995833333333,-7.331,41.2795833333333,0.622333333333333,245.654166666667,0.614041666666667,1.87938844086022,348.191958333333,128.405833333333,78.4399166666667,-84.625,-33.3916666666667,0.5274,49.9618333333333,-51.227125,-1.26125,1.28370833333333,2.322,208.320416666667,1.28370833333333,219.641666666667,57.9545833333333,NaN,NaN,NaN,NaN,259,48.6761606182796
2023-02-11 00:00:00,1823.5,13.4175,-0.0245833333333333,26.0333333333333,0.630041666666667,237.504166666667,0.629583333333333,1.83691666666667,348.9442625,117.808458333333,77.92725,-101.745833333333,-43.5458333333333,Inf,39.8835416666667,-58.1979166666667,-18.3125,1.071375,1.91845833333333,238.575,1.071375,246.091666666667,37.0504166666667,NaN,NaN,NaN,NaN,262,48.1272166666667
2023-02-12 00:00:00,1847.5,13.4554166666667,-3.70420833333333,41.25625,0.694916666666667,233.9375,0.690166666666667,1.8095,344.2158625,106.509958333333,69.041375,-78.6233333333333,-29.54,Inf,37.4638333333333,-49.07875,-11.6165416666667,1.285125,2.461625,222.89,1.285125,231.091666666667,51.5170833333333,NaN,NaN,NaN,NaN,271,49.03745
2023-02-13 00:00:00,1871.5,13.4220833333333,-3.608125,51.4866666666667,0.713291666666667,222.195833333333,0.708583333333333,1.789375,344.831983333333,115.458958333333,73.5999583333333,-80.7883333333333,-29.80725,Inf,41.855625,-50.9862083333333,-9.12916666666667,1.229375,2.38508333333333,235.533333333333,1.229375,240.925,44.595,NaN,NaN,NaN,NaN,271,48.4920625
2023-02-14 00:00:00,1895.5,13.4591666666667,-10.4029583333333,74.08375,0.717791666666667,240.316666666667,0.703833333333333,1.79295833333333,346.0912125,116.47125,73.2125416666667,-41.1335,-12.00125,Inf,43.2587916666667,-29.1280833333333,14.1324583333333,1.659875,2.97533333333333,233.333333333333,1.659875,239.937083333333,47.4791666666667,NaN,NaN,NaN,NaN,284,50.9200166666667
2023-02-15 00:00:00,959.5,13.3366666666667,-18.4591666666667,79.3991666666667,0.621125,239.733333333333,0.60025,1.79749731182796,335.090661666667,82.297,64.2598333333333,-0.314666666666667,-5.726375,Inf,18.0436666666667,5.41195833333333,23.4505833333333,1.09966666666667,1.84120833333333,93.695875,1.09966666666667,136.479375,35.24375,129.831666666667,90.209,-0.3735,-8.835,279,50.150175
2023-02-16 00:00:00,23.5,13.3895833333333,-16.5283333333333,52.4216666666667,0.703625,247.479166666667,0.681958333333333,1.78783602150538,349.6148125,131.264166666667,88.0618333333333,-38.716875,-24.70625,Inf,43.1983333333333,-14.0120833333333,29.1858333333333,1.39991666666667,2.42541666666667,228.8165,1.39991666666667,235.629166666667,39.65375,92.5424166666667,63.3605,-38.664125,-24.64875,278,49.7018413978495
2023-02-17 00:00:00,47.5,13.45375,-7.06841666666667,39.4379166666667,0.734791666666667,222.816666666667,0.725041666666667,1.77470833333333,345.627475,148.486666666667,90.0555,-99.6766666666667,-31.5170833333333,Inf,58.4282083333333,-68.1695833333333,-9.73479166666666,1.56720833333333,2.84845833333333,246.025,1.56720833333333,238.0625,52.9729166666667,48.8133333333334,58.54375,-99.6216666666667,-31.4558333333333,279,49.5143625
2023-02-18 00:00:00,71.5,13.46375,-6.1195,31.4595833333333,0.695458333333333,218.504166666667,0.687875,1.77988333333333,344.175,149.114291666667,90.5649583333333,-103.754166666667,-32.3983333333333,-0.252714285714286,58.556875,-71.355,-12.7992916666667,1.869875,3.19675,258.554166666667,1.869875,257.054166666667,39.80375,45.3679166666667,58.162,-103.704166666667,-32.3395833333333,283,50.3706983333333
2023-02-19 00:00:00,95.5,13.2925,-10.0720833333333,74.8245833333333,0.656666666666667,229.320833333333,0.644291666666667,1.84921666666667,346.176116666667,24.0831666666667,20.4149166666667,-18.79975,-6.44091666666667,615.703153846154,3.66858333333333,-12.3583333333333,-8.68958333333333,2.23970833333333,4.09491666666667,228.195833333333,2.23970833333333,251.095833333333,56.4495833333333,5.28495833333334,13.978625,-18.7155833333333,-6.358625,282,52.14791
2023-02-20 00:00:00,119.5,13.20875,-6.82575,79.8254166666667,0.613125,221.825,0.605375,1.85215277777778,346.263133333333,20.3583333333333,17.596375,-12.9699166666667,-4.78720833333333,NaN,2.76325,-8.18395833333333,-5.41983333333333,2.19254166666667,3.81066666666667,234.0625,2.19254166666667,248.566666666667,47.8091666666667,7.38858333333333,12.8086666666667,-12.8658333333333,-4.682375,281,52.0454930555556
2023-02-21 00:00:00,143.5,13.4254166666667,-3.76191666666667,69.2383333333333,0.654958333333333,235.529166666667,0.650375,1.80508578431372,344.928358333333,117.630458333333,80.2339166666667,-36.1599166666667,-12,Inf,37.3951666666667,-24.16,13.232625,2.15433333333333,3.88454166666667,236.104166666667,2.15433333333333,254.7375,50.40625,81.4692916666667,68.2316666666667,-33.4559523809524,-10.1474761904762,284,51.2644362745098
2023-02-22 00:00:00,167.5,13.3479166666667,-11.390125,81.2666666666667,0.622875,240.2625,0.609833333333333,1.86866421568627,346.508095833333,62.571,47.5770416666667,-4.07041666666667,-4.80495833333333,Inf,14.9895,0.735166666666668,15.7256666666667,1.070875,2.43404166666667,214.462083333333,1.070875,165.149583333333,61.1575,58.4957083333333,42.771,-3.98016666666667,-4.714875,281,52.5094644607843
2023-02-23 00:00:00,191.5,13.5279166666667,-14.6758333333333,69.0429166666667,0.572375,268.025,0.556541666666667,1.86635869565217,347.864854166667,113.74375,84.1602083333333,-25.0985,-8.00633333333333,Inf,29.5764583333333,-17.0917916666667,12.49075,1.25779166666667,2.69591666666667,240.025416666667,1.25779166666667,250.675,65.1866666666667,88.6412083333333,76.1562916666667,-25.0290416666667,-7.93725,270,50.3916847826087
2023-02-24 00:00:00,215.5,13.47875,-10.9841666666667,64.2379166666666,0.602166666666667,268.495833333333,0.589833333333333,1.83567550832793,346.553695833333,62.8890416666667,50.8897083333333,-35.2435833333333,-11.6739166666667,Inf,11.9982916666667,-23.5719166666667,-11.5729166666667,1.52620833333333,3.111375,234.164583333333,1.52620833333333,260.841666666667,60.7233333333333,27.64375,39.22,-35.1662916666667,-11.594,274,50.2975089281852
2023-02-25 00:00:00,239.5,13.3920833333333,-5.18008333333333,59.8058333333333,0.532375,241.195833333333,0.52675,1.83364925373134,347.914570833333,51.4326666666667,40.2083333333333,-41.2654583333333,-17.252,Inf,11.227125,-24.0094166666667,-12.782,1.11383333333333,2.39125,239.446666666667,1.11383333333333,260.2625,59.6304166666667,10.1781666666667,22.9632916666667,-41.1812916666667,-17.1729166666667,277,50.7920843283582
2023-02-26 00:00:00,263.5,13.44125,-2.920375,55.2279166666667,0.54325,209.635416666667,0.540166666666667,1.83185820895522,346.276004166667,100.282291666667,72.7316666666667,-63.8379583333333,-25.3305416666667,Inf,27.56025,-38.5115,-10.9560833333333,1.62404166666667,2.97995833333333,250.042083333333,1.62404166666667,253.420833333333,46.5316666666667,36.4469166666667,47.403125,-61.9811578947368,-22.6293684210526,281,51.4752156716418
2023-02-27 00:00:00,287.5,13.5404166666667,-8.90345833333333,70.9508333333333,0.6745,260.316666666667,0.663333333333333,1.82917447916667,346.07455,70.8097916666667,56.016125,-26.6983333333333,-8.824375,0.245947368421053,14.7932916666667,-17.8733333333333,-3.07979166666667,1.54641666666667,3.113125,248.379166666667,1.54641666666667,253.754166666667,60.40125,44.111375,47.1902916666667,-26.6094583333333,-8.73620833333333,285,52.13147265625
2023-02-28 00:00:00,311.5,13.2454166666667,-11.9925,79.20875,0.592,244.12625,0.579041666666667,1.87529427083333,346.515091666667,46.1980833333333,38.3417083333333,-11.4046666666667,-3.918,615.921076923077,7.85820833333333,-7.48616666666667,0.371208333333334,1.831875,3.76066666666667,242.430416666667,1.831875,257.395833333333,64.9829166666667,34.795875,34.4269166666667,-11.3205416666667,-3.83408333333333,286,53.6334161458333
2023-03-01 00:00:00,335.5,13.4991666666667,-10.6880833333333,65.5108333333333,0.445583333333333,254.607083333333,0.437375,1.89795833333333,347.221875,71.4932916666667,59.3787083333333,-28.5365833333333,-13.4191666666667,Inf,12.1122916666667,-15.11675,-3.00279166666667,0.794958333333333,1.68970833333333,188.34125,0.794958333333333,189.575,48.2558333333333,42.9575416666667,45.9619583333333,-28.4518333333333,-13.3339166666667,285,54.0918125
2023-03-02 00:00:00,359.5,13.43125,-9.244875,64.9895833333333,0.584,253.316666666667,0.573875,1.89017708333333,345.828779166667,175.234541666667,112.309875,-62.4225,-19.6728333333333,Inf,62.94375,-42.7451666666667,20.2,1.610625,2.887125,236.466666666667,1.610625,242.166666666667,47.82375,112.836,92.6430416666667,-62.34425,-19.5993333333333,283,53.4920114583333
2023-03-03 00:00:00,383.5,13.4833333333333,-10.4223333333333,76.2608333333333,0.574625,251.129166666667,0.563333333333333,1.9130625,347.296245833333,61.6829166666667,50.7943333333333,-22.8058333333333,-8.40345833333333,NaN,10.8847916666667,-14.4027083333333,-3.5185,1.585125,3.03216666666667,234.220833333333,1.585125,244.720833333333,49.9991666666667,38.87775,42.3929166666667,-22.7217916666667,-8.31779166666667,282,53.9483625
2023-03-04 00:00:00,407.5,13.6220833333333,-9.013125,54.7654166666667,0.543916666666667,250.35,0.534916666666666,1.95444298245614,345.6406875,120.15875,88.802,-39.811,-15.124875,Inf,31.3531666666667,-24.6858333333333,6.66754166666667,1.605375,3.10279166666667,232.71625,1.605375,252.408333333333,54.8479166666667,80.3482916666667,73.6842083333333,-39.7360833333333,-15.052625,268,52.3790719298245
2023-03-05 00:00:00,431.5,13.3091666666667,-8.97083333333333,79.0245833333333,0.50575,262.058333333333,0.49725,1.96074451754386,346.861179166667,57.2827083333333,47.5753333333334,-9.95333333333333,-5.50975,-1332.46375,9.70020833333333,-4.444125,5.25608333333333,1.2395,2.65125,227.145416666667,1.2395,226.3625,58.7275,47.3277083333333,42.0703333333333,-9.85729166666667,-5.41308333333333,276,54.1165486842105
2023-03-06 00:00:00,455.5,13.2970833333333,-6.88275,60.6883333333333,0.520916666666667,235.3,0.514291666666666,1.98308333333333,346.104679166667,180.961083333333,125.747541666667,-51.8270833333333,-26.6508333333333,444.949277777778,55.2181666666667,-25.17725,30.0374166666667,1.0795,2.38325,236.541666666667,1.0795,242.733333333333,57.65125,129.136666666667,99.0975833333333,-32.3815555555556,-22.5483333333333,267,52.948325
2023-03-07 00:00:00,479.5,13.5958333333333,-7.56579166666667,64.4079166666667,0.576041666666667,195.0625,0.567958333333333,1.93204166666667,346.187195833333,174.896166666667,114.645916666667,-77.7441666666667,-27.1758333333333,Inf,60.249375,-50.5646666666667,9.687,1.06716666666667,2.04083333333333,231.995833333333,1.06716666666667,236.104166666667,48.5375,97.1570833333333,87.4753333333333,-74.2145454545455,-26.1727272727273,267,51.5855125
2023-03-08 00:00:00,503.5,13.5654166666667,-4.87504166666667,42.2375,0.608375,204.125,0.602833333333333,1.896125,344.513891666667,121.560208333333,92.148,-43.925,-20.6525,Inf,29.4207916666667,-23.273,6.1475,1.270875,2.79141666666667,225.48375,1.270875,250.2375,66.5125,77.63625,71.4924166666667,-41.7822727272727,-19.5236363636364,270,51.195375
2023-03-09 00:00:00,527.5,13.5045833333333,-8.51083333333333,64.5654166666667,0.5535,246.5625,0.544791666666667,1.91772916666667,345.111916666667,105.363541666667,79.2013333333333,-40.0675833333333,-13.1690416666667,0.375625,26.1680833333333,-26.9013333333333,-0.732208333333334,1.77854166666667,3.5305,259.241666666667,1.77854166666667,260.508333333333,51.2591666666667,65.2982083333333,66.0251666666666,-39.9890833333333,-13.0855416666667,280,53.6964166666667
2023-03-10 00:00:00,551.5,13.3575,-3.01966666666667,68.03125,0.604666666666667,239.995833333333,0.60125,1.8869375,351.276345833333,58.8409583333333,48.053875,-19.7300833333333,-10.4752916666667,0.558928571428591,10.7803333333333,-9.25745833333333,1.52395833333333,1.554,3.214375,235.051666666667,1.554,257.9,60.4058333333333,39.1046666666667,37.57975,-19.6382916666667,-10.3805,286,53.9664125
2023-03-11 00:00:00,575.5,13.5058333333333,-6.05058333333333,69.9666666666667,0.552041666666667,265.216666666667,0.546041666666667,1.93433333333333,347.721033333333,198.666208333333,128.514875,-51.8065,-14.2195416666667,0.730923076923077,70.1467916666667,-37.59,32.5619166666667,1.89166666666667,3.55770833333333,222.8375,1.89166666666667,253.975,51.1729166666667,146.860458333333,114.295125,-41.9993333333333,-11.5087619047619,284,54.9350666666667
2023-03-12 00:00:00,599.5,13.5108333333333,-7.51008333333333,78.7883333333333,0.549375,296.925,0.541708333333333,1.92901282051282,348.253775,93.0210416666667,73.2354166666667,-22.3777083333333,-7.90495833333333,Inf,19.792875,-14.472375,5.318625,1.38495833333333,2.69070833333333,257.391666666667,1.38495833333333,257.4125,46.4625,70.6454166666667,65.3382083333333,-22.2822916666667,-7.810125,273,52.66205
2023-03-13 00:00:00,623.5,13.5354166666667,-5.326875,74.2295833333333,0.583041666666667,257.954166666667,0.57725,1.90348717948718,350.10125,187.949125,126.321416666667,-55.3166666666667,-15.89575,Inf,61.6276666666667,-39.4160416666667,22.2062083333333,1.596375,3.015125,255.341666666667,1.596375,253.770833333333,55.1466666666667,132.636291666667,110.422333333333,-40.1607777777778,-9.33977777777778,279,53.1072923076923
2023-03-14 00:00:00,647.5,13.56,-2.436625,58.575,0.628791666666667,205.620833333333,0.625958333333333,1.873125,347.7788875,175.403708333333,117.877333333333,-59.5833333333333,-18.6964583333333,Inf,57.5240833333333,-40.8859583333333,16.641,1.899125,3.33658333333333,257.858333333333,1.899125,255.183333333333,46.1741666666667,115.82375,99.1829166666667,-43.4991666666667,-11.7075,278,52.072875
2023-03-15 00:00:00,671.5,13.45125,-1.12333333333333,78.44375,0.626666666666667,238.216666666667,0.625333333333333,1.8755,372.6658,71.381375,58.3609583333334,-10.2657083333333,-8.33683333333333,-443.796333333333,13.0131666666667,-1.92858333333333,11.0838333333333,1.33041666666667,2.66441666666667,228.95375,1.33041666666667,249.05,57.8383333333333,61.1109583333333,50.0312083333333,-10.3841,-6.9466,274,51.3887
2023-03-16 00:00:00,695.5,13.22625,-11.211125,78.9641666666667,0.529541666666667,271.445833333333,0.518416666666667,1.95343452380952,351.161466666667,66.7818333333334,104.228875,0.686791666666667,-13.3359583333333,0.790863636363636,-37.4562083333333,14.0226666666667,-23.42975,0.885208333333333,1.87154166666667,162.987083333333,0.885208333333333,140.3125,56.62375,67.4719583333333,90.8988333333333,0.792291666666667,-13.2297083333333,262,51.1799845238095
2023-03-17 00:00:00,719.5,13.2866666666667,-14.1432083333333,61.84,0.567333333333333,261.133333333333,0.552333333333333,1.93781547619048,350.775804166667,163.867,147.106666666667,-45.8752916666667,-25.9195833333333,NaN,16.7723333333333,-19.9629166666667,-3.205,1.08641666666667,1.91745833333333,218.048166666667,1.08641666666667,236.198208333333,38.95625,117.991833333333,121.191916666667,-45.8175416666667,-25.8479166666667,261,50.5769839285714
2023-03-18 00:00:00,743.5,13.4483333333333,-11.6047916666667,34.5191666666667,0.599166666666667,247.566666666667,0.58625,1.90825,348.259783333333,234.137583333333,149.356125,-100.041666666667,-31.56125,Inf,84.781875,-68.47875,16.302875,1.19179166666667,2.25483333333333,246.020833333333,1.19179166666667,247.020833333333,45.0958333333333,134.102916666667,117.79375,-99.975,-31.4979166666667,269,51.331925
2023-03-19 00:00:00,767.5,13.62125,-7.89616666666667,42.4975,0.611791666666667,233.416666666667,0.602916666666667,1.892875,344.707375,237.574541666667,153.108833333333,-95.2666666666667,-26.7920833333333,Inf,84.4521666666667,-68.4758333333333,15.96625,1.672375,3.047875,246.746666666667,1.672375,254.583333333333,46.79625,142.288333333333,126.31525,-92.9309090909091,-26.3809090909091,275,52.0540625
2023-03-20 00:00:00,791.5,13.2358333333333,-5.87725,77.3241666666667,0.550416666666667,276.845833333333,0.544375,1.88842605633803,348.7801875,69.2162083333333,56.5451666666667,-13.2132083333333,-8.75541666666667,Inf,12.6751666666667,-4.45791666666667,8.21754166666667,0.852208333333333,1.78733333333333,251.558333333333,0.852208333333333,247.495833333333,47.5658333333333,56.0078333333333,47.7892916666666,-13.1127083333333,-8.65508333333334,279,52.687086971831
2023-03-21 00:00:00,815.5,13.2820833333333,-6.80904166666667,72.83125,0.407041666666667,273.666666666667,0.402666666666667,1.90289436619718,346.934091666667,109.156958333333,107.811041666667,-13.075875,-10.4153333333333,NaN,1.34508333333333,-2.66033333333333,-1.32145833333333,1.04795833333333,2.34883333333333,217.6125,1.04795833333333,236.858333333333,52.22875,96.0766666666667,97.4013333333333,-7.62128571428572,-8.7017619047619,274,52.1393056338028
2023-03-22 00:00:00,839.5,13.0729166666667,-4.94083333333333,86.6491666666667,0.635,254.816666666667,0.629166666666667,1.91742957746479,357.727791666667,17.23025,42.9163333333333,-1.43670833333333,-5.04591666666667,Inf,-25.684125,3.60920833333333,-22.080625,1.03458333333333,2.55170833333333,225.8325,1.03458333333333,255.008333333333,64.1383333333333,15.792875,37.8673333333333,-1.53995238095238,-4.36990476190476,270,51.7705985915493
2023-03-23 00:00:00,863.5,13.03,-7.399,78.5445833333333,0.609708333333333,252.916666666667,0.601583333333333,1.93382291666667,354.689375,71.918,115.499541666667,-5.12225,-8.50920833333333,Inf,-43.5786666666667,3.38641666666667,-40.196875,1.41966666666667,2.77691666666667,244.1625,1.41966666666667,248.725,54.9404166666667,66.7970833333333,106.99625,-2.81434782608696,-7.92760869565217,239,46.2183677083333
2023-03-24 00:00:00,887.5,13.13375,-8.43154166666667,75.0733333333333,0.631,259.108333333333,0.621291666666667,1.95570833333333,355.676054166667,171.2305,129.420916666667,-19.5556666666667,-13.1905,Inf,41.802,-6.36170833333333,35.443875,1.273625,2.50691666666667,261.020833333333,1.273625,240.429166666667,56.04625,151.674166666667,116.229541666667,-19.4411666666667,-13.079125,244,47.7192833333333
2023-03-25 00:00:00,911.5,13.19375,-15.255,69.92625,0.601791666666667,245.7125,0.584791666666667,1.94386197916667,347.563029166667,202.3925,144.974458333333,-50.047125,-10.9882083333333,Inf,57.4177916666667,-39.0609166666667,18.358875,2.24770833333333,3.899875,246.508333333333,2.24770833333333,252.3625,48.4633333333333,152.343291666667,133.985625,-49.9667083333333,-10.9040416666667,241,46.8470736979167
2023-03-26 00:00:00,935.5,13.1425,-14.2545833333333,68.22625,0.585041666666667,278.725,0.569375,1.86774665178571,347.824345833333,154.995833333333,118.050541666667,-30.236875,-14.2053333333333,Inf,36.9520833333333,-16.0314166666667,20.925125,0.873291666666667,1.865625,238.508333333333,0.873291666666667,240.7875,46.7641666666667,124.764291666667,103.83675,-30.1563333333333,-14.1250833333333,253,47.2539902901786
2023-03-27 00:00:00,959.5,12.7895833333333,-15.5908333333333,72.295,0.405458333333333,272.675,0.393916666666667,1.85260317460317,348.382741666667,49.4875416666667,89.2905,-0.311583333333333,-9.74933333333333,Inf,-39.8012916666667,9.43741666666667,-30.36325,1.18975,2.37595833333333,237.669583333333,1.18975,253.854166666667,48.7016666666667,49.1704166666667,79.5400833333333,-0.233333333333333,-9.671125,264,48.9087238095238
2023-03-28 00:00:00,983.5,13.2216666666667,-7.714625,36.5766666666667,0.643458333333333,256.291666666667,0.633833333333333,1.8380014619883,348.585629166667,238.74175,166.656625,-51.7725,-27.7191666666667,Inf,72.1172083333333,-24.055375,48.06175,1.6655,2.92683333333333,261.358333333333,1.6655,258.3125,42.4883333333334,186.978958333333,138.932958333333,-26.89925,-24.11125,265,48.7070387426901
2023-03-29 00:00:00,1007.5,13.5620833333333,0.296458333333333,32.115,0.674208333333333,252.325,0.674833333333333,1.79952631578947,354.8255375,203.292416666667,146.5125,-76.9354166666667,-30.5233333333333,Inf,56.7799583333333,-46.4133333333333,10.37,1.54341666666667,2.934625,226.497916666667,1.54341666666667,258.55,49.6579166666667,126.354583333333,115.985291666667,-63.3671428571429,-24.0021428571429,274,49.3070210526316
2023-03-30 00:00:00,1031.5,13.5175,-1.749125,50.23625,0.679916666666667,269.720833333333,0.678,1.79150484496124,348.0025,181.762166666667,127.052666666667,-54.453125,-22.35,Inf,54.6987083333333,-32.0990416666667,22.597625,1.39433333333333,2.919125,255.733333333333,1.39433333333333,253.304166666667,56.1283333333333,127.310416666667,104.704333333333,-37.123375,-15.4916875,278,49.8038346899225
2023-03-31 00:00:00,1055.5,13.1829166666667,-10.1025,87.525,0.553125,259.141666666667,0.54275,1.88961627906977,346.041633333333,66.3234166666667,55.9046666666667,-7.15866666666667,-2.63220833333333,Inf,10.42275,-4.52625,5.89566666666666,2.58695833333333,4.35304166666667,249.420833333333,2.58695833333333,254.895833333333,49.7429166666667,59.1670833333333,53.2712916666667,-7.05579166666667,-2.529375,279,52.7202941860465
2023-04-01 00:00:00,1079.5,13.6141666666667,-3.577125,56.61125,0.64775,229.004166666667,0.643666666666667,1.89250387596899,347.799654166667,244.884125,170.695125,-63.7460416666667,-18.78025,Inf,74.167375,-44.968625,29.19925,2.123,3.74983333333333,239.054166666667,2.123,253.841666666667,48.6408333333333,181.118083333333,151.909125,-41.7562142857143,-11.1104285714286,280,52.9901085271318
2023-04-02 00:00:00,1103.5,13.6145833333333,-1.230375,45.5554166666667,0.7305,194.816666666667,0.728791666666667,1.81920833333333,344.665029166667,74.2799583333333,61.0687916666667,-38.1475,-18.6083333333333,Inf,13.2195,-19.54025,-6.32166666666667,1.45520833333333,3.10045833333333,222.570833333333,1.45520833333333,249.483333333333,59.8095833333333,36.134875,42.45125,-39.8378571428571,-16.3071428571429,299,54.3943291666667
2023-04-03 00:00:00,1127.5,13.53625,1.02308333333333,47.315,0.761583333333333,212.5875,0.762916666666667,1.781625,347.5823125,217.162458333333,144.723791666667,-51.65625,-21.1463333333333,Inf,72.4347916666667,-30.511375,41.9217083333333,1.586875,3.21841666666667,219.747916666667,1.586875,207.601666666667,72.64375,165.501458333333,123.577541666667,-43.9167894736842,-18.4587368421053,304,54.1614
2023-04-04 00:00:00,1151.5,12.6254166666667,-12.274,85.60375,0.487458333333333,274.641666666667,0.4765,1.96113541666667,345.74715,25.44875,64.0966666666666,-0.205625,-5.2245,Inf,-38.64175,5.01866666666667,-33.6286666666667,0.734708333333333,1.60891666666667,94.3070416666667,0.734708333333333,64.7575,45.8329166666667,25.2432083333333,58.8729166666667,-0.115583333333333,-5.13445833333333,316,61.9718791666667
2023-04-05 00:00:00,1175.5,12.6875,-14.1016666666667,71.52875,0.45625,257.075,0.444458333333333,2.03463541666667,347.506870833333,122.919583333333,121.861291666667,-13.15,-13.2988333333333,Inf,1.05620833333333,0.148583333333332,1.20141666666667,1.31766666666667,2.52741666666667,257.333333333333,1.31766666666667,254.1,45.90125,109.770291666667,108.568208333333,-13.072875,-13.2211666666667,296,60.2252083333333
2023-04-06 00:00:00,1199.5,13.3008333333333,-9.51308333333333,55.92875,0.525708333333333,197.741666666667,0.5165,2.0315,346.398558333333,264.554166666667,183.611208333333,-66.7134166666667,-24.5066666666667,Inf,80.922125,-42.2055416666667,38.712,1.313375,2.61670833333333,240.345833333333,1.313375,237.375,60.5920833333333,197.802416666667,159.109583333333,-66.63825,-24.4320833333333,295,59.92925
2023-04-07 00:00:00,1223.5,13.61,-0.366666666666667,28.145,0.570791666666667,201.979166666667,0.570416666666667,1.97758333333333,346.898295833333,259.561708333333,173.68775,-104.175,-38.72875,Inf,85.8727083333333,-65.43375,20.439625,1.19175,2.24079166666667,261.076666666667,1.19175,260.55,42.765,155.415,134.95875,-95.5722222222222,-34.9411111111111,291,57.547675
2023-04-08 00:00:00,1247.5,13.58125,0.244916666666667,50.5858333333333,0.579416666666667,276.016666666667,0.57975,1.93451041666667,344.786308333333,129.514416666667,96.07025,-48.3623333333333,-22.8925,Inf,33.4464583333333,-25.470875,7.97579166666667,1.22904166666667,2.46745833333333,247.908333333333,1.22904166666667,258.654166666667,50.3841666666667,81.1517083333333,73.1762083333333,-45.8466315789474,-21.2403684210526,311,60.1632739583333
2023-04-09 00:00:00,1271.5,13.58375,0.106333333333333,54.9041666666667,0.64275,232.433333333333,0.642833333333333,1.90163541666667,349.703433333333,246.686125,160.639541666667,-88.8370833333333,-26.6520833333333,Inf,86.0398333333333,-62.1837916666667,23.8570416666667,1.51125,2.808,213.999166666667,1.51125,229.725,64.8416666666667,157.855,133.995958333333,-84.9880952380952,-24.5247619047619,312,59.331025
2023-04-10 00:00:00,1295.5,13.4895833333333,5.432875,35.2125,0.703541666666667,233.679166666667,0.710625,1.83754166666667,361.406166666667,273.833625,164.95925,-105.675,-42.9083333333333,Inf,108.864958333333,-62.7679166666667,46.1004166666667,1.075,2.20404166666667,206.33,1.075,236.120833333333,56.4433333333333,168.130833333333,122.056666666667,-95.91875,-34.144375,327,60.0876125
2023-04-11 00:00:00,1319.5,13.4625,8.93195833333333,23.6595833333333,0.78,235.7375,0.792708333333333,1.75495833333333,352.968520833333,279.972083333333,163.775083333333,-116.2,-48.30125,0.0130555555555556,116.19075,-67.9029166666667,48.28625,1.42758333333333,2.713375,244.579166666667,1.42758333333333,248.758333333333,49.3716666666667,163.75375,115.465416666667,-106.74,-37.8266666666667,342,60.019575
2023-04-12 00:00:00,1343.5,13.4895833333333,8.4575,32.2120833333333,0.858208333333333,197.1375,0.871375,1.676625,343.154641666667,237.784208333333,138.165291666667,-97.40375,-40.60875,Inf,99.6473333333333,-56.7916666666667,42.8591666666667,1.497625,2.84945833333333,243.897916666667,1.497625,251.775,50.8725,140.422083333333,97.557625,-90.93,-31.03,365,61.1968125
2023-04-13 00:00:00,1367.5,13.5270833333333,5.28754166666667,35.2325,0.918625,204.741666666667,0.927458333333333,1.62156872294372,340.0205125,192.223208333333,108.393875,-76.97375,-28.87775,Inf,83.835625,-48.0979166666667,35.7342083333333,1.558625,3.184375,210.857083333333,1.558625,250.354166666667,55.30625,115.259583333333,79.5204583333333,-76.9195833333333,-28.823125,377,61.1331408549784
2023-04-14 00:00:00,1391.5,13.3204166666667,-3.71629166666667,82.4579166666667,0.699541666666667,287.416666666667,0.695166666666667,1.6273051948052,342.75555,72.2195416666667,76.088,-6.82808333333333,-6.60233333333333,0.690777777777778,-3.86766666666667,-0.225291666666666,-4.09083333333333,1.06325,2.13920833333333,181.615833333333,1.06325,226.621666666667,53.4858333333333,65.4005833333333,69.4868333333333,-6.71820833333333,-6.49345833333333,367,59.7221006493507
2023-04-15 00:00:00,1415.5,13.4745833333333,-8.757625,75.82375,0.5175,291.408333333333,0.509041666666667,1.6725,345.238995833333,155.98525,124.792833333333,-4.4095,-10.688375,Inf,31.2032083333333,6.27879166666667,37.4858333333333,2.08779166666667,3.57058333333333,235.20625,2.08779166666667,275.308333333333,49.5929166666667,151.579375,114.099291666667,-4.29179166666667,-10.5714166666667,330,55.1925
2023-04-16 00:00:00,1439.5,13.4591666666667,-1.90916666666667,45.66125,0.699541666666667,263.870833333333,0.697125,1.71769480519481,343.930491666667,289.598875,199.211291666667,-93.91625,-26.9929166666667,-0.0405217391304348,90.3464583333333,-66.9154166666667,23.4237916666667,1.71666666666667,3.084875,250.554166666667,1.71666666666667,249.35,51.845,195.653333333333,172.226333333333,-93.8208333333333,-26.9083333333333,336,57.7145454545455
2023-04-17 00:00:00,1463.5,13.5641666666667,3.682375,30.95125,0.819583333333333,248.891666666667,0.825041666666666,1.70822294372294,343.426616666667,269.131041666667,174.607416666667,-102.841666666667,-36.41625,Inf,94.5079166666667,-66.4216666666667,28.0945833333333,1.44191666666667,2.74783333333333,237.546666666667,1.44191666666667,253.520833333333,48.57625,166.3075,138.202083333333,-102.776666666667,-36.36,351,59.9586253246753
2023-04-18 00:00:00,1487.5,13.49625,3.43691666666667,38.4979166666667,0.913,223.295833333333,0.918708333333333,1.630125,340.6657125,233.869875,147.156,-81.8866666666667,-29.67925,Inf,86.6788333333334,-52.2095833333333,34.4650416666667,1.46433333333333,2.96229166666667,259.075416666667,1.46433333333333,251.308333333333,58.9466666666667,151.9675,117.484833333333,-81.8275,-29.620125,368,59.9886
2023-04-19 00:00:00,1511.5,13.4029166666667,-7.401125,80.75,0.652333333333333,323.954166666667,0.643708333333334,1.61830592105263,343.9358375,115.960583333333,93.9908333333334,-11.3638333333333,-5.482125,Inf,21.9632916666667,-5.88258333333333,16.0824583333333,1.458,2.75341666666667,258.779166666667,1.458,262.0375,46.3141666666667,104.592958333333,88.5115833333333,-11.252125,-5.37070833333333,373,60.3628108552632
2023-04-20 00:00:00,1535.5,13.5433333333333,-11.3322916666667,69.6645833333333,0.6955,309.7,0.680958333333333,1.62998684210526,346.318241666667,160.088291666667,124.388125,-44.4033333333333,-10.6000833333333,0.223578947368421,35.6977916666667,-33.8004166666667,1.89816666666666,1.89129166666667,3.49725,254.483333333333,1.89129166666667,263.283333333333,49.6054166666667,115.684583333333,113.789708333333,-44.315,-10.51375,367,59.8205171052632
2023-04-21 00:00:00,1559.5,13.4058333333333,-9.84825,79.8591666666667,0.621416666666667,334.85,0.609375,1.64072368421053,345.876970833333,72.172375,56.8272083333333,-24.879875,-6.06991666666667,Inf,15.3376666666667,-18.8097916666667,-3.471875,2.005375,3.60725,235.645833333333,2.005375,264.85,50.2258333333333,47.2924583333333,50.7600833333333,-26.1502727272727,-6.14595454545454,369,60.5427039473684
2023-04-22 00:00:00,1583.5,13.4645833333333,-6.8485,74.3675,0.541041666666667,363.504166666667,0.534208333333333,1.65146052631579,345.274754166667,206.506041666667,170.280875,-20.1879583333333,-12.1821666666667,0.415318181818182,36.1995833333333,-8.00658333333333,28.1984583333333,0.953041666666667,1.91783333333333,249.083541666667,0.953041666666667,237.641666666667,44.27625,186.292916666667,158.100833333333,-20.0748333333333,-12.06975,377,62.2600618421053
2023-04-23 00:00:00,1607.5,13.6325,-3.65891666666667,59.85625,0.789916666666667,267.5625,0.78475,1.66208552631579,344.940154166667,301.058458333333,201.213166666667,-55.315875,-20.011375,Inf,99.8369166666667,-35.3095416666667,64.5365,0.925416666666667,1.97616666666667,234.616666666667,0.925416666666667,238.676666666667,50.0479166666667,245.770833333333,181.204208333333,-55.2454583333333,-19.9342083333333,369,61.3309559210526
2023-04-24 00:00:00,1631.5,13.59875,-0.299125,59.7204166666667,0.891541666666667,228.191666666667,0.890916666666667,1.66944047619048,345.258175,244.539833333333,154.686083333333,-74.8259583333334,-22.6205833333333,Inf,89.823,-52.2020833333333,37.61225,1.05808333333333,1.98566666666667,223.338333333333,1.05808333333333,244.18625,52.0683333333333,169.669166666667,132.065458333333,-74.7482083333333,-22.5474583333333,382,63.7726261904762
2023-04-25 00:00:00,1655.5,13.3254166666667,-1.81991666666667,79.825,0.73225,263.0575,0.73025,1.70664285714286,346.795366666667,157.521125,114.345916666667,-6.66820833333333,-8.92279166666667,Inf,43.1659166666667,2.25533333333333,45.4242083333333,1.03416666666667,2.0835,202.710416666667,1.03416666666667,171.38375,51.6979166666667,150.8465,105.420666666667,-6.56458333333333,-8.81975,411,70.1430214285714
2023-04-26 00:00:00,1679.5,13.4716666666667,0.1745,68.6404166666667,0.839041666666667,254.266666666667,0.8395,1.71225431034483,369.8610875,207.408208333333,155.640458333333,-50.0082083333333,-17.2131666666667,Inf,51.7677083333333,-32.80125,18.966625,0.883458333333333,1.903875,180.399125,0.883458333333333,140.883791666667,54.5466666666667,157.389083333333,138.43125,-27.2579166666667,-5.77975,400,68.4901724137931
2023-04-27 00:00:00,1703.5,13.52125,-0.711875,68.9691666666667,0.812625,295.291666666667,0.812291666666667,1.68549137931034,350.324754166667,194.237916666667,126.513708333333,-49.0902083333333,-12.9407916666667,Inf,67.7110416666667,-36.1478333333333,31.5695,1.91629166666667,3.38120833333333,220.829166666667,1.91629166666667,230.420416666667,50.8679166666667,145.149125,113.571,-49.015625,-12.8672916666667,408,68.7680482758621
2023-04-28 00:00:00,1727.5,13.4475,-3.40104166666666,63.09625,0.637625,248.0525,0.635208333333333,1.67681681034483,346.129720833333,270.519083333333,212.047416666667,-53.396125,-18.1565416666667,Inf,58.4817083333333,-35.2452916666667,23.2334583333333,1.461625,2.69358333333333,212.64525,1.461625,238.610666666667,47.1175,217.128041666667,193.890375,-53.3131666666667,-18.0715416666667,398,66.7373090517241
2023-04-29 00:00:00,1751.5,13.575,3.786125,42.9745833333333,0.887083333333333,215.6875,0.893333333333333,1.65458333333333,357.5921875,300.9565,178.7715,-91.4516666666667,-31.7083333333333,Inf,122.183708333333,-59.7416666666667,62.4525,1.31925,2.69370833333333,236.06375,1.31925,237.319166666667,55.9,209.487416666667,147.062666666667,-91.3975,-31.6525,418,69.1615833333333
2023-04-30 00:00:00,1775.5,13.5404166666667,5.65675,38.0125,0.930083333333333,199.8375,0.939625,1.608375,349.882679166667,264.055458333333,150.076958333333,-93.0745833333333,-34.5616666666667,Inf,113.997583333333,-58.5170833333333,55.4782916666667,1.20079166666667,2.23404166666667,252.86125,1.20079166666667,264.3125,39.68125,171.00625,115.512916666667,-93.3855,-29.7325,432,69.4818
2023-05-01 00:00:00,1799.5,13.5225,7.561625,39.6754166666667,0.971333333333333,192.683333333333,0.984666666666667,1.56320833333333,351.2639125,237.423583333333,132.876833333333,-89.1691666666666,-40.2958333333333,Inf,104.537791666667,-48.8695416666667,55.6709583333333,0.974666666666667,1.86620833333333,201.269666666667,0.974666666666667,225.070708333333,38.16625,148.247083333333,92.5734583333333,-86.39,-28.515,441,68.9374875
2023-05-02 00:00:00,1823.5,13.5175,5.99866666666667,54.1866666666667,1.01291666666667,199.870833333333,1.02375,1.520125,346.3404375,131.443333333333,78.281,-63.7929166666667,-30.4496666666667,-0.0633684210526316,53.1535833333333,-33.3419166666667,19.8144166666667,0.873458333333333,1.9225,206.530416666667,0.873458333333333,203.317541666667,49.6033333333333,67.6516666666667,47.8344166666667,-64.3236363636364,-27.8866818181818,451,68.5576375
2023-05-03 00:00:00,1847.5,13.5683333333333,6.93904166666667,41.4458333333333,1.07095833333333,200.791666666667,1.08458333333333,1.463375,350.522870833333,301.900666666667,148.432791666667,-97.9175,-38.2008333333333,Inf,153.510416666667,-59.71375,93.79725,0.996875,1.92079166666667,260.804166666667,0.996875,260.6625,39.6879166666667,204.01625,110.2275,-87.3494117647059,-26.0758823529412,445,65.1201875
2023-05-04 00:00:00,1871.5,13.5058333333333,4.87129166666667,55.4725,1.12975,204.504166666667,1.13979166666667,1.40775,348.060966666667,165.282333333333,88.6419166666667,-41.7516666666667,-25.7451666666667,Inf,76.6444583333333,-16.0057083333333,60.6422916666667,0.804208333333333,1.73129166666667,201.521666666667,0.804208333333333,224.609166666667,44.99,123.537708333333,62.9008333333333,-37.4890454545455,-23.3653636363636,447,62.926425
2023-05-05 00:00:00,1895.5,13.5495833333333,4.90925,37.7291666666667,1.16625,213.458333333333,1.17654166666667,1.37108333333333,347.472041666667,247.672958333333,131.719541666667,-71.573875,-31.655,Inf,115.936125,-39.9128333333333,76.021375,0.98375,2.13020833333333,207.037916666667,0.98375,235.404166666667,61.0620833333333,176.101708333333,100.065583333333,-66.4883,-25.768,450,61.69875
2023-05-06 00:00:00,1919.5,13.5279166666667,1.93970833333333,48.7366666666667,1.19879166666667,224.895833333333,1.20304166666667,1.33820833333333,342.003925,216.106583333333,134.373708333333,-51.0999583333333,-20.2195416666667,0.158473684210526,81.7367083333333,-30.8801666666667,50.860375,1.24725,2.56170833333333,231.960416666667,1.24725,248.65,54.7866666666667,165.000791666667,114.151833333333,-51.0326666666667,-20.152875,441,59.0149875
2023-05-07 00:00:00,1943.5,13.6595833333333,0.961333333333333,69.1433333333333,1.17966666666667,231.441666666667,1.181875,1.33120833333333,351.210804166667,196.636708333333,129.643791666667,-17.279625,-12.1252083333333,Inf,66.9835833333334,-5.15441666666667,61.8247083333333,1.32370833333333,2.73454166666667,246.254166666667,1.32370833333333,256.5875,45.1179166666667,179.356375,117.522083333333,-22.6223888888889,-13.6701666666667,448,59.6381333333333
2023-05-08 00:00:00,1967.5,13.5154166666667,4.66779166666667,47.2145833333333,1.20141666666667,227.016666666667,1.21170833333333,1.33529166666667,368.570233333333,212.15925,135.604083333333,-42.75975,-27.7352916666667,Inf,76.5388333333333,-15.0188333333333,61.521375,1.09241666666667,2.30545833333333,241.431666666667,1.09241666666667,256.554166666667,46.0108333333333,169.368125,107.873875,-38.06125,-18.1795,445,59.4204791666667
2023-05-09 00:00:00,1991.5,13.5383333333333,8.06904166666667,29.3129166666667,1.24466666666667,200.416666666667,1.26291666666667,1.285625,352.043245833333,279.816458333333,144.277333333333,-95.0395833333333,-41.19375,Inf,135.511708333333,-53.8458333333333,81.6675,1.07445833333333,2.244875,236.208333333333,1.07445833333333,245.354166666667,50.575,184.727083333333,103.087083333333,-88.755,-29.27875,436,56.05325
2023-05-10 00:00:00,2015.5,13.5204166666667,4.67125,68.9416666666667,1.30666666666667,216.304166666667,1.317625,1.23020833333333,346.1383125,230.349125,120.513833333333,-53.8204166666667,-24.4882083333333,Inf,109.842541666667,-29.331125,80.5205,1.05204166666667,1.99070833333333,198.723083333333,1.05208333333333,167.957916666667,46.3983333333333,176.557541666667,96.0290416666667,-49.5987727272727,-23.6126818181818,446,54.8672916666667
2023-05-11 00:00:00,2039.5,13.51625,1.286375,93.0208333333333,1.345,213.716666666667,1.34816666666667,1.19958333333333,352.85095,76.3560416666667,48.2807083333333,0.720666666666667,-5.499875,0.407352941176471,28.07475,6.22045833333333,34.29475,0.77125,1.60995833333333,162.517333333333,0.77125,111.7495,44.4420833333333,77.081,42.78325,-0.157,-0.9675,448,53.7413333333333
2023-05-12 00:00:00,2063.5,13.5125,0.536791666666667,94.9833333333333,1.35020833333333,218.770833333333,1.35154166666667,1.19583333333333,372.6650125,109.972875,83.5131666666667,1.12816666666667,-5.15916666666667,421.523894736842,26.465375,6.286875,32.7507916666667,0.565125,1.133625,110.331875,0.565125,29.0975,25.1604166666667,111.103333333333,78.35875,NaN,NaN,450,53.8125
2023-05-13 00:00:00,2087.5,13.625,1.85320833333333,88.54375,1.37629166666667,207.404166666667,1.38095833333333,1.16691666666667,398.300220833333,189.425666666667,102.348416666667,-10.8191666666667,-12.7385,Inf,87.1010833333333,1.92016666666667,89.0295,1.06104166666667,1.833375,79.369125,1.06104166666667,45.5424166666667,37.1908333333333,178.630458333333,89.6038333333333,-34.398,-31.936,431,50.2941083333333
2023-05-14 00:00:00,2111.5,13.57375,3.6105,85.6466666666667,1.42195833333333,223.679166666667,1.431125,1.12065196078431,421.367241666667,189.171583333333,96.9165833333333,-21.8988333333333,-17.9192916666667,-841.655578947368,92.2470833333333,-3.98095833333333,88.27525,0.878625,1.66416666666667,181.160541666667,0.878625,122.162833333333,40.4883333333333,167.266291666667,78.9967083333333,-44.275,-36.07,440,49.3086862745098
2023-05-15 00:00:00,2135.5,13.5345833333333,4.72916666666667,78.1941666666667,1.45620833333333,214.870833333333,1.46875,1.08047303921569,419.110929166667,168.934375,87.80225,-20.4250833333333,-20.610625,Inf,81.1385416666667,0.186875,81.318375,0.74,1.660875,200.39925,0.74,219.246666666667,49.1091666666667,148.494541666667,67.187,-48.6965714285714,-46.7757142857143,443,47.8649556372549
2023-05-16 00:00:00,2159.5,13.56,6.367625,61.5766666666667,1.5045,212.029166666667,1.52175,1.02629166666667,439.552733333333,213.104666666667,112.339291666667,-21.779875,-28.275,Inf,100.733791666667,6.49395833333333,107.226541666667,1.011875,2.15129166666667,212.45125,1.011875,240.8875,53.95,191.285833333333,84.059,-35.8637777777778,-39.7366666666667,453,46.4910125
2023-05-17 00:00:00,2183.5,13.56375,8.232375,47.3304166666667,1.55779166666667,222.583333333333,1.581,0.967,441.726016666667,260.293583333333,131.54575,-71.781375,-38.00875,Inf,128.729083333333,-33.7690416666667,94.95525,0.96075,1.8815,231.90275,0.96075,261.083333333333,41.0141666666667,188.49775,93.535625,-63.4935625,-25.54125,449,43.4183
2023-05-18 00:00:00,2207.5,13.47375,5.00491666666667,73.705,1.622,224.366666666667,1.63658333333333,0.910595238095238,408.232529166667,171.836625,84.7377916666667,-23.66125,-22.6385,NaN,87.1097083333333,-1.02354166666667,86.0826666666667,0.65225,1.53920833333333,217.23475,0.65225,199.27,46.1929166666667,148.180958333333,62.0954583333333,-31.8869285714286,-33.9326428571429,448,40.7946666666667
2023-05-19 00:00:00,2231.5,13.60625,3.37491666666667,84.5829166666667,1.667125,288.258333333333,1.67741666666667,0.853529761904762,414.820295833333,173.85,85.3802083333333,-16.7119166666667,-17.652375,-Inf,88.4730416666666,0.939958333333334,89.4082916666667,0.583791666666667,1.271375,100.198666666667,0.583791666666667,91.48125,41.4766666666667,157.140791666667,67.7309583333333,-32.3908,-30.501,449,38.3234863095238
2023-05-20 00:00:00,2255.5,13.5858333333333,6.04991666666667,63.7858333333333,1.71391666666667,246.370833333333,1.73258333333333,0.815166666666667,437.9078125,179.615375,89.3260416666667,-56.7044166666666,-26.4430416666667,Inf,90.2947083333333,-30.2654583333333,60.02125,0.809125,1.767375,223.87125,0.809125,235.704166666667,48.6883333333333,122.904166666667,62.8829166666667,-57.1183571428571,-30.4278571428571,448,36.5194666666667
2023-05-21 00:00:00,2279.5,13.5620833333333,7.70729166666667,47.3558333333333,1.761,232.1375,1.785625,0.763291666666667,425.107641666667,247.113583333333,115.814416666667,-84.8329166666667,-36.5258333333333,Inf,131.304583333333,-48.3145833333333,82.9850416666667,0.938958333333333,1.80129166666667,171.155833333333,0.938958333333333,139.29,36.2000833333333,162.272083333333,79.2898333333333,-83.9604347826087,-36.6065217391305,443,33.8138208333333
2023-05-22 00:00:00,2303.5,13.5425,8.49325,46.2554166666667,1.8195,233.320833333333,1.8475,0.701083333333334,403.346366666667,211.970916666667,95.4194583333333,-79.9870833333334,-37.7416666666667,-0.131315789473684,116.555166666667,-42.241,74.3108333333333,0.873416666666667,1.75145833333333,189.22875,0.873416666666667,174.000833333333,49.1019166666667,131.978333333333,57.6782916666667,-78.3331818181818,-37.9972727272727,459,32.179725
2023-05-23 00:00:00,2327.5,13.5591666666667,8.00866666666667,56.6408333333333,1.87095833333333,208.8125,1.89795833333333,0.650333333333334,399.906258333333,169.199666666667,74.95925,-66.65325,-32.7945833333333,0.3266,94.2382916666667,-33.8567083333333,60.3929166666667,0.701125,1.46125,169.430208333333,0.701125,182.517916666667,50.4229166666667,102.54375,42.1587083333333,-71.5012727272727,-33.1654545454545,455,29.5901666666667
2023-05-24 00:00:00,2351.5,13.5458333333333,6.60041666666667,68.0991666666667,1.920125,214.083333333333,1.94304166666667,0.604958333333333,403.067933333333,169.493583333333,76.0494166666667,-40.4076666666667,-27.700875,Inf,93.4387916666667,-12.7077083333333,80.7275833333333,0.777541666666667,1.76379166666667,216.6875,0.777541666666667,230.86,57.5704166666667,129.081375,48.3496666666667,-60.8049375,-31.388125,463,28.0095708333333
2023-05-25 00:00:00,2375.5,13.5195833333333,8.30316666666667,55.8670833333333,1.97516666666667,207.145833333333,2.00491666666667,0.543166666666667,436.920195833333,222.508083333333,92.4943333333333,-39.92125,-34.6435,Inf,130.040541666667,-5.27883333333333,124.758916666667,0.821833333333333,1.77304166666667,211.245,0.821833333333333,210.248333333333,50.0929166666667,182.60075,57.8467083333333,-51.42975,-36.44,458,24.8770333333333
2023-05-26 00:00:00,2399.5,13.5395833333333,8.23595833333333,49.6066666666667,2.03475,207.7125,2.065,0.483458333333333,431.3845875,192.545291666667,79.7345,-44.8482083333333,-33.19625,Inf,112.789,-11.6525,101.138666666667,0.80825,1.75954166666667,186.39875,0.80825,187.851666666667,53.19375,147.676125,46.5413333333333,-46.9568571428571,-32.415,457,22.0940458333333
2023-05-27 00:00:00,2423.5,13.5475,8.170875,45.3104166666667,2.09654166666667,213.945833333333,2.12758333333333,0.421083333333333,422.64975,249.623708333333,96.27125,-75.4870833333333,-35.1870833333333,Inf,153.347,-40.3021666666667,113.04375,0.947583333333333,2.13433333333333,248.361666666667,0.947583333333333,228.629166666667,56.68,174.139583333333,61.0844583333333,-73.5013636363636,-33.1359090909091,453,19.075075
2023-05-28 00:00:00,2447.5,13.55375,7.04579166666667,47.9083333333333,2.16429166666667,218.741666666667,2.19208333333333,0.356375,388.419504166667,238.210958333333,88.1207083333334,-78.2004166666666,-29.6025,-0.213,150.08475,-48.6008333333333,101.485,1.06145833333333,2.17220833333333,234.279166666667,1.06145833333333,256.191666666667,44.0820833333333,160.000416666667,58.51875,-76.0581818181818,-29.3772727272727,456,16.2507
2023-05-29 00:00:00,2471.5,13.5116666666667,8.93045833333333,40.6591666666667,2.22875,231.733333333333,2.26491666666667,0.284041666666667,382.314775,235.264458333333,82.2036666666667,-81.7125,-34.41625,0.497071428571429,153.044916666667,-47.2982916666667,105.757666666667,1.02291666666667,2.163875,200.419583333333,1.02291666666667,250.841666666667,44.55875,153.520416666667,47.8002916666667,-84.068,-27.1153333333333,455,12.9238958333333
2023-05-30 00:00:00,2495.5,13.5066666666667,9.45675,32.9641666666667,2.29441666666667,230.495833333333,2.33366666666667,0.214666666666667,365.9619875,197.486708333333,59.7978333333333,-88.7541666666667,-33.5329166666667,0.0968235294117647,137.706875,-55.2225,82.4710833333333,0.838916666666667,2.03666666666667,206.382041666667,0.838916666666667,245.1375,49.4058333333333,108.741666666667,26.2637916666667,-86.3783333333333,-22.8858333333333,461,9.89613333333334
2023-05-31 00:00:00,2519.5,13.51875,8.70279166666667,42.89625,2.36866666666667,228.375,2.405875,0.141791666666667,358.733820833333,219.364416666667,55.5425416666667,-71.8679166666666,-25.6966666666667,Inf,163.841916666667,-46.1683333333333,117.673333333333,0.854166666666667,1.85229166666667,181.691791666667,0.854166666666667,195.970833333333,54.5133333333333,147.532083333333,29.8479583333333,-67.173125,-19.9,453,6.4231625
2023-06-01 00:00:00,2543.5,13.6220833333333,4.775625,74.5120833333333,2.455375,242.541666666667,2.476625,0.0562916666666667,363.690170833333,137.24825,25.2774166666667,-17.7067083333333,-7.139375,-0.0600625,111.960541666667,-10.5681666666667,101.404083333333,0.775958333333333,1.852875,219.205833333333,0.775958333333333,211.01625,58.5741666666667,119.537708333333,18.139,-26.7498125,-10.62925,445,2.50497916666667
2023-06-02 00:00:00,2567.5,13.5858333333333,3.03175,88.595,2.52395833333333,211.475,2.53783333333333,0.010125,394.093116666667,181.238958333333,23.4065833333333,2.629,5.265,-0.49055,157.833291666667,-2.6365,155.189708333333,0.708416666666667,1.68858333333333,243.316666666667,0.708416666666667,246.283333333333,54.57875,183.872166666667,28.6707083333333,7.67333333333333,13.5066666666667,443,0.4485375
2023-06-03 00:00:00,2591.5,13.5929166666667,4.423,82.9,2.53020833333333,212.554166666667,2.5505,-0.00258333333333333,426.490054166667,124.750541666667,9.24891666666667,-0.54025,3.46258333333333,Inf,115.492416666667,-4.00258333333333,111.498958333333,0.589375,1.362375,220.878125,0.589375,207.790833333333,60.2445833333333,124.205083333333,12.7116666666667,-6.984,5.075,452,-0.116766666666667
2023-06-04 00:00:00,2615.5,13.51875,4.23658333333333,92.4745833333333,2.53066666666667,206,2.55016666666667,-0.00225,455.598533333333,94.3352916666667,4.54658333333333,1.39279166666667,8.22125,Inf,89.7975833333333,-6.82825,82.9684583333333,0.377583333333333,0.929708333333333,178.422333333333,0.377583333333333,146.450916666667,39.595,95.733875,12.768375,NaN,NaN,454,-0.10215
2023-06-05 00:00:00,2639.5,13.4929166666667,6.647125,77.7508333333333,2.52191666666667,199.958333333333,2.55220833333333,-0.00454166666666667,499.031395833333,198.8445,10.3410416666667,-23.216375,8.712875,Inf,188.503416666667,-31.928625,156.559583333333,0.720333333333333,1.54229166666667,188.593833333333,0.720333333333333,144.958125,45.2245833333333,175.6345,19.0537916666667,NaN,NaN,464,-0.210733333333333
2023-06-06 00:00:00,2663.5,13.4220833333333,8.969875,58.61875,2.51275,198.15,2.55370833333333,-0.00529166666666667,507.117745833333,218.942416666667,12.9241666666667,-77.7004166666666,3.760375,Inf,206.048791666667,-81.4591666666667,124.587916666667,0.828166666666667,1.74716666666667,224.083333333333,0.828166666666667,207.761375,45.4754166666667,141.245833333333,16.684125,-59.33,-4.624,456,-0.2413
2023-06-07 00:00:00,2687.5,13.39625,7.691375,68.8645833333333,2.51670833333333,197.191666666667,2.551875,-0.00433333333333333,492.023025,156.935583333333,10.1922083333333,-47.2250833333333,5.86383333333333,Inf,146.743208333333,-53.0869583333333,93.6579583333334,0.779291666666667,1.81029166666667,171.294375,0.779291666666667,184.746666666667,57.10875,109.705333333333,16.0566666666667,-75.1566666666667,-12.5366666666667,450,-0.195
2023-06-08 00:00:00,2711.5,13.4895833333333,7.56758333333333,72.84,2.51575,196.079166666667,2.55020833333333,-0.00191666666666667,486.71495,212.772083333333,10.632125,-36.4309583333333,9.88954166666667,Inf,202.144958333333,-46.3229583333333,155.839833333333,0.76375,1.592,203.45,0.76375,211.009166666667,51.3195833333333,176.34375,20.521125,NaN,NaN,452,-0.0866333333333334
2023-06-09 00:00:00,2735.5,13.43375,9.56745833333333,44.3791666666667,2.50745833333333,197,2.55095833333333,-0.00295833333333333,492.581975,212.037208333333,13.4905416666667,-66.1279166666667,5.83925,Inf,198.529333333333,-71.9654166666667,126.580833333333,0.842208333333333,1.83279166666667,205.852166666667,0.842208333333333,216.791458333333,52.6329166666667,145.909166666667,19.331375,-52.978,-0.2046,455,-0.134604166666667
2023-06-10 00:00:00,2759.5,13.4575,8.23816666666667,53.6783333333333,2.51341666666667,198.920833333333,2.55091666666667,-0.00270833333333333,436.762158333333,210.831875,17.2825,-78.0758333333333,11.8967916666667,-0.117944444444444,193.554875,-89.97125,103.586708333333,0.966958333333333,1.920625,197.1925,0.966958333333333,220.80625,51.2233333333333,132.764375,29.175375,-76.8004347826087,9.74060869565217,450,-0.121875
2023-06-11 00:00:00,2783.5,13.39125,6.683,72.235,2.51854166666667,199.675,2.549,-0.001375,426.672208333333,225.941791666667,19.535,-56.7364583333333,24.1716666666667,-0.219888888888889,206.409208333333,-80.9017083333333,125.50125,1.05054166666667,1.9845,203.32425,1.05054166666667,149.701041666667,46.4529166666667,169.204416666667,43.7069166666667,-63.7033333333333,27.8185555555556,450,-0.061875
2023-06-12 00:00:00,2807.5,13.4641666666667,4.33629166666667,82.3404166666667,2.52675,199.583333333333,2.54666666666667,0.00179166666666667,417.367279166667,139.793,7.7655,-0.670125,12.8274166666667,Inf,132.031125,-13.4975,118.537125,0.763416666666667,1.66995833333333,222.172083333333,0.763416666666667,219.4575,56.3895833333333,139.11425,20.592,-7.9115,28.805,450,0.0806250000000001
2023-06-13 00:00:00,2831.5,13.575,3.56754166666667,85.2133333333333,2.530125,201.4,2.54658333333333,0.002,441.170845833333,113.340416666667,5.70241666666667,0.764208333333333,10.2464583333333,Inf,107.636458333333,-9.48216666666667,98.1507083333333,0.621041666666667,1.43033333333333,202.226666666667,0.621041666666667,197.799166666667,58.05625,114.10275,15.9495833333333,NaN,NaN,450,0.0900000000000001
2023-06-14 00:00:00,2855.5,13.5029166666667,6.684875,72.5033333333333,2.51604166666667,199.6375,2.54658333333333,0.00154166666666667,484.571770833333,234.355666666667,13.123625,-24.3698333333333,8.79920833333334,Inf,221.228833333333,-33.1669583333333,188.079875,1.21175,2.5535,210.00125,1.21175,234.866666666667,59.5833333333333,210.005916666667,21.9240833333333,NaN,NaN,450,0.0693750000000001
2023-06-15 00:00:00,2879.5,13.5558333333333,5.770375,81.0408333333333,2.51945833333333,198.2125,2.54575,0.00208333333333334,479.656966666667,187.99225,8.83558333333333,-2.7935,13.1019166666667,Inf,179.15425,-15.8981666666667,163.268208333333,0.997583333333333,2.25933333333333,234.5375,0.997583333333333,238.604166666667,66.23625,185.201666666667,21.9381666666667,NaN,NaN,450,0.0937500000000001
2023-06-16 00:00:00,2903.5,13.5266666666667,5.11008333333333,79.0754166666667,2.52291666666667,197.054166666667,2.54645833333333,0.00158333333333333,501.634254166667,234.000041666667,12.1797916666667,-23.5357083333333,15.62175,NaN,221.82575,-39.1580416666667,182.661833333333,0.938625,2.05283333333333,208.925833333333,0.938625,218.865833333333,52.8570833333333,210.4565,27.80175,NaN,NaN,450,0.0712500000000001
2023-06-17 00:00:00,2927.5,13.55,5.17204166666667,71.5741666666667,2.523125,197.016666666667,2.546875,0.00125,512.533654166667,207.302875,12.8940833333333,-32.5905833333333,12.92225,-0.196352941176471,194.409125,-45.5117083333333,148.900083333333,1.05945833333333,2.300875,247.366666666667,1.05945833333333,263.679166666667,55.71,174.713041666667,25.8174166666667,NaN,NaN,450,0.05625
2023-06-18 00:00:00,2951.5,13.4354166666667,10.05625,47.145,2.50183333333333,197.8625,2.54733333333333,0.000750000000000001,510.674041666667,146.261833333333,11.9815833333333,-68.6316666666667,-1.8385,Inf,134.274083333333,-66.7975,67.484125,1.25104166666667,2.68458333333333,224.4125,1.25104166666667,251.720833333333,61.6454166666667,77.6375416666667,10.144375,-89,-19.325,450,0.03375
2023-06-19 00:00:00,2975.5,13.2895833333333,14.5691666666667,21.81125,2.48325,197.2375,2.5485,-0.000125,477.9598875,327.348708333333,31.285375,-113.354166666667,18.1206666666667,Inf,296.098291666667,-131.47375,164.6005,1.49970833333333,3.08470833333333,210.19875,1.49970833333333,245.070833333333,62.5258333333333,213.978333333333,49.4025833333333,-112.542857142857,22.6901904761905,450,-0.005625
2023-06-20 00:00:00,2999.5,13.3958333333333,13.5675,18.38,2.487625,197.666666666667,2.5485,-0.000291666666666667,396.141666666667,279.206791666667,27.0033333333333,-106.55875,20.1547083333333,Inf,252.215333333333,-126.724166666667,125.504083333333,1.1625,2.52241666666667,235.23125,1.1625,246.6125,56.6958333333333,172.666666666667,47.1545833333333,-91.7878571428571,-8.0045,450,-0.013125
2023-06-21 00:00:00,3023.5,13.3279166666667,14.0733333333333,40.08375,2.48383333333333,202.2875,2.546875,0.000916666666666668,380.836145833333,251.821875,25.0245833333333,-88.0333333333333,26.4340416666667,-0.097,226.778958333333,-114.483333333333,112.308541666667,0.995541666666667,2.11370833333333,199.478541666667,0.995541666666667,186.64625,59.5541666666667,163.76375,51.452625,-101.6375,-18.504875,450,0.04125
2023-06-22 00:00:00,3047.5,13.3408333333333,11.7227916666667,60.84375,2.494375,202.216666666667,2.547125,0.0005,371.235933333333,211.864166666667,20.9877083333333,-72.9517916666667,26.7332916666667,-0.324095238095238,190.883541666667,-99.6779166666667,91.1883750000001,0.914916666666666,1.88725,199.515416666667,0.914916666666666,183.14875,51.7195833333333,138.919375,47.720125,-77.32,-3.398,450,0.0225
2023-06-23 00:00:00,3071.5,13.325,12.4334166666667,32.71625,2.49283333333333,196.995833333333,2.54870833333333,-0.00025,357.846158333333,336.532833333333,34.248625,-108.48375,35.659375,-0.369454545454545,302.285625,-144.141666666667,158.15425,1.38320833333333,2.90791666666667,222.94375,1.38320833333333,241.516666666667,56.6770833333333,228.08125,69.9088333333333,-81.92,-7.83955555555556,450,-0.01125
2023-06-24 00:00:00,3095.5,13.4070833333333,8.942625,31.8683333333333,2.50770833333333,202.3375,2.54808333333333,-0.000125,339.868216666667,315.618958333333,33.2113333333333,-103.13625,36.9074166666667,Inf,282.411791666667,-140.03125,142.387916666667,1.48370833333333,3.04495833333333,252.745833333333,1.48370833333333,257.229166666667,54.82,212.496666666667,70.1211666666667,-103.07125,36.9663333333333,450,-0.005625
2023-06-25 00:00:00,3119.5,13.3433333333333,12.8348333333333,27.11875,2.49025,208.825,2.54791666666667,0.000125,346.9309375,335.687333333333,34.6075,-108.241666666667,40.3105416666667,Inf,301.009833333333,-148.55625,152.457916666667,1.148875,2.19195833333333,236.15125,1.148875,262.585416666667,43.2954166666667,227.353875,74.9229166666667,-98.146,5.4304,450,0.005625
2023-06-26 00:00:00,3143.5,13.3083333333333,15.6495833333333,11.7479166666667,2.47908333333333,201.575,2.548875,-0.000416666666666667,349.31,338.767791666667,36.254875,-121.966666666667,35.06775,Inf,302.529583333333,-157.0375,145.491625,1.18145833333333,2.733875,212.696666666667,1.18145833333333,253.5125,63.9145833333333,216.822916666667,71.3205833333333,-112.185714285714,-0.950142857142855,450,-0.01875
2023-06-27 00:00:00,3167.5,13.3558333333333,15.8995833333333,17.70125,2.47733333333333,201.5875,2.548375,-0.000416666666666666,344.4971,313.6565,33.4952916666667,-105.9775,33.2934583333333,Inf,280.126791666667,-139.27875,140.857083333333,1.52645833333333,3.18179166666667,241.55,1.52645833333333,254.9375,60.24,207.622083333333,66.78925,-94.6086666666667,3.14573333333333,450,-0.01875
2023-06-28 00:00:00,3191.5,13.3275,14.50375,22.1175,2.48504166666667,198.070833333333,2.54991666666667,-0.00125,344.112741666667,298.417916666667,32.4895,-111.179166666667,33.1504583333333,Inf,265.945166666667,-144.335416666667,121.626375,1.11966666666667,2.33879166666667,236.854166666667,1.11966666666667,248.8125,51.57375,187.302083333333,65.633375,-106.835294117647,8.49923529411764,450,-0.0562499999999999
2023-06-29 00:00:00,3215.5,13.2954166666667,12.3517916666667,49.92375,2.49216666666667,198.85,2.5475,0.000583333333333334,345.918583333333,305.822,32.3099583333333,-81.74875,43.754,Inf,273.540666666667,-125.510833333333,147.989166666667,1.16145833333333,2.42304166666667,181.710208333333,1.16145833333333,236.645416666667,53.1641666666667,224.039458333333,76.06825,-51.5715384615385,9.05776923076923,450,0.02625
2023-06-30 00:00:00,3239.5,13.4216666666667,6.80033333333333,75.9304166666667,2.5155,202.25,2.54654166666667,0.00116666666666667,340.406216666667,136.645833333333,13.8092916666667,-41.2865,19.1095,Inf,122.83875,-60.400125,62.4459166666667,0.846708333333333,1.78095833333333,177.145125,0.846708333333333,196.457875,55.1275,95.3503333333334,32.9142083333333,-38.733375,23.864625,450,0.0525
2023-07-01 00:00:00,3263.5,13.3879166666667,10.0782083333333,61.7270833333333,2.50404166666667,204.670833333333,2.549625,-0.00172222222222222,357.475941666667,325.131041666667,22.975375,-55.1575416666667,14.300875,Inf,302.19025,-69.461125,232.697375,1.33075,2.58283333333333,232.299166666667,1.33075,221.606666666667,42.2091666666667,269.959708333333,37.2803333333333,-14.747,-5.64655555555555,450,-0.0775
2023-07-02 00:00:00,3287.5,13.4,12.688875,44.4541666666667,2.49725,203.920833333333,2.5545,-0.00294444444444444,360.497225,315.213625,27.0911666666667,-85.98625,19.3106666666667,0.352263157894737,288.113208333333,-105.297916666667,182.807083333333,1.23016666666667,2.55766666666667,262.966666666667,1.23016666666667,261.904166666667,42.4420833333333,229.260458333333,46.4045416666667,-62.346,-8.3632,NaN,NaN
2023-07-03 00:00:00,3311.5,13.3204166666667,14.3233333333333,30.53,2.48616666666667,200.766666666667,2.55029166666667,-0.00204166666666667,352.288116666667,296.374291666667,28.5388333333333,-99.0329166666667,29.473125,Inf,267.785958333333,-128.5125,139.285833333333,1.1755,2.43595833333333,221.645833333333,1.1755,265.7625,46.40875,197.281666666667,58.014125,-88.7308333333333,-12.9820833333333,NaN,NaN
2023-07-04 00:00:00,3335.5,13.3283333333333,11.4065,59.4429166666667,2.496375,200.795833333333,2.54783333333333,0.000458333333333334,349.8529,251.569916666667,22.9837916666667,-53.2474583333333,30.598625,Inf,228.556708333333,-83.8425,144.694708333333,1.01291666666667,2.274625,181.745041666667,1.01291666666667,219.67,64.56375,198.303916666667,53.578375,-46.4183333333333,3.4645,NaN,NaN
2023-07-05 00:00:00,3359.5,13.3458333333333,10.8121666666667,65.1104166666667,2.49958333333333,208.970833333333,2.548375,-0.000499999999999999,360.046670833333,270.448333333333,24.46,-40.4572083333333,27.2311666666667,Inf,245.956333333333,-67.6999166666667,178.263041666667,1.15220833333333,2.46691666666667,231.754458333333,1.15220833333333,227.315833333333,57.4375,229.9605,51.691875,-1.092,5.083,NaN,NaN
2023-07-06 00:00:00,3383.5,13.41625,9.90758333333333,59.2008333333333,2.511,198.254166666667,2.55604166666667,-0.007375,366.942875,211.958125,12.7605833333333,-28.044,9.47533333333333,Inf,199.194541666667,-37.5162083333333,161.658333333333,1.140375,2.37245833333333,239.557291666667,1.140375,266.016666666667,50.3708333333333,183.885708333333,22.2340833333333,NaN,NaN,NaN,NaN
2023-07-07 00:00:00,3407.5,13.2783333333333,10.205875,62.2654166666667,2.506,202.070833333333,2.552375,-0.00358333333333333,369.659879166667,239.927833333333,18.1136666666667,-58.5421666666667,11.4662916666667,Inf,221.8615,-70.02,151.82175,1.04145833333333,2.19375,198.318583333333,1.04145833333333,213.225,51.905,181.428625,29.582,-84.75,-11.2835,NaN,NaN
2023-07-08 00:00:00,3431.5,13.3858333333333,10.1766666666667,63.06125,2.504625,203.220833333333,2.550625,-0.002375,374.008716666667,222.595041666667,16.0948333333333,-38.6725,9.44425,Inf,206.511208333333,-48.112125,158.402916666667,0.960208333333333,2.16245833333333,237.895416666667,0.960208333333333,261.285,46.8745833333333,183.942416666667,25.5422083333333,-8.26,1.736,NaN,NaN
2023-07-09 00:00:00,3455.5,13.3341666666667,13.1239583333333,45.97875,2.49275,196.891666666667,2.551625,-0.00358333333333333,378.476275,252.865583333333,23.107375,-70.7181666666667,13.2150416666667,Inf,229.702833333333,-83.9372916666667,145.780625,1.209875,2.19245833333333,243.250791666667,1.209875,260.720833333333,40.8929166666667,182.083583333333,36.3194583333333,-91.4,-20.37,NaN,NaN
2023-07-10 00:00:00,3479.5,13.33625,16.3458333333333,27.4666666666667,2.4795,195.404166666667,2.55270833333333,-0.005,367.139554166667,259.510208333333,25.9497916666667,-96.6020833333333,16.59,Inf,233.593375,-113.20375,120.390125,1.22404166666667,2.43766666666667,238.208333333333,1.22404166666667,252.7925,47.32375,162.89,42.5395,-93.3444444444444,-23.1488888888889,NaN,NaN
2023-07-11 00:00:00,3503.5,13.2895833333333,16.8191666666667,21.8366666666667,2.47570833333333,193.783333333333,2.55054166666667,-0.0025,356.382358333333,333.058,34.8564583333333,-113.075,29.468125,0.00962500000000001,298.251583333333,-142.542083333333,155.675416666667,1.53408333333333,3.044,245.2875,1.53408333333333,263.491666666667,53.3,219.98625,64.3202083333333,-95.3181818181818,-16.4036363636364,NaN,NaN
2023-07-12 00:00:00,3527.5,13.31,16.7604166666667,25.1145833333333,2.4755,191.6625,2.55025,-0.00129166666666667,350.624491666667,271.936125,27.8847083333333,-96.9379166666667,26.0595833333333,Inf,244.069791666667,-123.00125,121.065916666667,1.27491666666667,2.56795833333333,260.541666666667,1.27491666666667,270.6375,45.96625,175.011666666667,53.9469166666667,-87.2233333333333,-10.6483333333333,NaN,NaN
2023-07-13 00:00:00,3551.5,13.3083333333333,16.73125,27.175,2.47633333333333,192.9625,2.55075,-0.00166666666666667,349.785691666667,260.980125,26.4742916666667,-95.79125,25.5574166666667,Inf,234.507541666667,-121.3275,113.197916666667,1.21525,2.38495833333333,186.037208333333,1.21525,267.391666666667,47.5425,165.199583333333,52.0302083333333,-89.9353846153846,-10.5219230769231,NaN,NaN
2023-07-14 00:00:00,3575.5,13.3208333333333,14.5191666666667,35.1729166666667,2.485125,195.516666666667,2.55025,-0.00254166666666667,341.47905,247.089625,26.112125,-89.3658333333333,25.257,Inf,221.011375,-114.615833333333,106.370416666667,1.28841666666667,2.603125,249.456041666667,1.28841666666667,251.532083333333,47.3691666666667,157.729583333333,51.3648333333333,-90.0544444444445,3.99583333333333,NaN,NaN
2023-07-15 00:00:00,3599.5,13.3133333333333,14.0629583333333,35.3083333333333,2.48954166666667,199.25,2.5525,-0.00220833333333333,344.447245833333,291.639375,29.5042083333333,-97.9116666666667,33.4360416666667,-0.34905,262.155083333333,-131.353333333333,130.8175,1.15470833333333,2.293625,260.120833333333,1.15470833333333,264.9125,47.1841666666667,193.748333333333,62.9366666666667,-92.0613333333333,3.55413333333333,NaN,NaN
2023-07-16 00:00:00,3623.5,13.2791666666667,15.81625,28.2029166666667,2.47908333333333,196.004166666667,2.5495,-0.00141666666666667,346.384266666667,305.244583333333,31.0959166666667,-107.304166666667,33.079125,Inf,274.180708333333,-140.380416666667,133.779166666667,1.26254166666667,2.599875,216.092,1.26254166666667,247.929166666667,53.6766666666666,197.942916666667,64.17675,-99.2066666666667,1.79713333333333,NaN,NaN
2023-07-17 00:00:00,3647.5,13.2404166666667,18.8879166666667,23.51375,2.46675,194.583333333333,2.5505,-0.00233333333333333,357.876745833333,296.173291666667,30.6565416666667,-108.165,30.056875,Inf,265.476,-138.21875,127.233125,1.23120833333333,2.54975,232.475,1.23120833333333,253.4625,52.13625,187.945416666667,60.7154166666666,-97.5833333333333,-12.8871666666667,NaN,NaN
2023-07-18 00:00:00,3671.5,13.3175,16.8575,34.6375,2.474375,199.775,2.54958333333333,-0.00158333333333333,342.776525,232.029208333333,23.5112083333333,-79.1941666666667,22.8923333333333,Inf,208.5275,-102.077083333333,106.434,1.48041666666667,3.02583333333333,273.233333333333,1.48041666666667,265.475,45.9679166666667,152.830416666667,46.3940833333333,-79.3985714285714,-3.91442857142857,NaN,NaN
2023-07-19 00:00:00,3695.5,13.3633333333333,13.9170833333333,54.5795833333333,2.48854166666667,198.129166666667,2.55125,-0.00295833333333333,343.381925,216.98975,20.3704583333333,-58.6804166666667,24.737125,-0.206111111111111,196.641375,-83.40375,113.19525,1.09,2.193,234.144208333333,1.09,253.34375,45.8225,158.297833333333,45.1032083333333,-44.2937333333333,13.2198,NaN,NaN
2023-07-20 00:00:00,3719.5,13.3379166666667,12.0559583333333,74.4316666666667,2.495625,202.645833333333,2.55008333333333,-0.00191666666666666,351.275125,224.976,17.44675,-25.715125,14.4984583333333,Inf,207.522375,-40.21175,167.310166666667,1.19258333333333,2.63129166666667,229.95625,1.19258333333333,217.212083333333,53.68125,199.28225,31.9462916666667,-18.2716,3.9192,NaN,NaN
2023-07-21 00:00:00,3743.5,13.3220833333333,11.5716666666667,52.70375,2.49879166666667,195.058333333333,2.55091666666667,-0.002125,351.6407875,264.264041666667,19.172625,-55.3863333333333,8.044625,380.726142857143,245.141333333333,-63.4312083333333,181.674583333333,1.20979166666667,2.30108333333333,249.840416666667,1.20979166666667,260.591666666667,40.4325,208.881625,27.2120833333333,-51.58,-6.0175,NaN,NaN
2023-07-22 00:00:00,3767.5,13.2995833333333,15.4891666666667,33.24625,2.486,196.0125,2.55520833333333,-0.00770833333333333,358.036725,304.482458333333,27.1165416666667,-99.62125,15.771375,Inf,277.34075,-115.399583333333,161.975833333333,1.26966666666667,2.32283333333333,235.755791666667,1.26966666666667,250.125,38.9783333333333,204.875833333333,42.8857916666667,-85.8936363636364,-15.7134545454545,NaN,NaN
2023-07-23 00:00:00,3791.5,13.2929166666667,17.53,27.9983333333333,2.48383333333333,189.995833333333,2.562125,-0.0152083333333333,350.720654166667,223.98875,22.7737083333333,-91.7433333333334,15.2018333333333,Inf,201.249083333333,-106.949166666667,94.3222083333333,1.06158333333333,2.167125,252.409833333333,1.06158333333333,254.665833333333,43.4645833333333,132.289375,37.97525,-84.2081818181818,-18.3163636363636,NaN,NaN
2023-07-24 00:00:00,3815.5,13.26,19.2208333333333,28.0591666666667,2.47579166666667,190.6875,2.561,-0.0134583333333333,361.208316666667,277.065583333333,26.7077916666667,-94.1345833333333,25.8174166666667,Inf,250.378083333333,-119.94625,130.419166666667,1.06433333333333,2.19275,238.482458333333,1.06433333333333,251.95,46.0641666666667,182.954166666667,52.5252083333333,-76.453,-14.6165,NaN,NaN
2023-07-25 00:00:00,3839.5,13.2945833333333,17.54125,35.40375,2.479375,193.345833333333,2.55766666666667,-0.009875,347.321029166667,225.395583333333,22.625,-81.60875,19.262125,Inf,202.756166666667,-100.8675,101.9075,1.31679166666667,2.5505,229.523875,1.31679166666667,256.8,50.12625,143.805833333333,41.8870416666667,-70.2142857142857,-2.96414285714286,NaN,NaN
2023-07-26 00:00:00,3863.5,13.2825,16.4408333333333,39.9370833333333,2.481,197.133333333333,2.554375,-0.00608333333333334,343.4289375,179.087208333333,18.5024583333333,-82.1270833333333,14.9349583333333,Inf,160.590458333333,-97.0716666666667,63.5279166666667,0.98775,2.33720833333333,242.130708333333,0.98775,254.304166666667,53.0266666666667,96.9633333333333,33.4412916666667,-77.1393333333333,0.6838,NaN,NaN
2023-07-27 00:00:00,3887.5,13.3083333333333,16.03375,39.89,2.483625,196.191666666667,2.55525,-0.00679166666666667,344.904029166667,203.052458333333,21.3624166666667,-89.8270833333333,17.351125,Inf,181.687916666667,-107.18875,74.5025,1.060375,2.21066666666667,228.251666666667,1.060375,252.008333333333,51.60125,113.22375,38.7205416666667,-87.6333333333333,-8.41216666666667,NaN,NaN
2023-07-28 00:00:00,3911.5,13.2404166666667,16.7808333333333,36.8925,2.47991666666667,199.716666666667,2.55479166666667,-0.00666666666666667,348.787729166667,230.598708333333,24.5554583333333,-82.2966666666667,23.7992916666667,Inf,206.04675,-106.08625,99.9608333333333,1.01191666666667,2.33754166666667,221.472375,1.01191666666667,247.260833333333,57.55875,148.31375,48.3472916666667,-72.435,-6.33257142857143,NaN,NaN
2023-07-29 00:00:00,3935.5,13.2654166666667,17.61,34.9504166666667,2.47745833333333,200.3625,2.55591666666667,-0.00816666666666667,349.545220833333,210.937208333333,21.9048333333333,-86.6283333333333,21.0337083333333,-0.107294117647059,189.026625,-107.655833333333,81.365,0.872583333333333,1.915625,233.9525,0.872583333333333,259.3125,57.5416666666667,124.304583333333,42.9415833333333,-83.2326666666667,-7.34686666666667,NaN,NaN
2023-07-30 00:00:00,3959.5,13.265,16.10625,50.5545833333333,2.48216666666667,197.654166666667,2.55420833333333,-0.00575,348.121279166667,226.045666666667,21.6416666666667,-61.3049166666666,22.8512916666667,Inf,204.432958333333,-84.147125,120.264291666667,0.954791666666667,1.94695833333333,217.242083333333,0.954791666666667,238.65,59.8829166666667,164.748916666667,44.4879166666667,-69.9225,-6.7763,NaN,NaN
2023-07-31 00:00:00,3983.5,13.3033333333333,13.6904166666667,66.505,2.486625,201.620833333333,2.54804166666667,0.000291666666666667,350.142833333333,124.7365,7.17879166666667,-25.7990416666667,1.61725,Inf,117.550041666667,-27.418875,90.1336666666667,0.7695,1.63291666666667,169.688333333333,0.7695,174.941666666667,57.7054166666667,98.9334583333333,8.795875,-35.0008888888889,-3.17833333333333,NaN,NaN
2023-08-01 00:00:00,4007.5,13.38875,13.21625,67.0304166666667,2.48954166666667,208.3125,2.54908333333333,-0.001,355.341416666667,181.951125,12.3233333333333,-39.4586666666667,6.09554166666667,Inf,169.619666666667,-45.5537083333333,124.076625,0.921291666666667,1.97429166666667,220.535416666667,0.921291666666667,250.8625,55.1179166666667,142.498208333333,18.419625,-53.93,1.14166666666667,NaN,NaN
2023-08-02 00:00:00,4031.5,13.35,11.8508333333333,76.8758333333333,2.49379166666667,218.4,2.54725,0.00116666666666667,380.412466666667,139.476833333333,7.2945,-17.0079166666667,6.51779166666667,0.0583333333333334,132.184416666667,-23.5234583333333,108.650791666667,0.705916666666667,1.94529166666667,235.756666666667,0.705916666666667,211.98125,66.9508333333333,122.4695,13.8127083333333,-75.04,-3.183,NaN,NaN
2023-08-03 00:00:00,4055.5,13.3804166666667,10.9216666666667,73.07125,2.49741666666667,194.366666666667,2.54695833333333,0.00108333333333333,398.690633333333,179.715583333333,10.058375,-23.3724166666667,5.235625,-0.1745625,169.662333333333,-28.6072916666667,141.052375,1.11691666666667,2.5065,227.225416666667,1.11691666666667,248.354166666667,56.2166666666667,156.347833333333,15.2938333333333,-43.9248,6.7564,NaN,NaN
2023-08-04 00:00:00,4079.5,13.37875,12.1417083333333,52.4129166666667,2.4955,195.895833333333,2.55025,-0.00225,379.9595625,177.44275,10.971375,-75.5304166666667,-5.693,Inf,166.478666666667,-69.8375,96.6366666666667,1.338,2.746125,233.532375,1.338,255.608333333333,53.1308333333333,101.911666666667,5.27870833333333,-74.906,-7.51273333333333,NaN,NaN
2023-08-05 00:00:00,4103.5,13.3808333333333,11.9618333333333,53.7225,2.499,194.7625,2.55304166666667,-0.004625,360.721979166667,261.167166666667,22.7085,-82.3707916666667,8.04520833333333,Inf,238.439041666667,-90.4154166666667,148.046666666667,1.31704166666667,2.49895833333333,250.091666666667,1.31704166666667,244.17,45.7766666666667,178.793041666667,30.7488333333333,-74.681,-5.42213333333333,NaN,NaN
2023-08-06 00:00:00,4127.5,13.4008333333333,9.8535,72.2645833333333,2.50879166666667,196.225,2.55354166666667,-0.00584722222222222,371.896416666667,196.319333333333,16.603375,-40.8990416666667,14.1634583333333,Inf,179.709041666667,-55.070375,124.642458333333,1.04491666666667,2.16258333333333,176.091208333333,1.04491666666667,154.545833333333,53.3858333333333,155.401916666667,30.7624583333333,-41.7455,-1.6305,NaN,NaN
2023-08-07 00:00:00,4151.5,13.3904166666667,10.4315,51.2704166666667,2.509625,191.679166666667,2.55704166666667,-0.00852777777777778,353.515658333333,106.523833333333,11.426,-68.62875,-0.670583333333334,Inf,95.0984166666667,-67.9575,27.1329166666667,1.0925,2.29358333333333,237.33875,1.0925,252.1,48.3479166666667,37.89125,10.7566666666667,-68.4991666666667,-0.541291666666667,NaN,NaN
2023-08-08 00:00:00,4175.5,13.37375,11.91925,44.6329166666667,2.50166666666667,192.204166666667,2.55558333333333,-0.00745833333333334,354.853054166667,171.359375,17.1198333333333,-74.1475,7.64566666666667,0.0184,154.243708333333,-81.79625,72.4545833333333,1.14766666666667,2.46120833333333,245.288833333333,1.14766666666667,263.466666666667,49.1145833333333,97.2157916666667,24.7689583333333,-74.146,-6.59073333333333,NaN,NaN
2023-08-09 00:00:00,4199.5,13.33875,10.6005,49.9191666666666,2.506875,192.545833333333,2.55491666666667,-0.00679166666666667,351.817254166667,292.204166666667,29.588375,-95.1875,25.9864583333333,Inf,262.553708333333,-121.18,141.395833333333,1.39604166666667,2.86808333333333,247.3875,1.39604166666667,254.154166666667,57.2808333333333,196.993333333333,55.5671666666667,-84.225,7.347125,NaN,NaN
2023-08-10 00:00:00,4223.5,13.2920833333333,13.8483333333333,38.3283333333333,2.491375,193.145833333333,2.553625,-0.00516666666666667,348.468279166667,262.066916666667,27.2695416666667,-91.9383333333333,19.4642083333333,-0.226,234.80775,-111.3975,123.432083333333,1.57258333333333,3.19941666666667,218.696625,1.57258333333333,259.266666666667,56.6783333333333,170.182916666667,46.7337083333333,-86.23,-0.910200000000001,NaN,NaN
2023-08-11 00:00:00,4247.5,13.2825,13.9554166666667,44.8908333333333,2.48958333333333,192.570833333333,2.55241666666667,-0.004375,350.209475,222.6445,23.3460833333333,-74.9345833333333,19.952875,-0.0734,199.288708333333,-94.8870833333333,104.402541666667,1.08654166666667,2.30679166666667,256.216458333333,1.08654166666667,246.425,60.70375,147.694583333333,43.2974583333333,-72.2575,-0.216687499999999,NaN,NaN
2023-08-12 00:00:00,4271.5,13.3616666666667,14.2954166666667,45.3925,2.48783333333333,193.125,2.552,-0.004125,352.923816666667,177.584458333333,16.7405,-66.8025,14.283375,Inf,160.831833333333,-81.08875,79.7466666666667,0.856916666666666,1.79558333333333,222.780916666667,0.856916666666666,263.045833333333,44.76625,110.775416666667,31.0246666666667,-60.1914285714286,-6.17364285714286,NaN,NaN
2023-08-13 00:00:00,4295.5,13.33875,10.991125,62.4670833333333,2.50166666666667,192.2125,2.55129166666667,-0.003125,346.6055125,187.217875,19.584125,-77.1766666666667,20.0748333333333,Inf,167.643,-97.2608333333333,70.3804583333333,0.97725,1.906125,174.913375,0.97725,190.059083333333,48.1179166666667,110.048333333333,39.664625,-77.705,4.21088888888889,NaN,NaN
2023-08-14 00:00:00,4319.5,13.2758333333333,11.1237916666667,45.22125,2.50504166666667,191.091666666667,2.555,-0.00608333333333334,349.1925375,291.676041666667,30.52925,-100.704166666667,29.8405833333333,-0.458291666666667,261.142791666667,-130.550833333333,130.609166666667,0.88825,1.753875,235.897125,0.88825,220.199166666667,39.8483333333333,191.000083333333,60.3692083333333,-81.7673333333333,3.6936,NaN,NaN
2023-08-15 00:00:00,4343.5,13.2283333333333,15.9220833333333,26.2475,2.48295833333333,191.670833333333,2.554,-0.005625,352.291241666667,288.510333333333,30.247375,-112.204166666667,23.1850833333333,Inf,258.316208333333,-135.398333333333,122.885,1.17879166666667,2.15491666666667,184.677541666667,1.17879166666667,240.907916666667,46.26375,176.332916666667,53.432375,-99.9769230769231,-10.4486153846154,NaN,NaN
2023-08-16 00:00:00,4367.5,13.24875,17.1083333333333,36.6141666666667,2.47875,191.608333333333,2.554875,-0.006625,351.898291666667,244.585791666667,25.5070416666667,-93.9183333333334,20.0103333333333,Inf,219.088625,-113.92875,105.159166666667,1.25441666666667,2.2855,247.557916666667,1.25441666666667,245.224166666667,39.045,150.674791666667,45.519875,-89.0615384615384,-8.11246153846154,NaN,NaN
2023-08-17 00:00:00,4391.5,13.2275,18.2829166666667,32.1545833333333,2.47275,191.908333333333,2.55404166666667,-0.00575,354.026,214.881708333333,22.2052916666667,-88.6820833333333,17.08675,-0.218411764705882,192.67875,-105.7725,86.90625,0.955708333333333,1.99241666666667,223.467083333333,0.955708333333333,258.020833333333,53.82875,126.19125,39.2897083333333,-80.455,-11.1598333333333,NaN,NaN
2023-08-18 00:00:00,4415.5,13.2966666666667,14.3241666666667,59.2458333333333,2.48620833333333,190.929166666667,2.5505,-0.003125,340.311329166667,116.769375,13.0807083333333,-44.9744166666667,7.54741666666667,0.000733333333333334,103.687916666667,-52.517125,51.1654166666667,1.11504166666667,2.42008333333333,234.2375,1.11504166666667,252.220833333333,53.9341666666667,71.7939583333334,20.6297083333333,-63.4225,4.78,NaN,NaN
2023-08-19 00:00:00,4439.5,13.2258333333333,15.3166666666667,52.095,2.48370833333333,189.083333333333,2.55233333333333,-0.0045,355.5099625,211.660833333333,18.6194583333333,-69.269625,5.41025,Inf,193.040958333333,-74.6838333333333,118.329583333333,1.02220833333333,2.30016666666667,225.083333333333,1.02220833333333,224.425833333333,68.5608333333333,142.375416666667,24.0243333333333,-60.4533571428572,-9.69935714285714,NaN,NaN
2023-08-20 00:00:00,4463.5,13.2854166666667,17.8579166666667,37.81625,2.47283333333333,193.325,2.55216666666667,-0.00420833333333333,361.691745833333,265.420708333333,26.0232083333333,-101.93875,18.5973333333333,Inf,239.406416666667,-120.535416666667,118.884166666667,0.906708333333333,1.99541666666667,219.239166666667,0.906708333333333,208.757208333333,54.3475,163.501666666667,44.6179583333333,-82.2091666666667,-11.3103333333333,NaN,NaN
2023-08-21 00:00:00,4487.5,13.2,18.72,22.2829166666667,2.466875,192.066666666667,2.54983333333333,-0.00183333333333334,352.369016666667,231.160833333333,24.423125,-105.245,15.4455416666667,Inf,206.742291666667,-120.696666666667,86.0535833333333,0.9185,2.03145833333333,242.5,0.9185,259.2,55.19125,125.946666666667,39.8765416666666,-96.6592857142857,-13.1617142857143,NaN,NaN
2023-08-22 00:00:00,4511.5,13.2704166666667,17.0370833333333,34.0358333333333,2.47316666666667,190.683333333333,2.549125,-0.00116666666666667,342.708775,178.925041666667,18.1680416666667,-87.6633333333334,12.4850416666667,Inf,160.761458333333,-100.16125,60.59125,1.12983333333333,2.222875,188.76625,1.12983333333333,199.129166666667,47.3883333333333,91.2545833333333,30.654875,-87.2893333333333,-7.7752,NaN,NaN
2023-08-23 00:00:00,4535.5,13.2533333333333,14.4091666666667,54.4266666666667,2.48620833333333,193.541666666667,2.55075,-0.00243589743589743,342.751845833333,187.820125,19.6840833333333,-62.4933333333333,19.6950833333333,-0.3928125,168.137208333333,-82.1912083333333,85.9450416666667,0.948,2.05466666666667,199.921666666667,0.948,231.554166666667,55.8270833333333,125.323958333333,39.38125,-65.568,2.9574,NaN,NaN
2023-08-24 00:00:00,4559.5,13.2345833333333,11.8066666666667,75.6716666666667,2.50133333333333,191.266666666667,2.55475,-0.0039599358974359,346.6875625,100.376375,6.40475,-10.388125,5.89566666666667,Inf,93.975375,-16.2823333333333,77.689625,0.736041666666667,1.52304166666667,192.705416666667,0.736041666666667,187.930833333333,44.1404166666667,89.9877083333333,12.3004166666667,-8.55,8.04,NaN,NaN
2023-08-25 00:00:00,4583.5,13.3108333333333,8.69283333333333,93.6041666666666,2.5105,192.125,2.550125,-0.00191666666666667,393.057016666667,44.5013333333333,2.45929166666667,0.348708333333333,7.26104166666667,Inf,42.042,-6.91241666666667,35.127,0.570375,1.225,182.258375,0.570375,188.762583333333,35.04,44.8454583333333,9.71975,NaN,NaN,NaN,NaN
2023-08-26 00:00:00,4607.5,13.3520833333333,11.8894166666667,78.7291666666667,2.49758333333333,192.725,2.55108333333333,-0.0035,409.021904166667,271.702208333333,16.267375,-44.37075,8.58125,Inf,255.406416666667,-52.95175,202.478,0.720125,1.57304166666667,229.707916666667,0.720125,233.234583333333,47.62375,227.326833333333,24.8482916666667,-47.11,23.61,NaN,NaN
2023-08-27 00:00:00,4631.5,13.2833333333333,13.2783333333333,63.8358333333333,2.491,195.0125,2.550875,-0.00254166666666667,393.049091666667,198.778166666667,16.9643333333333,-70.6908333333333,6.21025,Inf,181.809625,-76.90125,104.908333333333,0.983833333333333,1.92616666666667,203.962916666667,0.983833333333333,205.929375,45.3916666666667,128.079625,23.1742083333333,-84.7375,-3.6515,NaN,NaN
2023-08-28 00:00:00,4655.5,13.2983333333333,11.520375,64.9708333333333,2.49791666666667,192.25,2.54991666666667,-0.00229166666666667,372.821483333333,202.566208333333,18.2629583333333,-58.1354166666667,13.8680416666667,Inf,184.30275,-71.9979166666667,112.302083333333,0.973125,1.829375,217.3665,0.973125,204.6315,40.6320833333333,144.440083333333,32.1282083333333,-53.684,-7.4076,NaN,NaN
2023-08-29 00:00:00,4679.5,13.2808333333333,12.3739166666667,47.295,2.49766666666667,192.654166666667,2.55345833333333,-0.00541666666666667,379.2486875,264.11275,23.5659166666667,-95.8975,12.1765416666667,Inf,240.545875,-108.065,132.459166666667,0.795583333333333,1.554625,191.398625,0.795583333333333,212.754583333333,42.7683333333333,168.222916666667,35.7475,-92.9,1.46414285714286,NaN,NaN
2023-08-30 00:00:00,4703.5,13.27,16.4291666666667,29.9704166666667,2.47883333333333,192.975,2.55225,-0.00416666666666667,361.871116666667,211.972958333333,21.4655416666667,-100.391666666667,5.68354166666667,-0.0529285714285714,190.502208333333,-106.078333333333,84.41625,1.2545,2.63145833333333,249.054166666667,1.2545,252.625,53.7770833333333,111.567916666667,27.1487916666667,-95.6307692307692,-15.1713076923077,NaN,NaN
2023-08-31 00:00:00,4727.5,13.2504166666667,16.4595833333333,22.7975,2.47795833333333,192.05,2.55133333333333,-0.00316666666666667,350.538408333333,239.894625,23.8319166666667,-107.829166666667,10.6435416666667,Inf,216.031791666667,-118.465416666667,97.5625,1.24795833333333,2.57320833333333,242.505,1.24795833333333,256.729166666667,51.3258333333333,132.03625,34.474,-99.8285714285714,-13.0910714285714,NaN,NaN
2023-09-01 00:00:00,4751.5,13.2291666666667,16.1816666666667,35.5775,2.47833333333333,193.091666666667,2.550625,-0.002625,346.66105,197.124083333333,19.9535833333333,-82.3166666666667,12.0234583333333,Inf,177.169083333333,-94.35625,82.82125,1.02466666666667,2.24141666666667,229.609166666667,1.02466666666667,250.716666666667,54.8520833333333,114.799166666667,31.97625,-75.4693333333334,-8.49373333333333,NaN,NaN
2023-09-02 00:00:00,4775.5,13.32,13.80375,52.80625,2.49066666666667,194.058333333333,2.55254166666667,-0.003,344.4971875,176.564875,17.203875,-72.6816666666667,11.6067916666667,Inf,159.357625,-84.28625,75.0712916666667,0.928041666666667,1.90525,248.075,0.928041666666667,236.270833333333,48.125,103.885416666667,28.8113333333333,-72.9833333333333,1.753,NaN,NaN
2023-09-03 00:00:00,4799.5,13.2875,12.8516666666667,63.31625,2.49295833333333,194.583333333333,2.55083333333333,-0.00266666666666667,353.625820833333,167.447458333333,15.52825,-55.9515833333333,4.1835,Inf,151.918791666667,-60.1342083333333,91.7860416666667,0.909458333333333,2.05783333333333,247.854166666667,0.909458333333333,257.354166666667,51.60375,111.493333333333,19.7116666666667,-75.8755555555555,-9.45288888888889,NaN,NaN
2023-09-04 00:00:00,4823.5,13.29875,9.05108333333333,65.98875,2.50791666666667,192.458333333333,2.549125,-0.000708333333333334,349.1210875,120.850041666667,8.53241666666667,-56.970875,-1.83229166666667,-0.2328125,112.318416666667,-55.1425,57.1783333333333,1.6415,3.248875,230.3025,1.6415,258.795833333333,54.2954166666667,63.8802083333333,6.70045833333333,-54.3493181818182,-0.846045454545455,NaN,NaN
2023-09-05 00:00:00,4847.5,13.375,7.979125,62.33875,2.51579166666667,193.125,2.551875,-0.0035,358.317266666667,239.174,20.5062083333333,-86.7045833333333,10.21475,Inf,218.663541666667,-96.9279166666667,121.711666666667,1.31108333333333,2.63666666666667,225.974833333333,1.31108333333333,246.925,53.1658333333333,152.450833333333,30.72175,-78.5771428571428,0.235571428571429,NaN,NaN
2023-09-06 00:00:00,4871.5,13.2745833333333,13.1225,33.9958333333333,2.49420833333333,192.075,2.55325,-0.00533333333333333,352.631245833333,240.658125,24.5136666666667,-104.820833333333,7.20420833333334,Inf,216.166625,-112.024166666667,104.151666666667,1.351125,2.75108333333333,254.558333333333,1.351125,259.670833333333,49.4666666666667,135.867916666667,31.7127083333333,-97.69375,-6.593125,NaN,NaN
2023-09-07 00:00:00,4895.5,13.27375,12.78125,23.6779166666667,2.49616666666667,191.833333333333,2.55383333333333,-0.00604166666666667,342.063858333333,249.14425,25.7302083333333,-110.7125,10.2959166666667,Inf,223.44075,-121.00875,102.420416666667,1.41770833333333,2.74904166666667,250.941666666667,1.41770833333333,252.7625,45.80625,138.453333333333,36.0277916666667,-103.141176470588,-5.45417647058823,NaN,NaN
2023-09-08 00:00:00,4919.5,13.2683333333333,13.6758333333333,19.00875,2.49266666666667,192.0625,2.55408333333333,-0.00633333333333334,341.310304166667,233.974166666667,24.5065416666667,-111.079166666667,8.24704166666667,Inf,209.486875,-119.329583333333,90.1554166666667,1.17458333333333,2.22345833333333,249.196666666667,1.17458333333333,258.658333333333,44.3904166666667,122.8975,32.7552083333333,-100.626666666667,-15.1508,NaN,NaN
2023-09-09 00:00:00,4943.5,13.2691666666667,13.2470833333333,25.7445833333333,2.49408333333333,190.441666666667,2.55375,-0.00516666666666667,339.024345833333,204.190041666667,21.1550833333333,-96.0929166666667,9.85183333333333,Inf,183.036958333333,-105.94625,77.0983333333333,1.095,2.29575,229.805125,1.095,261.3375,47.48,108.103333333333,31.0106666666667,-90.8233333333333,-3.66422222222222,NaN,NaN
2023-09-10 00:00:00,4967.5,13.3495833333333,8.81654166666667,62.23,2.512,191.845833333333,2.55208333333333,-0.00404166666666667,337.603575,123.58975,10.9035416666667,-36.9022916666667,11.2153333333333,Inf,112.683083333333,-48.11775,64.5679583333334,0.8195,1.93995833333333,196.786,0.8195,163.870416666667,55.20625,86.6845,22.1183333333333,-48.7884444444444,12.7136111111111,NaN,NaN
2023-09-11 00:00:00,4991.5,13.3945833333333,5.8295,76.41625,2.52575,193.591666666667,2.55245833333333,-0.00408333333333333,346.174,165.058583333333,10.882125,-39.6040833333333,6.88945833333333,Inf,154.175875,-46.4913333333333,107.678375,0.776666666666667,1.51558333333333,194.314208333333,0.776666666666667,177.405,40.7579166666667,125.45525,17.7710833333333,-79.4181818181818,1.77890909090909,NaN,NaN
2023-09-12 00:00:00,5015.5,13.305,8.44654166666667,46.9166666666667,2.51558333333333,191.629166666667,2.554125,-0.00558333333333334,345.262483333333,242.818541666667,21.3363333333333,-96.3920833333333,5.81741666666667,-0.5268,221.503625,-102.2175,119.26625,0.927041666666667,1.71229166666667,172.029583333333,0.927041666666667,164.455416666667,36.0741666666667,146.416666666667,27.1559166666667,-95.638947368421,3.63268421052632,NaN,NaN
2023-09-13 00:00:00,5039.5,13.2945833333333,9.2055,47.1483333333333,2.51183333333333,192.433333333333,2.55366666666667,-0.00554166666666667,341.129545833333,144.6645,13.9467083333333,-71.8020833333333,4.30154166666667,-0.433111111111111,130.715375,-76.11125,54.61875,0.93,1.81329166666667,211.895416666667,0.93,206.054166666667,50.0854166666667,72.857625,18.246125,-71.6254166666667,4.47770833333333,NaN,NaN
2023-09-14 00:00:00,5063.5,13.31375,4.96625,81.5629166666667,2.526875,196.045833333333,2.54979166666667,-0.00185416666666666,342.547895833333,51.0247083333333,4.46983333333333,-18.2616666666667,5.34695833333333,-0.600111111111111,46.55575,-23.6084166666667,22.9473333333333,0.438583333333333,1.10304166666667,173.964583333333,0.438583333333333,159.615416666667,41.0841666666667,32.762,9.81745833333333,-33.5215384615385,3.01853846153846,NaN,NaN
2023-09-15 00:00:00,5087.5,13.4008333333333,4.49879166666667,77.8320833333333,2.52808333333333,194.4625,2.54879166666667,-0.000166666666666664,355.225304166667,180.582666666667,9.66595833333333,-36.5406666666667,8.99745833333333,Inf,170.920291666667,-45.5292083333333,125.393333333333,0.798041666666667,1.48954166666667,145.771333333333,0.798041666666667,107.839333333333,33.80875,144.056791666667,18.6630416666667,-81.4168181818182,6.57309090909091,NaN,NaN
2023-09-16 00:00:00,5111.5,13.2908333333333,8.23983333333333,43.1241666666667,2.517375,195.116666666667,2.55483333333333,-0.00679166666666667,356.705791666667,234.706291666667,18.2715833333333,-107.920833333333,-1.71808333333333,Inf,216.457416666667,-106.2,110.258708333333,1.004375,1.88083333333333,230.5,1.004375,239.925,38.0485416666667,126.8025,16.55625,-101.577777777778,-6.12122222222222,NaN,NaN
2023-09-17 00:00:00,5135.5,13.2858333333333,10.5605,37.9708333333333,2.50616666666667,193.720833333333,2.55408333333333,-0.00629166666666667,348.858804166667,221.813875,19.9884166666667,-102.0875,2.47258333333333,Inf,201.831791666667,-104.555833333333,97.28,1.222375,2.44895833333333,226.2375,1.222375,235.283333333333,47.0825,119.730416666667,22.45825,-96.9544444444445,-8.70394444444444,NaN,NaN
2023-09-18 00:00:00,5159.5,13.3229166666667,8.82229166666667,46.6754166666667,2.512875,193.3625,2.55308333333333,-0.004875,342.504141666667,152.990333333333,14.87375,-73.89875,4.76383333333333,Inf,138.126583333333,-78.6616666666667,59.4618333333333,1.1405,2.400625,239.508333333333,1.1405,243.141666666667,57.03875,79.1021666666667,19.6370833333333,-73.6925,4.966,NaN,NaN
2023-09-19 00:00:00,5183.5,13.2770833333333,6.25004166666667,67.40875,2.52291666666667,194.95,2.55145833333333,-0.003375,345.993391666667,150.915541666667,14.1967083333333,-55.9150416666667,9.42958333333334,Inf,136.718125,-65.34275,71.3827916666667,0.992166666666666,2.06725,201.4375,0.992166666666666,233.075,62.975,94.9988333333334,23.6274583333333,-60.7558181818182,10.3233181818182,NaN,NaN
2023-09-20 00:00:00,5207.5,13.2808333333333,7.896625,50.1166666666667,2.51820833333333,192.966666666667,2.55420833333333,-0.00591666666666667,354.5714125,121.639875,9.39333333333333,-44.6513333333333,-5.12441666666667,Inf,112.239958333333,-39.5294583333333,72.7174583333333,0.790291666666667,1.8855,223.59375,0.790291666666667,247.708333333333,56.13,76.9834583333333,4.27020833333333,-48.4346818181818,-5.27863636363636,NaN,NaN
2023-09-21 00:00:00,5231.5,13.3795833333333,8.39629166666667,46.29,2.51645833333333,193.079166666667,2.554875,-0.00675,347.9172,161.947583333333,13.499375,-78.9154166666667,-3.43158333333333,Inf,148.4425,-75.4775,72.9594583333333,0.960041666666667,2.03904166666667,232.116666666667,0.960041666666667,241.120833333333,48.5479166666667,83.0277916666667,10.067875,-78.84375,-3.36291666666667,NaN,NaN
2023-09-22 00:00:00,5255.5,13.3841666666667,7.89095833333333,34.77375,2.51883333333333,193.458333333333,2.55475,-0.00658333333333334,343.144504166667,215.416458333333,19.9255,-90.3241666666667,5.329,-0.51855,195.492958333333,-95.64,99.84625,1.266,2.70970833333333,230.065625,1.266,238.479166666667,60.9104166666667,125.101666666667,25.253,-90.2554166666666,5.39208333333333,NaN,NaN
2023-09-23 00:00:00,5279.5,13.3333333333333,3.30075,45.22625,2.53829166666667,191.866666666667,2.55354166666667,-0.00533333333333333,340.137695833333,221.38575,21.7333333333333,-90.5697916666667,11.648375,-0.410590909090909,199.671833333333,-102.2275,97.4385,1.98041666666667,3.57858333333333,236.353333333333,1.98041666666667,242.145833333333,55.76375,130.820833333333,33.3826666666667,-90.5125833333333,11.709875,NaN,NaN
2023-09-24 00:00:00,5303.5,13.2854166666667,7.123125,24.6625,2.52254166666667,190.8125,2.55495833333333,-0.0065,340.7756375,212.271083333333,21.7470833333333,-110.333333333333,5.45583333333333,Inf,190.527166666667,-115.78375,74.7533333333333,1.057375,2.16829166666667,194.317875,1.057375,221.754166666667,50.7375,101.951666666667,27.196875,-110.275,5.50979166666667,NaN,NaN
2023-09-25 00:00:00,5327.5,13.2475,9.98454166666667,21.3595833333333,2.510625,190.9875,2.55583333333333,-0.00808333333333334,342.153275,207.242125,20.8855833333333,-109.970833333333,2.88875,Inf,186.3595,-112.860833333333,73.4945833333333,0.805208333333333,1.65720833333333,231.529166666667,0.805208333333333,237.6375,47.8866666666667,97.2620833333333,23.7732083333333,-100.611111111111,-9.32861111111111,NaN,NaN
2023-09-26 00:00:00,5351.5,13.2370833333333,11.6697083333333,21.8529166666667,2.50291666666667,191.275,2.55558333333333,-0.00720833333333333,341.729266666667,205.418333333333,20.3766666666667,-109.966666666667,1.581375,Inf,185.0395,-111.537916666667,73.49875,0.913375,1.73991666666667,213.65575,0.913375,233.291666666667,43.2575,95.46125,21.9608333333333,-98.73125,-14.341375,NaN,NaN
2023-09-27 00:00:00,5375.5,13.2283333333333,12.587875,22.2304166666667,2.49695833333333,191.3625,2.55358333333333,-0.00591666666666667,340.26215,205.492208333333,20.4734583333333,-113.029166666667,1.39758333333334,Inf,185.009791666667,-114.414166666667,70.5891666666667,1.04570833333333,2.20741666666667,250.995833333333,1.04570833333333,238.120833333333,49.6608333333333,92.4608333333333,21.8699583333333,-102.564705882353,-14.2478235294118,NaN,NaN
2023-09-28 00:00:00,5399.5,13.24625,13.11625,20.3633333333333,2.49379166666667,191.195833333333,2.55279166666667,-0.00479166666666667,339.117083333333,201.584,20.1314583333333,-109.833333333333,2.44191666666667,Inf,181.447166666667,-112.2725,69.1744166666666,1.08508333333333,2.32975,231.9475,1.08508333333333,247.108333333333,53.87375,91.7479166666666,22.5710416666667,-98.1064705882353,-12.671,NaN,NaN
2023-09-29 00:00:00,5423.5,13.2504166666667,11.081875,26.0683333333333,2.50345833333333,191.370833333333,2.55354166666667,-0.00520833333333333,337.311258333333,156.781666666667,16.6159166666667,-104.129166666667,-1.10341666666667,Inf,140.171458333333,-103.020833333333,37.15625,1.11991666666667,2.50225,240.320833333333,1.11991666666667,241.6125,59.6541666666667,52.6629166666667,15.5161666666667,-104.054166666667,-1.03758333333333,NaN,NaN
2023-09-30 00:00:00,5447.5,13.27875,11.802625,26.48375,2.50075,191.854166666667,2.554125,-0.006125,337.869229166667,162.657166666667,17.2500416666667,-93.9445833333334,1.42733333333333,Inf,145.414083333333,-95.3779166666667,50.0339166666667,0.961333333333333,2.13241666666667,207.170833333333,0.961333333333333,225.7125,52.88,68.7116666666667,18.6745,-89.5561904761905,-4.98680952380952,NaN,NaN
2023-10-01 00:00:00,5471.5,13.2895833333333,10.7847083333333,38.5004166666667,2.50575,192.983333333333,2.55458333333333,-0.00654166666666667,336.904704166667,122.686,13.0843333333333,-86.6758333333333,-0.782791666666666,Inf,109.599916666667,-85.8929166666667,23.70325,0.848708333333333,1.92029166666667,225.11125,0.848708333333333,205.0125,54.7466666666667,35.9996666666667,12.3000833333333,-86.61125,-0.722000000000001,250,-0.163541666666667
2023-10-02 00:00:00,5495.5,13.25875,7.14629166666667,57.3545833333333,2.52370833333333,193.325,2.55629166666667,-0.00825000000000001,338.6680375,136.269875,14.0995833333333,-56.216625,5.99666666666666,Inf,122.162958333333,-62.2181666666667,59.951875,1.0475,2.378625,210.421666666667,1.0475,211.64,55.23375,80.0349583333333,20.0904583333333,-56.1387083333333,6.07691666666667,250,-0.20625
2023-10-03 00:00:00,5519.5,13.39125,0.586041666666667,72.7816666666667,2.55179166666667,195.495833333333,2.55454166666667,-0.0065,341.389316666667,107.103958333333,7.26679166666667,-20.2357083333333,3.99333333333333,Inf,99.8354166666667,-24.2309583333333,75.6080416666667,1.62625,3.21816666666667,263.7375,1.62625,257.629166666667,49.5541666666667,86.8698333333333,11.26,-20.1452916666667,4.08520833333333,250,-0.1625
2023-10-04 00:00:00,5543.5,13.3754166666667,1.75379166666667,67.9304166666667,2.54391666666667,211.425,2.55191666666667,-0.004,340.545775,159.590041666667,11.89225,-60.49875,3.185375,Inf,147.701,-63.67875,84.0175,1.39183333333333,2.86404166666667,229.291666666667,1.39183333333333,229.1,68.3933333333333,99.0933333333333,15.07775,-60.4320833333333,3.24433333333333,250,-0.1
2023-10-05 00:00:00,5567.5,13.36875,3.34220833333333,64.7220833333333,2.53808333333333,229.783333333333,2.55345833333333,-0.00470833333333333,340.132995833333,181.694625,14.719625,-69.18375,5.62375,Inf,166.97775,-74.80975,92.1608333333333,1.17,2.45916666666667,184.277083333333,1.17,230.804166666667,64.1341666666666,112.507916666667,20.345375,-69.13875,5.680875,250,-0.117708333333333
2023-10-06 00:00:00,5591.5,13.3533333333333,3.77016666666667,64.8483333333333,2.53829166666667,240.666666666667,2.55566666666667,-0.00725,340.296616666667,175.0625,14.4678333333333,-71.0516666666667,7.84095833333333,Inf,160.595083333333,-78.8933333333333,81.7004166666667,0.898791666666666,1.75883333333333,192.287333333333,0.898791666666666,195.8425,44.5204166666667,104.005833333333,22.3101666666667,-71.00875,7.89754166666667,250,-0.18125
2023-10-07 00:00:00,5615.5,13.26875,6.96375,41.3566666666667,2.524625,228.675,2.556375,-0.00829166666666667,340.516891666667,180.525125,15.7245833333333,-102.5125,-0.956708333333333,Inf,164.7945,-101.552916666667,63.2408333333333,0.923916666666666,1.926875,185.6775,0.923916666666666,233.579166666667,47.6141666666667,78.0158333333333,14.7687083333333,-102.458333333333,-0.901874999999999,250,-0.207291666666667
2023-10-08 00:00:00,5639.5,13.25625,7.9935,33.30875,2.52220833333333,231.175,2.55870833333333,-0.010625,339.623916666667,179.15975,16.1300416666667,-107.404166666667,-2.67466666666667,Inf,163.031541666667,-104.724583333333,58.2958333333333,0.912208333333333,1.876875,194.282916666667,0.912208333333333,215.75875,48.3545833333333,71.7633333333333,13.45875,-107.345833333333,-2.61758333333333,250,-0.265625
2023-10-09 00:00:00,5663.5,13.2616666666667,8.088,28.6616666666667,2.52391666666667,220.7,2.56095833333333,-0.0131666666666667,338.670508333333,175.889875,15.8444166666667,-106.325,-2.47795833333333,Inf,160.036291666667,-103.83,56.1983333333333,0.99225,1.92945833333333,210.383458333333,0.99225,226.179166666667,46.79,69.5558333333333,13.36625,-106.270833333333,-2.42254166666667,250,-0.329166666666667
2023-10-10 00:00:00,5687.5,13.2891666666667,7.39475,27.8633333333333,2.52620833333333,212.05,2.56008333333333,-0.0125,338.2662875,147.934583333333,13.8379166666667,-90.99875,-0.818833333333334,Inf,134.092625,-90.1775,43.9108333333333,0.932,1.88,248.716666666667,0.932,254.7375,41.3570833333333,56.932625,13.0210833333333,-90.9491666666667,-0.763041666666666,250,-0.3125
2023-10-11 00:00:00,5711.5,13.3183333333333,3.89508333333333,63.9495833333334,2.532,221.816666666667,2.54991666666667,-0.00885416666666667,339.458991666667,81.0795416666667,7.40345833333333,-37.472625,1.32866666666667,Inf,73.6784166666667,-38.8005833333333,34.872125,1.15025,2.60066666666667,229.953333333333,1.15025,246.429166666667,58.1033333333333,43.61475,8.7335,-37.3959166666667,1.406375,250,-0.221354166666667
2023-10-12 00:00:00,5735.5,13.2766666666667,-3.429375,89.2958333333333,2.427125,229.045833333333,2.41204166666667,0.101333333333333,342.674133333333,43.3025416666667,33.199125,-0.166291666666667,-1.342625,Inf,10.1052916666667,1.17633333333333,11.2814583333333,1.28708333333333,2.61645833333333,184.487916666667,1.28708333333333,235.17175,60.115,43.1300833333333,31.847875,-0.0477083333333333,-1.22404166666667,250,2.53333333333333
2023-10-13 00:00:00,5759.5,13.3708333333333,-4.65570833333333,84.2179166666667,2.40716666666667,214.7125,2.3865,0.158791666666667,343.376408333333,153.812375,93.7985416666667,-31.4185833333333,-12.3609583333333,0.740461538461538,60.0254166666667,-19.058875,40.9715833333333,1.02591666666667,2.20716666666667,204.779583333333,1.02591666666667,205.445416666667,59.59125,122.403083333333,81.4335833333333,-31.3060416666667,-12.2442916666667,250,3.96979166666667
2023-10-14 00:00:00,5783.5,13.44875,-0.955833333333333,73.0425,2.42779166666667,202.8,2.42354166666667,0.12475,342.601866666667,132.007375,78.2965416666667,-62.7141666666667,-17.7804166666667,Inf,53.7155,-44.9308333333333,8.784,1.256125,2.507625,216.169166666667,1.256125,200.2875,62.89,69.3009166666667,60.5180416666667,-62.6241666666667,-17.6908333333333,250,3.11875
2023-10-15 00:00:00,5807.5,13.4041666666667,2.6605,58.0554166666667,2.443875,195.625,2.45566666666667,0.0922916666666667,341.95945,162.995375,85.12,-91.00125,-26.26,Inf,77.872875,-64.7454166666667,13.1261666666667,1.03633333333333,2.206,179.846666666667,1.03633333333333,218.170833333333,61.4904166666667,71.9891666666667,58.8584583333333,-90.9379166666667,-26.1920833333333,250,2.30729166666667
2023-10-16 00:00:00,2430.66666666667,13.3133333333333,6.93183333333333,42.7591666666667,2.45570833333333,200.816666666667,2.48654166666667,0.0616666666666667,341.257558333333,157.745791666667,74.27675,-95.46625,-35.3733333333333,Inf,83.4705833333333,-60.0816666666667,23.3879166666667,0.939416666666667,1.951625,204.60375,0.939416666666667,224.266666666667,55.0083333333333,62.2916666666667,38.9039166666667,-93.7627272727273,-33.9840909090909,250,1.54166666666667
2023-10-17 00:00:00,25.5,13.3583333333333,8.577625,37.0483333333333,2.47420833333333,219.595833333333,2.51283333333333,0.0352916666666667,339.425841666667,149.947208333333,64.048125,-99.3358333333333,-34.6420833333333,Inf,85.90375,-64.6875,21.20875,1.585875,3.09329166666667,224.386541666667,1.585875,246.954166666667,53.1208333333333,50.61625,29.3995833333333,-99.2708333333333,-34.5875,250,0.882291666666667
2023-10-18 00:00:00,49.5,13.3675,5.55958333333333,50.1866666666667,2.513875,201.641666666667,2.53933333333333,0.00954166666666667,339.475079166667,139.570166666667,40.3105416666667,-94.3083333333333,-21.68125,Inf,99.2632083333333,-72.625,26.63625,1.665125,3.17745833333333,234.635416666667,1.665125,263.079166666667,56.8979166666667,45.2804166666667,18.6342083333333,-94.2541666666667,-21.6266666666667,250,0.238541666666667
2023-10-19 00:00:00,73.5,13.3170833333333,7.58166666666666,42.3308333333333,2.522,197.466666666667,2.55670833333333,-0.00754166666666667,340.173375,154.511833333333,18.5642916666667,-104.329166666667,-20.22,Inf,135.952333333333,-84.10625,51.8429166666667,1.21366666666667,2.44333333333333,184.852083333333,1.21366666666667,197.1875,67.64,50.1825,-1.65525,-104.2625,-20.1645833333333,250,-0.188541666666667
2023-10-20 00:00:00,97.5,13.2629166666667,9.44275,23.0204166666667,2.51695833333333,201.979166666667,2.55983333333333,-0.0125833333333333,338.796495833333,152.364125,10.3591666666667,-110.925,-23.9345833333333,Inf,142.011708333333,-86.9925,55.0129166666667,1.10166666666667,2.26595833333333,203.899166666667,1.10166666666667,197.4525,52.3433333333333,41.44,-13.57575,-110.866666666667,-23.8804166666667,250,-0.314583333333333
2023-10-21 00:00:00,121.5,13.2829166666667,9.27570833333333,29.2304166666667,2.5185,199.875,2.56083333333333,-0.0115,338.5026875,137.455625,8.43820833333333,-94.2508333333333,-19.9184583333333,Inf,129.021916666667,-74.3291666666667,54.6858333333333,0.840625,1.70295833333333,209.335541666667,0.840625,244.75,45.8733333333333,43.2033333333333,-11.4804583333333,-94.18125,-19.8630416666667,250,-0.2875
2023-10-22 00:00:00,145.5,13.3004166666667,6.72808333333333,37.8941666666667,2.53004166666667,200.045833333333,2.56104166666667,-0.0129583333333333,338.616520833333,131.361666666667,9.58025,-91.5916666666667,-12.07375,Inf,121.786291666667,-79.5170833333333,42.26,0.964791666666667,2.02145833333333,256.670833333333,0.964791666666667,250.2125,40.8841666666667,39.755,-2.49391666666667,-91.5454166666667,-12.018375,250,-0.323958333333334
2023-10-23 00:00:00,169.5,13.2770833333333,8.32175,29.1016666666667,2.526125,198.104166666667,2.56429166666667,-0.0166666666666667,338.281429166667,139.16825,10.717875,-94.1058333333334,-14.251375,Inf,128.45575,-79.8520833333333,48.59,1.0255,2.08766666666667,241.595833333333,1.0255,248.283333333333,46.9379166666667,45.06525,-3.53266666666667,-94.0541666666667,-14.19725,250,-0.416666666666667
2023-10-24 00:00:00,193.5,13.37125,5.06,41.6275,2.53708333333333,197.045833333333,2.5605,-0.01225,339.159266666667,84.8347083333333,8.00291666666667,-84.2983333333333,-9.12029166666667,Inf,76.82925,-75.1704166666667,1.65979166666667,1.036875,2.21554166666667,252.658333333333,1.036875,245.983333333333,43.7016666666667,0.539249999999999,-1.117,-84.2304166666667,-9.0655,250,-0.30625
2023-10-25 00:00:00,217.5,13.3025,5.06979166666667,42.1570833333333,2.53254166666667,197.725,2.55591666666667,-0.00791666666666667,339.4958125,136.819916666667,11.436625,-99.9016666666667,-8.91983333333333,Inf,125.387416666667,-90.9866666666667,34.3981666666667,1.22729166666667,2.46591666666667,258.716666666667,1.22729166666667,255.670833333333,44.3679166666667,36.91275,2.516625,-99.8495833333333,-8.86529166666667,250,-0.197916666666667
2023-10-26 00:00:00,241.5,13.2604166666667,0.764083333333334,57.0516666666667,2.54441666666667,220.4375,2.54791666666667,-0.00875520833333334,340.394395833333,98.6849166666667,8.41495833333333,-62.7937916666667,-1.78420833333333,Inf,90.2755416666667,-61.0091666666667,29.2595,1.78720833333333,3.54570833333333,226.056166666667,1.78720833333333,248.604166666667,57.5316666666667,35.8894166666667,6.63225,-62.7287916666667,-1.716875,250,-0.218880208333333
2023-10-27 00:00:00,265.5,13.3729166666667,-1.058,70.58,2.54733333333333,226.483333333333,2.54225,0.00914756944444445,342.266429166667,47.696875,31.5219583333333,-31.59125,-7.49604166666666,Inf,16.1765,-24.0954166666667,-7.918375,1.269625,2.59120833333333,241.08,1.269625,243.241666666667,53.08875,16.11,24.028,-31.515,-7.41829166666667,250,0.228689236111111
2023-10-28 00:00:00,289.5,12.6025,-5.21279166666667,89.9583333333333,2.27158333333333,294.995833333333,2.24991666666667,0.05909375,342.787254166667,13.221625,29.5105833333333,-0.780791666666667,-2.34254166666667,NaN,-16.2873333333333,1.561625,-14.726125,0.61575,1.44425,127.37775,0.61575,123.58875,46.5433333333333,12.4403333333333,27.164375,-0.670125,-2.23158333333333,250,1.47734375
2023-10-29 00:00:00,313.5,12.7795833333333,-12.7433333333333,78.0133333333333,2.1685,270.404166666667,2.11779166666667,0.127284722222222,346.409904166667,37.7019583333333,69.5431666666667,0.281291666666667,-14.2922083333333,Inf,-31.8395416666667,14.5735833333333,-17.2642916666667,0.849,1.7825,149.245833333333,0.849,143.2235,40.4104166666667,37.987,55.247125,0.360083333333333,-14.2132083333333,250,3.18211805555556
2023-10-30 00:00:00,337.5,12.8870833333333,-10.25775,44.1754166666667,2.43870833333333,235.325,2.39266666666667,0.141125,346.62475,105.766916666667,75.5851666666667,-49.6174583333333,-25.3358333333333,Inf,30.183,-24.2845833333333,5.89833333333333,1.23870833333333,2.61741666666667,196.137083333333,1.23870833333333,207.9625,64.6454166666667,56.1384583333333,50.2408333333333,-49.551,-25.26625,250,3.528125
2023-10-31 00:00:00,361.5,13.2175,-5.45783333333333,45.4129166666667,2.45308333333333,201.9375,2.42816666666667,0.120833333333333,344.379670833333,124.020625,69.994125,-89.8708333333333,-25.3041666666667,Inf,54.020375,-64.5641666666667,-10.5466666666667,1.20220833333333,2.457375,203.470833333333,1.20220833333333,175.55,70.0808333333334,34.1510416666667,44.6914583333333,-89.8041666666666,-25.235,250,3.02083333333333
2023-11-01 00:00:00,385.5,13.3758333333333,-1.42954166666667,42.3966666666667,2.37979166666667,235.454166666667,2.37333333333333,0.119787698412698,342.477720833333,108.758333333333,63.6541666666667,-85.2354166666667,-25.32875,Inf,45.1013333333334,-59.9116666666667,-14.81,1.37691666666667,2.69454166666667,234.854166666667,1.37691666666667,233.583333333333,49.6154166666667,23.5279166666667,38.3261666666667,-85.16875,-25.26125,250,2.99469246031746
2023-11-02 00:00:00,409.5,13.3916666666667,0.337625,39.6091666666667,2.42858333333333,255.604166666667,2.43016666666667,0.100253968253968,341.6772,99.7678333333333,58.9644166666667,-74.065,-23.61625,-0.440157894736842,40.8050416666667,-50.446875,-9.64295833333333,1.7525,3.372,232.425,1.7525,233.554166666667,61.7295833333333,25.7079166666667,35.3470833333333,-73.9916666666667,-23.5516666666667,250,2.50634920634921
2023-11-03 00:00:00,433.5,13.3629166666667,2.01941666666667,53.12625,2.46120833333333,220.291666666667,2.470125,0.079625,340.7329625,100.566125,55.2770416666667,-72.40875,-20.2225,Inf,45.2938333333333,-52.1828333333333,-6.89220833333333,2.16208333333333,3.94891666666667,250.654166666667,2.16208333333333,258.320833333333,46.9625,28.15875,35.0458333333333,-72.3491666666667,-20.1658333333333,250,1.990625
2023-11-04 00:00:00,457.5,13.375,2.23841666666667,51.41375,2.462875,243.1625,2.47283333333333,0.0759583333333333,340.960491666667,116.051958333333,57.872125,-91.51875,-24.4608333333333,Inf,58.1815416666666,-67.0570833333333,-8.87033333333333,1.616125,3.15679166666667,261.4,1.616125,247.825,54.2291666666667,24.53,33.4136666666667,-91.4575,-24.3995833333333,250,1.89895833333333
2023-11-05 00:00:00,481.5,13.3170833333333,4.58270833333333,36.4166666666667,2.468,221.979166666667,2.48858333333333,0.06025,339.782516666667,99.658625,52.1075,-86.7629166666667,-27.3954166666667,Inf,47.5514166666667,-59.36625,-11.8133333333333,1.99479166666667,3.60833333333333,238.954166666667,1.99479166666667,253.416666666667,51.3641666666667,12.9193333333333,24.7112083333333,-86.7075,-27.3404166666667,250,1.50625
2023-11-06 00:00:00,505.5,13.3554166666667,4.74354166666667,33.3579166666667,2.47975,217.441666666667,2.50116666666667,0.0467916666666667,339.509654166667,85.3409583333333,43.523875,-62.625,-24.7154166666667,-0.278055555555556,41.8105833333333,-37.91125,3.902875,1.27879166666667,2.740875,235.309166666667,1.27879166666667,255.770833333333,60.4925,22.7170416666667,18.8104166666667,-62.5741666666667,-24.6608333333333,250,1.16979166666667
2023-11-07 00:00:00,529.5,13.3679166666667,3.90670833333333,42.0425,2.46354166666667,229.670833333333,2.48116666666667,0.04675,339.2030625,89.51375,44.6957083333333,-49.7310833333333,-19.8884166666667,Inf,44.8188333333333,-29.8438333333333,14.9773333333333,1.48204166666667,2.98266666666667,208,1.48204166666667,259.733333333333,63.3833333333333,39.7837916666667,24.8144166666667,-49.6706666666667,-19.8289583333333,250,1.16875
2023-11-08 00:00:00,553.5,13.24125,-5.65183333333333,81.0054166666667,1.999875,316.245833333333,1.97925,0.0611111111111111,343.132920833333,23.8167083333333,47.5595416666667,0.00495833333333334,-9.1405,0.539736842105263,-23.7347916666667,9.14583333333333,-14.5929583333333,0.778708333333333,1.76425,217.258333333333,0.778708333333333,205.502083333333,53.5175,23.82575,38.41825,0.112333333333333,-9.03383333333333,250,1.52777777777778
2023-11-09 00:00:00,577.5,13.4345833333333,-7.333375,62.6604166666666,2.37270833333333,264.6625,2.34075,0.0822222222222222,344.708020833333,66.1364583333334,57.40425,-42.991875,-22.812125,Inf,8.73208333333333,-20.1785833333333,-11.4415833333333,0.909875,2.07791666666667,199.126916666667,0.909875,193.718625,57.0908333333333,23.1498333333333,34.5885833333333,-42.9119583333333,-22.7308333333333,250,2.05555555555556
2023-11-10 00:00:00,601.5,13.4191666666667,-4.68466666666667,30.4154166666667,2.48575,207.225,2.46429166666667,0.084125,344.016895833333,119.820958333333,62.6408333333333,-102.7125,-28.6279166666667,Inf,57.1842916666667,-74.0825,-16.895,1.257,2.50670833333333,220.445833333333,1.257,218.529166666667,55.085,17.1041666666667,34.0166666666667,-102.641666666667,-28.5645833333333,250,2.103125
2023-11-11 00:00:00,625.5,13.3816666666667,-3.72308333333333,35.5816666666667,2.48616666666667,216.095833333333,2.469,0.0793125,343.553220833333,104.577958333333,55.3230416666667,-94.25,-23.7133333333333,Inf,49.2614583333333,-70.5391666666667,-21.2816666666667,1.773375,3.521625,233.6625,1.773375,239.175,52.52625,10.3233333333333,31.6097916666667,-94.2,-23.6495833333333,250,1.9828125
2023-11-12 00:00:00,649.5,13.3141666666667,0.264833333333333,26.5125,2.47425,201.0125,2.47529166666667,0.073,342.115079166667,102.391833333333,49.0080833333333,-100.866666666667,-33.8270833333333,0.0975714285714286,53.3797083333334,-67.0441666666667,-13.6625,0.8935,1.90204166666667,223.024583333333,0.8935,215.995833333333,55.04375,1.52,15.1853333333333,-100.808333333333,-33.7633333333333,243,1.7739
2023-11-13 00:00:00,673.5,13.315,4.40708333333333,18.7070833333333,2.45983333333333,221.879166666667,2.47970833333333,0.0680833333333333,340.146458333333,100.417458333333,48.771375,-105.883333333333,-38.1725,Inf,51.6467083333333,-67.7095833333333,-16.0654583333333,1.18495833333333,2.39683333333333,243.191666666667,1.18495833333333,249.095833333333,50.7225,-5.47250000000001,10.6012916666667,-105.829166666667,-38.1179166666667,266,1.81101666666667
2023-11-14 00:00:00,697.5,13.2920833333333,2.10320833333333,28.0525,2.479625,225.325,2.48908333333333,0.0594166666666667,340.754991666667,96.2409166666667,44.9356666666667,-105.6,-30.5066666666667,Inf,51.3032083333333,-75.0891666666667,-23.7819583333333,1.80866666666667,3.31720833333333,231.267125,1.80866666666667,252.4375,45.5083333333333,-9.35583333333333,14.4270833333333,-105.525,-30.45125,292,1.73496666666667
2023-11-15 00:00:00,721.5,13.3116666666667,2.56766666666667,28.92,2.48020833333333,242.825,2.49170833333333,0.0566666666666667,340.844233333333,92.9426666666667,43.7092916666667,-98.6808333333333,-31.4970833333333,Inf,49.2295,-67.18375,-17.9545833333333,1.24241666666667,2.49316666666667,250.554166666667,1.24241666666667,251.016666666667,42.39,-5.7425,12.21675,-98.615,-31.4383333333333,317,1.79633333333333
2023-11-16 00:00:00,745.5,13.0595833333333,0.797333333333333,68.0608333333333,2.32741666666667,257.179166666667,2.33104166666667,0.065775,346.2763125,23.0696666666667,18.0562916666667,-34.3646666666667,-10.4765,-0.118944444444445,5.01695833333333,-23.8874166666667,-18.8710416666667,1.94345833333333,3.63545833333333,249.258333333333,1.94345833333333,252.191666666667,50.63,-11.2943333333333,7.57708333333333,-34.2744583333333,-10.3820833333333,343,2.2560825
2023-11-17 00:00:00,769.5,13.33625,-0.219625,69.9841666666667,2.45466666666667,219.504166666667,2.453625,0.094475,348.579295833333,92.6579166666667,48.759375,-83.9029166666667,-19.593875,-0.2295,43.9004583333333,-64.3035,-20.4054166666667,1.5785,2.91620833333333,219.783333333333,1.5785,238.533333333333,56.00625,8.74808333333334,29.1618333333333,-83.815,-19.5046666666667,278,2.626405
2023-11-18 00:00:00,793.5,13.375,-0.0509166666666665,61.3183333333333,2.420125,212.891666666667,2.42004166666667,0.103416666666667,342.617195833333,78.0691666666667,46.871875,-68.2533333333333,-20.2507083333333,-Inf,31.1981666666667,-48.0014583333333,-16.8054583333333,1.09,2.31079166666667,214.897083333333,1.09,239.504166666667,54.3929166666667,9.81887500000001,26.622875,-68.1785416666667,-20.1795833333333,369,3.816075
2023-11-19 00:00:00,817.5,13.2129166666667,-3.39004166666667,85.3145833333333,2.18958333333333,243.345833333333,2.17595833333333,0.157283143939394,348.932829166667,44.076625,33.4150416666667,-4.08333333333333,-5.38795833333333,400.00945,10.6582916666667,1.30425,11.9620833333333,0.989958333333333,2.252125,194.011583333333,0.989958333333333,231.229583333333,63.4529166666667,39.9944166666667,28.0322083333333,-3.97933333333333,-5.28345833333333,234,3.68042556818182
2023-11-20 00:00:00,841.5,12.805,-6.04358333333333,90.8375,2.13629166666667,283.016666666667,2.11254166666667,0.196284090909091,354.048933333333,16.3790833333333,27.6830833333333,-0.0138333333333333,-4.72175,Inf,-11.3044583333333,4.70779166666667,-6.596625,1.01954166666667,2.09408333333333,134.350666666667,1.01954166666667,137.883166666667,42.56,16.3650416666667,22.9581666666667,0.0965416666666667,-4.61129166666667,235,4.61267613636363
2023-11-21 00:00:00,865.5,13.1725,-4.76116666666667,70.6625,2.36608333333333,223.320833333333,2.34520833333333,0.205495265151515,351.847958333333,76.1917083333333,47.4122083333333,-46.8932916666667,-24.8633333333333,Inf,28.7707083333333,-22.0316666666667,6.74283333333333,1.19595833333333,2.160375,187.115416666667,1.19595833333333,203.466666666667,40.5854166666667,29.2843333333333,22.552875,-46.8071666666667,-24.775,221,4.54144535984848
2023-11-22 00:00:00,889.5,13.4208333333333,0.638625,43.7720833333333,2.34975,216.295833333333,2.35266666666667,0.190291666666667,343.324429166667,93.3246666666667,54.2084166666667,-83.5791666666667,-28.4691666666667,Inf,39.1090416666667,-55.1020833333333,-15.9933333333333,1.395875,2.50104166666667,205.845833333333,1.395875,197.933333333333,45.89375,9.74600000000001,25.7333333333333,-83.4970833333333,-28.4070833333333,222,4.224475
2023-11-23 00:00:00,913.5,13.4120833333333,-5.91245833333333,74.8691666666667,2.39241666666667,198.7875,2.36616666666667,0.182791666666667,344.318095833333,58.0227083333333,39.475125,-37.9425,-12.7927916666667,Inf,18.5427916666667,-25.1492083333333,-6.60504166666667,0.618833333333333,1.272875,93.27375,0.618833333333333,99.1016666666667,38.0291666666667,20.0719166666667,26.6910416666667,-37.8642916666667,-12.71475,322,5.88589166666667
2023-11-24 00:00:00,937.5,13.2145833333333,-11.7277083333333,86.125,2.35616666666667,209.4125,2.305,0.212041666666667,346.777254166667,30.4400833333333,40.4997916666667,0.04975,-6.79708333333333,Inf,-10.0571666666667,6.84604166666667,-3.21020833333333,0.362958333333333,0.922,162.5325,0.362958333333333,114.88875,39.2354166666667,30.4867916666667,33.69875,0.134958333333333,-6.711875,323,6.84894583333333
2023-11-25 00:00:00,961.5,12.9275,-12.0065416666667,81.31375,2.33083333333333,214.529166666667,2.27908333333333,0.236895833333333,346.783695833333,23.55025,43.2699166666667,0.0989166666666667,-8.30633333333333,-614.130153846154,-19.7242916666667,8.40454166666667,-11.3197083333333,0.89375,1.890875,213.049583333333,0.89375,218.239916666667,51.5170833333333,23.6470833333333,34.9732083333333,0.17925,-8.22579166666667,280,6.63308333333334
2023-11-26 00:00:00,985.5,13.16375,-12.0969583333333,67.22125,2.36075,189.291666666667,2.307875,0.240416666666667,347.533425,58.522875,44.707375,-0.127375,-23.5279166666667,0.570125,13.8140416666667,23.4004166666667,37.21475,1.403125,2.71304166666667,193.606708333333,1.403125,207.295833333333,56.6795833333333,58.3910833333333,21.172375,-0.05625,-23.4566666666667,249,5.986375
2023-11-27 00:00:00,1009.5,13.43375,-10.5035833333333,58.8758333333333,2.36654166666667,197.85,2.32041666666667,0.2285,346.779770833333,97.7369583333333,42.9539583333333,-50.2365416666667,-24.6645833333333,Inf,54.7790833333333,-25.5785,29.2019583333333,1.14445833333333,2.553625,206.815833333333,1.14445833333333,205.152916666667,74.7845833333333,47.487,18.29125,-50.1682083333333,-24.5904166666667,262,5.9867
2023-11-28 00:00:00,1033.5,13.36,-5.14654166666667,34.8391666666667,2.34916666666667,197.441666666667,2.32691666666667,0.221125,344.488725,82.5006666666667,42.540125,-103.920833333333,-31.8166666666667,Inf,39.959,-72.0970833333333,-32.1415833333333,1.23108333333333,2.38016666666667,174.23125,1.23108333333333,179.994166666667,64.2575,-21.4220833333333,10.723375,-103.845833333333,-31.7491666666667,275,6.0809375
2023-11-29 00:00:00,1057.5,13.4095833333333,-3.09604166666667,22.81875,2.345375,195.229166666667,2.33216666666667,0.216666666666667,343.719895833333,82.8257083333333,45.2359166666667,-86.5891666666667,-33.2483333333333,0.7365,37.5909166666667,-53.3454166666667,-15.7556666666667,1.03445833333333,2.217875,240.204166666667,1.03445833333333,217.019583333333,51.4133333333333,-3.76125,11.9929166666667,-86.5279166666667,-33.1845833333333,326,7.06333333333334
2023-11-30 00:00:00,1081.5,13.4279166666667,-5.38408333333333,55.34125,2.33566666666667,203.945833333333,2.3125,0.21475,343.844920833333,72.6624583333333,42.2340416666667,-47.1905416666667,-18.1900833333333,Inf,30.42325,-28.9992083333333,1.42954166666667,0.679166666666667,1.66779166666667,208.9675,0.679166666666667,205.007916666667,53.6366666666667,25.474875,24.0451666666667,-47.1140833333333,-18.1160833333333,355,7.623625
2023-12-01 00:00:00,1105.5,12.9608333333333,-9.63958333333333,80.7,2.27979166666667,255.816666666667,2.239125,0.288082107843137,345.816079166667,38.0668333333333,29.1883333333333,-10.8319583333333,-4.76425,Inf,8.87754166666667,-6.06791666666667,2.81104166666667,1.08475,2.33479166666667,242.990833333333,1.08475,251.716666666667,49.7675,27.2315833333333,24.4218333333333,-10.7405,-4.67291666666667,315,9.07458639705882
2023-12-02 00:00:00,1129.5,12.84625,-11.83625,83.8475,2.16158333333333,260.0375,2.1145,0.371730392156863,348.4860375,19.5047083333333,16.542,-4.57533333333333,-1.39279166666667,0.594363636363596,2.96408333333333,-3.18241666666667,-0.219291666666667,1.96054166666667,3.71770833333333,251.7975,1.96054166666667,247.929166666667,54.1795833333333,14.9309583333333,15.1490416666667,-4.498875,-1.31570833333333,283,10.5199700980392
2023-12-03 00:00:00,1153.5,13.15,-8.85916666666667,87.4008333333333,2.0075,248.083333333333,1.974875,0.475354166666667,364.875775,29.6497916666667,23.56025,-4.838875,-1.47479166666667,Inf,6.09475,-3.36416666666667,2.73083333333333,2.63404166666667,4.75995833333333,270.429166666667,2.63404166666667,262.116666666667,55.7795833333333,24.8165833333333,22.0859166666667,-4.74095833333333,-1.37716666666667,295,14.0229479166667
2023-12-04 00:00:00,1177.5,13.3175,-3.97491666666667,84.24125,2.08091666666667,228.791666666667,2.06566666666667,0.478666666666667,390.469816666667,46.2499583333333,31.7989583333333,-24.8335416666667,-5.27220833333333,Inf,14.45475,-19.561625,-5.10741666666667,2.51325,4.27616666666667,269.154166666667,2.51329166666667,254.408333333333,53.9266666666667,21.41825,26.5218333333333,-22.8321052631579,-4.73457894736842,229,10.9614666666667
2023-12-05 00:00:00,1201.5,13.32125,-2.638,70.1458333333333,2.12745833333333,193.2875,2.11716666666667,0.43075,388.7639625,71.5667083333334,36.6235833333333,-80.28875,-20.21075,444.033722222222,34.9387916666667,-60.0766666666667,-25.136625,1.33970833333333,2.71716666666667,178.7675,1.33970833333333,196.810833333333,75.2970833333333,-8.72541666666667,16.4136666666667,-79.4,-19.6973636363636,229,9.864175
2023-12-06 00:00:00,1225.5,13.2695833333333,2.00425,36.33125,2.13354166666667,185.275,2.14141666666667,0.406583333333333,350.366416666667,74.2392083333333,36.5365,-109.316666666667,-34.4133333333333,Inf,37.703875,-74.8945833333333,-37.1945833333333,1.626625,2.881625,213.106666666667,1.626625,214.654166666667,51.4254166666667,-35.0708333333333,2.119875,-109.254166666667,-34.3545833333333,230,9.35141666666667
2023-12-07 00:00:00,1249.5,13.2141666666667,-3.222375,67.5608333333333,2.12520833333333,211.416666666667,2.112625,0.418875,345.953225,21.3107083333333,16.7335833333333,-38.6787916666667,-12.28125,NaN,4.574375,-26.3957083333333,-21.8203333333333,2.12033333333333,4.11429166666667,240.672083333333,2.12033333333333,250.095833333333,54.9120833333333,-17.37175,4.45116666666667,-38.6012916666667,-12.2038333333333,231,9.6760125
2023-12-08 00:00:00,1273.5,13.3908333333333,-9.67270833333333,78.3545833333333,2.04754166666667,224.3,2.01120833333333,0.440725,347.222895833333,65.756625,38.4607916666667,-33.08075,-9.95379166666667,533.725333333333,27.2913333333333,-23.1233333333333,4.163625,1.12633333333333,2.236625,204.555,1.12633333333333,224.278333333333,50.3208333333333,32.6785,28.51075,-32.9901666666667,-9.86504166666666,256,11.28256
2023-12-09 00:00:00,1297.5,13.10625,-13.6991666666667,79.1741666666667,1.85266666666667,285.116666666667,1.805,0.452483333333333,347.757133333333,21.6295,35.6177083333333,-19.1847916666667,-9.82908333333333,Inf,-13.983125,-9.35625,-23.3389166666667,1.04116666666667,2.29208333333333,204.244583333333,1.04116666666667,189.85875,58.77875,2.44725,25.7840833333333,-19.1129583333333,-9.75516666666667,265,11.9908083333333
2023-12-10 00:00:00,1321.5,13.2429166666667,-9.417875,78.2245833333333,2.09779166666667,230.183333333333,2.06116666666667,0.467541666666667,356.370829166667,22.6764583333333,18.3759583333333,-20.7561666666667,-4.82770833333333,NaN,4.30495833333333,-15.9275,-11.623375,2.09845833333333,3.826,251.398333333333,2.09845833333333,247.841666666667,52.2325,1.92154166666667,13.5466666666667,-20.6675,-4.74133333333333,266,12.4366083333333
2023-12-11 00:00:00,1345.5,13.2958333333333,-5.10433333333333,86.8833333333333,2.01379166666667,256.8,1.99483333333333,0.495958333333333,383.4825,37.8505416666667,27.6042916666667,-16.2395416666667,-7.40241666666667,Inf,10.2485416666667,-8.83666666666667,1.41320833333333,1.27720833333333,2.55358333333333,231.682916666667,1.27720833333333,244.375,50.21875,21.608375,20.1975,-18.35775,-6.7549375,202,10.0183583333333
2023-12-12 00:00:00,1369.5,13.3720833333333,-5.181875,71.7920833333333,2.09179166666667,211,2.07183333333333,0.476083333333333,362.957775,65.4675,42.0782083333333,-17.998625,-17.7839166666667,0.390916666666667,23.393375,-0.214125,23.1780833333333,0.485666666666667,1.14479166666667,230.539583333333,0.485666666666667,228.878333333333,38.5854166666667,47.4694166666667,24.2912083333333,-18.5135714285714,-14.4149047619048,203,9.66449166666666
2023-12-13 00:00:00,1393.5,13.3370833333333,-4.10354166666667,67.59125,2.10308333333333,212.179166666667,2.087,0.461083333333333,353.987020833333,60.307875,34.4476666666667,-65.5441666666667,-25.07625,Inf,25.8646666666667,-40.46875,-14.6037083333333,0.559125,1.30075,187.559583333333,0.559125,198.983333333333,38.45125,-5.23508333333333,9.365625,-65.4708333333333,-24.99625,221,10.1899416666667
2023-12-14 00:00:00,1417.5,13.3691666666667,-3.87725,71.23125,2.09895833333333,274.495833333333,2.083875,0.452491987179487,353.519466666667,68.92575,37.323125,-78.95875,-25.5058333333333,Inf,31.60275,-53.4541666666667,-21.8490833333333,0.838375,1.92904166666667,201.7875,0.838375,216.170833333333,63.08625,-10.0329166666667,11.8125,-78.885,-25.4254166666667,242,10.9503060897436
2023-12-15 00:00:00,1441.5,13.34375,-6.49683333333333,62.9275,2.12979166666667,203.8375,2.10425,0.44423717948718,353.240658333333,63.9293333333333,33.8218333333333,-70.91125,-23.5920833333333,Inf,30.111125,-47.3254166666667,-17.2197916666667,1.17516666666667,2.38016666666667,207.36375,1.17516666666667,189.107916666667,59.2229166666667,-6.99675,10.2332083333333,-70.84875,-23.52,250,11.1059294871795
2023-12-16 00:00:00,1465.5,13.35375,-2.702875,38.0541666666667,2.115625,205.408333333333,2.10516666666667,0.443041666666667,343.2519375,77.263875,39.3797916666667,-94.7583333333333,-26.3525,Inf,37.8879583333333,-68.4079166666667,-30.5258333333333,1.91125,3.57866666666667,235.1375,1.91125,247.508333333333,59.0366666666667,-17.5,13.03,-94.6958333333333,-26.2908333333333,250,11.0760416666667
2023-12-17 00:00:00,1489.5,13.3091666666667,-2.93025,30.8945833333333,2.11795833333333,188.741666666667,2.10645833333333,0.441875,343.247416666667,68.388625,33.4649583333333,-99.5416666666667,-31.7033333333333,-0.134944444444444,34.9225,-67.8379166666667,-32.9122916666667,1.61141666666667,2.9935,204.170416666667,1.61141666666667,212.108333333333,57.1641666666667,-31.1537916666667,1.76058333333333,-99.4708333333333,-31.6366666666667,251,11.0910625
2023-12-18 00:00:00,1513.5,13.3554166666667,-0.41725,22.6408333333333,2.11291666666667,187.183333333333,2.111125,0.436875,342.726775,75.1956666666667,43.2562083333333,-95.9004166666667,-36.7125,Inf,31.9337916666667,-59.1954166666667,-27.2616666666667,1.202625,2.35545833333333,210.0375,1.202625,204.404166666667,48.7754166666667,-20.70875,6.5475,-95.84375,-36.6525,252,11.00925
2023-12-19 00:00:00,1537.5,13.2941666666667,-0.760625,39.285,2.12008333333333,199.6875,2.117,0.431291666666667,342.348325,39.3905416666667,25.8864583333333,-83.745,-27.64875,Inf,13.505125,-56.0858333333333,-42.5810416666666,1.41375,2.643,226.008333333333,1.41375,234.15,46.955,-44.34225,-1.76333333333334,-83.6729166666667,-27.5920833333333,253,10.9116791666667
2023-12-20 00:00:00,1561.5,13.3275,-0.416833333333333,54.4175,2.12329166666667,204.075,2.12170833333333,0.426958333333333,342.323325,62.842875,37.9272083333333,-57.7741666666667,-21.8804166666667,Inf,24.9144583333333,-35.8945416666667,-10.9812916666667,0.842791666666667,1.796375,222.075,0.842791666666667,239.120833333333,45.07625,5.06375000000001,16.045,-57.7175,-21.8216666666667,254,10.8447416666667
2023-12-21 00:00:00,1585.5,13.2858333333333,-2.56341666666667,75.3525,2.13358333333333,215.5625,2.12354166666667,0.424125,350.457454166667,47.698125,29.9575,-50.18,-15.0325833333333,Inf,17.7353333333333,-35.1504166666667,-17.4152083333333,0.876541666666667,2.19004166666667,181.4475,0.876541666666667,169.708333333333,70.5945833333333,-2.48666666666666,14.9287083333333,-50.11125,-14.9598333333333,255,10.8151875
2023-12-22 00:00:00,1609.5,13.3366666666667,-2.42583333333333,62.27125,2.13841666666667,216.629166666667,2.12883333333333,0.419916666666667,349.2122,65.7361666666667,33.517875,-88.9158333333333,-26.7666666666667,Inf,32.2210833333333,-62.1508333333333,-29.937625,0.906416666666667,1.96858333333333,200.63875,0.906416666666667,215.075,57.73625,-23.1808333333333,6.74733333333333,-88.8429166666667,-26.6991666666667,264,11.0858
2023-12-23 00:00:00,1633.5,13.2316666666667,-3.34754166666667,81.115,2.008625,251.495833333333,1.99645833333333,0.45984375,353.266208333333,39.7608333333333,31.06575,-11.3119166666667,-9.12995833333333,Inf,8.70154166666667,-2.18295833333333,6.51833333333333,0.576958333333333,1.385625,199.904583333333,0.576958333333333,195.84125,49.2725,28.457625,21.9376666666667,-11.221125,-9.03791666666667,290,13.33546875
2023-12-24 00:00:00,1657.5,12.7483333333333,-13.3120833333333,84.9345833333333,1.88329166666667,259.058333333333,1.8365,0.609614583333333,347.7488,19.9728333333333,37.71525,0.0674583333333333,-8.94870833333333,-Inf,-17.747,9.01641666666667,-8.73154166666667,0.629125,1.466375,156.36625,0.629125,128.594166666667,55.8108333333333,20.0400833333333,28.7706666666667,0.152458333333333,-8.86325,251,15.3013260416667
2023-12-25 00:00:00,1681.5,12.6879166666667,-16.8158333333333,74.1370833333333,2.01191666666667,208.3375,1.94895833333333,0.598791666666667,349.180583333333,22.7327916666667,44.4779583333333,-7.918875,-10.0129583333333,534.155066666667,-21.7392916666667,2.09395833333333,-19.647125,1.51891666666667,3.01504166666667,187.839166666667,1.51891666666667,209.477083333333,66.6645833333333,14.8144583333333,34.4654166666667,-7.85391666666667,-9.94770833333333,258,15.448825
2023-12-26 00:00:00,1705.5,12.55,-13.39875,73.6558333333333,1.98491666666667,217.266666666667,1.935375,0.582520833333334,349.9945625,40.829375,31.6590416666667,-8.535,-2.57425,-Inf,9.17033333333333,-5.96108333333333,3.208875,1.96866666666667,3.43429166666667,246.95,1.96866666666667,243.283333333333,46.4583333333333,32.2900833333333,29.0778333333333,-8.460875,-2.50004166666667,304,17.7086333333333
2023-12-27 00:00:00,1729.5,12.77125,-9.29966666666667,69.7808333333333,1.99966666666667,209.229166666667,1.96516666666667,0.577270833333333,350.852358333333,64.4919166666667,36.8027083333333,-61.4197916666667,-17.885125,Inf,27.68525,-43.5409583333333,-15.85175,1.45645833333333,2.65091666666667,216.564166666667,1.45645833333333,217.733333333333,43.9216666666667,3.07045833333334,18.9163333333333,-61.35325,-17.8071666666667,260,15.0090416666667
2023-12-28 00:00:00,1753.5,13.0775,-6.86433333333333,47.59375,2.01175,190.870833333333,1.98620833333333,0.561916666666667,348.461716666667,69.3572916666667,34.7933333333333,-92.5870833333333,-34.8370833333333,Inf,34.5603333333333,-57.7525,-23.1891666666667,1.13058333333333,1.90004166666667,168.733333333333,1.13058333333333,172.115416666667,29.3016666666667,-23.2295833333333,-0.0425833333333365,-92.5183333333333,-34.7691666666667,261,14.666025
2023-12-29 00:00:00,1777.5,13.3195833333333,-3.90879166666667,32.1491666666667,2.008375,192.008333333333,1.99383333333333,0.554333333333333,343.922204166667,69.544875,35.0280833333333,-96.8291666666667,-35.6379166666667,Inf,34.5138333333333,-61.19125,-26.6758333333333,1.2085,2.21254166666667,183.744166666667,1.2085,186.304166666667,50.4104166666667,-27.28625,-0.607416666666668,-96.775,-35.5754166666667,263,14.5789666666667
2023-12-30 00:00:00,1801.5,13.32375,-3.29141666666667,43.4141666666667,2.012875,187.170833333333,2.00070833333333,0.547416666666667,343.7477625,69.6932083333333,35.1200416666667,-93.24875,-31.7858333333333,Inf,34.5726666666667,-61.4583333333333,-26.8804166666667,1.06245833333333,2.08275,190.830833333333,1.06245833333333,179.091666666667,56.5854166666667,-23.5458333333333,3.33541666666667,-93.1795833333333,-31.7191666666667,264,14.4518
2023-12-31 00:00:00,1825.5,13.3666666666667,-3.50654166666667,46.2608333333333,2.0205,183.125,2.0075,0.540458333333333,343.7478125,48.7293333333333,32.257125,-74.0079166666667,-29.5625,Inf,16.47075,-44.4441666666667,-27.9740416666667,0.624083333333333,1.416,196.104166666667,0.624083333333333,206.65,51.7783333333333,-25.2808333333333,2.69475,-73.94375,-29.5,285,15.4030625
2024-01-01 00:00:00,1849.5,13.3958333333333,-4.199375,57.25875,2.02808333333333,185.791666666667,2.012375,0.536,346.459383333333,83.1137916666667,47.300125,-76.8475,-26.2916666666667,Inf,35.8246666666667,-50.5533333333333,-14.7375,0.933125,1.93741666666667,218.354166666667,0.933125,202.825,52.5720833333333,6.27166666666666,21.0063333333333,-76.7683333333333,-26.2195833333333,292,15.6512
2024-01-02 00:00:00,1873.5,13.3466666666667,-6.29483333333334,54.8325,2.040125,182.325,2.016375,0.532,344.9145,71.7842083333333,35.5473333333333,-90.1683333333333,-28.1354166666667,Inf,36.24375,-62.0258333333333,-25.78375,1.029125,2.12575,183.595,1.029125,195.266666666667,57.5720833333333,-18.37375,7.411125,-90.0975,-28.0716666666667,293,15.5876
2024-01-03 00:00:00,1897.5,13.4125,-6.55783333333333,46.8166666666667,2.04391666666667,191.4125,2.01920833333333,0.529416666666667,345.238841666667,75.7480416666667,38.1514583333333,-90.25625,-29.4579166666667,-0.380941176470588,37.5979166666667,-60.8075,-23.2091666666667,0.895666666666667,2.080625,202.149583333333,0.895666666666667,223.529166666667,58.5225,-14.5125,8.69166666666667,-90.2066666666667,-29.3958333333333,294,15.56485
2024-01-04 00:00:00,1921.5,13.4191666666667,-7.02625,59.8804166666667,2.04845833333333,189.891666666667,2.021875,0.527712643678161,344.59835,61.2539166666667,37.6654166666667,-33.1899583333333,-15.411125,Inf,23.589375,-17.780375,5.811125,0.560458333333333,1.23479166666667,178.904583333333,0.560458333333333,140.778333333333,39.8758333333333,28.057,22.2464166666667,-33.119875,-15.340375,296,15.6202942528736
2024-01-05 00:00:00,1945.5,13.18625,-11.4258333333333,83.7841666666666,1.810625,258.870833333333,1.772375,0.59601724137931,347.660095833333,48.6852083333333,41.55375,-5.33333333333333,-5.10383333333333,444.700777777778,7.13525,-0.230208333333334,6.9045,1.02916666666667,2.22108333333333,225.208333333333,1.02916666666667,238.4875,64.1816666666667,43.350875,36.4482083333333,-5.254,-5.0235,265,15.7944568965517
2024-01-06 00:00:00,1969.5,13.4220833333333,-13.9691666666667,73.49375,1.94595833333333,216.545833333333,1.895625,0.644645114942529,348.53085,64.32775,44.4264583333334,-47.90975,-16.2919583333333,-0.195363636363636,19.8969583333333,-31.6243333333333,-11.7295,1.49920833333333,2.77166666666667,252.970833333333,1.49920833333333,254.0125,48.6941666666667,16.405625,28.1354583333333,-47.8544583333333,-16.2263333333333,266,17.1475600574713
2024-01-07 00:00:00,1993.5,13.26125,-12.1975,73.7570833333333,1.974,215.470833333333,1.929375,0.6195,348.6421,34.32525,28.7857916666667,-19.10675,-11.4496666666667,Inf,5.54195833333333,-7.65675,-2.11645833333334,0.68375,1.50079166666667,219.476666666667,0.68375,236.628333333333,42.1170833333333,15.2210833333333,17.3348333333333,-19.0347916666667,-11.3780416666667,257,15.92115
2024-01-08 00:00:00,2017.5,13.075,-16.3691666666667,81.4654166666667,1.95620833333333,227.229166666667,1.89670833333333,0.632208333333333,348.768,33.83675,43.4488333333333,0.036125,-8.42458333333333,-570.633,-9.6215,8.46125,-1.16079166666667,0.963125,2.01758333333333,135.482583333333,0.963125,131.873333333333,44.80375,33.8723333333333,35.0356666666667,0.101916666666667,-8.35904166666667,263,16.6270791666667
2024-01-09 00:00:00,2041.5,13.3433333333333,-14.6295833333333,79.3520833333333,1.91075,220.95,1.858375,0.660196078431373,351.877204166667,47.2135833333333,33.083125,-9.37358333333333,-6.75241666666667,NaN,14.133375,-2.62058333333333,11.514375,2.07145833333333,3.84241666666667,201.40125,2.07145833333333,229.566666666667,63.985,37.8441666666667,26.3298333333333,-9.30533333333333,-6.68583333333333,280,18.4854901960784
2024-01-10 00:00:00,2065.5,12.8604166666667,-14.4775,80.7916666666667,1.79495833333333,237.495833333333,1.74670833333333,0.780894199346405,350.647666666667,36.4835416666667,27.4993333333333,-6.998375,-2.81670833333333,-Inf,8.983625,-4.18195833333333,4.80233333333333,1.62454166666667,3.74979166666667,221.111833333333,1.62454166666667,251.849166666667,65.8554166666667,29.4869583333333,24.6858333333333,-6.92416666666667,-2.742125,256,19.990891503268
2024-01-11 00:00:00,2089.5,12.64375,-16.30125,78.4375,1.72175,248.220833333333,1.669375,0.789847222222222,352.23955,24.5765833333333,39.05875,0.087875,-7.40466666666666,Inf,-14.4815,7.49208333333333,-6.99129166666667,1.378875,2.751625,218.582916666667,1.378875,245.675,55.0945833333333,24.6669166666667,31.6624583333333,0.155541666666667,-7.33620833333333,254,20.0621194444444
2024-01-12 00:00:00,2113.5,12.46875,-16.80375,82.0391666666667,1.79295833333333,228.0125,1.73670833333333,0.7985,399.227420833333,22.0087916666667,18.158375,-2.42479166666667,-0.728791666666667,NaN,3.850375,-1.696,2.154,2.5095,4.77295833333333,224.777916666667,2.5095,241.694583333333,60.4333333333333,19.58375,17.4284583333333,-2.36254166666667,-0.666625,273,21.79905
2024-01-13 00:00:00,2137.5,13.2620833333333,-15.42,80.3745833333333,1.54833333333333,249.1875,1.50291666666667,0.895324776785714,354.441091666667,65.1314166666667,43.308625,-12.7821666666667,-2.02033333333333,800.5489,21.8179583333333,-10.7627083333333,11.0571666666667,3.242125,5.74616666666667,267.720833333333,3.242125,268.979166666667,50.0358333333333,52.3497916666667,41.2841666666667,-7.57561904761905,-0.988142857142857,242,21.6668595982143
2024-01-14 00:00:00,2161.5,12.79625,-10.01625,88.8208333333333,1.2795,292.408333333333,1.25579166666667,1.10042410714286,394.7595,27.18425,21.7922083333333,-1.009625,-2.496625,-1453.69390909091,5.38925,1.48708333333333,6.875875,1.82904166666667,3.390125,234.016666666667,1.82904166666667,246.804166666667,51.6275,26.1704166666667,19.294875,-1.419,-0.823266666666667,219,24.0992879464286
2024-01-15 00:00:00,2185.5,12.66875,-19.6116666666667,79.855,1.0465,225.833333333333,1.00954166666667,1.30769456845238,389.1866125,37.7459166666667,30.2239166666667,-29.5690833333333,-8.12004166666667,Inf,7.52004166666667,-21.4497916666667,-13.928875,1.94570833333333,3.97741666666667,170.156833333333,1.94570833333333,226.076666666667,65.0179166666667,8.17354166666666,22.1034583333333,-30.7152173913043,-8.3895652173913,189,24.71542734375
2024-01-16 00:00:00,2209.5,13.3654166666667,-16.63125,69.9716666666667,1.518875,228.933333333333,1.47216666666667,1.073375,358.997745833333,91.5509583333334,54.9378333333333,-65.95875,-15.2934583333333,-0.202227272727273,36.6221666666667,-50.6629166666667,-14.0445833333333,2.17625,3.78866666666667,260.975,2.17625,255.3625,49.9766666666667,25.594625,39.6464583333333,-51.6809090909091,-10.8494545454545,217,23.2922375
2024-01-17 00:00:00,2233.5,12.9708333333333,-8.15970833333333,76.1516666666667,1.46141666666667,245.05,1.43941666666667,1.0036369047619,413.5444125,14.5287083333333,12.8379583333333,-26.4332083333333,-7.64554166666667,-500.1185,1.69145833333333,-18.7899583333333,-17.0982916666667,2.02275,3.506625,237.087083333333,2.02275,257.420833333333,48.645,-11.904375,5.19175,-12.5561428571429,-3.77185714285714,224,22.4814666666667
2024-01-18 00:00:00,2257.5,13.09875,-7.23179166666667,84.5966666666666,1.31220833333333,286.004166666667,1.29470833333333,1.03557142857143,459.131033333333,15.5578333333333,13.41475,-16.1684583333333,-4.01070833333333,Inf,2.14354166666667,-12.158,-10.0142083333333,2.37595833333333,4.2285,228.296166666667,2.37595833333333,249.770833333333,48.9433333333333,-0.610416666666668,9.40416666666666,-15.2399444444444,-3.95416666666667,209,21.6434428571429
2024-01-19 00:00:00,2281.5,13.3875,-5.76158333333333,83.5304166666667,1.506375,233.4375,1.49025,1.04764583333333,540.5594,57.9007083333333,45.259875,-35.7306666666667,-8.595875,470.473235294118,12.639875,-27.1368333333333,-14.4961666666667,1.70825,3.2285,221.02625,1.70825,236.74,62.3625,22.1701666666667,36.6705416666667,-31.1333333333333,-8.21266666666667,222,23.2577375
2024-01-20 00:00:00,2305.5,13.35625,-1.57779166666667,67.4629166666667,1.54479166666667,207.1375,1.54020833333333,1.00783333333333,652.944291666667,82.6067083333333,50.2679166666667,-57.2495833333333,-18.8470833333333,Inf,32.3429583333333,-38.4,-6.05333333333333,1.15008333333333,2.409375,228.136666666667,1.15008333333333,233.982083333333,49.6158333333333,25.3613333333333,31.415625,NaN,NaN,231,23.28095
2024-01-21 00:00:00,2329.5,13.3483333333333,-3.63070833333333,84.0258333333333,1.55270833333333,247.491666666667,1.54216666666667,0.983541666666667,544.747020833333,40.5147083333333,32.2730416666667,-28.0133333333333,-7.48725,Inf,8.23658333333333,-20.5250416666667,-12.28925,1.51533333333333,3.01341666666667,219.666666666667,1.51533333333333,246.1125,54.0366666666667,12.4991666666667,24.7952916666667,-17.88,-7.836,232,22.8181666666667
2024-01-22 00:00:00,1176.5,13.37875,-4.20304166666667,76.8866666666667,1.58525,271.779166666667,1.57295833333333,0.962355555555556,487.925025416667,51.5428333333333,40.3062916666667,-44.7541666666667,-14.538625,Inf,11.2385416666667,-30.2183333333333,-18.97875,0.921625,1.862125,215.09025,0.921625,235.625,47.6733333333333,6.785,25.7683333333333,-77.1533333333333,-24.4733333333333,249,23.9626533333333
2024-01-23 00:00:00,23.5,13.3783333333333,-3.95370833333333,68.4491666666667,1.60666666666667,286.083333333333,1.59491666666667,0.948488888888889,480.9679625,81.889125,53.3740416666667,-54.38125,-21.8,Inf,28.50575,-32.5804166666667,-4.07533333333333,0.637625,1.45870833333333,226.706666666667,0.637625,224.058333333333,43.04625,27.5001666666667,31.5808333333333,-39.081,-14.119,249,23.6173733333333
2024-01-24 00:00:00,47.5,13.26875,-5.375125,79.6925,1.43920833333333,300.766666666667,1.42491666666667,0.934622222222222,476.0061,60.3045833333333,43.4312083333334,-16.7333333333333,-11.0997083333333,Inf,16.8761666666667,-5.63441666666666,11.2415,0.697166666666667,1.63804166666667,232.882083333333,0.697166666666667,243.3875,52.1029166666667,43.5681666666667,32.3332916666667,-27.7472222222222,-14.0788888888889,267,24.9544133333333
2024-01-25 00:00:00,71.5,13.4083333333333,-6.66275,70.0741666666666,1.63691666666667,249.65,1.61683333333333,0.921116666666667,443.514254166667,73.35225,49.0440833333333,-31.716875,-20.77125,-0.0958823529411765,24.2984166666667,-10.9470833333333,13.3502083333333,1.01079166666667,2.052,214.935,1.01079166666667,218.9125,50.86625,41.627375,28.2716666666667,-53.0779285714286,-21.8928571428571,267,24.593815
2024-01-26 00:00:00,95.5,13.46,-8.29683333333333,81.32375,1.66370833333333,214.375,1.63829166666667,0.910617816091954,426.731483333333,60.7391666666667,46.136375,-27.5294583333333,-11.91775,Inf,14.5969166666667,-15.6115,-1.01479166666667,0.676083333333333,1.52466666666667,210.303583333333,0.676083333333333,237.55,45.50125,33.204,34.222625,-38.5133333333333,-14.0766666666667,267,24.3134956896552
2024-01-27 00:00:00,119.5,13.3891666666667,-7.58729166666667,66.8866666666667,1.651125,262.558333333333,1.62783333333333,0.907,414.191279166667,103.698083333333,56.5081666666667,-54.815375,-22.2462083333333,Inf,47.18675,-32.5741666666667,14.6126666666667,1.45491666666667,2.86816666666667,199.404166666667,1.45491666666667,194.0025,65.0470833333333,48.88125,34.2620416666667,-95.005,-29.6041666666667,268,24.3076
2024-01-28 00:00:00,143.5,13.2979166666667,-3.621375,73.7808333333333,1.65329166666667,202.995833333333,1.64220833333333,0.905757183908046,447.4317375,82.43375,46.11225,-69.518,-20.9696666666667,Inf,36.3205416666667,-48.5534583333333,-12.2324583333333,1.23908333333333,2.492875,167.85,1.23908333333333,167.096666666667,72.8791666666667,12.911,25.145,-80.0858333333333,-23.72,268,24.2742925287356
2024-01-29 00:00:00,167.5,13.3183333333333,-1.522375,73.32375,1.66058333333333,196.829166666667,1.655875,0.892125,467.026904166667,92.9785833333333,50.96175,-74.77,-24.2342083333333,Inf,42.0139583333333,-50.5352083333333,-8.51691666666667,1.02391666666667,2.14683333333333,186.895833333333,1.02391666666667,203.394583333333,59.8979166666666,18.2020833333333,26.724125,-86.625,-26.8175,271,24.1765875
2024-01-30 00:00:00,191.5,13.335,0.622375,39.8229166666667,1.66791666666667,205.016666666667,1.669875,0.879166666666667,444.311908333333,106.068541666667,56.383,-107.4375,-39.7604166666667,Inf,49.68675,-67.67875,-17.9866666666667,1.003125,1.902,197.7625,1.003125,197.570833333333,45.715,-1.35583333333333,16.6183333333333,-102.222222222222,-37.4677777777778,271,23.8254166666667
2024-01-31 00:00:00,215.5,13.3970833333333,-0.108958333333333,38.58375,1.67504166666667,201.354166666667,1.67475,0.873708333333333,403.506575,109.495166666667,58.415375,-102.00125,-35.9729166666667,Inf,51.0762916666667,-66.0270833333334,-14.9491666666667,1.19516666666667,2.38758333333333,204.8625,1.19516666666667,210.475,57.1954166666667,7.491,22.4484166666667,-103.42,-38.141,272,23.7648666666667
2024-02-01 00:00:00,239.5,13.3783333333333,-1.41883333333333,55.2720833333333,1.68579166666667,201.4375,1.68120833333333,0.86725,401.778866666667,107.847416666667,57.1475416666667,-78.9516666666667,-27.5941666666667,0.459166666666667,50.6987083333333,-51.36375,-0.665833333333332,1.00220833333333,2.06941666666667,208.629166666667,1.00220833333333,230.4375,50.8329166666667,28.8895833333333,29.5527083333333,-83.9755555555556,-29.3577777777778,272,23.5892
2024-02-02 00:00:00,263.5,13.4008333333333,-1.82558333333333,61.3233333333333,1.69425,204.466666666667,1.68866666666667,0.860878472222222,391.399333333333,74.32925,52.097625,-46.8733333333333,-20.208,Inf,22.2365833333333,-26.664375,-4.42891666666667,0.663333333333333,1.44420833333333,170.929166666667,0.663333333333333,177.355,45.195,27.4725416666667,31.8927916666667,-47.6166666666667,-19.9269523809524,293,25.2237392361111
2024-02-03 00:00:00,287.5,12.8133333333333,-6.54891666666667,88.3791666666666,1.47495833333333,289.970833333333,1.457375,0.928625,369.280929166667,18.2405,23.4145,-1.28079166666667,-3.97966666666667,Inf,-5.17408333333333,2.698875,-2.474875,0.715916666666667,1.699875,191.04,0.715916666666667,220.308333333333,63.9820833333333,16.9606666666667,19.4345,-1.17783333333333,-3.876625,293,27.2087125
2024-02-04 00:00:00,311.5,13.2466666666667,-9.05770833333333,73.3083333333333,1.45375,245.608333333333,1.4295,1.02339236111111,358.124570833333,70.4225416666667,56.2353333333334,-41.391875,-23.1802916666667,Inf,14.1802916666667,-18.2130833333333,-4.02983333333334,1.013,2.15575,213.741666666667,1.013,214.966666666667,52.9079166666667,29.0269166666667,33.0579583333333,-38.0719523809524,-22.7723333333333,251,25.6871482638889
2024-02-05 00:00:00,335.5,13.4395833333333,-1.89925,48.9204166666667,1.55045833333333,215.845833333333,1.54491666666667,1.00283333333333,386.662633333333,119.350833333333,67.4642083333333,-79.6829166666667,-26.5125,Inf,51.8912083333333,-53.1758333333333,-1.28500000000001,1.56425,2.69620833333333,255.429166666667,1.56425,256.166666666667,40.1279166666667,39.66875,40.94825,-77.497619047619,-26.2642857142857,251,25.1711166666667
2024-02-06 00:00:00,359.5,13.4,1.87029166666667,31.9883333333333,1.57204166666667,251.541666666667,1.577375,0.97675,382.102566666667,81.0214583333333,55.2630833333333,-71.2875,-32.1275,Inf,25.7547916666667,-39.16125,-13.4022083333333,1.0445,2.16920833333333,230.758333333333,1.0445,253.445833333333,40.40625,9.74083333333334,23.1379166666667,-66.7373333333333,-30.0593333333333,246,24.02805
2024-02-07 00:00:00,383.5,13.3458333333333,-3.92695833333333,69.4879166666667,1.551875,281.591666666667,1.54083333333333,0.994359375,367.3860125,86.9948333333333,60.52125,-48.2302916666667,-15.6499583333333,0.210176470588218,26.4739166666667,-32.578375,-6.10679166666667,1.51766666666667,2.979125,240.578291666667,1.51766666666667,251.6375,47.2079166666667,38.7580833333333,44.8713333333333,-31.1996363636364,-7.37481818181818,265,26.3505234375
2024-02-08 00:00:00,407.5,13.4320833333333,-8.70691666666667,81.0966666666667,1.48166666666667,241.033333333333,1.457875,1.06968229166667,356.157566666667,95.1482083333333,64.9029166666667,-35.64525,-8.97529166666667,0.0961111111111112,30.2463333333333,-26.6686666666667,3.578875,2.17116666666667,3.7235,249.175,2.17116666666667,255.375,45.4904166666667,59.50175,55.91775,-27.8842,-7.06285,250,26.7420572916667
2024-02-09 00:00:00,431.5,13.4225,-9.965,76.3045833333333,1.402,255.133333333333,1.376125,1.03762906504065,354.280266666667,81.5135416666667,58.1140416666667,-31.6219166666667,-17.2372916666667,Inf,23.398125,-14.384625,9.015625,0.696791666666667,1.49125,240.825,0.696791666666667,238,44.0633333333333,49.8905833333333,40.875625,-29.1595454545455,-16.5296363636364,261,27.082118597561
2024-02-10 00:00:00,455.5,12.7670833333333,-12.3341666666667,83.1316666666667,1.266625,295.570833333333,1.23666666666667,1.03868902439024,351.512470833333,20.24325,45.9890416666667,0.0375833333333333,-16.0311666666667,-Inf,-25.7424583333333,16.0695416666667,-9.67462500000001,0.493333333333333,1.04829166666667,161.1775,0.493333333333333,132.765,31.1654166666667,20.2815,29.9519583333333,0.1235,-15.9459583333333,251,26.0710945121951
2024-02-11 00:00:00,479.5,12.9966666666667,-12.1407083333333,65.4741666666666,1.472875,279.158333333333,1.439625,1.04190853658537,347.917120833333,49.4995833333333,77.54225,0.379875,-19.82475,Inf,-28.044375,20.2062916666667,-7.83616666666667,1.25470833333333,2.43720833333333,205.846666666667,1.25470833333333,192.05125,55.43,49.8820833333333,57.7162916666667,0.333047619047619,-17.3115714285714,254,26.4644768292683
2024-02-12 00:00:00,503.5,12.9220833333333,-8.29733333333333,69.9616666666667,1.51645833333333,283.783333333333,1.49341666666667,1.04366920731707,363.755416666667,58.4929583333333,52.2559166666667,-1.10666666666667,-13.576375,-0.0542727272727274,6.233625,12.469625,18.700375,1.651125,3.07983333333333,196.855,1.651125,213.25125,59.8154166666667,57.3810416666667,38.680625,-1.01425,-13.483375,262,27.3441332317073
2024-02-13 00:00:00,527.5,13.2254166666667,-6.43483333333333,55.7875,1.54325,184.508333333333,1.524875,1.023125,358.638695833333,106.512958333333,67.7722916666667,-49.4582916666667,-19.322125,Inf,38.746,-30.1316666666667,8.61208333333334,1.41429166666667,2.76533333333333,218.924,1.41429166666667,256.895833333333,43.09625,57.0609166666667,48.448,-42.3797,-17.2832,265,27.1128125
2024-02-14 00:00:00,551.5,12.8845833333333,-7.164,75.2808333333333,1.32808333333333,258.566666666667,1.31058333333333,1.02693039772727,365.947483333333,34.3845416666667,28.3555,-19.4975,-6.85704166666667,Inf,6.033875,-12.639875,-6.60525,1.54633333333333,3.05645833333333,250.895833333333,1.54633333333333,255.104166666667,52.0695833333333,14.8912916666667,21.494125,-19.3993333333333,-6.75920833333333,272,27.9325068181818
2024-02-15 00:00:00,575.5,12.9841666666667,-5.79604166666667,75.54875,1.25966666666667,285.954166666667,1.24608333333333,1.06278977272727,374.24185,44.6937083333333,36.0355833333333,-17.6584166666667,-7.04354166666667,Inf,8.65991666666667,-10.615125,-1.95525,1.60045833333333,3.01433333333333,243.325,1.60045833333333,251.908333333333,56.4041666666666,27.040125,28.9942916666667,-23.1626428571429,-7.76271428571429,263,27.9513710227273
2024-02-16 00:00:00,599.5,12.60875,-9.29354166666667,83.8566666666667,1.20375,286.704166666667,1.183125,1.09960795454545,367.236033333333,26.7209166666667,25.1975416666667,-1.99966666666667,-3.71091666666667,-614.419076923077,1.520125,1.71129166666667,3.231125,1.30366666666667,2.60354166666667,243.6575,1.30366666666667,238.254166666667,53.1195833333333,24.720375,21.4890416666667,-1.91033333333333,-3.62179166666667,252,27.7101204545455
2024-02-17 00:00:00,623.5,13.00375,-11.239125,56.86125,1.388875,263.804166666667,1.360125,1.136234375,352.202079166667,104.713,89.0015833333333,-45.7542083333333,-27.1890833333333,1.0745,15.7062083333333,-18.566,-2.85925,1.03725,1.96375,184.478541666667,1.03725,201.255833333333,47.12375,58.95425,61.8088333333333,-49.9444545454546,-25.8186363636364,262,29.769340625
2024-02-18 00:00:00,647.5,13.43375,-6.61754166666667,52.5616666666667,1.43133333333333,220.045833333333,1.41366666666667,1.13391666666667,365.561145833333,85.8929583333333,65.8594583333333,-52.047,-20.0516666666667,-1229.95653846154,20.0289583333333,-31.9905416666667,-11.957,1.57291666666667,3.00525,227.85,1.57291666666667,230.95,56.0070833333333,33.8520833333333,45.808125,-71.0355714285714,-26.9657142857143,269,30.5023583333333
2024-02-19 00:00:00,671.5,13.4591666666667,-4.23779166666667,54.3491666666667,1.40541666666667,248.779166666667,1.39445833333333,1.12579166666667,381.133216666667,151.1365,93.3045,-74.536125,-21.7343333333333,Inf,57.8224166666667,-52.7977083333333,5.02958333333334,2.07808333333333,3.56583333333333,252.275,2.07808333333333,256.908333333333,42.89875,76.5976666666667,71.5715416666667,-85.74,-25.7206666666667,264,29.7209
2024-02-20 00:00:00,695.5,13.1091666666667,-2.10366666666667,76.4170833333333,1.115,314.395833333333,1.11033333333333,1.16891216216216,397.105229166667,38.8305,31.5269166666667,-11.2081666666667,-6.94320833333333,Inf,7.30195833333333,-4.26454166666667,3.03654166666667,1.198625,2.706875,217.865958333333,1.198625,248.825,63.7383333333333,27.6144583333333,24.5764583333333,-15.3214,-8.69313333333333,264,30.8592810810811
2024-02-21 00:00:00,719.5,13.4358333333333,-2.89354166666667,64.54125,1.32354166666667,257.770833333333,1.31670833333333,1.27626351351351,392.5635625,61.8555833333333,48.3222916666667,-26.5692916666667,-11.5173333333333,Inf,13.5288333333333,-15.0524166666667,-1.52516666666667,1.27679166666667,2.620375,225.8625,1.27679166666667,254.3125,55.63,35.2800416666667,36.8055833333333,-25.9057727272727,-10.8000454545455,254,32.4170932432432
2024-02-22 00:00:00,743.5,13.0329166666667,-7.006,84.72375,0.914916666666667,320.25,0.90275,1.38361486486486,376.287945833333,22.7687083333333,63.3434583333333,0.11725,-7.71391666666667,Inf,-40.5708333333333,7.83129166666667,-32.743125,1.28120833333333,2.62095833333333,239.641416666667,1.28120833333333,260.758333333333,50.7808333333333,22.8848333333333,55.6214166666667,0.286590909090909,-7.45818181818182,238,32.9300337837838
2024-02-23 00:00:00,767.5,13.4295833333333,-8.777625,72.36,1.15975,267.108333333333,1.141125,1.39279195945946,362.563895833333,109.203041666667,100.573791666667,-9.51233333333333,-15.196375,-841.416947368421,8.62745833333333,5.683125,14.3093333333333,1.940875,3.420625,233.934166666667,1.940875,242.295833333333,51.99625,99.6882083333333,85.3766666666667,-10.4421818181818,-14.2842727272727,240,33.427007027027
2024-02-24 00:00:00,791.5,13.5220833333333,-5.144875,44.0441666666667,1.25654166666667,219.95,1.24454166666667,1.303855,367.4838875,166.162833333333,99.867125,-69.1233333333333,-29.3608333333333,Inf,66.3065833333333,-39.7684166666667,26.531125,1.78408333333333,3.14166666666667,264.370833333333,1.78408333333333,255.620833333333,40.46625,97.035,70.4995833333333,-71.0614285714286,-29.4271428571429,252,32.857146
2024-02-25 00:00:00,815.5,13.4783333333333,-3.17216666666667,38.21375,1.29204166666667,217.366666666667,1.28441666666667,1.26329166666667,356.235129166667,170.0415,101.484,-98.8708333333333,-31.805,Inf,68.5535416666667,-67.0675,1.486125,1.8285,3.34983333333333,219.0375,1.8285,249.004166666667,44.6120833333333,71.165,69.6879166666667,-100.152941176471,-32.1188235294118,256,32.3402666666667
2024-02-26 00:00:00,839.5,13.5070833333333,-2.48270833333333,56.6970833333333,1.326875,218.3625,1.32083333333333,1.22841123188406,359.974116666667,89.9259583333333,65.1400416666667,-39.24625,-14.71575,Inf,24.7767083333333,-24.5308333333333,0.244500000000001,1.95908333333333,3.913125,220.6375,1.95908333333333,251.008333333333,63.6458333333333,50.6745,50.4324166666667,-35.97375,-13.615,255,31.3244864130435
2024-02-27 00:00:00,863.5,13.01875,-11.9965833333333,75.825,1.03879166666667,254.9125,1.01729166666667,1.32013043478261,352.701883333333,48.3025833333333,40.9182916666667,-14.2404583333333,-4.62575,NaN,7.37283333333333,-9.61420833333333,-2.240875,2.12883333333333,4.19520833333333,274.937083333333,2.12883333333333,274.316666666667,50.51625,34.0582916666667,36.3006666666667,-11.367,-3.03522222222222,266,35.1154695652174
2024-02-28 00:00:00,887.5,13.5420833333333,-10.7597916666667,49.5429166666667,1.116875,236.1375,1.09604166666667,1.32045833333333,346.070320833333,182.972625,108.90575,-86.9054166666667,-20.8542083333333,Inf,74.0641666666667,-66.0541666666667,8.01208333333333,2.50179166666667,4.188625,266.529166666667,2.50179166666667,259.058333333333,47.1929166666667,96.05475,88.0517916666667,-80.345,-16.9442777777778,262,34.5960083333333
2024-02-29 00:00:00,911.5,13.4641666666667,-2.73270833333333,28.8354166666667,1.30908333333333,240.65,1.302625,1.23908333333333,349.364375,180.51225,107.8475,-101.395833333333,-31.7416666666667,-0.067952380952381,72.6664583333334,-69.6525,3.01666666666668,2.05875,3.63733333333333,246.691666666667,2.05875,251.825,45.0466666666667,79.1345833333333,76.1104166666667,-98.725,-30.318,251,31.1009916666667
2024-03-01 00:00:00,935.5,13.4475,-1.62495833333333,43.30625,1.32354166666667,238.225,1.31966666666667,1.21745833333333,348.998833333333,172.086333333333,106.977916666667,-96.8041666666667,-28.8741666666667,Inf,65.0982083333333,-67.9241666666667,-2.82416666666666,1.898125,3.46416666666667,249.658333333333,1.898125,246.6625,51.5916666666667,75.2863333333333,78.1,-95.6136363636364,-28.3777272727273,255,31.0451875
2024-03-02 00:00:00,959.5,13.465,-0.807708333333333,46.9975,1.27879166666667,229.758333333333,1.27725,1.20527364864865,346.4741875,175.213791666667,110.672458333333,-75.5881666666667,-24.1345416666667,Inf,64.5281666666666,-51.45325,13.0725416666667,1.93020833333333,3.87954166666667,240.016666666667,1.93020833333333,245.5875,65.42,99.6268333333334,86.5483333333333,-75.5319166666666,-24.0707083333333,260,31.3371148648649
2024-03-03 00:00:00,983.5,12.9729166666667,-11.1621666666667,79.5679166666667,0.676125,395.716666666667,0.662333333333334,1.23895945945946,346.4905,74.2162083333333,59.2561666666667,-4.08116666666667,-4.671,0.6413,14.9562916666667,0.589666666666667,15.5452916666667,1.30920833333333,2.94625,224.237916666667,1.30920833333333,254.004166666667,64.4866666666667,70.13675,54.5882083333333,-3.99141666666667,-4.581,270,33.4519054054054
2024-03-04 00:00:00,1007.5,12.5745833333333,-11.5890416666667,83.03125,0.830625,301.195833333333,0.812458333333333,1.28371621621622,347.432895833333,19.9640833333333,52.8294166666667,-0.337958333333333,-4.01670833333333,-Inf,-32.8675416666667,3.67883333333333,-29.1885,1.14875,2.62583333333333,230.169166666667,1.14875,251.320833333333,55.9629166666667,19.6269166666667,48.81575,-0.24775,-3.92641666666667,251,32.221277027027
2024-03-05 00:00:00,1031.5,13.0766666666667,-7.74925,82.3233333333333,0.771833333333333,293.95,0.760916666666667,1.32847297297297,349.8867,36.6009583333333,67.8712083333333,0.224375,-7.57041666666667,-380.294095238095,-31.27375,7.79379166666667,-23.4736666666667,1.31154166666667,2.70491666666667,245.79875,1.31154166666667,252.729166666667,48.8458333333333,36.822,60.30525,0.329,-7.46595833333334,218,28.9607108108108
2024-03-06 00:00:00,1055.5,13.47,-4.80466666666667,71.59625,0.938916666666667,285.758333333333,0.930708333333333,1.37322972972973,356.466975,104.721666666667,91.4740416666667,-21.1778333333333,-13.86375,Inf,13.254875,-7.315,5.9395,1.274,2.505625,259.608333333333,1.274,247.083333333333,45.2179166666667,83.5372916666667,77.605375,-17.9747272727273,-13.1548181818182,239,32.8201905405405
2024-03-07 00:00:00,1079.5,13.4808333333333,-5.36554166666667,75.7766666666667,0.752375,327.979166666667,0.745625,1.41798648648649,353.492725,119.688708333333,90.0792083333333,-23.2477083333333,-17.7242083333333,0.564,29.6050833333333,-5.52370833333333,24.0799583333333,0.602291666666667,1.32970833333333,207.642916666667,0.602291666666667,225.576666666667,48.1504166666667,96.4381666666667,72.3604583333333,-20.5905454545454,-17.1211363636364,251,35.5914608108108
2024-03-08 00:00:00,1103.5,13.5216666666667,-9.499125,80.69125,1.07241666666667,248.483333333333,1.053625,1.45894481981982,349.439245833333,106.71875,100.71625,-19.1345,-12.0016666666667,Inf,5.99879166666667,-7.13316666666667,-1.135875,0.7975,1.4475,156.275583333333,0.7975,105.455,33.0591666666667,87.5765,88.7202916666667,-19.046625,-11.9145,231,33.7016253378378
2024-03-09 00:00:00,1127.5,13.5795833333333,-6.35375,42.1354166666667,1.10870833333333,242.270833333333,1.09545833333333,1.4446600877193,347.78445,209.924791666667,129.965791666667,-89.7383333333333,-32.9179166666667,Inf,79.9660833333333,-56.8164583333333,23.14,1.24058333333333,2.27254166666667,186.679333333333,1.24058333333333,201.908333333333,55.7370833333333,120.188333333333,97.0470833333333,-89.67125,-32.84875,259,37.4166962719298
2024-03-10 00:00:00,1151.5,13.5229166666667,-2.48775,30.3141666666667,1.13366666666667,271.170833333333,1.1285,1.41384932088285,346.0311625,207.665416666667,128.695083333333,-107.975,-35.8775,Inf,78.9671666666667,-72.0891666666667,6.864125,1.48004166666667,2.69270833333333,239.122083333333,1.48004166666667,244.929166666667,44.25125,99.6829166666666,92.8158333333333,-107.9125,-35.8141666666667,252,35.6290028862479
2024-03-11 00:00:00,1175.5,13.4666666666667,-1.53320833333333,44.32,1.14608333333333,267.275,1.142875,1.39287600806452,346.604983333333,168.094291666667,112.205875,-70.3995416666667,-26.6857083333333,Inf,55.8870833333333,-43.71,12.17625,1.29833333333333,2.58633333333333,246.891666666667,1.29833333333333,253.6,44.4245833333333,97.6999166666667,85.5205,-70.3354583333333,-26.6169166666667,276,38.4433778225807
2024-03-12 00:00:00,1199.5,13.4475,-3.076875,73.6245833333333,1.04033333333333,290.466666666667,1.03470833333333,1.43935576923077,349.115904166667,181.236,121.299375,-27.1655416666667,-13.54025,Inf,59.9390416666666,-13.6259583333333,46.3145416666667,1.66,3.037875,242.491666666667,1.66,254.0625,52.3233333333333,154.069291666667,107.749416666667,-27.0856666666667,-13.460875,259,37.2793144230769
2024-03-13 00:00:00,1223.5,13.3491666666667,-4.47829166666667,81.7416666666667,0.832541666666667,323.975,0.826291666666667,1.49427884615385,356.330454166667,78.4585833333333,75.0634583333333,-5.49508333333333,-7.24575,0.584222222222222,3.39683333333333,1.75066666666667,5.14429166666667,0.871416666666667,1.83875,218.936875,0.871416666666667,190.991666666667,44.33125,72.962375,67.817,-3.65863636363636,-6.50186363636364,263,39.2995336538462
2024-03-14 00:00:00,1247.5,12.6483333333333,-8.16429166666667,91.1875,0.487958333333333,386.270833333333,0.480541666666667,1.54920192307692,353.343933333333,56.1318333333333,64.9433333333333,0.016625,-3.14854166666667,-570.508642857143,-8.816375,3.16520833333333,-5.6515,1.95979166666667,3.03816666666667,84.1864583333333,1.95979166666667,44.9855,31.43875,56.14675,61.8011666666667,0.1285,-3.036625,225,34.8570432692308
2024-03-15 00:00:00,1271.5,13.3116666666667,-4.77820833333333,77.6225,0.683458333333333,287.483333333333,0.679,1.60127804487179,371.7235,193.681125,134.001458333333,-53.6002083333333,-22.5557083333333,Inf,59.6652916666667,-31.0474583333333,28.614,0.824083333333333,1.70083333333333,203.722125,0.824083333333333,218.402291666667,49.0090416666667,140.058333333333,111.444625,-53.5195833333333,-22.4734583333333,227,36.3490116185897
2024-03-16 00:00:00,1295.5,13.5933333333333,-4.909375,71.4379166666667,0.965125,213.166666666667,0.956333333333333,1.591375,363.749841666667,217.793625,127.587291666667,-63.70125,-18.5913333333333,Inf,90.1982083333333,-45.1082916666667,45.0875,1.17854166666667,2.004125,130.573208333333,1.17854166666667,134.662083333333,33.3129166666667,154.09775,108.995458333333,-63.6320833333333,-18.522375,250,39.784375
2024-03-17 00:00:00,1319.5,13.5854166666667,-5.58045833333333,76.1629166666667,0.997625,201.566666666667,0.987208333333333,1.55833333333333,359.655095833333,133.347416666667,88.2780833333334,-34.643875,-8.65370833333333,Inf,45.075375,-25.99275,19.0803333333333,0.818875,1.55870833333333,153.09125,0.818875,108.323333333333,40.0758333333333,98.6994583333333,79.6202083333333,-34.5735416666667,-8.58095833333333,263,40.9841666666667
2024-03-18 00:00:00,1343.5,13.52125,-1.81,52.1741666666667,1.024125,205.791666666667,1.02058333333333,1.52741666666667,369.214266666667,222.760666666667,128.996666666667,-94.1158333333333,-30.8833333333333,Inf,93.7398333333333,-63.2325,30.5065833333333,0.986125,1.76941666666667,189.55625,0.986125,184.63625,39.1791666666667,128.62625,98.1110833333333,-94.055,-30.8170833333333,279,42.614925
2024-03-19 00:00:00,1367.5,13.5141666666667,0.0579583333333334,42.49125,1.06095833333333,223.658333333333,1.06104166666667,1.49114583333333,367.376495833333,232.1695,129.405208333333,-103.025,-33.4483333333333,Inf,102.767416666667,-69.5754166666667,33.1870833333333,0.993291666666667,1.817625,232.129166666667,0.993291666666667,230.254166666667,45.1079166666667,129.157083333333,95.965625,-101.972727272727,-32.8318181818182,290,43.2432291666667
2024-03-20 00:00:00,1391.5,13.5175,-0.698083333333333,47.2208333333333,1.100125,222.079166666667,1.09854166666667,1.44904166666667,356.998533333333,234.545333333333,130.264333333333,-101.283333333333,-30.56625,Inf,104.283375,-70.7208333333333,33.5594166666667,1.03758333333333,2.146375,201.782916666667,1.03758333333333,231.504166666667,60.9916666666667,133.260833333333,99.6934583333333,-101.225,-30.5025,302,43.7610583333333
2024-03-21 00:00:00,1415.5,13.5254166666667,-0.574291666666667,57.6383333333333,1.1315,195.491666666667,1.13004166666667,1.41795833333333,354.114466666667,231.122625,127.507041666667,-88.3383333333333,-22.0650416666667,Inf,103.6075,-66.2854166666666,37.3229166666667,1.615625,3.13054166666667,195.024416666667,1.615625,225.6875,60.2670833333333,142.758333333333,105.444875,-88.2833333333333,-21.9992083333333,301,42.6805458333333
2024-03-22 00:00:00,1439.5,13.5570833333333,-1.44075,49.6783333333333,1.165375,216.095833333333,1.162125,1.388,348.4701125,221.894375,131.822916666667,-90.3845833333333,-21.8895833333333,Inf,90.0942083333333,-68.4866666666667,21.6066666666667,1.68770833333333,2.91891666666667,252.454166666667,1.68770833333333,254.145833333333,41.52,131.5175,109.927083333333,-90.3079166666667,-21.82375,299,41.5012
2024-03-23 00:00:00,1463.5,13.55875,0.121291666666667,51.805,1.17145833333333,247.370833333333,1.171625,1.37497807017544,347.215379166667,138.355416666667,89.7342916666667,-55.2395833333333,-17.8746666666667,Inf,48.62,-37.3650833333333,11.252125,1.66895833333333,3.13266666666667,260.75,1.66895833333333,252.3125,46.19375,83.1166666666667,71.8654166666667,-55.182125,-17.8155,305,41.9368311403509
2024-03-24 00:00:00,1487.5,13.43625,-3.541625,68.5579166666667,1.128125,247.65,1.120875,1.40175,349.888804166667,126.476208333333,87.142875,-45.8366666666667,-13.5097916666667,Inf,39.343125,-32.32625,7.012625,1.38420833333333,2.56245833333333,190.103333333333,1.38420833333333,157.820041666667,46.8375,80.6415416666667,73.6299166666667,-45.755,-13.431875,327,45.837225
2024-03-25 00:00:00,1511.5,13.4929166666667,-11.304375,72.6779166666667,0.881291666666666,270.783333333333,0.861958333333333,1.45214901315789,345.565595833333,141.079833333333,143.663791666667,-29.2427083333333,-12.7828333333333,Inf,-2.5895,-16.459375,-19.04325,0.936208333333334,1.82016666666667,183.92525,0.936208333333334,196.947916666667,38.815,111.834083333333,130.874416666667,-29.1549166666667,-12.6929583333333,314,45.5974790131579
2024-03-26 00:00:00,1535.5,13.64,-9.21179166666666,73.07625,1.09345833333333,275.045833333333,1.07495833333333,1.43785234872611,345.928229166667,171.907208333333,123.426583333333,-26.8177083333333,-9.274,Inf,48.482375,-17.5422083333333,30.9398333333333,1.38566666666667,2.69354166666667,244.56625,1.38566666666667,249.766666666667,52.74625,145.088875,114.150583333333,-26.7425833333333,-9.19854166666667,318,45.7237046894904
2024-03-27 00:00:00,1559.5,13.5779166666667,-7.79483333333333,68.9066666666667,1.002875,281.3,0.9885,1.44332802547771,344.037433333333,234.189666666667,158.413,-49.1130416666667,-11.9512083333333,Inf,75.7605833333333,-37.1638333333333,38.594875,2.21708333333333,3.79116666666667,252.042916666667,2.21708333333333,258.070833333333,46.3283333333333,185.047666666667,146.451708333333,-49.0370416666667,-11.874625,299,43.1555079617834
2024-03-28 00:00:00,1583.5,13.5275,-2.85883333333333,57.8895833333333,1.0405,291.941666666667,1.035,1.4492898089172,347.955866666667,166.821541666667,119.627666666667,-53.1833333333333,-17.698,0.106388888888889,47.2032916666667,-35.4929583333333,11.708,1.48679166666667,2.94908333333333,246.341666666667,1.48679166666667,250.9625,51.3266666666667,113.62675,101.923291666667,-53.1185,-17.6299583333333,301,43.6236232484076
2024-03-29 00:00:00,1607.5,13.4620833333333,-3.83841666666667,81.4816666666667,0.944875,286.820833333333,0.938291666666667,1.45525159235669,357.293229166667,65.5105833333333,72.315375,-0.831958333333333,-4.919625,0.653444444444444,-6.81045833333333,4.08783333333333,-2.71758333333333,0.998083333333333,2.263125,208.282916666667,0.998083333333333,243.59,57.1454166666667,64.682,67.4058333333333,-0.71725,-4.80445833333333,305,44.385173566879
2024-03-30 00:00:00,1631.5,13.3370833333333,-1.151375,69.07125,0.95175,292.416666666667,0.949958333333333,1.46121337579618,364.197595833333,76.190375,63.1336666666667,-17.982,-10.444125,0.338117647058823,13.049875,-7.53783333333333,5.513125,1.18291666666667,2.65775,239.029166666667,1.18291666666667,255.1125,61.7025,58.2016666666667,52.6932083333333,-17.8862916666667,-10.3480833333333,284,41.4984598726114
2024-03-31 00:00:00,1655.5,13.4208333333333,-0.990708333333333,67.005,0.995375,272.541666666667,0.993666666666667,1.46717515923567,369.92565,162.953166666667,116.348916666667,-27.8623333333333,-14.153,572.017857142857,46.5940833333333,-13.7091666666667,32.8874583333333,1.23691666666667,2.57441666666667,222.954291666667,1.23691666666667,260.158333333333,59.6866666666667,135.091833333333,102.191708333333,-27.7844583333333,-14.0735416666667,281,41.2276219745223
2024-04-01 00:00:00,1679.5,13.5170833333333,-4.86383333333333,72.2545833333333,1.069875,249.741666666667,1.06020833333333,1.47290843949045,354.7744875,190.733458333333,133.830875,-39.5517916666667,-13.1505,Inf,56.9110416666667,-26.3985416666667,30.5092083333333,1.40029166666667,2.80879166666667,239.443333333333,1.40029166666667,231.489166666667,48.93625,151.185791666667,120.67225,-39.4565833333333,-13.0590833333333,313,46.102034156051
2024-04-02 00:00:00,1703.5,13.59375,-4.22195833333333,62.3775,1.09016666666667,236.570833333333,1.08170833333333,1.46779166666667,355.5011625,267.897916666667,172.142375,-64.4230833333333,-21.92875,Inf,95.773125,-42.4961666666667,53.2705833333333,1.1745,2.433125,180.666666666667,1.1745,206.387916666667,61.4879166666667,203.500208333333,150.2125,-64.3502083333333,-21.8559166666667,307,45.0612041666667
2024-04-03 00:00:00,1727.5,13.5320833333333,0.925333333333333,50.3845833333333,1.10004166666667,206.379166666667,1.10191666666667,1.44608333333333,374.0756875,268.376125,162.957708333333,-100.095416666667,-29.3025,Inf,105.416083333333,-70.7941666666667,34.62625,1.27129166666667,2.55529166666667,250.554583333333,1.27129166666667,257.570833333333,48.6916666666667,168.2675,133.64875,-100.034583333333,-29.2404166666667,311,44.9731916666667
2024-04-04 00:00:00,1751.5,13.4870833333333,4.646375,28.1741666666667,1.13575,205.45,1.14533333333333,1.40270833333333,368.417870833333,256.267,150.602416666667,-104.88375,-38.6754166666667,Inf,105.677833333333,-66.2158333333333,39.4575,0.898375,1.952,241.408333333333,0.898375,234.920833333333,51.82875,151.38875,111.9325,-95.3223529411765,-31.1288235294118,330,46.289375
2024-04-05 00:00:00,1775.5,13.4629166666667,6.27666666666667,24.3020833333333,1.17695833333333,212.491666666667,1.19045833333333,1.35925,353.3449125,252.974208333333,144.822458333333,-92.0566666666667,-37.1754166666667,Inf,108.153416666667,-54.8804166666667,53.2708333333333,1.00404166666667,2.24491666666667,202.725833333333,1.00404166666667,203.704166666667,65.5004166666667,160.917916666667,107.644625,-73.97,-25.7753333333333,340,46.2145
2024-04-06 00:00:00,1799.5,13.58,-7.40404166666667,77.3008333333333,1.024,271.8625,1.01070833333333,1.38843939393939,344.138475,65.2293333333333,54.3324166666667,-18.361375,-4.95245833333333,Inf,10.8959166666667,-13.4093333333333,-2.51445833333333,2.46891666666667,4.260625,211.877125,2.46891666666667,258.520833333333,51.59375,46.86375,49.3795,-18.276,-4.86758333333333,349,48.4565348484848
2024-04-07 00:00:00,1823.5,13.7695833333333,-8.87458333333333,72.3154166666667,1.08741666666667,263.3375,1.06983333333333,1.43610227272727,344.759920833333,245.575833333333,164.695833333333,-40.0839166666667,-6.84970833333333,Inf,80.8785416666667,-33.2313333333333,47.64675,2.97333333333333,4.737125,254.804166666667,2.97333333333333,257.0375,46.4745833333333,205.505,157.847666666667,-40.003625,-6.77508333333333,351,50.4071897727273
2024-04-08 00:00:00,1847.5,13.6558333333333,-6.61733333333333,50.8529166666667,1.16458333333333,230.8375,1.150375,1.39766666666667,345.1670625,251.4905,158.824791666667,-80.4816666666667,-19.8847916666667,NaN,92.6936666666667,-60.5854166666667,32.1055,1.372,2.57945833333333,235.10325,1.372,248.958333333333,52.2741666666667,171.037916666667,138.939375,-80.4025,-19.8182083333333,361,50.4557666666667
2024-04-09 00:00:00,1871.5,13.6466666666667,-3.43308333333333,48.3654166666667,1.16333333333333,265.354166666667,1.15595833333333,1.39446944444444,344.32455,283.470833333333,177.817916666667,-85.402,-21.8650833333333,Inf,105.66575,-63.527625,42.141625,1.38054166666667,2.688375,211.525833333333,1.38054166666667,236.391666666667,61.4270833333333,198.090375,155.942666666667,-85.345875,-21.8092083333333,378,52.710945
2024-04-10 00:00:00,1895.5,13.5770833333333,-3.32570833333333,73.9683333333333,0.923458333333333,310.604166666667,0.917916666666667,1.394475,348.633033333333,159.499458333333,127.8025,-20.404375,-12.5909583333333,Inf,31.7005,-7.81533333333333,23.881125,1.28075,2.657375,237.074416666667,1.28075,259.683333333333,53.2325,139.091666666667,115.214958333333,-20.3040833333333,-12.4894166666667,351,48.9460725
2024-04-11 00:00:00,1919.5,13.6016666666667,-0.834916666666667,40.0733333333333,1.0855,264.3375,1.084125,1.39474305555556,346.974745833333,283.5845,187.000458333333,-100.779166666667,-30.7666666666667,Inf,96.6010833333333,-70.01,26.5929166666667,1.297,2.55691666666667,217.13125,1.297,240.758333333333,51.1554166666667,182.8225,156.228333333333,-100.7,-30.7029166666667,338,47.1423152777778
2024-04-12 00:00:00,1943.5,13.5020833333333,5.366125,27.8233333333333,1.166875,228.720833333333,1.17825,1.36991666666667,358.135825,272.488125,164.892375,-105.38875,-39.9925,Inf,107.565125,-65.395,42.1741666666667,1.22358333333333,2.28183333333333,245.416666666667,1.22358333333333,251.15,42.3954166666667,167.073333333333,124.896666666667,-94.37625,-30.31625,376,51.5088666666667
2024-04-13 00:00:00,1967.5,13.4629166666667,6.11120833333333,33.7933333333333,1.20854166666667,203.354166666667,1.22204166666667,1.32583333333333,348.86025,253.057166666667,143.070458333333,-91.5766666666667,-34.9033333333333,Inf,109.937458333333,-56.6716666666667,53.2695833333333,1.24616666666667,2.30283333333333,268.5,1.24616666666667,263.616666666667,36.8104166666667,161.434583333333,108.172916666667,-83.1782352941177,-26.2505882352941,378,50.1165
2024-04-14 00:00:00,1991.5,13.47,7.74545833333333,24.085,1.24783333333333,202.254166666667,1.26545833333333,1.28270833333333,350.300108333333,283.543708333333,149.337875,-110.066666666667,-44.3483333333333,Inf,134.191583333333,-65.7129166666667,68.48125,0.878916666666667,1.817875,213.166666666667,0.878916666666667,205.475,51.6825,173.460833333333,104.995833333333,-94.4357142857143,-29.0864285714286,415,53.2323958333333
2024-04-15 00:00:00,2015.5,13.3225,1.826625,49.7320833333333,1.17275,260.054166666667,1.17779166666667,1.28629651162791,341.493245833333,98.2292916666667,62.5690833333333,-57.6022083333333,-22.1726666666667,Inf,35.6590833333333,-35.4212916666667,0.236625000000005,1.085,2.28470833333333,220.229,1.085,238.9375,55.0929166666667,40.6331666666667,40.397375,-57.5215416666667,-22.097625,406,52.223638372093
2024-04-16 00:00:00,2039.5,13.1520833333333,-1.51708333333333,86.0241666666667,0.851208333333333,292.545833333333,0.848833333333333,1.35578488372093,350.3752875,103.927375,81.6001666666667,-28.29425,-7.91766666666667,Inf,22.3290416666667,-20.3759583333333,1.956125,2.018125,3.84779166666667,244.220833333333,2.018125,262.458333333333,51.3329166666667,75.639,73.6759166666667,-28.1947916666667,-7.82033333333333,332,45.0120581395349
2024-04-17 00:00:00,2063.5,13.5429166666667,1.02041666666667,73.4616666666667,0.986125,284.695833333333,0.987833333333333,1.42527325581395,356.007766666667,101.335208333333,77.6466666666667,-26.778,-12.023375,0.4528125,23.689,-14.7546666666667,8.935125,1.451,2.84279166666667,253.429166666667,1.451,250.716666666667,51.6133333333333,74.5621666666667,65.6315833333333,-31.79285,-14.0857,324,46.1788534883721
2024-04-18 00:00:00,2087.5,13.5279166666667,-1.967625,72.7591666666667,1.04008333333333,248.8625,1.03629166666667,1.48629118217054,350.5977375,164.409041666667,125.622833333333,-22.874,-8.69395833333333,Inf,38.78425,-14.1802916666667,24.61,1.06195833333333,2.33966666666667,215.876458333333,1.06195833333333,210.157916666667,54.64375,141.533375,116.919541666667,-27.31335,-10.2344,350,52.020191375969
2024-04-19 00:00:00,2111.5,13.6695833333333,-2.94091666666667,71.3116666666667,1.07829166666667,227.095833333333,1.07241666666667,1.47589583333333,347.941958333333,107.984541666667,84.212625,-28.681375,-9.703625,Inf,23.7783333333333,-18.9781666666667,4.80004166666667,0.942666666666666,2.01591666666667,211.634166666667,0.942666666666666,163.219583333333,47.2745833333333,79.304,74.5005833333333,-28.6102083333333,-9.632375,347,51.2135854166667
2024-04-20 00:00:00,2135.5,13.5145833333333,-3.32875,77.9558333333333,0.872458333333333,312.65,0.867375,1.47291666666667,358.778379166667,108.975125,87.31625,-20.6352083333333,-7.69779166666667,0.567333333333333,21.6507083333333,-12.93725,8.713625,0.892833333333333,1.885375,208.296666666667,0.892833333333333,204.784666666667,40.3608333333333,88.340625,79.629375,-20.5379166666667,-7.601,361,53.1722916666667
2024-04-21 00:00:00,2159.5,13.6229166666667,1.66191666666667,40.2420833333333,1.08641666666667,245.783333333333,1.089875,1.4571875,358.637304166667,280.235333333333,186.641166666667,-97.7995833333334,-30.3725,Inf,93.590375,-67.4275,26.165,1.29654166666667,2.44445833333333,228.053958333333,1.29654166666667,239.514166666667,43.6654166666667,182.409166666667,156.279166666667,-97.7341666666667,-30.30375,351,51.14728125
2024-04-22 00:00:00,2183.5,13.5795833333333,5.77595833333333,37.5504166666667,1.13920833333333,202.975,1.15133333333333,1.39666666666667,351.382075,212.264458333333,132.902041666667,-74.2358333333333,-30.7983333333333,Inf,79.3665416666667,-43.4320833333333,35.9357083333333,1.879375,3.58295833333333,249.937083333333,1.879375,260.8,50.6320833333333,138.03125,102.105708333333,-72.7257142857143,-29.207619047619,377,52.6543333333333
2024-04-23 00:00:00,2207.5,13.5229166666667,3.67333333333333,59.5241666666667,1.20066666666667,203.579166666667,1.20866666666667,1.33933333333333,350.8908625,191.096375,119.59925,-48.3084583333333,-23.1829583333333,Inf,71.4939583333333,-25.1268333333333,46.3695833333333,1.24095833333333,2.42208333333333,236.339,1.24095833333333,241.154541666667,45.9833333333333,142.78675,96.416625,-52.6821818181818,-24.9925909090909,385,51.5643333333333
2024-04-24 00:00:00,2231.5,13.5025,6.10495833333333,55.7741666666667,1.23645833333333,205.566666666667,1.25016666666667,1.297875,373.878825,217.929916666667,131.398541666667,-42.7923333333333,-30.5155833333333,Inf,86.524875,-12.2769583333333,74.2445416666667,0.910583333333333,1.83820833333333,225.98875,0.910583333333333,243.845833333333,42.8508333333333,175.133375,100.887541666667,-72.3678571428571,-42.8671428571429,406,52.693725
2024-04-25 00:00:00,2255.5,13.52,5.254625,46.4758333333333,1.2515,230.6625,1.26358333333333,1.26522420634921,356.2156375,204.936375,125.778583333333,-64.3760833333333,-29.8390833333333,Inf,79.171125,-34.539125,44.6212083333333,1.18258333333333,2.471125,253.852916666667,1.18258333333333,243.165833333333,58.8491666666667,140.558541666667,95.939,-59.7796666666667,-21.0078333333333,411,52.0007148809524
2024-04-26 00:00:00,2279.5,13.5020833333333,0.725125,79.5258333333333,1.18516666666667,267.779166666667,1.187125,1.25150330687831,358.63535,201.720333333333,133.665083333333,-20.495,-11.799125,Inf,68.05775,-8.695125,59.3595833333333,1.35804166666667,2.58008333333333,206.130708333333,1.35804166666667,219.816666666667,44.0233333333333,181.216208333333,121.862958333333,-29.2153571428571,-17.1916428571429,423,52.9385898809524
2024-04-27 00:00:00,2303.5,13.3820833333333,-2.946125,87.8758333333333,0.871958333333333,311.2375,0.866958333333333,1.30564285714286,362.5967125,137.021541666667,125.245625,-11.7558333333333,-5.53866666666667,1.16353333333333,11.781,-6.21666666666667,5.55966666666667,0.722958333333333,1.23841666666667,159.027041666667,0.722958333333333,36.17675,20.6695833333333,125.268208333333,119.700666666667,-21.2495384615385,-7.63092307692308,393,51.3117642857143
2024-04-28 00:00:00,2327.5,13.6579166666667,-2.32720833333333,82.5829166666667,1.06041666666667,291.875,1.0555,1.38526190476191,366.703454166667,132.881041666667,103.350458333333,-14.819,-7.83920833333333,Inf,29.5309583333333,-6.978875,22.549625,1.2495,2.47820833333333,256.72375,1.2495,244.420833333333,52.3875,118.058166666667,95.5044583333333,-16.430125,-9.3805625,384,53.1940571428572
2024-04-29 00:00:00,2351.5,13.6170833333333,0.588791666666667,64.2341666666667,1.14166666666667,225.370833333333,1.14295833333333,1.4048955026455,383.945829166667,227.901916666667,158.532333333333,-53.7075,-16.163875,Inf,69.3910416666667,-37.545,31.8399583333333,1.68029166666667,3.193125,233.435333333333,1.68029166666667,251.5125,53.20875,174.215416666667,142.369625,-59.2505263157895,-18.659,387,54.369455952381
2024-04-30 00:00:00,2375.5,13.3783333333333,1.04458333333333,61.6266666666667,1.08395833333333,241.808333333333,1.08666666666667,1.38934722222222,388.057083333333,212.501791666667,147.048166666667,-46.1782083333333,-15.9394583333333,Inf,65.4562083333333,-30.2349166666667,35.2220833333333,1.713875,3.38154166666667,271.420833333333,1.713875,270.3625,55.6854166666667,166.324833333333,131.108458333333,-61.0581111111111,-20.4691111111111,404,56.1296277777778
2024-05-01 00:00:00,2399.5,13.4791666666667,-0.0521666666666667,67.2745833333333,1.07416666666667,257.429166666667,1.074375,1.3881902173913,388.918845833333,94.9912083333333,76.3483333333333,-21.3810416666667,-10.6857083333333,500.656875,18.6413333333333,-10.6944166666667,7.94633333333334,1.035,2.31279166666667,239.583333333333,1.035,246.95,59.1195833333333,73.6114583333333,65.6561666666667,-27.0247058823529,-13.2077647058824,418,58.0263510869565
2024-05-02 00:00:00,2423.5,13.5729166666667,-3.12825,44.8570833333333,1.12716666666667,248.833333333333,1.1205,1.42389311594203,357.793345833333,206.519708333333,161.733791666667,-68.0879166666667,-21.49,Inf,44.78875,-46.5983333333333,-1.81145833333333,1.536125,3.03770833333333,250.72375,1.536125,259.054166666667,49.98375,138.43875,140.234416666667,-68.0145833333333,-21.413,395,56.2437780797102
2024-05-03 00:00:00,2447.5,13.6054166666667,0.429625,52.1566666666667,1.04091666666667,258.625,1.04275,1.40110238095238,365.104433333333,136.61225,105.537833333333,-42.2960833333333,-17.8374583333333,Inf,31.0670833333333,-24.4566666666667,6.61441666666667,1.54129166666667,3.15229166666667,249.430833333333,1.54129166666667,249.179166666667,58.9016666666667,94.3094583333334,87.6954166666666,-42.2319583333333,-17.7772916666667,402,56.3243157142857
2024-05-04 00:00:00,2471.5,13.58375,2.42979166666667,43.9925,0.945833333333333,276.325,0.952875,1.35298095238095,380.6646,311.902458333333,194.814666666667,-100.082916666667,-34.5299583333333,Inf,117.0845,-65.555,51.5325,0.99875,2.13258333333333,214.923333333333,0.99875,224.332916666667,47.5658333333333,211.824166666667,160.28225,-100.022083333333,-34.46475,423,57.2310942857143
2024-05-05 00:00:00,2495.5,13.51125,7.19683333333333,36.5425,1.211875,233.925,1.227625,1.32073790322581,369.763504166667,201.799875,120.867458333333,-75.49875,-36.2475,Inf,80.9459166666667,-39.2535833333333,41.691,0.925666666666667,2.11941666666667,214.275041666667,0.925666666666667,217.608333333333,57.9954166666667,126.316,84.61225,-72.3252941176471,-26.2435294117647,430,56.7917298387097
2024-05-06 00:00:00,2519.5,13.6883333333333,-4.33616666666667,83.2058333333333,0.983,284.041666666667,0.975875,1.30712096774194,342.677504166667,97.1614166666667,79.9124583333333,-15.7404583333333,-5.20491666666667,-799.45995,17.2487083333333,-10.5369583333333,6.71179166666667,3.03725,4.97620833333333,220.712958333333,3.03725,257.758333333333,49.6783333333333,81.4205416666667,74.701875,-15.636625,-5.10020833333333,415,54.2455201612903
2024-05-07 00:00:00,2543.5,13.6954166666667,-6.31429166666667,83.8154166666667,0.90275,308.25,0.892375,1.31602419354839,348.443341666667,108.769958333333,86.4054583333333,-11.67075,-3.42733333333333,Inf,22.3687083333333,-8.24354166666667,14.1255416666667,2.73129166666667,4.84408333333333,230.917166666667,2.73129166666667,253.258333333333,56.79375,97.1135416666667,82.9815833333333,-11.5635833333333,-3.31983333333333,416,54.7466064516129
2024-05-08 00:00:00,2567.5,13.7620833333333,-6.50720833333333,76.20125,1.000625,293.241666666667,0.98875,1.32492741935484,350.809504166667,263.673791666667,189.090041666667,-35.9329166666667,-7.601875,Inf,74.5836666666667,-28.331375,46.2497083333333,1.99341666666667,3.54791666666667,238.233333333333,1.99341666666667,245.095833333333,55.3070833333333,227.726333333333,181.482291666667,-35.844625,-7.51204166666667,409,54.1895314516129
2024-05-09 00:00:00,2591.5,13.65375,-2.974375,75.2533333333333,0.991958333333333,304.795833333333,0.9865,1.33383064516129,370.03055,159.90775,124.29225,-30.5589166666667,-11.0409166666667,0.782,35.605125,-19.5172916666667,16.09325,1.05129166666667,1.79954166666667,201.745833333333,1.05129166666667,123.051583333333,38.7891666666667,129.353333333333,113.247625,-29.882,-11.4119545454545,408,54.4202903225806
2024-05-10 00:00:00,2615.5,13.6825,-0.369083333333333,73.2483333333333,1.186875,250.1625,1.18604166666667,1.34273387096774,375.553529166667,197.503666666667,135.319,-44,-14.342875,Inf,62.189875,-29.6579166666667,32.5293333333333,0.8725,1.63725,160.68,0.8725,108.224875,38.8658333333333,153.5025,120.979625,-57.636,-20.1933333333333,424,56.9319161290323
2024-05-11 00:00:00,2639.5,13.6170833333333,2.264375,61.8058333333333,1.21404166666667,231.966666666667,1.21904166666667,1.32920833333333,380.031925,180.192333333333,118.164,-57.573375,-23.4735833333333,-0.0493809523809523,62.0036666666667,-34.09875,27.9140416666667,0.751083333333333,1.53558333333333,163.259166666667,0.751083333333333,185.790833333333,42.4054166666667,122.596666666667,94.6845416666667,-71.486,-28.8521111111111,440,58.4851666666667
2024-05-12 00:00:00,2663.5,13.6008333333333,2.608875,67.9895833333333,1.23754166666667,240.041666666667,1.24345833333333,1.30565166666667,376.475258333333,178.743208333333,111.067166666667,-36.66275,-16.88775,Inf,67.667,-19.7739166666667,47.8879583333333,1.2185,2.32720833333333,165.854208333333,1.2185,124.030791666667,42.9617083333333,142.082875,94.1880416666667,-51.3761538461539,-25.1116153846154,456,59.537716
2024-05-13 00:00:00,2687.5,13.5945833333333,6.35375,48.6179166666667,1.25529166666667,213.470833333333,1.27,1.27797333333333,397.731116666667,221.416166666667,126.544333333333,-46.4854583333333,-30.4633333333333,Inf,94.88025,-16.0227083333333,78.8508333333333,1.25083333333333,2.684875,258.175,1.25083333333333,267.3,46.4979166666667,174.929,96.0764166666667,-47.621125,-28.095625,423,54.058272
2024-05-14 00:00:00,2711.5,13.5066666666667,4.96320833333333,59.7166666666667,1.30329166666667,208.691666666667,1.315,1.23225378787879,395.399558333333,262.144958333333,147.201541666667,-52.2812916666667,-23.038375,Inf,115.001333333333,-29.2323333333333,85.7617083333333,1.48016666666667,2.77820833333333,245.7125,1.48016666666667,252.695833333333,45.875,209.938625,124.168583333333,-65.3141176470588,-29.4547058823529,429,52.8636875
2024-05-15 00:00:00,2735.5,13.43875,2.40533333333333,73.19,1.284875,253.870833333333,1.29079166666667,1.19855871212121,394.513070833333,185.105208333333,118.603291666667,-34.583375,-18.503125,0.495571428571429,66.5065833333333,-16.0807916666667,50.4174583333333,0.889291666666667,1.87204166666667,214.494791666667,0.889291666666667,251.0125,50.9995833333333,150.516875,100.097458333333,-46.9665,-16.14525,439,52.6167274621212
2024-05-16 00:00:00,2759.5,13.5570833333333,5.99204166666667,44.5470833333333,1.3665,227.883333333333,1.3815,1.17783333333333,391.579891666667,313.496166666667,165.789916666667,-94.4745833333333,-35.5978333333333,Inf,147.705583333333,-58.8825,88.8166666666666,1.03666666666667,2.13245833333333,235.205833333333,1.03666666666667,257.558333333333,46.8983333333333,219.01125,130.197083333333,-95.4866666666667,-28.8791666666667,437,51.4713166666667
2024-05-17 00:00:00,2783.5,13.5154166666667,7.83491666666667,40.83625,1.42941666666667,219.120833333333,1.44983333333333,1.09879166666667,365.554204166667,290.531333333333,145.994666666667,-88.1179166666666,-36.0816666666667,Inf,144.500416666667,-52.0419583333333,92.460625,1.67079166666667,3.12041666666667,229.562083333333,1.67079166666667,255.666666666667,50.3345833333333,202.36875,109.91375,-84.105,-24.0614285714286,438,48.127075
2024-05-18 00:00:00,2807.5,13.5445833333333,7.41045833333333,40.4058333333333,1.50920833333333,200.558333333333,1.529625,1.01920833333333,352.051304166667,244.928416666667,122.137166666667,-82.1658333333333,-33.9758333333333,Inf,122.80175,-48.19,74.6095416666667,1.397375,2.966375,222.251666666667,1.397375,257.870833333333,51.2704166666667,162.777166666667,88.1584166666667,-78.428125,-22.405625,420,42.80675
2024-05-19 00:00:00,2831.5,13.5304166666667,5.56283333333333,62.715,1.57291666666667,199.941666666667,1.58891666666667,0.958458333333333,373.431,158.451166666667,84.1915,-41.3875416666667,-20.9383333333333,Inf,74.26,-20.449125,53.8055833333333,1.69825,3.47025,233.692333333333,1.69825,254.016666666667,47.6591666666667,117.067333333333,63.2520416666667,-50.945375,-19.3925,428,41.0220166666667
2024-05-20 00:00:00,2855.5,13.5641666666667,6.51558333333333,56.8525,1.62766666666667,202.7125,1.647,0.901476851851852,388.668925,288.666916666667,143.64575,-62.6885416666667,-31.801375,Inf,145.034416666667,-30.8842916666667,114.147333333333,1.12879166666667,2.52295833333333,228.779583333333,1.12879166666667,206.896666666667,57.28375,226.005291666667,111.851583333333,-44.9350714285714,-14.8649285714286,442,39.8452768518518
2024-05-21 00:00:00,2879.5,13.66625,-2.26379166666667,79.79875,1.386125,299.525,1.38166666666667,0.866433333333333,352.634266666667,137.764125,98.2945416666666,-22.112125,-5.72291666666667,Inf,39.4676666666667,-16.3879166666667,23.0846666666667,1.67483333333333,3.31408333333333,251.55875,1.67483333333333,262.854166666667,50.2766666666667,115.6465,92.5705,-26.1838947368421,-7.15073684210526,460,39.8559333333333
2024-05-22 00:00:00,2903.5,13.6495833333333,2.09383333333333,39.0179166666667,1.46229166666667,260.629166666667,1.470125,0.862548148148148,353.520120833333,257.174625,167.809583333333,-87.3266666666667,-27.1216666666667,Inf,89.3796666666667,-60.2025,29.1787083333333,1.59758333333333,3.179375,248.818083333333,1.59758333333333,254.470833333333,53.1325,169.8575,140.688458333333,-87.25,-27.0479166666667,411,35.4507288888889
2024-05-23 00:00:00,2927.5,13.45125,3.17816666666667,48.93125,1.5885,246.9625,1.59879166666667,0.851375,346.714191666667,172.629583333333,91.9438333333333,-69.289625,-25.1870416666667,Inf,80.6860833333333,-44.10425,36.5827083333333,1.72645833333333,3.52545833333333,235.25375,1.72645833333333,257.783333333333,57.38625,103.3385,66.7604166666667,-66.112,-19.4626315789474,411,34.9915125
2024-05-24 00:00:00,2951.5,13.61875,1.678625,42.7983333333333,1.703875,228.583333333333,1.7095,0.820520833333333,345.331516666667,297.028208333333,169.127416666667,-83.5604166666667,-25.1797083333333,Inf,127.914541666667,-58.3708333333333,69.545,1.57695833333333,2.908,258.208333333333,1.57695833333333,258.0125,48.6666666666667,213.537958333333,143.947166666667,-83.48125,-25.1149166666667,422,34.6259791666667
2024-05-25 00:00:00,2975.5,13.53625,3.731375,61.83625,1.67516666666667,243.020833333333,1.68679166666667,0.809045,352.377975,160.291583333333,91.4777916666666,-42.7496666666667,-17.7355,0.535833333333333,68.81475,-25.0135416666667,43.79925,1.516,3.039,248.275416666667,1.516,252.279166666667,49.9433333333333,117.542958333333,73.741875,-54.3263571428571,-18.9665,428,34.627126
2024-05-26 00:00:00,2999.5,13.4754166666667,2.030875,67.9670833333333,1.64054166666667,255.979166666667,1.64716666666667,0.836109411764706,359.729095833333,243.180833333333,160.226166666667,-43.0092083333333,-14.6814166666667,Inf,82.945375,-28.326625,54.6208333333333,2.33345833333333,4.12091666666667,250.55,2.33345833333333,258.9875,50.6375,200.166083333333,145.556375,-70.4657142857143,-23.0442857142857,423,35.3674281176471
2024-05-27 00:00:00,3023.5,13.5975,6.476125,41.22375,1.7675,210.7125,1.78825,0.761470588235294,365.116404166667,338.5705,172.543666666667,-99.15375,-33.4854166666667,Inf,166.0265,-65.6620833333334,100.3695,1.39654166666667,2.674875,231.405833333333,1.39654166666667,256.079166666667,46.8958333333333,239.412083333333,139.055083333333,-90.73875,-24.904375,415,31.6010294117647
2024-05-28 00:00:00,3047.5,13.5379166666667,9.15891666666667,33.4475,1.81345833333333,214.4875,1.84333333333333,0.704708333333333,354.785570833333,267.135625,127.303291666667,-94.7216666666666,-42.8520833333333,Inf,139.827333333333,-51.8657916666667,87.96625,0.858416666666667,1.76291666666667,199.739041666667,0.858416666666667,246.745833333333,42.3679166666667,172.42125,84.4596666666667,-91.4307692307692,-27.5230769230769,443,31.2185791666667
2024-05-29 00:00:00,3071.5,13.5466666666667,9.55620833333333,37.1758333333333,1.855125,216.041666666667,1.88708333333333,0.661541666666667,352.722295833333,144.946875,77.7965833333333,-81.5175,-38.3729166666667,Inf,67.1368333333333,-43.1431666666667,23.98875,0.983666666666667,2.12633333333333,240.216666666667,0.983666666666667,229.9,51.11375,63.4229166666667,39.4337083333333,-84.493125,-32.325,448,29.6370666666667
2024-05-30 00:00:00,3095.5,13.5491666666667,8.13491666666667,42.0608333333333,1.904,224.783333333333,1.93208333333333,0.616291666666667,349.4093375,293.367666666667,135.73375,-95.19625,-37.41,Inf,157.615666666667,-57.7898333333333,99.8345833333334,1.28279166666667,2.51166666666667,223.872791666667,1.28279166666667,255.654166666667,42.09375,198.157916666667,98.3270833333333,-92.38,-24.97125,428,26.3772833333333
2024-05-31 00:00:00,3119.5,13.5666666666667,7.86041666666667,36.9704166666667,1.97104166666667,228.329166666667,1.99908333333333,0.548375,344.3775125,323.225625,140.988291666667,-95.7754166666667,-37.01625,Inf,182.2815,-58.745,123.542625,1.32354166666667,2.61604166666667,252.620833333333,1.32354166666667,254.566666666667,42.8583333333333,227.51375,103.969583333333,-91.522,-31.8275,480,26.322
2024-06-01 00:00:00,3143.5,13.5020833333333,9.43391666666667,39.2666666666667,2.03625,213.108333333333,2.07104166666667,0.476916666666667,345.010733333333,251.218541666667,112.674,-82.6970833333333,-38.5520833333333,0.722714285714286,138.567125,-44.1475,94.4041666666666,1.09220833333333,2.34045833333333,242.354166666667,1.09220833333333,255.316666666667,45.26,168.53125,74.1216666666667,-78.2588235294118,-28.4123529411765,480,22.892
2024-06-02 00:00:00,3167.5,13.53125,9.02275,46.9491666666667,2.09333333333333,210.941666666667,2.127625,0.42075,346.122516666667,205.37775,88.5924166666667,-76.0425,-34.5591666666667,Inf,116.826291666667,-41.4926666666667,75.3296666666667,1.21558333333333,2.68833333333333,238.721625,1.21558333333333,247.766666666667,52.0875,129.36725,54.033375,-73.7211764705882,-26.5029411764706,480,20.196
2024-06-03 00:00:00,3191.5,13.5541666666667,9.30354166666667,50.8575,2.14795833333333,214.45,2.18408333333333,0.363666666666667,355.513091666667,161.004416666667,66.5117916666667,-48.456625,-34.0766666666667,0.4144375,94.4884166666667,-14.381,80.10325,1.61466666666667,3.158125,253.8375,1.61466666666667,256.475,52.8495833333333,112.537791666667,32.432875,-47.0157222222222,-28.7077777777778,480,17.456
2024-06-04 00:00:00,3215.5,13.5854166666667,7.27108333333333,61.49625,2.28366666666667,219.616666666667,2.31416666666667,0.233958333333333,370.135645833333,293.826625,94.18075,-58.7804583333333,-23.8195833333333,Inf,199.635,-34.9639583333333,164.669416666667,2.46420833333333,4.39670833333333,255.966666666667,2.46420833333333,255.075,50.60125,235.008916666667,70.36375,-89.099,-31.049,480,11.23
2024-06-05 00:00:00,3239.5,13.4916666666667,10.19175,51.3141666666667,2.405625,206.791666666667,2.45020833333333,0.0985833333333333,365.377441666667,315.963,71.6618333333333,-94.2208333333333,-23.5275,Inf,244.30325,-70.69875,173.600875,1.96308333333333,3.65854166666667,243.840208333333,1.96308333333333,249.529166666667,55.8375,221.71875,48.13175,-93.8866666666667,-21.3233333333333,480,4.732
2024-06-06 00:00:00,3263.5,13.3916666666667,13.9310833333333,33.2816666666667,2.48125,203.095833333333,2.54366666666667,0.00383333333333333,377.035941666667,335.799208333333,33.9817083333333,-105.658333333333,-11.622875,Inf,301.795958333333,-94.0270833333333,207.76,0.985375,1.99025,205.741708333333,0.985375,242.23125,50.0141666666667,230.147916666667,22.3673333333333,-91.55,-23.783,480,0.184
2024-06-07 00:00:00,3287.5,13.3366666666667,13.631625,40.2370833333333,2.48691666666667,199.158333333333,2.54808333333333,8.3333333333334e-05,360.1612125,283.1555,20.6277083333333,-74.9173333333333,0.814,Inf,262.536916666667,-75.7394166666667,186.786708333333,1.40575,2.825375,247.245666666667,1.40575,267.3875,36.73875,208.219833333333,21.4365833333333,-93.7375,-28.8475,480,0.00400000000000003
2024-06-08 00:00:00,3311.5,13.4395833333333,12.0046666666667,55.1933333333333,2.49541666666667,200.345833333333,2.54941666666667,-0.00183333333333333,371.381525,228.6375,15.4830416666667,-64.8045833333333,3.76179166666667,Inf,213.154833333333,-68.5648333333333,144.588791666667,1.11225,2.2835,265.083333333333,1.11225,260.894583333333,45.0279166666667,163.833041666667,19.245375,-60.41,-8.45916666666666,480,-0.088
2024-06-09 00:00:00,3335.5,13.33625,13.2608333333333,47.60625,2.49170833333333,200.783333333333,2.55141666666667,-0.00325,379.982379166667,277.294166666667,24.41825,-76.6329166666666,14.28825,Inf,252.882916666667,-90.9079166666667,161.969583333333,0.993041666666667,2.13008333333333,196.306,0.993041666666667,210.138791666667,49.81125,200.672916666667,38.7109583333333,-79.985,-14.485,480,-0.156
2024-06-10 00:00:00,3359.5,13.42125,12.9608333333333,45.1954166666667,2.48958333333333,198.866666666667,2.547875,-0.000208333333333334,375.598020833333,210.743666666667,16.8589583333333,-65.7075,4.86683333333333,0.160125,193.883666666667,-70.5779166666667,123.310083333333,1.09075,2.2965,231.045833333333,1.09075,258.0125,49.4958333333333,145.040041666667,21.727,-63.3477777777778,-9.30666666666667,480,-0.01
2024-06-11 00:00:00,3383.5,13.34875,13.2977916666667,36.9841666666667,2.48945833333333,200.95,2.54908333333333,-0.000708333333333334,365.498966666667,336.775583333333,33.295375,-104.113333333333,24.9125833333333,Inf,303.465666666667,-129.029583333333,174.462916666667,1.334,2.57604166666667,252.753333333333,1.334,263.025,44.8566666666667,232.68125,58.2113333333333,-88.053,-13.1277,480,-0.034
2024-06-12 00:00:00,3407.5,13.2945833333333,14.6608333333333,35.0616666666667,2.48120833333333,200.1625,2.54666666666667,0.000625000000000001,360.363304166667,282.040833333333,28.60925,-91.2258333333333,22.9594583333333,Inf,253.438583333333,-114.182916666667,139.263541666667,1.5525,3.027625,258.470833333333,1.5525,265.608333333333,48.69875,190.851166666667,51.5668333333333,-87.8430769230769,-13.4306923076923,480,0.03
2024-06-13 00:00:00,3431.5,13.29875,17.1195833333333,27.4525,2.47183333333333,198.170833333333,2.547875,0.000333333333333334,372.028558333333,334.355875,33.7171666666667,-100.496666666667,29.276375,0.151058823529412,300.739541666667,-129.769583333333,170.918958333333,1.30316666666667,2.72370833333333,226.658333333333,1.30316666666667,274.025,45.6020833333333,233.942916666667,62.9976666666667,-86.5777777777778,-18.5888888888889,480,0.016
2024-06-14 00:00:00,3455.5,13.4258333333333,12.3366666666667,53.4491666666667,2.491375,197.475,2.54695833333333,0.000958333333333334,344.617795833333,189.426416666667,17.2422083333333,-58.4059166666667,14.111125,-0.319631578947368,172.216041666667,-72.5133333333333,99.6845833333333,1.08958333333333,2.302875,237.178333333333,1.08958333333333,248.345833333333,60.8941666666667,131.027416666667,31.3574583333333,-63.5833333333333,-0.868466666666666,480,0.046
2024-06-15 00:00:00,3479.5,13.39125,12.8729583333333,43.6416666666667,2.49029166666667,197.370833333333,2.54829166666667,-8.33333333333334e-05,351.418145833333,226.69625,23.356375,-84.3616666666667,17.291875,Inf,203.343833333333,-101.663333333333,101.684333333333,1.32533333333333,2.849,191.973333333333,1.32533333333333,219.393333333333,61.51,142.33875,40.6532083333333,-85.7092857142857,-4.22992857142857,480,-0.004
2024-06-16 00:00:00,3503.5,13.3191666666667,16.2766666666667,21.3579166666667,2.47758333333333,195.925,2.55020833333333,-0.00179166666666667,357.381516666667,279.427083333333,30.4536666666667,-106.56875,22.4540416666667,Inf,248.95725,-129.022916666667,119.93625,1.256875,2.79545833333333,239.733333333333,1.256875,256.558333333333,55.5804166666667,172.860833333333,52.9069583333333,-96.1,-16.969,480,-0.0860000000000001
2024-06-17 00:00:00,3527.5,13.3204166666667,16.3870833333333,16.7283333333333,2.47625,194.2375,2.549375,-0.000916666666666668,353.363491666667,332.348041666667,36.1830416666667,-115.279166666667,29.9065833333333,-0.467909090909091,296.212916666667,-145.183333333333,151.025416666667,1.59041666666667,3.16925,228.433333333333,1.59041666666667,245.016666666667,62.25625,217.13625,66.0870416666667,-104.525,-12.826,480,-0.044
2024-06-18 00:00:00,3551.5,13.5,5.44391666666667,44.0933333333333,2.52216666666667,196.583333333333,2.54695833333333,0.00125,339.341641666667,297.742375,32.0411666666667,-81.9241666666667,39.526625,Inf,265.683541666667,-121.449583333333,144.234166666667,1.511125,2.75054166666667,230.983166666667,1.511125,261.520833333333,51.4804166666667,215.813666666667,71.5642083333333,-81.6933333333333,39.74475,480,0.06
2024-06-19 00:00:00,3575.5,13.4770833333333,6.99091666666667,63.5108333333333,2.51583333333333,196.975,2.54766666666667,-0.000166666666666666,352.265966666667,136.635375,14.2619166666667,-41.184875,16.7828333333333,-0.3114,122.367791666667,-57.96825,64.3977083333333,0.804541666666667,1.68066666666667,143.318041666667,0.804541666666667,187.507083333333,55.0975,95.4456666666667,31.04425,-54.1073333333333,20.4702222222222,480,-0.00799999999999997
2024-06-20 00:00:00,3599.5,13.4283333333333,11.74675,58.8720833333333,2.50066666666667,196.379166666667,2.55366666666667,-0.00616666666666667,356.383708333333,217.854291666667,17.528,-33.6475,6.80679166666667,Inf,200.332083333333,-40.4577083333333,159.862791666667,0.981208333333333,2.22420833333333,215.170833333333,0.981208333333333,236.295,63.5925,184.186,24.3369166666667,-23.343,-2.93016666666667,480,-0.296
2024-06-21 00:00:00,3623.5,13.4033333333333,12.06,58.1991666666667,2.49608333333333,196.908333333333,2.55058333333333,-0.002875,369.510820833333,281.85675,22.9325416666667,-46.5189166666667,11.7610833333333,-Inf,258.959541666667,-58.2767916666667,200.68325,1.283,2.87054166666667,230.434583333333,1.283,240.8625,63.2958333333333,235.3755,34.6935,-21.6566666666667,-3.37733333333333,480,-0.138
2024-06-22 00:00:00,3647.5,13.3820833333333,11.2610833333333,53.48875,2.50083333333333,198.475,2.55170833333333,-0.00433333333333333,365.366454166667,226.926583333333,21.24175,-49.258875,9.567875,Inf,205.676083333333,-58.8341666666667,146.847833333333,1.13475,2.42608333333333,237.667083333333,1.13475,257.858333333333,49.9258333333333,177.654,30.8061666666667,-83.7666666666667,-10.877,480,-0.208
2024-06-23 00:00:00,3671.5,13.31125,15.9120833333333,37.9625,2.47879166666667,202.158333333333,2.549875,-0.0025,383.886466666667,311.055875,30.5823333333333,-95.8083333333333,19.73475,Inf,280.483583333333,-115.547083333333,164.92,1.17320833333333,2.13145833333333,225.7825,1.17320833333333,254.266666666667,43.5375,215.211666666667,50.3245833333333,-84.825,-17.39375,480,-0.12
2024-06-24 00:00:00,3695.5,13.3079166666667,15.6308333333333,40.4920833333333,2.47825,198.304166666667,2.548,-0.000874999999999998,369.9200875,259.917291666667,27.0749583333333,-81.4765833333333,21.7000416666667,Inf,232.851541666667,-103.1825,129.655833333333,1.448125,2.74495833333333,260.108333333333,1.448125,254.179166666667,48.3958333333333,178.42725,48.77525,-89.9375,-16.54125,480,-0.0419999999999999
2024-06-25 00:00:00,3719.5,13.31375,15.3320833333333,42.3233333333333,2.48154166666667,197.15,2.54995833333333,-0.002375,376.565966666667,268.435875,25.111375,-78.7502083333334,10.1309583333333,Inf,243.331666666667,-88.890625,154.443916666667,1.22425,2.52291666666667,235.39,1.22425,259.7,46.0020833333334,189.682708333333,35.239875,-86.2428571428571,-19.02,480,-0.114
2024-06-26 00:00:00,3743.5,13.28125,15.4129166666667,48.2283333333333,2.48070833333333,199.345833333333,2.54966666666667,-0.00158333333333333,379.668566666667,210.652416666667,16.9606666666667,-66.6697916666667,0.259000000000001,Inf,193.697416666667,-66.9279166666667,126.778291666667,0.816208333333333,1.79504166666667,232.36575,0.816208333333333,226.0775,47.5933333333333,144.000458333333,17.2202916666667,-87.25,-18.9316666666667,480,-0.0759999999999999
2024-06-27 00:00:00,3767.5,13.3325,12.4890416666667,65.7904166666667,2.49066666666667,206.1125,2.54666666666667,0.0015,382.548704166667,230.408375,20.44125,-39.745875,11.41475,0.097125,209.926625,-51.158875,158.758333333333,1.60416666666667,3.180375,228.143083333333,1.60416666666667,252.7875,49.63125,190.616166666667,31.851875,-22.41,-7.808,480,0.0720000000000001
2024-06-28 00:00:00,3791.5,13.3833333333333,10.935875,67.33,2.50254166666667,198.741666666667,2.55191666666667,-0.00391666666666667,396.593441666667,249.740666666667,20.0965416666667,-32.6114166666667,8.35029166666667,Inf,229.632125,-40.962875,188.685041666667,1.70795833333333,3.29416666666667,231.2785,1.70795833333333,255.779166666667,46.3033333333333,217.15225,28.4426666666667,NaN,NaN,480,-0.188
2024-06-29 00:00:00,3815.5,13.30125,11.9962916666667,62.4075,2.49691666666667,200.454166666667,2.55095833333333,-0.00358333333333333,413.425033333333,242.874458333333,22.9115,-57.9241666666667,11.6915,-0.0856666666666667,219.923541666667,-69.61775,150.307916666667,0.910625,1.94008333333333,229.669833333333,0.910625,228.60625,54.71875,184.927208333333,34.6027083333333,NaN,NaN,480,-0.172
2024-06-30 00:00:00,3839.5,13.39,15.1158333333333,52.1120833333333,2.486375,199.2,2.55404166666667,-0.00520833333333333,427.750533333333,198.722416666667,15.1791666666667,-49.2343333333333,-0.00883333333333295,0.421823529411765,183.541166666667,-49.2294583333333,134.323375,0.880083333333333,2.00670833333333,263.6375,0.880083333333333,255.741666666667,54.4291666666667,149.496708333333,15.1715,-77.68,-12.95,480,-0.25
2024-07-01 00:00:00,3863.5,13.4141666666667,11.9634583333333,67.0108333333333,2.49416666666667,220.275,2.54825,-0.000604166666666665,421.244258333333,175.496541666667,13.9025833333333,-32.6110416666667,6.40970833333333,Inf,161.602833333333,-39.023875,122.576583333333,1.14716666666667,2.491875,237.2375,1.14716666666667,254.408333333333,49.7570833333333,142.879208333333,20.3151666666667,-39.5333333333333,-9.67133333333333,480,-0.0289999999999999
2024-07-02 00:00:00,3887.5,13.4720833333333,8.68858333333333,57.33,2.50491666666667,231.291666666667,2.54420833333333,0.00222916666666667,408.0461625,322.256208333333,24.9752916666667,-57.5537083333333,11.1495833333333,Inf,297.302375,-68.7122916666667,228.575625,1.60120833333333,3.00675,244.902083333333,1.60120833333333,264.441666666667,52.4275,264.724125,36.1249166666667,-87.3625,8.37,NaN,NaN
2024-07-03 00:00:00,3911.5,13.385,12.4513333333333,30.54125,2.48470833333333,200.895833333333,2.540625,0.000135416666666665,369.869191666667,334.269,35.90875,-106.754166666667,15.6993333333333,Inf,298.329458333333,-122.449583333333,175.883333333333,1.55270833333333,3.06545833333333,249.557916666667,1.55270833333333,257.725,49.3858333333333,227.485,51.609875,-96.4363636363636,-14.2907272727273,NaN,NaN
2024-07-04 00:00:00,3935.5,13.3825,10.2360833333333,34.9733333333333,2.487125,197.2625,2.53295833333333,-0.00325,351.159195833333,325.452458333333,36.7962083333333,-104.477916666667,28.985125,Inf,288.693208333333,-133.45625,155.20375,1.31166666666667,2.57,239.933333333333,1.31166666666667,258.1875,45.7095833333333,220.997083333333,65.7945833333333,-95.3015384615385,-2.062,NaN,NaN
2024-07-05 00:00:00,3959.5,13.3970833333333,9.13541666666667,41.1920833333333,2.49383333333333,198.054166666667,2.53491666666667,-0.005125,345.439520833333,316.256958333333,35.8652916666667,-101.220833333333,33.8434583333333,Inf,280.429541666667,-135.077083333333,145.325416666667,1.07241666666667,2.22341666666667,245.611666666667,1.07241666666667,250.220416666667,45.6075,215.022916666667,69.7011666666667,-93.46,6.8848,NaN,NaN
2024-07-06 00:00:00,3983.5,13.3783333333333,12.5985833333333,28.6795833333333,2.478,198.6375,2.53425,-0.00416666666666667,346.17305,272.660333333333,31.029875,-90.1695833333333,25.9794166666667,Inf,241.671708333333,-116.16,125.5,1.41858333333333,2.94516666666667,240.153,1.41858333333333,252.155,54.9770833333334,182.51175,57.0069583333333,-82.9684615384616,-6.16292307692308,NaN,NaN
2024-07-07 00:00:00,4007.5,13.385,8.163875,60.8929166666667,2.4995,200.0375,2.5365,-0.00645833333333334,343.1766,211.494416666667,23.06,-65.0066666666667,23.1615833333333,-0.29404347826087,188.410583333333,-88.1683333333333,100.2325,1.02541666666667,1.95370833333333,202.175666666667,1.02541666666667,151.304958333333,49.6975,146.436666666667,46.2228333333333,-61.6736842105263,8.31178947368421,NaN,NaN
2024-07-08 00:00:00,4031.5,13.3729166666667,10.499,40.0833333333333,2.489,203.170833333333,2.536,-0.00604166666666667,348.5190625,269.410666666667,28.7927083333333,-97.0570833333334,25.6185416666667,Inf,240.631333333333,-122.675416666667,117.912083333333,0.953125,1.91379166666667,163.750416666667,0.953125,194.648458333333,44.7708333333333,172.332916666667,54.4114166666667,-91.5269230769231,-2.66830769230769,NaN,NaN
2024-07-09 00:00:00,4055.5,13.4083333333333,12.7391666666667,36.2266666666667,2.47979166666667,201.483333333333,2.53679166666667,-0.00666666666666667,343.9711,184.140708333333,19.96675,-78.9316666666667,14.4385833333333,Inf,164.170208333333,-93.3708333333334,70.80625,1.04029166666667,2.100625,181.24175,1.04029166666667,189.384166666667,43.4975,105.210833333333,34.4102083333333,-83.6128571428571,-8.57642857142857,NaN,NaN
2024-07-10 00:00:00,4079.5,13.3408333333333,13.9979166666667,32.9429166666667,2.47441666666667,197.320833333333,2.53683333333333,-0.00666666666666667,347.982154166667,206.447458333333,22.5685833333333,-83.535,16.4935833333333,-0.268277777777778,183.899416666667,-100.02875,83.8813333333333,0.983041666666667,1.97270833333333,181.306291666667,0.983041666666667,178.857083333333,44.2630416666667,122.93375,39.052375,-76.4066666666667,-8.25853333333333,NaN,NaN
2024-07-11 00:00:00,4103.5,13.3425,16.7658333333333,27.7629166666667,2.46245833333333,201.983333333333,2.536875,-0.006375,355.638204166667,202.143,22.1971666666667,-87.0491666666667,10.4178333333333,Inf,179.937208333333,-97.4720833333333,82.4774583333333,0.980708333333333,1.997,230.782083333333,0.980708333333333,208.912958333333,44.94375,115.10625,32.6135833333333,-87.07,-15.9015,NaN,NaN
2024-07-12 00:00:00,4127.5,13.2779166666667,18.92875,18.41,2.453375,208.108333333333,2.53704166666667,-0.00766666666666667,366.3485875,318.0415,34.3235,-112.154166666667,25.92825,Inf,283.707541666667,-138.081666666667,145.641666666667,1.36166666666667,2.53008333333333,202.383,1.36166666666667,276.075,36.0191666666667,205.878333333333,60.2492916666667,-99.04,-21.496,NaN,NaN
2024-07-13 00:00:00,4151.5,13.2729166666667,19.5895833333333,16.7691666666667,2.45145833333333,204.9625,2.53783333333333,-0.00804166666666667,369.2909375,296.369208333333,32.34525,-109.589166666667,25.5567916666667,Inf,263.999916666667,-135.144166666667,128.852083333333,1.293125,2.30325,252.689166666667,1.293125,277.995833333333,42.27875,186.7275,57.8941666666667,-92.969,-18.1691,NaN,NaN
2024-07-14 00:00:00,4175.5,13.2783333333333,16.8729166666667,36.4595833333333,2.46354166666667,202.625,2.53829166666667,-0.00808333333333334,358.5267875,219.301625,24.258625,-73.1022083333333,22.1825416666667,Inf,195.0335,-95.28125,99.755,1.07625,2.32233333333333,245.8625,1.07625,256.058333333333,42.7966666666667,146.192875,46.4427916666667,-89.225,-16.059125,NaN,NaN
2024-07-15 00:00:00,4199.5,13.3470833333333,14.7891666666667,50.66125,2.46908333333333,194.004166666667,2.53483333333333,-0.00541666666666667,355.446133333333,210.194041666667,15.4915416666667,-61.0736666666667,0.807708333333333,Inf,194.697041666667,-61.87875,132.81375,1.14916666666667,2.283375,250.04875,1.14916666666667,265.245833333333,41.0320833333333,149.11875,16.298875,-56.0241666666667,-6.328,NaN,NaN
2024-07-16 00:00:00,4223.5,13.40125,13.1491666666667,54.0395833333333,2.47495833333333,195.808333333333,2.53383333333333,-0.00420833333333333,355.506854166667,217.532583333333,18.9804166666667,-66.6186666666667,6.46666666666667,Inf,198.570291666667,-73.0879166666666,125.470291666667,0.953916666666667,2.02058333333333,227.409166666667,0.953916666666667,216.29875,47.5225,150.925083333333,25.4515416666667,-67.4463636363636,-8.97290909090909,NaN,NaN
2024-07-17 00:00:00,4247.5,13.3804166666667,12.5541666666667,54.01,2.47591666666667,196.079166666667,2.532,-0.00170833333333333,355.052591666667,207.5735,17.155125,-65.0425,5.86370833333334,Inf,190.42125,-70.910125,119.514166666667,0.786791666666667,1.58575,188.237083333333,0.786791666666667,155.205375,45.3233333333333,142.52125,23.0185833333333,-64.0783333333333,-5.33583333333333,NaN,NaN
2024-07-18 00:00:00,4271.5,13.33375,14.83875,43.97,2.46545833333333,199.879166666667,2.53133333333333,-0.000666666666666668,365.162783333333,205.077333333333,16.722125,-82.1991666666667,-3.36141666666667,Inf,188.359958333333,-78.8404166666667,109.5225,0.941625,1.81970833333333,243.245833333333,0.941625,232.485833333333,42.2570833333333,122.89875,13.3635,-81.1318181818182,-13.3807272727273,NaN,NaN
2024-07-19 00:00:00,4295.5,13.3454166666667,13.2283333333333,54.1091666666667,2.46891666666667,199.270833333333,2.52795833333333,0.001625,352.53475,179.4735,17.36625,-54.6485416666667,5.65820833333333,-0.08725,162.094458333333,-60.3079166666667,101.801666666667,0.997916666666667,2.10241666666667,211.235833333333,0.997916666666667,215.809666666667,58.19375,124.8325,23.024375,-62.409,-13.2531,NaN,NaN
2024-07-20 00:00:00,4319.5,13.375,12.9958333333333,52.5904166666667,2.472875,199.270833333333,2.53075,-0.000583333333333335,362.9604375,295.811166666667,26.35125,-78.3379166666667,12.8442083333333,-0.0442222222222222,269.463916666667,-91.1816666666667,178.280416666667,1.21554166666667,2.116125,175.17025,1.21554166666667,112.762041666667,41.42625,217.483416666667,39.1952916666667,-56.934,-3.3219,NaN,NaN
2024-07-21 00:00:00,4343.5,13.4475,9.21416666666667,70.5983333333333,2.488375,205.420833333333,2.52991666666667,4.16666666666642e-05,349.713795833333,147.118125,15.3938333333333,-35.0518333333333,13.5351666666667,Inf,131.718625,-48.5855416666667,83.127,0.741625,1.54079166666667,209.265333333333,0.741625,166.339583333333,46.4866666666667,112.065,28.9334583333333,-46.9116923076923,8.70353846153846,NaN,NaN
2024-07-22 00:00:00,4367.5,13.4304166666667,11.268375,50.6341666666667,2.47983333333333,211.7,2.53033333333333,-8.3333333333335e-05,365.9758625,284.71375,24.7496666666667,-61.0537083333333,8.676875,Inf,259.959333333333,-69.7300416666667,190.220958333333,0.967166666666667,1.78970833333333,161.480041666667,0.967166666666667,118.432083333333,37.5745833333333,223.650583333333,33.4257083333333,-47.4486666666667,-4.65011111111111,NaN,NaN
2024-07-23 00:00:00,4391.5,13.3679166666667,14.38,36.4941666666667,2.46604166666667,209.075,2.52991666666667,4.1666666666665e-05,363.326025,267.665625,29.22175,-100.633333333333,13.7592083333333,Inf,238.464166666667,-114.397916666667,124.079166666667,0.866416666666666,1.76525,212.970375,0.866416666666666,249.45,41.9283333333333,167.050416666667,42.9833333333333,-88.3916666666667,-10.833,NaN,NaN
2024-07-24 00:00:00,4415.5,13.3875,15.8541666666667,33.2041666666667,2.45775,222.329166666667,2.52795833333333,0.001625,355.622658333333,158.1885,17.676875,-82.8391666666667,3.50308333333333,Inf,140.504958333333,-86.3358333333334,54.1754166666667,0.7115,1.61729166666667,197.54125,0.7115,225.41125,52.7145833333333,75.3616666666667,21.1797916666667,-80.8936363636364,-13.4992727272727,NaN,NaN
2024-07-25 00:00:00,4439.5,13.2745833333333,17.9625,28.0029166666667,2.449625,212.220833333333,2.52875,0.00145833333333333,372.895691666667,296.52375,32.048,-99.45375,23.4423333333333,Inf,264.487958333333,-122.88375,141.582916666667,0.914875,1.89679166666667,226.746666666667,0.914875,246.6575,51.4220833333333,197.058333333333,55.4943333333333,-83.675,-15.5245,NaN,NaN
2024-07-26 00:00:00,4463.5,13.3870833333333,14.8370833333333,52.34125,2.4615,221.1875,2.52720833333333,0.00308333333333333,351.542270833333,227.32725,23.554,-69.5033333333333,21.0547083333333,Inf,203.771791666667,-90.5675,113.200416666667,1.0625,2.20825,232.929583333333,1.0625,240.427916666667,47.7166666666667,157.806666666667,44.6036666666667,-70.1941666666667,-5.6,NaN,NaN
2024-07-27 00:00:00,4487.5,13.29375,14.335,52.845,2.463625,220.3625,2.52725,0.002375,355.3204375,211.828416666667,22.4576666666667,-62.2723333333333,17.6617083333333,-Inf,189.323708333333,-79.9330833333333,109.42,1.141375,2.48525,214.970791666667,1.141375,254.3625,52.55125,149.547833333333,40.115375,-67.8048888888889,-7.33855555555556,NaN,NaN
2024-07-28 00:00:00,4511.5,13.3520833333333,13.8229583333333,40.74375,2.4705,221.5625,2.53195833333333,-0.003125,359.301870833333,305.336291666667,27.6900416666667,-86.0627916666667,4.89895833333333,Inf,277.646666666667,-90.959125,186.71325,1.421625,2.51395833333333,243.795041666667,1.421625,264.3875,37.4304166666667,219.278625,32.5837916666667,-96.56,-13.0224,NaN,NaN
2024-07-29 00:00:00,4535.5,13.28,17.05875,14.4079166666667,2.45870833333333,211.816666666667,2.53425,-0.004,355.586454166667,297.877583333333,34.2635833333333,-117.125,12.304625,Inf,263.611166666667,-129.418333333333,134.19,1.338125,2.55325,270.058333333333,1.338125,272.725,43.045,180.7675,46.5704583333333,-105.109090909091,-22.6909090909091,NaN,NaN
2024-07-30 00:00:00,4559.5,13.2791666666667,16.7383333333333,14.6716666666667,2.45879166666667,210.316666666667,2.533,-0.00220833333333334,349.2962125,252.130041666667,30.21025,-110.466666666667,14.0372916666667,Inf,221.950291666667,-124.5,97.4350833333333,1.35858333333333,2.707375,242.743333333333,1.35858333333333,261.966666666667,43.9241666666667,141.64125,44.2414583333333,-110.376923076923,-18.3261538461538,NaN,NaN
2024-07-31 00:00:00,4583.5,13.3,15.86375,18.9558333333333,2.4635,215.404166666667,2.53383333333333,-0.002875,350.189041666667,301.892208333333,35.3620833333333,-113.5125,22.8712916666667,-0.5995,266.556208333333,-136.375,130.174583333333,1.26004166666667,2.31454166666667,254.020833333333,1.26004166666667,257.358333333333,38.0420833333333,188.3875,58.2332083333333,-99.375,-14.4858333333333,NaN,NaN
2024-08-01 00:00:00,4607.5,13.2608333333333,18.1008333333333,19.8845833333333,2.45308333333333,218.120833333333,2.532875,-0.00266666666666667,362.211691666667,301.698666666667,35.07225,-113.679166666667,24.5122916666667,Inf,266.654125,-138.185416666667,128.446666666667,1.02366666666667,1.99233333333333,235.794583333333,1.02366666666667,254.635958333333,45.3566666666667,188.050833333333,59.5850416666667,-97.0363636363636,-13.8672727272727,NaN,NaN
2024-08-02 00:00:00,4631.5,13.25625,18.9441666666667,24.8433333333333,2.44991666666667,218.283333333333,2.533375,-0.00391666666666667,364.8348625,295.515,34.6028333333333,-106.114583333333,26.9601666666667,Inf,260.89025,-133.080833333333,127.793333333333,1.10583333333333,2.0565,247.249791666667,1.10583333333333,277.527833333333,43.1775,189.370416666667,61.5592083333333,-90.78,-15.0393,NaN,NaN
2024-08-03 00:00:00,4655.5,13.2583333333333,18.2375,27.94,2.45391666666667,219.408333333333,2.53441666666667,-0.00366666666666667,358.370008333333,251.464666666667,29.2386666666667,-101.379166666667,21.56975,-0.456736842105263,222.244916666667,-122.945416666667,99.31375,1.05316666666667,1.8995,165.810666666667,1.05316666666667,128.208083333333,39.84375,150.128333333333,50.804125,-89.4090909090909,-13.6602727272727,NaN,NaN
2024-08-04 00:00:00,4679.5,13.3020833333333,17.2279166666667,37.9295833333333,2.457625,218.325,2.53391666666667,-0.003375,350.491225,219.894041666667,24.88475,-77.6579166666667,18.9342916666667,Inf,194.996166666667,-96.58375,98.4179166666667,1.26220833333333,2.43979166666667,243.754916666667,1.26220833333333,258.095833333333,49.6016666666667,142.236666666667,43.8214583333333,-77.2433333333333,-8.2075,NaN,NaN
2024-08-05 00:00:00,4703.5,13.27375,16.5325,46.1991666666667,2.46170833333333,208.391666666667,2.535125,-0.00529166666666667,351.5620125,200.962291666667,23.1255416666667,-73.16375,21.2534166666667,Inf,177.827833333333,-94.4166666666666,83.399,0.972583333333333,2.037,192.457916666667,0.972583333333333,185.362083333333,59.4008333333333,127.7935,44.380375,-69.9683333333333,-4.73116666666667,NaN,NaN
2024-08-06 00:00:00,4727.5,13.2804166666667,17.6595833333333,37.19875,2.4565,210.5875,2.53454166666667,-0.003375,354.954783333333,242.332291666667,26.833125,-86.4595833333333,22.6490416666667,Inf,215.46375,-109.105416666667,106.38225,1.06179166666667,2.19766666666667,246.04375,1.06179166666667,253.466666666667,49.6820833333333,155.845416666667,49.4809583333333,-79.3816666666667,-8.34466666666667,NaN,NaN
2024-08-07 00:00:00,4751.5,13.3375,15.62625,45.30625,2.46275,216.5875,2.53204166666667,-0.0020625,344.0222125,164.811291666667,18.1847916666667,-65.7392916666667,9.87883333333333,Inf,146.632708333333,-75.6066666666667,71.0104166666667,1.08804166666667,2.17295833333333,233.474583333333,1.08804166666667,258.066666666667,49.2695833333333,99.075,28.0649583333333,-67.1715,-6.8455,NaN,NaN
2024-08-08 00:00:00,4775.5,13.3604166666667,11.8822083333333,66.8258333333333,2.48016666666667,209.433333333333,2.5335,-0.00483333333333334,344.352408333333,194.48625,20.3195416666667,-53.7214583333333,20.5902916666667,Inf,174.182916666667,-74.3108333333333,99.8750833333333,0.80225,1.74383333333333,200.869041666667,0.80225,195.2,54.5933333333333,140.784416666667,40.910625,-41.7107647058824,8.37758823529412,NaN,NaN
2024-08-09 00:00:00,4799.5,13.3741666666667,10.6784166666667,70.2104166666667,2.48466666666667,212.679166666667,2.53270833333333,-0.00295833333333333,341.074033333333,178.344041666667,14.5835833333333,-33.125875,11.1811666666667,Inf,163.76125,-44.30975,119.45425,0.914666666666666,2.04583333333333,229.869166666667,0.914666666666666,246.837916666667,52.9633333333333,145.218458333333,25.765,-43.8399411764706,8.67982352941176,NaN,NaN
2024-08-10 00:00:00,4823.5,13.3070833333333,10.9975833333333,68.8375,2.481,202.741666666667,2.530375,-4.1666666666668e-05,349.407504166667,196.72175,15.4105,-33.4922916666667,5.284125,Inf,181.306083333333,-38.7752916666667,142.531083333333,1.083,2.27320833333333,223.176625,1.083,256.016666666667,51.29125,163.227333333333,20.6960416666667,-62.4028571428572,5.00457142857143,NaN,NaN
2024-08-11 00:00:00,4847.5,13.39625,10.7339166666667,67.77125,2.48233333333333,192.220833333333,2.53058333333333,-8.67361737988404e-19,370.290916666667,177.654916666667,11.5297916666667,-41.3369166666667,2.1885,Inf,166.149125,-43.521375,122.612083333333,1.27120833333333,2.635,251.9,1.27120833333333,255.1875,46.18625,136.312166666667,13.7180833333333,-48.8238571428571,2.79257142857143,NaN,NaN
2024-08-12 00:00:00,4871.5,13.3066666666667,13.52125,54.57875,2.47020833333333,191.170833333333,2.53054166666667,-0.000208333333333335,371.082625,214.844416666667,16.891625,-70.3702916666667,-0.392875,Inf,197.986708333333,-69.9767916666667,127.998625,0.936916666666667,2.20620833333333,224.778333333333,0.936916666666667,251.9125,64.8758333333333,144.478583333333,16.497875,-56.6898333333333,-0.0298333333333336,NaN,NaN
2024-08-13 00:00:00,4895.5,13.3858333333333,10.1641666666667,78.0904166666667,2.48245833333333,193.416666666667,2.52816666666667,0.00166666666666667,383.640129166667,101.45075,8.28470833333333,-12.3981666666667,3.60458333333333,Inf,93.15725,-16.0020416666667,77.163375,1.00033333333333,2.221125,227.6375,1.00033333333333,238.716666666667,58.1404166666667,89.052375,11.8893333333333,-33.9098333333333,3.74166666666667,NaN,NaN
2024-08-14 00:00:00,4919.5,13.3504166666667,9.61845833333333,70.19125,2.48633333333333,195.1375,2.52958333333333,0.000624999999999999,392.450233333333,192.294958333333,14.4113333333333,-37.2835833333333,6.54704166666667,Inf,177.880875,-43.8346666666667,134.050291666667,1.25904166666667,2.823,241.954333333333,1.25904166666667,258.754166666667,52.9,155.002083333333,20.957875,-51.803,15.462,NaN,NaN
2024-08-15 00:00:00,4943.5,13.3341666666667,10.6374583333333,56.4158333333333,2.49025,196.558333333333,2.53808333333333,-0.00737500000000001,401.152908333333,211.055166666667,15.8745416666667,-58.1980833333333,0.562000000000001,Inf,195.1735,-58.76275,136.408041666667,0.981291666666667,1.93279166666667,249.960416666667,0.981291666666667,253.025,40.8770833333333,152.842791666667,16.4365,-73.5845454545455,2.44209090909091,NaN,NaN
2024-08-16 00:00:00,4967.5,13.2991666666667,13.9089583333333,43.28625,2.476375,197.404166666667,2.538375,-0.007625,394.359345833333,280.695833333333,26.0902083333333,-89.5479166666667,1.224125,Inf,254.597791666667,-90.76875,163.796958333333,1.20479166666667,2.29979166666667,219.10625,1.20479166666667,249.1125,43.7358333333333,191.107166666667,27.3163333333333,-68.1484615384615,-8.10023076923077,NaN,NaN
2024-08-17 00:00:00,4991.5,13.2679166666667,16.1604166666667,36.4383333333333,2.46533333333333,202.7875,2.536875,-0.00770833333333334,368.866366666667,205.2915,24.3645833333333,-81.0769166666667,2.80254166666667,Inf,180.936875,-83.8757916666667,97.0670833333333,1.17429166666667,2.32654166666667,217.693708333333,1.17429166666667,261.620833333333,47.585,124.23925,27.1745833333333,-92.2201,-20.434,NaN,NaN
2024-08-18 00:00:00,5015.5,13.30875,13.8004166666667,56.6495833333333,2.47770833333333,199.141666666667,2.53933333333333,-0.00966666666666667,377.185916666667,236.744166666667,19.4459583333333,-53.3593333333333,1.0445,Inf,217.298875,-54.4054583333333,162.908625,1.212875,2.44695833333333,245.305416666667,1.212875,252.216666666667,49.3775,183.382166666667,20.4882083333333,-52.2315714285714,0.833000000000001,NaN,NaN
2024-08-19 00:00:00,5039.5,13.3304166666667,13.3391666666667,61.08125,2.4805,195.275,2.54029166666667,-0.0102916666666667,385.708633333333,138.764125,11.2599583333333,-39.4949166666667,-1.11345833333333,Inf,127.503916666667,-38.3815833333333,89.124875,0.878041666666666,1.91654166666667,208.53,0.878041666666666,227.120833333333,48.9054166666667,99.275875,10.145375,-60.16,-5.2106,NaN,NaN
2024-08-20 00:00:00,5063.5,13.2725,15.1245833333333,43.5925,2.47304166666667,205.858333333333,2.54045833333333,-0.00995833333333334,405.711058333333,249.449541666667,20.45325,-87.8970833333333,-4.24141666666667,0.1575,229.018416666667,-83.6516666666667,145.333333333333,0.93725,1.95366666666667,234.6375,0.93725,247.404166666667,42.6616666666667,161.574166666667,16.2127083333333,-88.0114285714286,-13.6212857142857,NaN,NaN
2024-08-21 00:00:00,5087.5,13.2008333333333,13.6008333333333,55.2525,2.47791666666667,211.025,2.538625,-0.00920833333333334,377.141791666667,176.51775,18.2051666666667,-53.6374583333333,2.73066666666667,Inf,158.310916666667,-56.3703333333333,101.933458333333,1.059875,2.43708333333333,243.045625,1.059875,249.6375,53.3983333333333,122.8605,20.936,-62.619,-11.6736,NaN,NaN
2024-08-22 00:00:00,5111.5,13.2833333333333,11.85375,63.8404166666667,2.48233333333333,229.145833333333,2.53558333333333,-0.00575,400.871729166667,84.7833333333333,5.342375,-27.6007083333333,-2.05920833333333,Inf,79.4450833333333,-25.5425833333333,53.9012083333333,0.708,1.58345833333333,178.004166666667,0.708,205.137083333333,63.1158333333333,57.1840416666667,3.28441666666667,-37.5775,-4.61191666666667,NaN,NaN
2024-08-23 00:00:00,5135.5,13.3733333333333,11.6779166666667,68.3683333333334,2.48429166666667,210.7875,2.537,-0.00683333333333334,443.996604166667,144.5155,9.32420833333333,-48.1196666666667,-1.06175,Inf,135.199416666667,-47.05875,88.1370833333334,1.08995833333333,2.40704166666667,253.35,1.08995833333333,253.3375,61.2125,96.3904166666667,8.26158333333333,-46.4733333333333,-6.19066666666667,NaN,NaN
2024-08-24 00:00:00,5159.5,13.3591666666667,12.1754166666667,58.7308333333333,2.48720833333333,204.870833333333,2.542,-0.0125,430.456570833333,189.137875,14.522375,-67.1795833333333,-2.56825,Inf,174.589458333333,-64.6141666666667,109.994833333333,1.422,3.06133333333333,243.206666666667,1.422,252.329166666667,53.4904166666667,121.94,11.9541666666667,-64.6553333333333,-8.95093333333333,NaN,NaN
2024-08-25 00:00:00,5183.5,13.3025,10.6918333333333,61.9508333333333,2.490625,210.404166666667,2.53875,-0.00925,411.996166666667,144.511458333333,14.31575,-42.6385,3.01291666666667,Inf,130.198541666667,-45.6489583333333,84.5419166666667,1.02820833333333,2.27558333333333,253.008333333333,1.02820833333333,251.8125,57.4008333333333,101.868958333333,17.3306666666667,-66.9,-8.4825,NaN,NaN
2024-08-26 00:00:00,5207.5,13.4183333333333,10.565125,57.8466666666667,2.48579166666667,209.741666666667,2.533375,-0.00304166666666667,441.285579166667,151.045666666667,11.231375,-45.064625,-1.05941666666667,Inf,139.81875,-44.0117083333333,95.8170416666667,1.01516666666667,2.327,247.733333333333,1.01516666666667,243.858333333333,53.7904166666667,105.983875,10.172,-86.4883333333333,-11.4003333333333,NaN,NaN
2024-08-27 00:00:00,5231.5,13.305,12.387875,39.3133333333333,2.479375,210.704166666667,2.53479166666667,-0.00479166666666667,432.483858333333,267.656833333333,22.35125,-102.525,-2.40375,Inf,245.273541666667,-100.1225,145.151666666667,0.98325,2.113125,154.172916666667,0.98325,169.062708333333,38.6765833333333,165.078333333333,19.9465,-90.4416666666667,-13.9591666666667,NaN,NaN
2024-08-28 00:00:00,5255.5,13.3125,14.6075,30.65,2.46791666666667,211.041666666667,2.53304166666667,-0.00283333333333334,419.2986375,247.123166666667,25.9227083333333,-102.858333333333,1.92279166666667,Inf,221.2225,-104.791666666667,116.412083333333,1.48545833333333,2.87566666666667,97.9200833333333,1.48545833333333,135.233083333333,29.6717083333333,144.257083333333,27.8432083333333,-99.6909090909091,-16.4294545454545,NaN,NaN
2024-08-29 00:00:00,5279.5,13.3008333333333,13.0146666666667,32.1870833333333,2.474875,214.4625,2.53316666666667,-0.00325,434.6235,240.508916666667,26.3008333333333,-99.2291666666667,10.3235833333333,Inf,214.192291666667,-109.545833333333,104.654791666667,1.06604166666667,2.146125,1.1815,1.06604166666667,1.242,0.540166666666667,141.270833333333,36.6232083333333,-88.9916666666667,-13.1311666666667,NaN,NaN
2024-08-30 00:00:00,5303.5,13.2866666666667,12.536875,33.1620833333333,2.47854166666667,213.35,2.53466666666667,-0.00379166666666667,389.416641666667,262.729375,28.850125,-109.3375,14.1471666666667,Inf,233.89475,-123.48375,110.3975,0.901625,1.81691666666667,139.748708333333,0.901625,149.991541666667,29.0187916666667,153.39125,42.9950416666667,-92.1,-10.6814615384615,NaN,NaN
2024-08-31 00:00:00,5327.5,13.2666666666667,14.6483333333333,19.6433333333333,2.47025,211.891666666667,2.53541666666667,-0.00383333333333334,434.68065,258.285541666667,28.3837083333333,-112.695833333333,11.88425,Inf,229.895666666667,-124.59875,105.32375,0.941,1.73041666666667,1.016375,0.941,1.05733333333333,0.430416666666667,145.597083333333,40.2737916666667,-96.7923076923077,-16.1851538461539,NaN,NaN
2024-09-01 00:00:00,5351.5,13.27,13.7754166666667,30.4166666666667,2.4725,220.975,2.53395833333333,-0.003,432.4206375,248.9575,27.108375,-104.958333333333,13.9881666666667,Inf,221.835291666667,-118.945,102.88875,1.06379166666667,1.9995,1.60254166666667,1.06379166666667,1.528125,0.444791666666667,143.992333333333,41.098875,-93.8333333333333,-9.72973333333333,NaN,NaN
2024-09-02 00:00:00,5375.5,13.27125,13.6829166666667,34.9545833333333,2.47041666666667,231.1,2.5315,-0.002,430.2716,214.07425,24.0268333333333,-85.6212083333333,11.6446666666667,Inf,190.057291666667,-97.27375,92.7929583333334,0.943416666666666,2.09108333333333,2.40183333333333,0.943416666666666,2.391375,0.652875,128.460416666667,35.6700416666667,-80.6615882352941,-8.13788235294118,NaN,NaN
2024-09-03 00:00:00,5399.5,13.2758333333333,14.8308333333333,33.1083333333333,2.468375,226.916666666667,2.53433333333333,-0.003875,426.20575,204.7745,22.0429583333333,-91.9941666666667,7.625375,Inf,182.736416666667,-99.6204166666667,83.1216666666667,0.94525,1.846875,2.93275,0.94525,2.87933333333333,0.744458333333333,112.788333333333,29.663375,-84.71,-13.348,NaN,NaN
2024-09-04 00:00:00,5423.5,13.2729166666667,9.31995833333333,63.7383333333333,2.492125,217.316666666667,2.53404166666667,-0.00570833333333334,366.572245833333,173.39775,13.1865833333333,-35.9646666666667,4.78379166666667,Inf,160.227833333333,-40.7470416666667,119.450583333333,0.939416666666666,2.15420833333333,168.458125,0.939416666666666,161.48475,49.5302916666667,137.436833333333,17.9703333333333,-33.4827857142857,-1.24942857142857,NaN,NaN
2024-09-05 00:00:00,5447.5,13.4195833333333,6.36470833333333,77.5108333333333,2.510375,198.25,2.539375,-0.00995833333333334,349.052320833333,150.847916666667,9.38875,-30.1384583333333,5.54729166666667,Inf,141.459916666667,-35.6915,105.773041666667,0.74225,1.45816666666667,174.50775,0.74225,153.365166666667,34.7029166666667,120.708916666667,14.9367083333333,-84.82,-4.103,NaN,NaN
2024-09-06 00:00:00,5471.5,13.2929166666667,11.1379166666667,42.2679166666667,2.49354166666667,196.570833333333,2.54366666666667,-0.0139166666666667,359.268775,252.655208333333,19.2153333333333,-102.6,-3.73566666666667,Inf,233.486041666667,-98.8704166666667,134.6,0.762625,1.527375,207.969916666667,0.762625,203.1725,37.5025,150.089583333333,15.4810833333333,-90.6071428571429,-11.4644285714286,NaN,NaN
2024-09-07 00:00:00,5495.5,13.26,13.1329166666667,32.5825,2.48158333333333,202.079166666667,2.54045833333333,-0.011625,352.7781375,240.0295,23.3592083333333,-99.2866666666666,-0.176416666666668,Inf,216.652875,-99.1108333333333,117.52125,0.889833333333333,1.751,240.161458333333,0.889833333333333,255.633333333333,36.2269166666667,140.704166666667,23.1820833333333,-87.2035714285714,-15.4949285714286,NaN,NaN
2024-09-08 00:00:00,5519.5,13.27375,13.2229166666667,32.7266666666667,2.48158333333333,202.575,2.54095833333333,-0.0117083333333333,346.151716666667,186.772291666667,19.8451666666667,-90.2545833333333,2.31841666666667,-0.4839375,166.923083333333,-92.5691666666667,74.35125,0.973833333333333,2.04025,255.0125,0.973833333333333,245.558333333333,42.455,96.51625,22.16775,-86.6653333333333,-14.092,NaN,NaN
2024-09-09 00:00:00,5543.5,13.2804166666667,12.6516666666667,39.2895833333333,2.48225,203.5625,2.53904166666667,-0.0101666666666667,344.366558333333,174.895208333333,19.60925,-74.1312916666667,5.1305,Inf,155.288375,-79.256,76.0305,1.082125,2.241625,235.32375,1.082125,257.783333333333,49.2216666666667,100.769041666667,24.7387916666667,-67.4478125,-8.0963125,NaN,NaN
2024-09-10 00:00:00,5567.5,13.3025,11.9008333333333,43.37625,2.48779166666667,198.820833333333,2.54129166666667,-0.01125,348.218429166667,171.586541666667,14.775,-81.7179166666667,-4.56891666666667,-0.223933333333333,156.812125,-77.1429166666667,79.6670833333333,0.86575,1.848375,222.33625,0.86575,197.782583333333,59.7379166666667,89.8695833333333,10.2059166666667,-81.29,-11.1876,NaN,NaN
2024-09-11 00:00:00,5591.5,13.3554166666667,10.3320416666667,50.5079166666667,2.49466666666667,201.008333333333,2.54141666666667,-0.0110416666666667,350.0876625,139.978208333333,14.4104166666667,-64.4153333333333,0.0132083333333342,Inf,125.566,-64.4320833333333,61.1383333333333,0.767958333333333,1.815125,105.3425,0.767958333333333,135.265833333333,29.5449166666667,75.5608333333333,14.426375,-63.9588421052632,-5.18947368421053,NaN,NaN
2024-09-12 00:00:00,5615.5,13.3079166666667,12.403625,31.0570833333333,2.48654166666667,198.679166666667,2.54208333333333,-0.0118333333333333,359.290016666667,233.556791666667,24.2134166666667,-100.6125,2.1765,Inf,209.361375,-102.787083333333,106.578333333333,1.3715,2.86608333333333,16.6557916666667,1.3715,16.2008333333333,4.80925,132.965833333333,26.3890833333333,-92.1466666666667,-14.5418666666667,NaN,NaN
2024-09-13 00:00:00,5639.5,13.3333333333333,9.15170833333333,33.5079166666667,2.49029166666667,220.670833333333,2.53154166666667,-0.00258333333333333,350.1705125,192.179375,21.3754583333333,-84.1808333333333,9.12391666666667,Inf,170.811625,-93.3058333333334,77.5066666666667,1.04129166666667,2.13266666666667,14.96225,1.04129166666667,15.0516666666667,4.20016666666667,108.00375,30.4999166666667,-78.421,-0.44925,NaN,NaN
2024-09-14 00:00:00,5663.5,13.2925,11.9939583333333,24.82875,2.48004166666667,220.170833333333,2.53375,-0.006,358.263879166667,225.720541666667,24.6220416666667,-105.191666666667,6.66154166666667,Inf,201.06475,-111.848333333333,89.22375,1.15045833333333,2.25220833333333,13.4825,1.15045833333333,13.9454166666667,3.237875,120.490833333333,31.2844166666667,-96.725,-10.5944375,NaN,NaN
2024-09-15 00:00:00,5687.5,13.3075,11.4104166666667,37.4004166666667,2.48758333333333,209.770833333333,2.53883333333333,-0.00766666666666667,362.705725,120.281125,14.5337083333333,-71.588125,-1.29758333333333,-0.385176470588235,105.7455,-70.2842083333333,35.4654166666667,0.873333333333334,1.93891666666667,12.758375,0.873333333333334,12.765,3.1515,48.7019166666667,13.234625,-69.2262631578947,-8.55163157894737,NaN,NaN
2024-09-16 00:00:00,5711.5,13.3308333333333,11.9745833333333,40.2625,2.48645833333333,204.85,2.54029166666667,-0.011875,365.4287,144.036666666667,14.5833333333333,-81.8975,-5.58258333333333,-0.127642857142857,129.450916666667,-76.3045833333333,53.1529166666667,0.790291666666667,1.77033333333333,13.1539583333333,0.790291666666667,13.022625,3.72795833333333,62.1483333333333,9.00066666666667,-82.9213333333333,-14.9963333333333,NaN,NaN
2024-09-17 00:00:00,5735.5,13.3116666666667,9.543875,50.9616666666667,2.4955,203.8125,2.538625,-0.00854166666666667,363.636608333333,118.763583333333,13.0554583333333,-70.4801666666667,-0.494125,Inf,105.707541666667,-69.9795833333333,35.7283333333333,1.21558333333333,2.558,11.80575,1.21558333333333,12.8442083333333,3.751875,48.2995833333333,12.5585416666667,-70.9061666666667,-7.965,NaN,NaN
2024-09-18 00:00:00,5759.5,13.3229166666667,6.62545833333333,40.8583333333333,2.505625,201.295833333333,2.53554166666667,-0.00458333333333334,399.03985,228.02325,19.7247916666667,-97.4433333333333,-1.17104166666667,Inf,208.265375,-96.27375,111.987958333333,1.60283333333333,3.07933333333333,8.40804166666667,1.60283333333333,9.0285,2.293125,130.542458333333,18.5527083333333,-97.3395833333333,-1.05929166666667,NaN,NaN
2024-09-19 00:00:00,5783.5,13.3004166666667,9.15708333333333,31.9370833333333,2.492125,207.4,2.533375,-0.00208333333333333,423.686666666667,214.940208333333,22.0320833333333,-100.8625,1.139875,-0.727190476190476,192.893583333333,-102.00875,90.8841666666667,1.29158333333333,2.38033333333333,6.58045833333333,1.29158333333333,7.08120833333333,1.52170833333333,114.06875,23.1732083333333,-97.92,-5.5601,NaN,NaN
2024-09-20 00:00:00,5807.5,13.24375,12.0619166666667,26.6883333333333,2.48133333333333,206.95,2.53545833333333,-0.00679166666666667,421.829145833333,224.136958333333,22.7957916666667,-107.354166666667,1.57879166666667,Inf,201.328041666667,-108.932916666667,92.3974583333333,1.24491666666667,2.48833333333333,8.24183333333333,1.24491666666667,8.11883333333333,1.79554166666667,116.778708333333,24.3757916666667,-96.7666666666667,-15.8466666666667,NaN,NaN
2024-09-21 00:00:00,5831.5,13.2429166666667,7.60129166666667,51.10875,2.50045833333333,209.241666666667,2.53479166666667,-0.005125,417.2621,172.431291666667,18.0422916666667,-67.078625,9.68491666666667,Inf,154.380875,-76.7640833333333,77.61625,1.06029166666667,2.004875,4.358875,1.06029166666667,4.75683333333333,1.97804166666667,105.34175,27.7204166666667,-64.1995555555556,-1.34005555555555,NaN,NaN
2024-09-22 00:00:00,5855.5,13.36,4.98104166666667,74.4733333333333,2.51654166666667,193.158333333333,2.53908333333333,-0.00941666666666667,423.3021375,160.426833333333,10.2810833333333,-45.6118333333333,5.62491666666667,Inf,150.129333333333,-51.2385416666667,98.8992916666666,0.699541666666667,1.47016666666667,4.24191666666667,0.699541666666667,4.20120833333333,1.68479166666667,114.805291666667,15.90575,-83.2709090909091,-0.29409090909091,NaN,NaN
2024-09-23 00:00:00,5879.5,13.33375,7.721375,49.1045833333333,2.50254166666667,194.525,2.537625,-0.00845833333333334,421.8217875,196.112583333333,17.6724583333333,-88.885,-1.28229166666667,Inf,178.445583333333,-87.60375,90.8395833333333,1.20295833333333,2.474625,4.55441666666667,1.20295833333333,4.72620833333333,1.78808333333333,107.230416666667,16.3850833333333,-90.6986363636364,-0.15,NaN,NaN
2024-09-24 00:00:00,5903.5,13.2670833333333,9.11666666666667,43.6608333333333,2.498125,196.695833333333,2.53920833333333,-0.00920833333333334,421.808820833333,205.686083333333,20.027875,-94.9308333333333,1.400625,Inf,185.662541666667,-96.33875,89.3326666666666,1.09708333333333,2.19179166666667,5.25816666666667,1.09708333333333,5.13483333333333,1.83483333333333,110.759166666667,21.4270833333333,-88.0705555555556,-3.54677777777778,NaN,NaN
2024-09-25 00:00:00,5927.5,13.1916666666667,14.645,29.67875,2.47654166666667,195.3375,2.54191666666667,-0.011375,424.0216,208.444,20.8872083333333,-108.645833333333,-4.48195833333333,-0.01575,187.563583333333,-104.161666666667,83.397375,0.922666666666667,1.94716666666667,6.72883333333333,0.922666666666667,6.28975,1.68233333333333,99.8016666666667,16.40375,-93.15,-18.3948571428571,NaN,NaN
2024-09-26 00:00:00,5951.5,13.2370833333333,14.2641666666667,26.9370833333333,2.470625,210.8125,2.53420833333333,-0.00504166666666667,416.052904166667,203.882333333333,20.846125,-100.904583333333,-1.37845833333333,-0.201153846153846,183.0405,-99.51,83.5084166666666,1.20579166666667,2.33591666666667,8.92833333333334,1.20579166666667,9.73375,2.38583333333333,102.992708333333,19.467625,-89.028,-17.3998,NaN,NaN
2024-09-27 00:00:00,5975.5,13.2741666666667,13.6154166666667,26.3020833333333,2.47354166666667,212.6625,2.53425,-0.00154166666666667,411.045975,131.002625,13.6535833333333,-80.5166666666667,-3.20229166666667,Inf,117.34575,-77.3154166666667,40.0358333333333,0.743375,1.51191666666667,10.54175,0.743416666666667,10.1535833333333,2.92916666666667,50.4754166666667,10.4495833333333,-78.3346666666667,-14.4750666666667,NaN,NaN
2024-09-28 00:00:00,5999.5,13.2325,13.9258333333333,31.085,2.47154166666667,213.341666666667,2.53370833333333,-0.002375,411.804708333333,157.786416666667,16.68375,-96.3416666666667,-2.87033333333333,Inf,141.107166666667,-93.4741666666667,47.6304166666667,0.741541666666667,1.52908333333333,11.311,0.741541666666667,10.8700416666667,3.04433333333333,61.44125,13.8152916666667,-89.7466666666667,-16.0642666666667,NaN,NaN
2024-09-29 00:00:00,6023.5,13.2491666666667,14.5054166666667,29.0229166666667,2.46945833333333,213.333333333333,2.534,-0.00358333333333334,414.835745833333,158.046583333333,16.7941666666667,-98.5466666666667,-4.555625,Inf,141.247041666667,-93.9870833333333,47.27375,1.02491666666667,2.043875,15.1708333333333,1.02491666666667,14.8208333333333,3.399625,59.5029166666667,12.237875,-90.705625,-18.1850625,NaN,NaN
2024-09-30 00:00:00,6047.5,13.2408333333333,12.010375,28.7258333333333,2.479375,212.241666666667,2.53308333333333,-0.002875,410.356629166667,189.424416666667,19.8554166666667,-102.56,1.24920833333333,Inf,169.56375,-103.80875,65.7545833333334,1.194125,2.60225,12.9280416666667,1.194125,13.2355416666667,3.89341666666667,86.8645833333333,21.1024583333333,-95.8915789473684,-9.56989473684211,NaN,NaN
2024-10-01 00:00:00,6071.5,13.2441666666667,11.5812083333333,18.7079166666667,2.48025,214.079166666667,2.532125,-0.00279166666666667,411.798716666667,195.759333333333,21.0077083333333,-110.741666666667,-1.036,Inf,174.748291666667,-109.71875,65.0329166666667,1.47841666666667,2.76254166666667,9.73179166666667,1.47841666666667,10.615125,2.69783333333333,84.9991666666667,19.9722916666667,-110.608333333333,-0.895000000000001,250,-0.0697916666666667
2024-10-02 00:00:00,6095.5,13.2425,11.781875,18.125,2.48233333333333,205.233333333333,2.53516666666667,-0.00575,409.373029166667,193.468625,20.83175,-114.608333333333,-0.993041666666668,Inf,172.644,-113.614166666667,59.0316666666667,1.34458333333333,2.78970833333333,11.4350833333333,1.34458333333333,11.5895833333333,3.4655,78.8745833333333,19.8415833333333,-114.458333333333,-0.849958333333333,250,-0.14375
2024-10-03 00:00:00,6119.5,13.2745833333333,9.99258333333333,24.84375,2.4935,199.3,2.53854166666667,-0.00879166666666667,413.470354166667,188.909958333333,20.2745833333333,-105.778333333333,1.67204166666667,Inf,168.6345,-107.460833333333,61.1675,1.21754166666667,2.357875,10.44525,1.21754166666667,10.50525,2.79545833333333,83.1154166666666,21.94075,-105.66625,1.79108333333333,250,-0.219791666666667
2024-10-04 00:00:00,6143.5,13.2366666666667,12.5891666666667,18.2375,2.47816666666667,208.895833333333,2.534625,-0.00541666666666667,420.396529166667,187.992875,20.2858333333333,-112.191666666667,-4.17441666666667,Inf,167.704333333333,-108.00875,59.69625,1.17333333333333,2.39675,10.34825,1.17333333333333,10.223625,2.481375,75.7983333333333,16.1104166666667,-108.3,-10.1569047619048,250,-0.135416666666667
2024-10-05 00:00:00,6167.5,13.2679166666667,10.9634583333333,21.4525,2.4865,202.558333333333,2.53591666666667,-0.00520833333333334,415.278233333333,187.54525,20.21525,-109.308333333333,-1.33375,Inf,167.334916666667,-107.986666666667,59.34625,1.825625,3.45445833333333,11.832375,1.825625,12.1104166666667,4.07320833333333,78.2370833333333,18.8795833333333,-109.191666666667,-1.21095833333333,250,-0.130208333333333
2024-10-06 00:00:00,6191.5,13.29625,9.9605,29.0025,2.490125,206.033333333333,2.53475,-0.002875,415.027441666667,169.660375,18.7834166666667,-102.841666666667,-1.405625,Inf,150.876625,-101.4325,49.4454166666667,0.98025,1.83975,12.6791666666667,0.98025,12.9876666666667,3.35733333333333,66.8166666666667,17.3807916666667,-102.716666666667,-1.28254166666667,250,-0.0718750000000001
2024-10-07 00:00:00,6215.5,13.2891666666667,8.59554166666667,28.8233333333333,2.49558333333333,205.7875,2.53441666666667,-0.00354166666666667,408.19355,179.666791666667,19.4087083333333,-105.1375,-1.2075,Inf,160.25875,-103.92625,56.3325,1.19441666666667,2.22975,16.1145833333333,1.19441666666667,16.3979166666667,3.110375,74.5283333333333,18.2041666666667,-105.025,-1.09925,250,-0.0885416666666667
2024-10-08 00:00:00,6239.5,13.3170833333333,9.11020833333333,26.8583333333333,2.49295833333333,205.508333333333,2.53416666666667,-0.00320833333333334,390.559195833333,144.54925,16.0704166666667,-93.6883333333333,-3.712875,Inf,128.47625,-89.9704166666667,38.49625,1.09679166666667,2.1345,18.6008333333333,1.09679166666667,19.18,4.038125,50.8679166666667,12.3579583333333,-93.5829166666667,-3.60170833333333,250,-0.0802083333333334
2024-10-09 00:00:00,6263.5,13.2983333333333,9.01995833333333,30.3095833333333,2.49425,205.716666666667,2.535125,-0.00458333333333334,383.470329166667,127.991708333333,13.9290833333333,-87.8654166666667,-4.6015,Inf,114.067541666667,-83.2579166666666,30.805,0.988958333333333,1.82233333333333,15.458875,0.988958333333333,20.6645833333333,4.34504166666667,40.1325,9.3275,-87.7579166666667,-4.490375,250,-0.114583333333333
2024-10-10 00:00:00,6287.5,13.2820833333333,10.4655416666667,28.2204166666667,2.48883333333333,202.958333333333,2.536,-0.00641666666666667,381.944929166667,172.056291666667,17.69825,-94.1970833333334,-1.818125,Inf,154.356541666667,-92.37625,61.97875,1.06991666666667,2.20075,20.8954166666667,1.06991666666667,20.6945833333333,4.68970833333333,77.8683333333334,15.8802083333333,-94.0770833333333,-1.69491666666667,250,-0.160416666666667
2024-10-11 00:00:00,6311.5,13.3166666666667,10.43875,24.8458333333333,2.48854166666667,200.391666666667,2.53558333333333,-0.00641666666666667,381.520566666667,95.5424166666667,10.945125,-84.2458333333333,-7.685375,Inf,84.6034583333333,-76.5529166666667,8.04375,0.972083333333333,2.06633333333333,19.5345833333333,0.972083333333333,20.7045833333333,4.43675,11.31125,3.25920833333333,-84.12625,-7.57504166666667,250,-0.160416666666667
2024-10-12 00:00:00,6335.5,13.3166666666667,9.80075,28.6075,2.49179166666667,201.804166666667,2.53604166666667,-0.00533333333333334,382.286816666667,130.636666666667,13.7308333333333,-77.6695833333333,-2.60970833333333,Inf,116.896333333333,-75.06375,41.8441666666667,1.01895833333333,2.17575,18.169875,1.01895833333333,21.9920833333333,5.037625,52.9670833333333,11.1189583333333,-77.55625,-2.49395833333333,250,-0.133333333333333
2024-10-13 00:00:00,6359.5,13.29625,9.6755,29.0020833333333,2.49308333333333,203.45,2.53679166666667,-0.006375,385.657316666667,158.410333333333,16.0037083333333,-92.23,-2.25808333333333,Inf,142.409916666667,-89.9716666666667,52.4329166666666,0.830333333333333,1.69841666666667,21.654125,0.830333333333333,22.23875,4.87920833333333,66.1820833333333,13.743125,-92.1195833333333,-2.14370833333333,250,-0.159375
2024-10-14 00:00:00,6383.5,13.2745833333333,9.80570833333333,34.0654166666667,2.49283333333333,205.175,2.53716666666667,-0.006625,384.1775375,164.999375,16.791,-96.4654166666667,-3.79770833333333,Inf,148.208291666667,-92.6583333333333,55.5445833333333,1.04375,2.07495833333333,22.788375,1.04375,23.1954166666667,4.52270833333333,68.5445833333333,12.9932916666667,-96.3616666666667,-3.688125,250,-0.165625
2024-10-15 00:00:00,6407.5,13.2729166666667,8.70445833333333,40.0570416666667,2.497375,204.241666666667,2.536625,-0.00654166666666667,384.269420833333,145.78825,14.7487916666667,-90.7391666666667,-2.54270833333333,Inf,131.036458333333,-88.1995833333333,42.8445833333333,0.798125,1.61325,15.687,0.798125,16.4245833333333,5.4885,55.0558333333333,12.20925,-90.6333333333333,-2.43541666666667,250,-0.163541666666667
2024-10-16 00:00:00,6431.5,13.30375,8.354375,43.3266666666667,2.494875,207.6125,2.53275,-0.001875,386.863475,123.044625,13.262875,-79.5779166666667,-1.95770833333333,Inf,109.779166666667,-77.6266666666667,32.1569166666667,1.086125,2.35220833333333,22.53125,1.086125,21.3208333333333,5.141625,43.4639166666667,11.3050416666667,-79.5020833333333,-1.88558333333333,250,-0.046875
2024-10-17 00:00:00,6455.5,13.2966666666667,4.657375,56.5191666666667,2.51166666666667,198.633333333333,2.533,-0.00241666666666667,403.970245833333,76.9620833333333,9.17441666666666,-65.1916666666666,-2.55058333333333,-0.659315789473684,67.7877916666666,-62.6408333333333,5.14425,1.74820833333333,3.55654166666667,18.376,1.74820833333333,21.1975,5.60416666666667,11.7772916666667,6.62558333333333,-65.12875,-2.48983333333333,250,-0.0604166666666667
2024-10-18 00:00:00,6479.5,13.3841666666667,0.768458333333333,80.8441666666667,2.51116666666667,220.958333333333,2.51445833333333,-0.00554166666666667,422.828233333333,103.271041666667,32.9767916666667,-25.1249583333333,-3.90770833333333,Inf,70.2852083333333,-21.2130833333333,49.0710833333333,0.899458333333333,1.876125,6.88333333333333,0.899458333333333,7.73141666666667,3.60683333333333,78.1382083333333,29.0737083333333,-29.77705,-5.9619,250,-0.138541666666667
2024-10-19 00:00:00,6503.5,13.3416666666667,4.258625,63.3841666666667,2.526875,191.2375,2.54641666666667,-0.0162916666666667,417.797545833333,119.130208333333,8.84058333333333,-66.3005833333333,-5.77008333333333,Inf,110.285916666667,-60.5309166666667,49.7616666666667,0.787083333333333,1.45845833333333,8.88066666666667,0.787083333333333,9.33758333333333,3.5985,52.833625,3.069625,-86.166875,-7.8043125,250,-0.407291666666667
2024-10-20 00:00:00,6527.5,13.33375,6.29629166666667,52.4020833333333,2.51158333333333,196.620833333333,2.54025,-0.010125,408.5153625,118.261375,10.4096666666667,-64.4941666666667,-6.16054166666667,Inf,107.852958333333,-58.3379166666667,49.5095833333333,0.798125,1.78820833333333,11.2397083333333,0.798125,11.0134166666667,3.27141666666667,53.75875,4.24866666666667,-64.4441666666667,-6.10095833333333,250,-0.253125
2024-10-21 00:00:00,6551.5,13.0254166666667,-0.0531666666666666,88.5,2.45929166666667,236.558333333333,2.45908333333333,0.0119791666666667,425.901641666667,39.3779166666667,32.4305833333333,-21.4842916666667,-3.29220833333333,Inf,6.94691666666667,-18.1910416666667,-11.2429166666667,1.41108333333333,2.8405,6.998625,1.41108333333333,7.5825,2.28908333333333,17.8896666666667,29.135375,-1.68807692307692,-0.963230769230769,250,0.299479166666667
2024-10-22 00:00:00,6575.5,13.4083333333333,3.54333333333333,64.7875,2.507,207.995833333333,2.523125,0.00754166666666666,419.717283333333,144.9395,58.7993333333333,-83.4375,-17.8049583333333,-0.164368421052632,86.1480416666667,-65.6275,20.5170833333333,1.60666666666667,2.87316666666667,9.73629166666667,1.60666666666667,9.62158333333333,1.94629166666667,61.51375,40.9949583333333,-91.933,-19.763,250,0.188541666666667
2024-10-23 00:00:00,6599.5,13.3104166666667,6.26229166666667,39.9675,2.507875,200.325,2.53641666666667,-0.00533333333333334,416.63665,141.836333333333,16.605125,-98.9125,-18.0658333333333,Inf,125.225375,-80.8379166666667,44.3900833333333,1.30091666666667,2.49329166666667,8.40225,1.30091666666667,8.208875,1.84091666666667,42.9191666666667,-1.46079166666667,-98.8458333333333,-18.0125,250,-0.133333333333333
2024-10-24 00:00:00,6623.5,13.3904166666667,2.25291666666667,55.2216666666667,2.51520833333333,210.570833333333,2.52554166666667,0.00254166666666666,417.084891666667,81.0628333333333,31.2010416666667,-76.4861666666667,-13.618875,Inf,49.8590833333333,-62.8780833333333,-13.0176666666667,1.72558333333333,3.33816666666667,9.26691666666667,1.72558333333333,9.51520833333333,3.01058333333333,4.57,17.586125,-76.42625,-13.5555833333333,250,0.0635416666666666
2024-10-25 00:00:00,6647.5,13.3366666666667,4.445,42.1525,2.50570833333333,199.3625,2.52616666666667,0.005,423.988545833333,139.657208333333,42.574375,-102.425,-21.3479166666667,Inf,97.0814583333333,-81.0816666666667,16.0108333333333,1.408375,2.75725,8.41325,1.40841666666667,8.935,2.390375,37.2257083333333,21.2256666666667,-102.379166666667,-21.2916666666667,250,0.125
2024-10-26 00:00:00,6671.5,13.2566666666667,6.67429166666667,30.50625,2.50583333333333,208.1125,2.53616666666667,-0.00595833333333334,423.116770833333,135.30675,10.435125,-101.655416666667,-19.8704166666667,Inf,124.882791666667,-81.78625,43.090125,1.25633333333333,2.54404166666667,6.20854166666667,1.25633333333333,6.41795833333333,1.92829166666667,33.655,-9.436875,-101.60125,-19.8183333333333,250,-0.148958333333333
2024-10-27 00:00:00,6695.5,13.3158333333333,7.34070833333333,23.3854166666667,2.505,212.8625,2.53833333333333,-0.00816666666666667,423.883204166667,97.23175,8.008,-96.46875,-20.5395833333333,Inf,89.2209583333333,-75.93125,13.2904166666667,1.21870833333333,2.512875,5.59391666666667,1.21870833333333,6.238125,1.70975,0.771666666666665,-12.5330416666667,-96.40625,-20.4858333333333,250,-0.204166666666667
2024-10-28 00:00:00,6719.5,13.2354166666667,6.2095,37.2383333333333,2.509875,219.929166666667,2.53816666666667,-0.00841666666666667,422.132225,77.7453333333333,6.35870833333333,-73.23375,-13.9375,Inf,71.3886666666667,-59.2958333333333,12.0929166666667,1.51791666666667,3.07158333333333,7.671625,1.51791666666667,7.9545,2.07958333333333,4.507,-7.57929166666666,-73.17125,-13.88375,250,-0.210416666666667
2024-10-29 00:00:00,6743.5,12.9991666666667,0.202291666666667,69.6845833333333,2.3035,256.7875,2.30495833333333,0.017625,423.8120625,21.2236666666667,19.7789583333333,-20.24675,-8.7825,0.562684210526316,1.44929166666667,-11.4644166666667,-10.0155833333333,1.12854166666667,2.44191666666667,8.542,1.12854166666667,8.45720833333334,2.32020833333333,0.976000000000001,10.9925416666667,-20.1585,-8.693375,250,0.440625
2024-10-30 00:00:00,6767.5,12.57375,-6.39804166666667,87.8583333333333,2.02158333333333,298.004166666667,1.997,0.109357142857143,423.125133333333,12.5025,35.7570833333333,-0.0147083333333333,-5.472125,422.210789473684,-23.2652083333333,5.45670833333333,-17.8049583333333,0.92175,2.08775,11.0680416666667,0.92175,10.8198333333333,3.42141666666667,12.4865416666667,30.2935833333333,0.100125,-5.35666666666667,250,2.73392857142857
2024-10-31 00:00:00,6791.5,12.9325,-4.75666666666667,53.79125,2.325,236.004166666667,2.304375,0.156525432900433,427.595058333333,61.6834583333333,63.724625,-23.7813333333333,-16.9685833333333,Inf,-2.042625,-6.81133333333333,-8.85208333333333,1.51358333333333,2.9545,10.9108333333333,1.51358333333333,10.901,2.75404166666667,37.9007083333333,46.7525,-23.6909583333333,-16.8781666666667,250,3.91313582251082
2024-11-01 00:00:00,6815.5,13.4395833333333,-1.66958333333333,43.06,2.40945833333333,242.55,2.40220833333333,0.104242424242424,426.181,113.041625,64.28525,-78.48625,-24.2391666666667,Inf,48.7555833333333,-54.2466666666667,-5.48666666666667,1.451,2.70633333333333,8.30383333333333,1.451,8.78966666666667,1.937875,34.5566666666667,40.0445833333333,-78.4183333333333,-24.1745833333333,250,2.60606060606061
2024-11-02 00:00:00,6839.5,13.3791666666667,1.94783333333333,29.2179166666667,2.426125,237.575,2.43466666666667,0.0951588541666667,423.461829166667,114.882,61.8825833333333,-92.1333333333333,-33.4241666666667,Inf,53.006375,-58.7091666666667,-5.698875,1.07983333333333,2.281,6.20675,1.07983333333333,6.67554166666667,1.62879166666667,22.7541666666667,28.4565833333333,-92.0704166666667,-33.36625,250,2.37897135416667
2024-11-03 00:00:00,6863.5,13.4008333333333,-3.48991666666667,75.7966666666667,2.19029166666667,281.045833333333,2.17629166666667,0.15896875,430.765695833333,76.0345833333333,53.7273333333333,-23.5486666666667,-10.5120833333333,Inf,22.3015833333333,-13.0365,9.26666666666666,0.838375,1.76466666666667,4.52666666666667,0.838375,4.57429166666667,1.72233333333333,52.479375,43.2145416666667,-23.4569166666667,-10.4209166666667,250,3.97421875
2024-11-04 00:00:00,6887.5,13.1066666666667,-6.895,87.6120833333333,2.29991666666667,229.7625,2.27083333333333,0.233247395833333,432.618995833333,20.0389166666667,40.8358333333333,-0.190625,-6.8395,Inf,-20.7934583333333,6.64829166666667,-14.1455,0.901083333333333,1.85020833333333,5.004625,0.901083333333333,5.49229166666667,3.32091666666667,19.8525,33.9869166666667,-0.0906666666666667,-6.73983333333333,250,5.83118489583333
2024-11-05 00:00:00,6911.5,13.1891666666667,-9.133875,82.4608333333334,2.15929166666667,244.791666666667,2.12295833333333,0.242159482758621,423.791604166667,14.3024166666667,19.689625,-0.221833333333333,-4.41466666666667,0.253619047619048,-5.38833333333333,4.19341666666667,-1.194875,1.43625,2.94508333333333,10.589625,1.43625,11.3356666666667,3.53829166666667,14.0809583333333,15.2769583333333,-0.119833333333333,-4.31308333333333,250,6.05398706896552
2024-11-06 00:00:00,6935.5,12.78125,-11.3933333333333,84.8995833333333,2.15529166666667,245.45,2.110125,0.346048850574713,434.550204166667,22.0144166666667,51.8531666666667,-0.0625416666666667,-7.27404166666667,2.3065,-29.8449583333333,7.21208333333333,-22.6371666666667,1.037875,1.8285,6.07933333333333,1.037875,5.55495833333333,4.59666666666667,21.9507916666667,44.582875,0.025125,-7.187125,250,8.65122126436782
2024-11-07 00:00:00,6959.5,13.32875,-5.33345833333333,70.535,2.10908333333333,251.545833333333,2.08916666666667,0.403145833333333,436.365320833333,71.7354166666667,57.994375,-26.7532083333333,-20.6076666666667,Inf,13.744875,-6.14633333333333,7.59629166666667,0.755625,1.56283333333333,4.39525,0.755625,5.49058333333333,1.45995833333333,44.9805833333333,37.378125,-26.6759583333333,-20.5293333333333,250,10.0786458333333
2024-11-08 00:00:00,6983.5,13.3133333333333,-5.03679166666667,90.2170833333333,2.03691666666667,271.575,2.01725,0.281081439393939,434.827925,35.9438333333333,30.8037083333333,-1.28641666666667,-3.638,Inf,5.14104166666667,2.35154166666667,7.492,0.939375,1.854,4.2475,0.939375,3.57704166666667,2.56058333333333,34.6584583333333,27.1660833333333,-1.18429166666667,-3.53554166666667,250,7.02703598484849
2024-11-09 00:00:00,7007.5,12.9191666666667,-4.725,86.8854166666667,1.93366666666667,281.279166666667,1.91716666666667,0.318397727272727,433.965608333333,39.9785833333333,36.868875,-0.548916666666667,-5.98870833333333,Inf,3.10920833333333,5.43941666666667,8.5495,1.10054166666667,2.38233333333333,4.842125,1.10054166666667,4.68104166666667,1.92558333333333,39.42825,30.8849166666667,-0.439416666666667,-5.8795,250,7.95994318181818
2024-11-10 00:00:00,7031.5,13.2504166666667,-0.377416666666667,52.81375,2.19279166666667,229.929166666667,2.19129166666667,0.322375,432.038504166667,106.692208333333,59.8814166666667,-60.0102083333333,-30.6029166666667,Inf,46.8053333333333,-29.40375,17.3979166666667,0.93925,2.05933333333333,3.527875,0.93925,3.57508333333333,1.38383333333333,46.6735833333333,29.2791666666667,-44.7426842105263,-26.5752631578947,250,8.059375
2024-11-11 00:00:00,7055.5,13.3245833333333,2.50941666666667,27.18375,2.219625,206.279166666667,2.22966666666667,0.300416666666667,430.746345833333,106.701625,57.2275833333333,-100.220833333333,-41.00625,Inf,49.4794166666667,-59.2104166666667,-9.73583333333333,0.849041666666666,1.72279166666667,3.33670833333333,0.849041666666666,3.49175,0.742291666666667,6.48625000000001,16.213125,-92.3111111111111,-37.1316666666667,239,7.17995833333333
2024-11-12 00:00:00,7079.5,13.2029166666667,-1.47208333333333,56.3770833333333,2.17545833333333,220.041666666667,2.17008333333333,0.325083333333333,426.733420833333,76.2259166666667,44.551,-58.11725,-23.463875,Inf,31.668,-34.6668333333333,-2.99716666666667,1.44445833333333,2.77270833333333,5.19445833333333,1.44445833333333,5.28054166666667,1.375,18.0842916666667,21.086375,-58.064375,-23.3892916666667,238,7.73698333333333
2024-11-13 00:00:00,7103.5,13.2879166666667,-5.80858333333333,61.29875,2.01545833333333,232.658333333333,1.99441666666667,0.424510416666667,428.547258333333,109.087,60.2921666666667,-67.4479166666667,-19.199,Inf,48.7990416666667,-48.2525,0.544958333333336,1.628125,3.108125,8.14925,1.628125,8.90041666666667,3.20295833333333,41.6429166666667,41.0949583333333,-67.37325,-19.1195416666667,209,8.87226770833333
2024-11-14 00:00:00,3563.5,13.36,0.665416666666667,25.2579166666667,2.1425,204.533333333333,2.14508333333333,0.385125,413.795407916667,100.729541666667,55.7008333333333,-104.579166666667,-40.9770833333333,Inf,45.0275,-63.605,-18.57625,1.1255,2.12004166666667,6.18766666666667,1.1255,6.43058333333333,1.34370833333333,-3.855,14.7220833333333,-104.533333333333,-40.9204166666667,186,7.163325
2024-11-15 00:00:00,23.5,13.335,3.285625,19.5925,2.16225,230.333333333333,2.17516666666667,0.353875,424.630829166667,102.592291666667,55.9759583333333,-91.63875,-40.6845833333333,Inf,46.615625,-50.9504166666667,-4.33625,0.96475,2.16070833333333,4.84704166666667,0.96475,4.73204166666667,1.021,10.9491666666667,15.28925,-91.5779166666666,-40.6295833333333,199,7.0421125
2024-11-16 00:00:00,47.5,13.3608333333333,-6.49379166666667,61.2383333333333,2.01020833333333,245.225,1.98691666666667,0.340020833333333,432.184583333333,45.2664583333333,32.8033333333333,-58.54125,-18.0350416666667,Inf,12.470875,-40.5045,-28.033875,1.24704166666667,2.61441666666667,7.59258333333333,1.24704166666667,8.08645833333333,1.9135,-13.27,14.773875,-58.4641666666667,-17.9622916666667,232,7.88848333333333
2024-11-17 00:00:00,71.5,13.395,-6.617875,53.5720833333333,2.17316666666667,234.166666666667,2.14683333333333,0.335458333333333,430.429125,98.9886666666666,52.079125,-90.195,-24.9049583333333,Inf,46.900875,-65.2904166666667,-18.389375,1.29579166666667,2.65058333333333,6.37491666666667,1.29579166666667,6.946,2.10441666666667,8.79,27.1780416666667,-90.1304166666667,-24.8392916666667,231,7.7490875
2024-11-18 00:00:00,95.5,13.36875,-6.110375,64.4454166666667,2.13391666666667,231.3875,2.11033333333333,0.337754901960784,416.7817625,57.283125,39.058875,-43.9859583333333,-13.136,Inf,18.2168333333333,-30.8500833333333,-12.627375,1.73283333333333,3.42529166666667,11.5482083333333,1.73283333333333,10.5855,3.96475,13.297375,25.923125,-43.915125,-13.06475,238,8.03856666666666
2024-11-19 00:00:00,119.5,13.2945833333333,-14.5716666666667,77.5458333333333,2.18045833333333,212.875,2.1215,0.375870098039216,421.883470833333,31.7440416666667,25.5992083333333,-21.699375,-4.20779166666667,Inf,6.14025,-17.4907916666667,-11.35125,1.76583333333333,3.78104166666667,24.2775,1.76583333333333,25.5920833333333,7.43208333333333,10.0387083333333,21.3932916666667,-21.629625,-4.13454166666667,268,10.073318627451
2024-11-20 00:00:00,143.5,13.4129166666667,-8.54895833333333,40.5008333333333,2.189875,206.366666666667,2.15529166666667,0.374583333333333,416.933795833333,94.374375,50.2934166666667,-88.6833333333333,-22.5979166666667,Inf,44.0715416666667,-66.0866666666667,-22.0091666666667,2.31075,3.796625,16.34625,2.31075,17.3266666666667,3.77554166666667,5.69458333333334,27.6984166666667,-88.6083333333333,-22.5304166666667,267,10.001375
2024-11-21 00:00:00,167.5,13.3375,0.271875,22.6208333333333,2.118375,227.154166666667,2.11920833333333,0.363784722222222,420.447625,93.7405416666667,49.752875,-94.1708333333333,-34.735,Inf,43.990375,-59.4283333333333,-15.4379166666667,1.50220833333333,2.71191666666667,5.906,1.50220833333333,6.27575,1.24345833333333,-0.418333333333332,15.0177083333333,-94.0995833333333,-34.67625,237,8.62169791666667
2024-11-22 00:00:00,191.5,13.34375,2.71820833333333,14.2420833333333,2.17629166666667,214.325,2.18704166666667,0.339729166666667,421.087454166667,95.4872083333334,51.5634583333333,-95.6533333333334,-40.8816666666667,Inf,43.921375,-54.775,-10.8541666666667,1.06458333333333,2.09775,5.45570833333333,1.06458333333333,5.76508333333333,1.30141666666667,-0.177875000000003,10.6820833333333,-95.5945833333333,-40.8270833333333,218,7.40609583333333
2024-11-23 00:00:00,215.5,13.3320833333333,3.63929166666667,12.7472916666667,2.18558333333333,206.7375,2.20008333333333,0.329958333333333,416.989754166667,74.4789166666666,45.7140833333333,-85.5791666666667,-36.8470833333333,Inf,28.7588333333333,-48.7404166666667,-19.9783333333333,1.67508333333333,3.17920833333333,6.37733333333333,1.67508333333333,7.07195833333333,1.84775,-11.10725,8.86458333333333,-85.5358333333333,-36.78875,256,8.44693333333333
2024-11-24 00:00:00,239.5,13.2041666666667,-3.74245833333333,64.7033333333333,1.93816666666667,265.070833333333,1.92675,0.338798333333333,417.5806,26.136875,19.6680833333333,-13.6606666666667,-8.937,Inf,6.470625,-4.72345833333333,1.74804166666667,1.15445833333333,2.54995833333333,5.988125,1.15445833333333,6.80058333333333,2.172625,12.48025,10.7302083333333,-13.5895833333333,-8.86654166666667,271,9.18143483333333
2024-11-25 00:00:00,263.5,13.3254166666667,-9.07858333333333,55.5616666666667,2.09329166666667,245.8,2.0585,0.380868333333333,416.158058333333,58.67625,47.407,-46.6095833333333,-28.90875,Inf,11.2636666666667,-17.7066666666667,-6.442375,1.145125,2.18316666666667,11.346,1.145125,12.026625,3.20683333333333,12.0615833333333,18.4966666666667,-46.5533333333333,-28.8370833333333,240,9.14084
2024-11-26 00:00:00,287.5,13.1870833333333,-5.15741666666667,86.0670833333333,1.987125,253.808333333333,1.96816666666667,0.442695035460993,418.1915,17.5710416666667,14.3814166666667,-4.749375,-2.44145833333333,Inf,3.18891666666667,-2.30766666666667,0.881583333333333,1.33508333333333,2.710875,10.684125,1.33508333333333,11.1579166666667,3.0705,12.8222083333333,11.9402916666667,-4.64629166666667,-2.33933333333333,227,10.0491773049645
2024-11-27 00:00:00,311.5,12.6745833333333,-9.35483333333333,84.22,1.34925,327.970833333333,1.32558333333333,0.596925531914894,414.817283333333,17.5399583333333,40.4204166666667,-16.4037916666667,-8.32075,NaN,-22.8816666666667,-8.084625,-30.9670416666667,1.066,2.374375,9.98608333333333,1.066,10.2012916666667,4.33633333333333,1.13516666666667,32.100625,-16.3050833333333,-8.21866666666667,171,10.2074265957447
2024-11-28 00:00:00,335.5,13.2170833333333,-12.08,66.535,1.88054166666667,217.641666666667,1.83854166666667,0.686837765957447,420.972520833333,44.3147916666667,45.8770416666667,-91.2691666666667,-22.4045833333333,0.489375,-1.566125,-68.8570833333333,-70.4270833333333,1.54033333333333,2.90758333333333,11.8248333333333,1.54033333333333,12.95875,4.52704166666667,-46.9541666666667,23.4738333333333,-91.1870833333333,-22.325,155,10.6459853723404
2024-11-29 00:00:00,359.5,13.4508333333333,-9.284625,50.9266666666667,1.91908333333333,196.108333333333,1.886125,0.643875,415.105108333333,71.412875,40.901,-90.3595833333333,-25.7779166666667,Inf,30.5165833333333,-64.5854166666667,-34.0625,1.5935,2.85283333333333,25.8920833333333,1.5935,42.23375,8.223125,-18.93825,15.11425,-90.30625,-25.7091666666667,189,12.1692375
2024-11-30 00:00:00,383.5,13.3933333333333,-7.36091666666667,38.4179166666667,1.94433333333333,195.558333333333,1.91775,0.61225,408.687058333333,69.1366666666667,39.288125,-73.0054166666667,-21.5591666666667,Inf,29.8592916666667,-51.4428333333333,-21.5877083333333,2.078875,3.601875,13.186,2.078875,13.9420833333333,2.81179166666667,-3.85183333333334,17.7280833333333,-72.9295833333333,-21.4920833333333,188,11.5103
2024-12-01 00:00:00,407.5,13.35125,-5.01108333333333,38.0383333333333,1.965375,188.7125,1.94729166666667,0.582708333333333,393.9823125,79.8453333333333,41.5864166666667,-89.71875,-28.1629166666667,Inf,38.25975,-61.5504166666667,-23.281875,1.42429166666667,2.64195833333333,9.22641666666666,1.42429166666667,9.891375,3.16933333333333,-9.86958333333333,13.4179166666667,-89.6420833333333,-28.1004166666667,196,11.4210833333333
2024-12-02 00:00:00,431.5,13.31375,-2.28816666666667,54.84625,1.97316666666667,181.141666666667,1.964875,0.565208333333333,407.448379166667,77.05725,39.7292083333333,-91.84625,-29.8679166666667,Inf,37.3225,-61.9783333333333,-24.650625,1.14608333333333,2.18541666666667,5.450875,1.14608333333333,6.30891666666667,2.071,-14.792625,9.86458333333333,-91.78,-29.7966666666667,206,11.6432916666667
2024-12-03 00:00:00,455.5,13.3075,-0.224916666666667,36.5758333333333,1.981,192.866666666667,1.98016666666667,0.550125,426.5519375,76.5653333333333,40.6325,-99.2791666666667,-36.7270833333333,Inf,35.93525,-62.5545833333333,-26.6184166666667,0.902958333333333,1.83641666666667,4.22416666666667,0.902958333333333,4.45054166666667,1.51916666666667,-22.7083333333333,3.9075,-99.2083333333333,-36.6591666666667,229,12.5978625
2024-12-04 00:00:00,479.5,13.2970833333333,-0.785333333333333,35.4354166666667,1.99308333333333,206.1625,1.99020833333333,0.539625,423.028941666667,76.3184166666667,38.3132916666667,-95.0291666666667,-36.0375,Inf,38.0086666666667,-58.9883333333333,-20.9779166666667,0.905791666666667,1.83933333333333,4.42966666666667,0.905791666666667,5.06120833333333,1.71258333333333,-18.7133333333333,2.27416666666667,-94.9625,-35.97,215,11.6019375
2024-12-05 00:00:00,503.5,13.2983333333333,-1.15075,29.88125,2.00395833333333,201.975,1.99970833333333,0.530333333333333,428.602108333333,75.9044166666667,37.3084583333333,-94.80625,-38.4370833333333,Inf,38.5991666666667,-56.3720833333333,-17.7692916666667,0.854791666666667,1.74195833333333,4.460625,0.854791666666667,4.80958333333333,1.37441666666667,-18.9116666666667,-1.13029166666667,-94.74625,-38.3704166666667,241,12.7810333333333
2024-12-06 00:00:00,527.5,13.28875,-1.36179166666667,32.975,2.01175,198.654166666667,2.00679166666667,0.523875,426.245391666667,75.0182083333333,36.5490416666667,-98.4583333333333,-39.2704166666667,0.676636363636364,38.46925,-59.1916666666667,-20.7189583333333,0.984541666666667,1.73258333333333,4.59316666666667,0.984541666666667,4.77491666666667,1.02495833333333,-23.449625,-2.71691666666667,-98.3916666666667,-39.2029166666667,249,13.0444875
2024-12-07 00:00:00,551.5,13.3441666666667,-1.38233333333333,29.60125,2.01533333333333,205.1625,2.01025,0.519916666666667,424.6928625,69.0034166666667,41.83475,-92.4708333333333,-32.5291666666667,Inf,27.1697916666667,-59.9395833333333,-32.7724583333333,1.31016666666667,2.48595833333333,4.36345833333333,1.31016666666667,4.76595833333333,1.51708333333333,-23.465,9.30583333333334,-92.4125,-32.4691666666667,238,12.3740166666667
2024-12-08 00:00:00,575.5,13.2829166666667,-2.60704166666667,51.4775,1.98770833333333,221.65,1.97854166666667,0.516842619047619,423.279125,70.6894583333333,35.2997916666667,-76.96525,-22.08575,Inf,35.3802083333333,-54.877875,-19.4995833333333,1.91420833333333,3.36245833333333,8.00954166666667,1.91420833333333,8.65858333333333,1.93858333333333,-6.27366666666666,13.2198333333333,-76.9002083333333,-22.0191666666667,211,10.9053792619048
2024-12-09 00:00:00,599.5,13.3516666666667,-12.5733333333333,74.4475,1.67770833333333,286.808333333333,1.63854166666667,0.577168571428571,423.684095833333,59.224125,42.643875,-18.8636666666667,-9.36475,Inf,16.58675,-9.49958333333333,7.087375,1.12229166666667,2.46320833333333,12.6234166666667,1.12229166666667,12.86375,3.48575,40.3584583333333,33.27275,-18.7873333333333,-9.28745833333334,227,13.1017265714286
2024-12-10 00:00:00,623.5,13.3325,-14.5595833333333,81.01125,1.88679166666667,224.804166666667,1.83579166666667,0.641605476190476,416.535983333333,56.056375,39.7692916666667,-16.48525,-5.09604166666667,Inf,16.29475,-11.38875,4.90433333333333,2.21441666666667,3.989875,18.7889166666667,2.21441666666667,19.4708333333333,6.27983333333333,39.5795,34.6642916666667,-16.4177083333333,-5.02866666666667,256,16.4251001904762
2024-12-11 00:00:00,647.5,13.35375,-8.57704166666667,59.3670833333333,1.93104166666667,194.841666666667,1.90041666666667,0.629333333333333,423.079716666667,62.2737916666667,35.9255,-69.3358333333334,-16.805,Inf,26.352875,-52.5308333333333,-26.1754166666667,2.07204166666667,3.61075,12.983625,2.07204166666667,13.4816666666667,3.53483333333333,-7.05666666666667,19.1143333333333,-69.25625,-16.7308333333333,249,15.6704
2024-12-12 00:00:00,671.5,13.3570833333333,-3.1825,24.2304166666667,1.93370833333333,190.325,1.92233333333333,0.607708333333333,425.2876875,72.2759583333333,36.5154583333333,-93.32125,-35.6529166666667,Inf,35.755,-57.6733333333333,-21.9190416666667,1.34320833333333,2.551625,9.63525,1.34320833333333,9.350125,1.79929166666667,-21.0491666666667,0.869083333333336,-93.2616666666667,-35.5875,225,13.6734375
2024-12-13 00:00:00,695.5,13.3529166666667,-6.38520833333333,51.5441666666667,1.95508333333333,200.258333333333,1.93208333333333,0.59525,424.633770833333,44.452875,30.35675,-57.85875,-19.023875,Inf,14.0920416666667,-38.8316666666667,-24.7414583333333,1.81029166666667,3.14008333333333,9.13354166666667,1.81029166666667,9.887,2.18145833333333,-13.3983333333333,11.3409583333333,-57.785,-18.9531666666667,212,12.6193
2024-12-14 00:00:00,719.5,13.34125,-4.3705,60.4304166666667,1.961375,202.3,1.9455,0.584666666666667,422.571925,71.90825,38.585375,-62.9075,-17.9344166666667,Inf,33.318375,-44.973125,-11.6503333333333,1.92595833333333,3.58025,10.7158333333333,1.92595833333333,11.3462916666667,3.32304166666667,9.00208333333333,20.6457083333333,-62.8354166666667,-17.8625833333333,246,14.3828
2024-12-15 00:00:00,743.5,13.1508333333333,-6.60741666666667,72.9816666666667,1.979125,215.6,1.95508333333333,0.567041666666667,425.303041666667,16.2712083333333,12.9631666666667,-15.116875,-4.81704166666667,Inf,3.308125,-10.3000416666667,-6.991,2.47454166666667,4.45525,8.88358333333333,2.47454166666667,9.51858333333333,2.61054166666667,1.15429166666667,8.14683333333333,-15.0267083333333,-4.727625,245,13.8925208333333
2024-12-16 00:00:00,767.5,13.34875,-4.5895,39.3566666666667,1.99541666666667,199.15,1.97858333333333,0.551416666666667,427.0104125,52.2025,32.2495416666667,-57.0950416666667,-18.3974166666667,Inf,19.956875,-38.7014583333333,-18.7449166666667,2.06416666666667,3.50179166666667,11.5777083333333,2.06416666666667,13.2875,2.70845833333333,-4.892875,13.8548333333333,-57.0355,-18.3308333333333,283,15.6050916666667
2024-12-17 00:00:00,791.5,12.9370833333333,-6.02429166666667,77.55875,1.92716666666667,231.745833333333,1.90583333333333,0.578142361111111,426.2430125,9.02908333333333,7.55129166666666,-12.0722083333333,-4.881,-Inf,1.47816666666667,-7.19183333333333,-5.71295833333333,1.96441666666667,3.901875,9.98129166666667,1.96441666666667,9.99479166666667,2.714375,-3.04354166666667,2.67075,-11.9735,-4.78158333333333,255,14.7426302083333
2024-12-18 00:00:00,815.5,13.3645833333333,-4.72866666666667,62.775,1.94108333333333,217,1.92433333333333,0.585472222222222,426.231166666667,50.4059583333333,34.6307916666667,-67.07375,-17.20375,Inf,15.771625,-49.87,-34.09625,1.785125,3.41295833333333,11.6743333333333,1.785125,11.0121666666667,3.18408333333333,-16.6709583333333,17.4287916666667,-66.9966666666667,-17.1241666666667,240,14.0513333333333
2024-12-19 00:00:00,839.5,13.33375,-2.62391666666667,31.1525,1.96216666666667,216.4625,1.95279166666667,0.575,425.347470833333,68.4839166666667,34.4650833333333,-94.3291666666667,-31.11125,Inf,34.0205416666667,-63.21375,-29.193875,1.60808333333333,3.15916666666667,8.15808333333333,1.60808333333333,8.17970833333333,2.15333333333333,-25.8404166666667,3.35579166666667,-94.2616666666667,-31.0445833333333,214,12.305
2024-12-20 00:00:00,863.5,13.31625,-0.38025,17.6454166666667,1.96345833333333,213.3625,1.962,0.568,428.571579166667,68.372625,35.2284583333333,-97.9375,-37.5833333333333,0.0645714285714286,33.1488333333333,-60.3608333333333,-27.2189166666667,1.37941666666667,2.62145833333333,6.470875,1.37941666666667,6.462625,1.61325,-29.561625,-2.36066666666667,-97.8916666666667,-37.5183333333333,242,13.7456
2024-12-21 00:00:00,887.5,13.2808333333333,0.892291666666667,23.0441666666667,1.97045833333333,208.920833333333,1.97354166666667,0.557041666666667,428.250391666667,71.8494166666667,35.6724583333333,-98.6208333333333,-38.5670833333333,Inf,36.1851666666667,-60.05125,-23.8695833333333,1.1905,2.38545833333333,6.17991666666667,1.1905,6.14304166666667,2.04725,-26.7608333333333,-2.89208333333333,-98.55,-38.5054166666667,243,13.5361125
2024-12-22 00:00:00,911.5,13.3041666666667,-0.36075,40.1070833333333,1.98791666666667,212.975,1.98666666666667,0.5432578125,425.481258333333,53.3851666666667,32.6894166666667,-78.9908333333333,-25.3754166666667,-400.13905,20.6866666666667,-53.62375,-32.9333333333333,1.89716666666667,3.40004166666667,9.76991666666667,1.89716666666667,10.0217083333333,2.04445833333333,-25.61875,7.31775,-78.9454166666667,-25.315,230,12.4949296875
2024-12-23 00:00:00,935.5,13.3504166666667,-3.30675,79.5329166666667,1.95720833333333,228.9,1.94525,0.559405381944445,425.442683333333,43.6656666666667,32.087125,-22.1597083333333,-6.48520833333333,Inf,11.575125,-15.6752916666667,-4.09941666666667,1.5945,3.02791666666667,9.43425,1.5945,10.2384583333333,2.95516666666667,21.5055416666667,25.6035833333333,-22.0742083333333,-6.39854166666667,231,12.9222643229167
2024-12-24 00:00:00,959.5,13.4166666666667,-3.48908333333333,60.6733333333334,1.9585,274.9,1.94591666666667,0.581670138888889,427.197983333333,74.2095833333333,39.3162916666667,-58.1621666666667,-19.7335,Inf,34.8910833333333,-38.4246666666667,-3.525875,0.890791666666666,2.0775,7.23045833333333,0.890791666666666,7.16079166666667,2.488,16.0545,19.58025,-58.0725,-19.6435416666667,227,13.2039121527778
2024-12-25 00:00:00,983.5,13.28875,-2.75233333333333,65.4804166666667,1.40470833333333,299.154166666667,1.39666666666667,0.603170454545455,428.418129166667,52.5210833333333,34.7383333333333,-20.8442916666667,-13.5557916666667,Inf,17.7824583333333,-7.28808333333333,10.4954583333333,1.03804166666667,2.24533333333333,6.618125,1.03804166666667,7.07179166666667,1.86416666666667,31.680375,21.1847083333333,-20.7599166666667,-13.472625,228,13.7522863636364
2024-12-26 00:00:00,1007.5,13.3625,-6.01808333333333,83.2204166666667,1.87529166666667,252.091666666667,1.85475,0.648517045454546,428.1159625,41.37975,31.2185,-9.74179166666667,-4.43529166666667,0.39366666666668,10.1629166666667,-5.3065,4.85741666666667,1.73495833333333,3.20033333333333,7.81570833333333,1.73495833333333,8.49158333333334,2.660125,31.639375,26.7747083333333,-9.64570833333333,-4.33970833333333,243,15.7589642045455
2024-12-27 00:00:00,1031.5,13.3495833333333,-8.10725,79.1816666666667,1.84395833333333,237.504166666667,1.816375,0.6835625,426.2372875,62.3275833333333,38.1165,-28.8302083333333,-7.80520833333333,Inf,24.204375,-21.02725,3.18008333333333,1.81295833333333,3.55841666666667,14.7316666666667,1.81295833333333,15.01625,3.96404166666667,33.4879583333333,30.3103333333333,-28.7386666666667,-7.71145833333334,235,16.06371875
2024-12-28 00:00:00,1055.5,13.2820833333333,-5.95395833333334,84.7783333333333,1.77666666666667,250.3,1.75695833333333,0.698927083333333,429.328458333333,27.7690833333333,22.0609166666667,-20.5377083333333,-4.08025,Inf,5.71070833333333,-16.4579583333333,-10.7470833333333,2.444375,4.15045833333333,13.4561666666667,2.444375,12.9495833333333,3.11458333333333,7.23575,17.9806666666667,-20.4351666666667,-3.977,240,16.77425
2024-12-29 00:00:00,1079.5,13.1854166666667,-2.42404166666667,78.3554166666667,1.66916666666667,258.091666666667,1.662,0.772809895833333,434.455025,35.6084583333333,26.6447916666667,-17.294375,-6.71745833333333,Inf,8.96208333333333,-10.5785833333333,-1.61579166666667,1.83020833333333,3.54495833333333,8.00254166666667,1.83020833333333,8.22195833333334,1.955375,18.3124166666667,19.9255833333333,-18.8199047619048,-7.12009523809524,224,17.3109416666667
2024-12-30 00:00:00,1103.5,13.4020833333333,-10.0435,83.2383333333333,1.52383333333333,267.245833333333,1.49654166666667,0.822937094907408,429.3135375,27.1692083333333,21.541625,-10.078625,-2.87179166666667,0.348214285714286,5.62708333333333,-7.20654166666667,-1.57916666666667,2.14516666666667,4.322375,14.5098333333333,2.14516666666667,16.1915833333333,5.09941666666667,17.0896666666667,18.6704583333333,-9.97920833333333,-2.77166666666667,220,18.104616087963
2024-12-31 00:00:00,1127.5,13.1491666666667,-14.52375,74.08375,1.01920833333333,264.474166666667,0.991666666666667,0.827066666666667,417.0206875,46.9313333333333,36.0017916666667,-0.797333333333333,-13.91575,Inf,10.932,13.1174166666667,24.0484583333333,1.201375,2.450875,23.565,1.201375,24.21125,5.515875,46.1287916666667,22.0819166666667,-0.718541666666667,-13.8362916666667,234,19.35336
2025-01-01 00:00:00,1151.5,12.9683333333333,-12.71625,65.075,1.64004166666667,260.170833333333,1.60079166666667,0.845643187830688,429.811025,33.9507916666667,26.843875,-9.956375,-10.8386666666667,Inf,7.10454166666667,0.881958333333334,7.987125,1.82241666666667,3.40425,19.260875,1.82241666666667,19.2658333333333,4.47004166666667,23.9909166666667,16.0107916666667,-9.87879166666667,-10.75975,253,21.3947726521164
2025-01-02 00:00:00,1175.5,13.155,-7.138375,83.2470833333333,1.438,271.8375,1.41929166666667,0.970720238095238,430.671041666667,18.576125,15.5504166666667,-15.9871666666667,-4.03833333333333,NaN,3.02745833333333,-11.9496666666667,-8.92133333333333,2.56004166666667,4.48645833333333,6.76604166666667,2.56004166666667,7.572875,1.9935,2.59016666666666,11.5127083333333,-15.8776666666667,-3.92845833333333,227,22.0353494047619
2025-01-03 00:00:00,1199.5,13.3191666666667,-1.57641666666667,50.5916666666666,1.625875,225.629166666667,1.621,0.905333333333333,434.048066666667,65.285125,38.8404583333333,-84.5004166666667,-25.54,Inf,26.4467083333333,-58.9504166666667,-32.5066666666667,1.81908333333333,3.09945833333333,4.26291666666667,1.81908333333333,4.090125,0.880791666666667,-19.2033333333333,13.2974583333333,-84.4229166666667,-25.4679166666667,214,19.3741333333333
2025-01-04 00:00:00,1223.5,13.2416666666667,-3.06620833333333,55.975,1.50670833333333,261.9875,1.49925,0.905359848484849,432.161083333333,50.3902083333334,32.1232916666667,-50.6832916666667,-19.652375,Inf,18.2715416666667,-31.026375,-12.75775,1.46808333333333,2.93391666666667,4.01729166666667,1.46808333333333,4.07025,1.13541666666667,-0.289958333333332,12.4672916666667,-50.5925,-19.5742083333333,215,19.4652367424242
2025-01-05 00:00:00,1247.5,12.745,-10.8954166666667,87.4708333333333,1.07833333333333,315.6125,1.05654166666667,0.979596590909091,430.003220833333,40.8567083333333,40.491125,-7.73541666666667,-4.71879166666667,NaN,0.364833333333333,-3.01645833333333,-2.65158333333333,1.55633333333333,3.05933333333333,6.87779166666667,1.55633333333333,7.077125,2.68954166666667,33.122875,35.7705416666667,-7.63375,-4.6165,191,18.7102948863636
2025-01-06 00:00:00,1271.5,12.6908333333333,-9.86029166666667,87.0475,0.954166666666667,329.445833333333,0.936583333333333,1.05841477272727,430.933958333333,41.2520833333333,43.701375,-5.24291666666667,-9.99445833333333,NaN,-2.45520833333333,4.752,2.29729166666667,0.975708333333334,1.99554166666667,8.3135,0.975708333333334,8.2415,2.0305,36.0078333333333,33.7119583333333,-5.13779166666666,-9.88925,184,19.4748318181818
2025-01-07 00:00:00,1295.5,12.6708333333333,-14.2841666666667,75.00125,1.36016666666667,275.270833333333,1.323875,1.13723295454545,429.079741666667,26.2175416666667,40.98625,0.142958333333333,-20.95125,Inf,-14.7701666666667,21.0932083333333,6.32379166666667,0.455375,1.01479166666667,8.645375,0.455375,9.19408333333333,2.201625,26.3580833333333,20.0369583333333,0.219916666666667,-20.873,213,24.2230619318182
2025-01-08 00:00:00,1319.5,12.7875,-12.076125,46.27,1.36454166666667,252.4625,1.33420833333333,1.18436770833333,429.296420833333,64.470125,42.7062083333333,-30.1357916666667,-25.3528333333333,Inf,21.758875,-4.786625,16.975125,1.22579166666667,2.34995833333333,8.57720833333334,1.22579166666667,9.79791666666667,3.49191666666667,34.32525,17.3533333333333,-30.0709166666667,-25.2907083333333,234,27.714204375
2025-01-09 00:00:00,1343.5,12.705,-14.3683333333333,81.5983333333333,0.9225,239.332083333333,0.898708333333333,1.1971125,425.510704166667,44.1252916666667,36.0455833333333,-0.473791666666667,-7.33770833333333,0.4785625,8.07516666666667,6.86383333333333,14.9385833333333,1.37245833333333,2.51725,8.57970833333333,1.37245833333333,9.580125,6.36683333333333,43.65075,28.709,-0.397333333333333,-7.260875,214,25.6182075
2025-01-10 00:00:00,1367.5,12.775,-13.0589166666667,67.2170833333333,0.942666666666667,203.582083333333,0.922916666666667,1.2097125,431.689179166667,50.157,41.1629583333333,-25.4025416666667,-14.500375,NaN,8.99704166666667,-10.9015,-1.90404166666667,1.656,3.210625,10.687125,1.656,11.9135833333333,3.67270833333333,24.759375,26.6661666666667,-25.3295833333333,-14.4265,240,29.0331
2025-01-11 00:00:00,1391.5,12.5879166666667,-10.6123333333333,83.93625,0.914791666666666,295.808333333333,0.897958333333333,1.2223125,431.828941666667,29.1267083333333,27.7470833333333,-0.789625,-3.97229166666667,Inf,1.37658333333333,3.18275,4.55945833333333,1.48025,2.99629166666667,10.9172083333333,1.48025,11.496,2.970875,28.3390833333333,23.7799166666667,-0.689041666666667,-3.87195833333333,231,28.23541875
2025-01-12 00:00:00,1415.5,12.6179166666667,-13.77125,76.355,0.764416666666667,232.0175,0.7445,1.2349125,422.3770125,17.6083333333333,45.2779583333333,-0.228416666666667,-14.946125,0.750652173913043,-27.67025,14.7182916666667,-12.9545,0.910666666666666,1.94345833333333,16.4880833333333,0.910666666666666,17.0995833333333,4.43770833333333,17.3795833333333,30.3355833333333,-0.15025,-14.8687916666667,220,27.168075
2025-01-13 00:00:00,1439.5,12.6779166666667,-15.5145833333333,72.5058333333333,1.34583333333333,251.1125,1.307,1.18189479166667,421.644258333333,35.6572916666667,53.2441666666667,-28.1451666666667,-20.2429166666667,0.361913043478261,-17.6022083333333,-7.90391666666667,-25.5039166666667,1.26125,2.5375,16.7458333333333,1.26125,17.0791666666667,4.67291666666667,7.51308333333334,33.0120416666667,-28.0768333333333,-20.1754166666667,231,27.3017696875
2025-01-14 00:00:00,1463.5,13.17375,-15.1033333333333,73.6620833333333,1.43216666666667,241.404166666667,1.39191666666667,1.11302604166667,389.600883333333,53.4049583333333,45.1922083333333,-24.7320833333333,-12.157,Inf,8.21504166666667,-12.5756666666667,-4.36275,1.22766666666667,2.500125,118.8625,1.22766666666667,137.19375,41.4115833333333,28.6776666666667,33.0385,-24.6610416666667,-12.0858333333333,242,26.9352302083333
2025-01-15 00:00:00,1487.5,13.27125,-8.009625,61.83125,1.434,258.691666666667,1.41308333333333,1.09053645833333,349.2512125,86.7072916666667,46.7311666666667,-45.2039166666667,-22.8507083333333,0.2334375,39.9647083333333,-22.3510416666667,17.6167916666667,1.32116666666667,2.49370833333333,200.58125,1.32116666666667,185.937083333333,46.6775,41.4979166666667,23.8847916666667,-45.1347083333333,-22.7770833333333,246,26.827196875
2025-01-16 00:00:00,1511.5,13.3404166666667,-2.03620833333333,43.6875,1.469,224.720833333333,1.46345833333333,1.06654166666667,350.1118625,87.7717916666667,47.0325416666667,-95.5,-30.7654166666667,Inf,40.741375,-64.7304166666667,-23.995,1.495875,2.7465,208.7375,1.495875,217.683333333333,50.21,-7.72458333333333,16.2684166666667,-95.4291666666667,-30.6979166666667,232,24.7437666666667
2025-01-17 00:00:00,1535.5,13.3583333333333,-8.239375,56.82375,1.43316666666667,241.25,1.41208333333333,1.05532291666667,345.36265,36.89425,28.83725,-43.9540416666667,-13.5914583333333,Inf,8.05829166666667,-30.3585833333333,-22.2994166666667,1.7785,3.211375,200.049708333333,1.7785,209.9275,48.2983333333333,-7.05229166666667,15.246875,-43.8725,-13.5178333333333,243,25.644346875
2025-01-18 00:00:00,1559.5,12.7325,-20.09375,76.7204166666667,0.597208333333333,198.969166666667,0.575333333333333,1.1115625,349.922529166667,20.40625,49.818625,0.145,-5.66325,NaN,-29.4142083333333,5.80866666666667,-23.6046666666667,0.776041666666667,1.77941666666667,175.15125,0.776041666666667,153.635833333333,51.3979166666667,20.5544166666667,44.16,0.214125,-5.59433333333333,238,26.4551875
2025-01-19 00:00:00,1583.5,13.1066666666667,-21.1475,75.0429166666667,1.24016666666667,234.2125,1.19129166666667,1.18617708333333,351.864795833333,57.3049166666667,46.0806666666667,-23.321125,-5.68604166666667,0.2124,11.2285416666667,-17.63425,-6.406625,1.617375,3.13341666666667,204.4275,1.617375,215.041666666667,65.64375,33.9870833333333,40.3858333333333,-23.2625833333333,-5.62708333333333,258,30.60336875
2025-01-20 00:00:00,1607.5,13.28875,-25.09625,65.52,1.099,202.370833333333,1.04733333333333,1.23041666666667,353.301558333333,48.8002083333334,55.511375,-28.4350833333333,-13.5184166666667,0.331318181818182,-6.711375,-14.9165416666667,-21.6282083333333,1.23166666666667,2.3695,170.857083333333,1.23166666666667,179.07125,45.1420833333333,20.363125,41.9869583333333,-28.3750416666667,-13.46125,262,32.2369166666667
2025-01-21 00:00:00,1631.5,13.4695833333333,-16.7729166666667,39.0575,1.409625,248.433333333333,1.36541666666667,1.1520625,350.597354166667,65.0265,43.4109166666667,-56.4320833333333,-14.6820833333333,Inf,21.6154583333333,-41.7495833333333,-20.1312083333333,2.28616666666667,4.080625,232.805416666667,2.28616666666667,230.225,58.2233333333333,8.59208333333333,28.7295833333333,-56.3695833333333,-14.6233333333333,265,30.52965625
2025-01-22 00:00:00,1655.5,13.32,-17.1291666666667,69.3208333333333,1.1455,263.754166666667,1.10891666666667,1.13976704545455,349.242433333333,57.9457083333334,44.1290416666667,-5.67358333333333,-4.79016666666667,Inf,13.8100416666667,-0.883,12.932125,1.76516666666667,3.28975,269.680583333333,1.76516666666667,282.504166666667,41.4829166666667,52.2660833333333,39.3349166666667,-5.60233333333333,-4.71970833333333,256,29.1780363636364
2025-01-23 00:00:00,1679.5,13.1720833333333,-17.1570833333333,68.86375,1.12191666666667,224.015416666667,1.08654166666667,1.15542045454545,349.666783333333,96.2724166666666,57.2064166666667,-25.2481666666667,-13.4825416666667,Inf,39.054625,-11.7654583333333,27.2922083333333,1.51158333333333,3.134625,167.13325,1.51158333333333,218.280208333333,72.5770833333333,71.016625,43.7312916666667,-25.1776666666667,-13.413125,262,30.2720159090909
2025-01-24 00:00:00,1703.5,13.1420833333333,-10.75525,66.6283333333333,1.02658333333333,299.1625,1.00604166666667,1.17748611111111,347.657854166667,32.493125,27.1212916666667,-26.3182916666667,-8.8705,0.4672,5.36925,-17.4480833333333,-12.0791666666667,1.52070833333333,2.944875,265.7425,1.52070833333333,249.233333333333,49.6170833333333,6.17208333333334,18.2505,-26.23525,-8.78541666666666,266,31.3211305555556
2025-01-25 00:00:00,1727.5,12.615,-14.24625,84.34875,0.83675,277.591666666667,0.814791666666667,1.32125,348.222854166667,25.3229583333333,32.4634166666667,-0.032,-2.41820833333333,-940.990470588235,-7.14295833333333,2.38616666666667,-4.75820833333333,0.46325,1.108875,129.323333333333,0.46325,119.79125,32.5268333333333,25.2882083333333,30.0429166666667,0.0540416666666667,-2.331875,213,28.142625
2025-01-26 00:00:00,1751.5,13.0970833333333,-9.38941666666667,79.53625,0.707083333333333,322.429166666667,0.694375,1.46925,348.484695833333,49.2695416666666,49.53625,-32.9692916666667,-11.7512916666667,-0.0242631578947368,-0.267458333333334,-21.2139583333333,-21.4814166666667,1.411625,2.51695833333333,242.35,1.411625,240.908333333333,45.4541666666667,16.2952083333333,37.7772916666667,-32.87225,-11.656375,206,30.26655
2025-01-27 00:00:00,1775.5,13.36875,-6.83625,43.70375,0.987333333333334,240.945833333333,0.975,1.54805934343434,346.5178125,107.04875,59.57225,-99.0770833333333,-35.3558333333333,Inf,47.4680833333333,-63.7291666666667,-16.2554166666667,1.09508333333333,1.95875,212.6125,1.09508333333333,209.1625,39.7466666666667,7.96420833333333,24.2184166666667,-99.02625,-35.295,210,32.5092462121212
2025-01-28 00:00:00,1799.5,13.40125,-4.66366666666667,31.0704166666667,0.998625,255.033333333333,0.990333333333333,1.47449621212121,346.431279166667,109.124416666667,59.330875,-103.004166666667,-43.8666666666667,Inf,49.7970833333333,-59.14375,-9.34625,0.792541666666667,1.54495833333333,178.320416666667,0.792541666666667,187.6475,36.37,6.11049999999999,15.4603333333333,-102.954166666667,-43.80625,229,33.7659632575758
2025-01-29 00:00:00,1823.5,13.3941666666667,-4.73658333333333,33.89,1.01316666666667,267.470833333333,1.00404166666667,1.45376754385965,345.587229166667,110.102791666667,59.4144583333333,-98.47125,-41.2875,Inf,50.692375,-57.1833333333333,-6.49583333333333,0.935125,1.586625,170.7925,0.935125,170.320833333333,30.7539583333333,11.6291666666667,18.122375,-98.4104166666667,-41.2279166666667,240,34.8904210526316
2025-01-30 00:00:00,1847.5,13.4283333333333,-5.77529166666667,35.6545833333333,1.11704166666667,249.966666666667,1.10508333333333,1.40866995614035,345.155425,105.856083333333,58.8997916666667,-93.7654166666666,-36.15375,-0.1808,46.9520833333333,-57.6141666666667,-10.6583333333333,1.11575,1.96829166666667,164.513375,1.11575,142.748583333333,35.9145833333333,12.08625,22.7495,-93.70375,-36.0908333333333,254,35.7802168859649
2025-01-31 00:00:00,1871.5,13.41375,-2.91820833333333,23.57375,1.18120833333333,241.333333333333,1.17466666666667,1.34916666666667,344.309466666667,123.76225,70.3947083333333,-102.870833333333,-35.4020833333333,Inf,53.36425,-67.46625,-14.0995833333333,1.79754166666667,3.01266666666667,228.225,1.79754166666667,224.929166666667,46.2833333333333,20.89775,34.9993333333333,-102.808333333333,-35.3445833333333,265,35.7529166666667
2025-02-01 00:00:00,1895.5,13.2325,-4.42008333333333,73.26875,0.993958333333333,289.029166666667,0.985916666666667,1.32839189189189,344.982354166667,17.5828333333333,14.943375,-13.3144166666667,-6.69283333333333,0.734545454545455,2.63879166666667,-6.62170833333333,-3.98266666666667,1.910375,3.54829166666667,226.602583333333,1.910375,257.029166666667,49.8004166666667,4.26783333333333,8.251,-13.2177916666667,-6.59591666666666,250,33.2097972972973
2025-02-02 00:00:00,1919.5,13.0508333333333,0.211958333333333,63.95625,1.164625,255.308333333333,1.16508333333333,1.33056644144144,347.4911125,11.4496666666667,9.885875,-16.4761666666667,-10.299625,Inf,1.56366666666667,-6.1775,-4.61433333333333,1.45979166666667,3.05495833333333,198.787541666667,1.45979166666667,246.4625,63.3075,-5.02695833333333,-0.41225,-16.3925833333333,-10.2145416666667,247,32.8649911036036
2025-02-03 00:00:00,1943.5,13.3525,4.08175,35.8204166666667,1.16804166666667,257.658333333333,1.176875,1.325125,345.699425,120.023583333333,69.3399583333333,-79.9054166666667,-30.3433333333333,Inf,50.6902083333333,-49.5591666666667,1.13124999999999,1.997625,3.92691666666667,200.4935,1.997625,243.533333333333,64.3654166666667,40.1113333333333,38.9897083333333,-75.0623809523809,-27.8166666666667,251,33.2606375
2025-02-04 00:00:00,1967.5,13.3679166666667,4.24491666666667,33.2195833333333,1.21275,275.604166666667,1.22216666666667,1.26298148148148,340.77785,49.9548333333333,38.3170833333333,-60.01125,-27.7025,Inf,11.6422083333333,-32.3020833333333,-20.6611666666667,1.50729166666667,3.19775,210.350416666667,1.50729166666667,249.054166666667,63.15125,-10.0483333333333,10.6166666666667,-59.9508333333333,-27.6466666666667,261,32.9638166666667
2025-02-05 00:00:00,1991.5,13.3758333333333,-0.612916666666667,55.9404166666667,1.29445833333333,255.025,1.29304166666667,1.23310430283224,342.499833333333,39.1419583333333,30.5494583333333,-43.26875,-16.37025,Inf,8.59,-26.8977916666667,-18.3075416666667,2.31770833333333,4.43358333333333,249,2.31770833333333,254.941666666667,59.53625,-4.12583333333334,14.184625,-43.2025,-16.3057083333333,274,33.7870578976035
2025-02-06 00:00:00,2015.5,13.3379166666667,-0.663583333333333,49.3433333333333,1.304125,261.266666666667,1.302625,1.21241421568627,344.022058333333,104.034458333333,60.5437916666666,-52.1718333333333,-20.347875,Inf,43.4872083333333,-31.8212916666667,11.6695,1.51166666666667,3.29608333333333,239.925,1.51166666666667,241.883333333333,65.33125,51.8569583333333,40.1950833333333,-52.0978333333333,-20.2740416666667,286,34.6750465686274
2025-02-07 00:00:00,2039.5,13.3770833333333,-0.72275,49.1095833333333,1.25904166666667,264.6875,1.25783333333333,1.21991666666667,342.098591666667,76.9045416666667,52.908375,-33.4759583333333,-16.535625,533.793533333333,24.003125,-16.9396666666667,7.06008333333333,1.76541666666667,3.53683333333333,212.275666666667,1.76541666666667,243.3,64.84875,43.4319166666667,36.368625,-33.4099166666667,-16.4707916666667,280,34.1576666666667
2025-02-08 00:00:00,2063.5,13.3066666666667,-10.6141666666667,81.7375,0.918375,303.845833333333,0.9005,1.35541666666667,345.803,55.2725416666667,47.4919166666667,-6.23645833333333,-3.70954166666667,Inf,7.78908333333333,-2.5275,5.26120833333333,1.405375,2.910125,230.154583333333,1.405375,233.295833333333,58.0958333333333,49.03575,43.7782916666667,-6.13458333333334,-3.60733333333333,238,32.2589166666667
2025-02-09 00:00:00,2087.5,13.3908333333333,-12.8229166666667,70.78125,0.962083333333334,243.858333333333,0.939708333333333,1.41070833333333,347.534979166667,52.9693333333333,53.3200833333333,-35.2947916666667,-14.5185833333333,0.34695,-0.348708333333332,-20.7754166666667,-21.1237083333333,1.46020833333333,2.725125,225.472916666667,1.46020833333333,257.7625,40.4179166666667,17.6793333333333,38.8040416666667,-35.2131666666667,-14.4404583333333,250,35.2677083333333
2025-02-10 00:00:00,2111.5,13.5270833333333,-9.08933333333333,51.5354166666667,1.19445833333333,266.025,1.17445833333333,1.35393055555556,346.205254166667,127.295583333333,74.458125,-83.5129166666667,-29.1433333333333,Inf,52.841125,-54.3658333333333,-1.52045833333333,1.09375,2.1275,255.841666666667,1.09375,253.483333333333,40.8279166666667,43.7908333333333,45.3225,-83.43625,-29.0733333333333,259,35.0668013888889
2025-02-11 00:00:00,2135.5,13.4191666666667,-11.9370833333333,67.5179166666667,0.985125,246.891666666667,0.964375,1.34030822649573,346.732175,54.2280833333333,44.0519166666667,-22.1460416666667,-10.6258333333333,-Inf,10.1773333333333,-11.518875,-1.34145833333334,0.861,1.87658333333333,175.341708333333,0.861,184.664583333333,42.5575,32.0815,33.4338333333333,-22.0645,-10.544125,276,36.9925070512821
2025-02-12 00:00:00,2159.5,13.12,-20.5483333333333,70.5770833333333,0.965666666666667,228.358333333333,0.929083333333334,1.37686538461538,350.4991375,95.4672916666667,81.3579166666667,-16.39075,-6.68804166666666,Inf,14.1112083333333,-9.70395833333333,4.403,1.36558333333333,2.47366666666667,205.76875,1.36558333333333,185.2775,32.3945833333333,79.0758333333333,74.671875,-16.3291666666667,-6.62575,271,37.3130519230769
2025-02-13 00:00:00,2183.5,13.315,-12.127625,52.54625,1.16758333333333,237.575,1.141125,1.36464503205128,348.387745833333,120.103666666667,77.3932083333333,-57.69675,-16.536875,-888.6905,42.7185833333333,-41.1661666666667,1.54325,2.20225,3.70891666666667,236.17125,2.20225,258.4125,39.0741666666667,62.4060833333333,60.855875,-57.6390416666667,-16.4654583333333,270,36.8454158653846
2025-02-14 00:00:00,2207.5,13.1666666666667,-4.88683333333333,81.39375,1.03441666666667,286.1375,1.02508333333333,1.45674038461538,349.021591666667,46.8032083333333,38.5640833333333,-2.95720833333333,-5.28479166666667,-Inf,8.238375,2.32775,10.5665416666667,1.39779166666667,2.85770833333333,237.829541666667,1.39779166666667,260.7875,55.7854166666667,43.8512916666667,33.2874166666667,-2.84675,-5.17420833333333,260,37.87525
2025-02-15 00:00:00,2231.5,12.9375,-8.75270833333333,85.7279166666667,0.882125,294.275,0.868083333333333,1.64827884615385,347.8919625,30.0145833333333,41.448625,-0.3355,-4.58291666666667,Inf,-11.4334166666667,4.2475,-7.18666666666666,1.67941666666667,3.20729166666667,259.695416666667,1.67941666666667,274.166666666667,47.0554166666667,29.6816666666667,36.8665416666667,-0.22775,-4.47520833333333,264,43.5145615384615
2025-02-16 00:00:00,2255.5,13.0604166666667,-10.3988333333333,81.9908333333334,0.731375,301.541666666667,0.716833333333333,1.75676274867374,347.988195833333,62.9338333333333,50.5415416666667,-3.34783333333333,-6.56125,0.3270625,12.3929166666667,3.21354166666667,15.607,2.10891666666667,3.63254166666667,238.1625,2.10891666666667,251.233333333333,44.6945833333333,59.5817916666667,43.98175,-3.25020833333333,-6.4635,247,43.3920398922414
2025-02-17 00:00:00,2279.5,13.4029166666667,-7.39566666666667,87.4541666666667,0.535125,304.3125,0.527958333333333,1.74228275862069,352.7014875,46.9911666666667,38.535875,-6.16504166666667,-2.95016666666667,1500.3085,8.45175,-3.21479166666667,5.23716666666667,1.92383333333333,3.74270833333333,201.60375,1.92383333333333,247.579166666667,55.40375,40.8235833333333,35.5868333333333,-6.05283333333333,-2.83883333333333,249,43.3828406896552
2025-02-18 00:00:00,2303.5,13.2358333333333,-9.82945833333333,83.2970833333333,0.435,263.6875,0.427208333333333,1.72672413793103,349.196054166667,62.091875,56.5187083333333,-7.11654166666667,-4.05370833333333,Inf,5.56991666666667,-3.06254166666667,2.50695833333333,1.74825,3.19875,227.869041666667,1.74825,256.208333333333,49.2570833333333,54.9734583333333,52.4704583333333,-7.00925,-3.94654166666667,247,42.6500862068966
2025-02-19 00:00:00,2327.5,13.3558333333333,-9.55875,69.8191666666667,0.593708333333333,269.354166666667,0.583083333333333,1.71116551724138,346.568783333333,152.10775,99.2375416666667,-36.7887916666667,-11.7600416666667,Inf,52.8772916666667,-25.032125,27.8467083333333,2.017875,3.554,235.779166666667,2.017875,240.833333333333,51.3458333333333,115.315541666667,87.4752916666667,-36.709,-11.6744166666667,258,44.1480703448276
2025-02-20 00:00:00,2351.5,13.3425,-5.83808333333333,78.005,0.501083333333333,325.80125,0.495416666666667,1.69560689655172,355.860825,100.028708333333,73.4525416666667,-16.74375,-9.99354166666667,NaN,26.5755416666667,-6.75,19.826,0.981041666666667,2.02233333333333,179.804583333333,0.981041666666667,167.816625,50.9166666666667,83.2848333333334,63.4612083333333,-16.648875,-9.89808333333333,268,45.4422648275862
2025-02-21 00:00:00,2375.5,13.3908333333333,-7.93191666666667,80.27375,0.667,328.216666666667,0.656833333333333,1.68004827586207,349.9623125,117.677666666667,96.5387083333333,-32.1462083333333,-15.6516666666667,Inf,21.1445,-16.4950416666667,4.6445,0.874666666666667,1.84508333333333,175.92375,0.874666666666667,195.415416666667,44.721875,85.5310416666667,80.8860833333333,-32.0496666666667,-15.550625,268,45.0252937931035
2025-02-22 00:00:00,2399.5,13.5079166666667,-5.60566666666667,48.8183333333333,0.885666666666667,258.808333333333,0.8765,1.64944679118774,347.6206875,171.692166666667,101.853875,-77.7908333333333,-27.2741666666667,-0.394363636363636,69.83575,-50.5214166666667,19.310125,1.63641666666667,3.064625,191.18,1.63641666666667,208.876666666667,57.5516666666667,93.89875,74.587875,-77.7258333333333,-27.2,268,44.2051740038314
2025-02-23 00:00:00,2423.5,13.47,-3.14195833333333,58.6204166666667,0.929916666666667,254.5875,0.92475,1.59148611111111,346.213179166667,179.788291666667,109.260791666667,-88.0066666666667,-21.4358333333333,-0.123739130434783,70.5315833333333,-66.5820833333333,3.94916666666666,2.33495833333333,3.98820833333333,249.458333333333,2.33495833333333,247.216666666667,56.1058333333333,91.7766666666667,87.8275833333334,-85.6625,-19.133,272,43.2884222222222
2025-02-24 00:00:00,2447.5,13.505,-0.995166666666667,66.7333333333333,0.982791666666667,215.979166666667,0.980958333333333,1.549125,361.967833333333,100.600416666667,70.44075,-62.91625,-15.0030416666667,-0.1031,30.1544583333333,-47.909125,-17.7530416666667,2.61866666666667,4.30741666666667,226.700416666667,2.61866666666667,255.329166666667,40.18,37.68775,55.4399166666667,-62.8462916666667,-14.9398333333333,277,42.9107625
2025-02-25 00:00:00,2471.5,13.42375,-1.645625,54.44125,1.00320833333333,232.879166666667,1.00004166666667,1.52957954545455,348.080566666667,127.392833333333,81.33525,-61.9930833333333,-19.2419583333333,Inf,46.0565833333333,-42.7543333333333,3.30508333333334,2.08625,4.009375,232.56,2.08625,266.725,51.6954166666667,65.4019166666667,62.0920833333333,-61.9382916666667,-19.1795833333333,281,42.9811852272727
2025-02-26 00:00:00,2495.5,13.52875,-8.95729166666666,58.4008333333333,1.04145833333333,253.220833333333,1.024125,1.50483712121212,345.777545833333,152.770125,97.2781666666667,-86.8120833333333,-26.6004166666667,Inf,55.4909583333333,-60.2091666666667,-4.72083333333334,1.1805,2.17408333333333,228.391666666667,1.1805,241.229166666667,46.7345833333333,65.9590416666667,70.6809583333334,-86.7341666666667,-26.5308333333333,291,43.7907602272727
2025-02-27 00:00:00,2519.5,13.42375,-2.99570833333333,24.1172083333333,1.04579166666667,256.933333333333,1.03979166666667,1.48623550724638,346.961679166667,183.239,105.512333333333,-104.583333333333,-37.33125,Inf,77.7317916666667,-67.2529166666667,10.4791666666667,1.45295833333333,2.67658333333333,222.544458333333,1.45295833333333,203.429166666667,56.9,78.6558333333333,68.1765,-102.186363636364,-35.7481818181818,296,43.9925710144928
2025-02-28 00:00:00,2543.5,13.41625,0.0244583333333333,16.9245833333333,1.06870833333333,255.745833333333,1.06870833333333,1.46197282608696,345.071591666667,187.396875,106.135375,-110.379166666667,-42.7420833333333,Inf,81.2698333333333,-67.6283333333333,13.6416666666667,1.14154166666667,2.28895833333333,210.8975,1.14154166666667,198.385,60.39625,77.0305,63.3944583333333,-110.295833333333,-42.67625,298,43.5667902173913
2025-03-01 00:00:00,2567.5,13.4075,0.497541666666667,20.0066666666667,1.0885,249.095833333333,1.08941666666667,1.43735416666667,343.6901875,190.671875,108.141083333333,-114.420833333333,-43.31875,Inf,82.5473333333333,-71.1054166666667,11.4408333333333,1.13829166666667,2.119875,198.524166666667,1.13829166666667,189.845833333333,51.251375,76.271,64.819,-114.358333333333,-43.2545833333333,304,43.6955666666667
2025-03-02 00:00:00,2591.5,13.3966666666667,3.05966666666667,19.44625,1.11125,235.9125,1.11741666666667,1.41275,343.871183333333,182.224708333333,103.698625,-105.82375,-44.7229166666667,Inf,78.53425,-61.1075,17.4283333333333,0.946916666666667,1.81683333333333,226.0875,0.946916666666667,239.625,39.2366666666667,76.407875,58.9734583333333,-99.1705,-41.4585,309,43.653975
2025-03-03 00:00:00,2615.5,13.24875,-2.09225,60.19,0.99775,276.295833333333,0.99475,1.41168560606061,342.641629166667,77.195625,52.005,-45.5492916666667,-19.464125,0.32895,25.1912083333333,-26.081375,-0.891916666666669,0.955291666666667,1.99854166666667,200.859583333333,0.955291666666667,185.283916666667,49.9658333333333,31.6527083333333,32.541875,-45.4693333333333,-19.3828333333333,313,44.185759469697
2025-03-04 00:00:00,2639.5,12.7975,-7.64745833333333,84.2666666666667,0.678375,351.65,0.668583333333333,1.42742245989305,345.0484875,26.277375,61.41675,0.0837916666666667,-5.54729166666667,1.57671428571429,-35.1445833333333,5.631,-29.5092083333333,1.69566666666667,3.002625,239.583458333333,1.69566666666667,239.900083333333,41.85,26.3617916666667,55.8668333333333,0.19925,-5.43133333333333,303,43.2509005347594
2025-03-05 00:00:00,2663.5,13.2529166666667,-6.19366666666667,74.655,0.770541666666667,328.475,0.761541666666667,1.44462032085561,345.139320833333,123.419625,107.396291666667,-14.6722083333333,-10.9885,0.603277777777778,16.0259166666667,-3.684125,12.341375,1.78083333333333,3.00545833333333,256.00125,1.78083333333333,260.091666666667,38.6025,108.751375,96.4125833333334,-14.5715416666667,-10.8870416666667,296,42.7607614973262
2025-03-06 00:00:00,2687.5,13.3220833333333,-2.81745833333333,74.76625,0.737416666666667,328.7875,0.733666666666667,1.46181818181818,347.362108333333,69.682875,62.4055,-15.091125,-7.38666666666667,0.6945,7.28608333333333,-7.704125,-0.419124999999999,1.26733333333333,2.732625,216.487916666667,1.26733333333333,228.959583333333,50.2591666666667,54.5953333333333,55.014,-14.9833333333333,-7.27991666666667,298,43.5621818181818
2025-03-07 00:00:00,2711.5,13.6104166666667,-8.35845833333333,77.395,0.673333333333333,355.816666666667,0.662416666666667,1.47901604278075,345.384325,126.588,97.4578333333333,-22.7492083333333,-9.38745833333333,Inf,29.137,-13.3610833333333,15.77275,1.49541666666667,2.74275,244.441666666667,1.49541666666667,247.645833333333,44.5191666666667,103.839625,88.0707916666667,-22.6345,-9.272875,298,44.0746780748663
2025-03-08 00:00:00,2735.5,13.5045833333333,-7.10391666666667,52.2466666666667,0.633041666666667,254.624166666667,0.626083333333333,1.49621390374332,345.335166666667,201.662291666667,128.521291666667,-60.7171666666667,-30.7741666666667,Inf,73.1594166666667,-29.9433333333333,43.2091666666667,1.146375,2.03329166666667,179.43375,1.146375,187.728333333333,38.1383333333333,140.9575,97.73875,-60.6409583333333,-30.695,295,44.1383101604278
2025-03-09 00:00:00,2759.5,13.5016666666667,-1.505125,29.9420833333333,0.962208333333333,261.866666666667,0.959541666666667,1.51341176470588,343.549333333333,208.917666666667,127.188958333333,-102.5875,-35.31,Inf,81.7335416666667,-67.27875,14.4604166666667,1.39216666666667,2.572875,230.558333333333,1.39216666666667,221.316666666667,52.9308333333333,106.354583333333,91.88125,-102.529166666667,-35.2516666666667,306,46.3104
2025-03-10 00:00:00,2783.5,13.4404166666667,0.410333333333333,24.68125,0.957583333333333,281.6125,0.95825,1.53060962566845,342.625066666667,211.717208333333,125.565541666667,-110.129166666667,-37.7916666666667,Inf,86.1355416666667,-72.3333333333333,13.7970833333333,1.69208333333333,3.05841666666667,243.330833333333,1.69208333333333,258.225,43.8170833333333,101.572916666667,87.778125,-110.070833333333,-37.72875,313,47.9080812834224
2025-03-11 00:00:00,2807.5,13.4975,-0.23325,31.5975,0.998916666666667,252.454166666667,0.998458333333333,1.52686876114082,342.397920833333,195.839125,121.705291666667,-90.3504166666666,-30.49625,Inf,74.1380833333333,-59.8525,14.2841666666667,1.82145833333333,3.25558333333333,248.777916666667,1.82145833333333,253.979166666667,39.5933333333333,105.487083333333,91.2029166666667,-90.2866666666666,-30.4345833333333,318,48.5544266042781
2025-03-12 00:00:00,2831.5,13.51125,-0.245083333333333,37.2066666666667,1.014375,261.516666666667,1.01379166666667,1.50120833333333,342.3900875,210.431708333333,126.432916666667,-93.2329166666667,-30.2820833333333,Inf,84.0112916666667,-62.9595833333333,21.0515,1.484625,2.74116666666667,227.591666666667,1.484625,250.0375,42.7520833333333,117.202916666667,96.15,-93.18,-30.2225,324,48.63915
2025-03-13 00:00:00,2855.5,13.5183333333333,-0.939708333333333,49.8229166666667,1.046375,240.495833333333,1.0445,1.4845,342.775275,200.277083333333,124.479166666667,-86.8529166666667,-24.1104166666667,Inf,75.8065833333333,-62.755,13.0433333333333,1.88141666666667,3.38670833333333,226.007916666667,1.88141666666667,251.295833333333,42.4829166666667,113.409166666667,100.368791666667,-86.80625,-24.0479166666667,329,48.84005
2025-03-14 00:00:00,2879.5,13.4925,-7.83695833333333,76.7891666666667,0.7105,307.933333333333,0.701083333333333,1.49460459183673,344.822591666667,91.44725,73.2625,-32.25925,-10.4578333333333,Inf,18.1845416666667,-21.8005,-3.61566666666667,1.729625,3.118875,213.13,1.729625,243.104166666667,47.2275,59.1919166666667,62.803125,-32.1627916666667,-10.362625,337,50.368174744898
2025-03-15 00:00:00,2903.5,13.5445833333333,-10.733125,80.3770833333333,0.565083333333333,334.125,0.553583333333333,1.52264540816326,346.284479166667,84.9992916666667,68.6903333333334,-17.0770833333333,-6.064625,0.303875,16.3108333333333,-11.0125,5.29825,1.69883333333333,3.25166666666667,219.625333333333,1.69883333333333,232.366666666667,66.74125,67.9220833333333,62.629375,-16.983,-5.96975,314,47.8110658163265
2025-03-16 00:00:00,2927.5,13.5308333333333,-6.53425,65.6854166666667,0.41225,302.04375,0.408083333333333,1.5506862244898,344.749395833333,144.700125,107.20975,-41.253625,-12.827875,444.633222222222,37.4854166666667,-28.4234583333333,9.06779166666667,2.16,3.90554166666667,237.3625,2.16,252.729166666667,45.7225,103.450916666667,94.38525,-41.170875,-12.74975,319,49.4668905612245
2025-03-17 00:00:00,2951.5,13.5420833333333,0.256583333333333,40.4020833333333,0.538416666666667,381.5,0.538541666666667,1.57872704081633,342.905366666667,135.081166666667,101.39525,-58.6245833333333,-24.5,Inf,33.6909583333333,-34.1270833333333,-0.437083333333333,1.558375,3.39916666666667,239.134583333333,1.558375,240.883333333333,71.7545833333333,76.45475,76.89225,-58.56625,-24.4358333333333,307,48.4669201530612
2025-03-18 00:00:00,2975.5,13.51625,-4.4515,63.9304166666667,0.593666666666667,353.183333333333,0.589458333333333,1.60676785714286,343.3073375,99.4005416666667,76.8016666666667,-40.7874583333333,-15.0445833333333,0.16805,22.5971666666667,-25.7449583333333,-3.14970833333333,1.72591666666667,3.35504166666667,232.012,1.72591666666667,265.933333333333,53.9466666666667,58.610875,61.761125,-40.7089166666667,-14.961125,314,50.4525107142857
2025-03-19 00:00:00,2999.5,13.5275,-12.2066666666667,71.7283333333333,0.3255,241.040833333333,0.318458333333333,1.63480867346939,346.791208333333,139.752541666667,103.377125,-11.8305,-12.0778333333333,Inf,36.3704166666667,0.246625,36.6147916666667,1.66704166666667,3.08116666666667,247.2565,1.66704166666667,286.333333333333,44.1191666666667,127.916416666667,91.3051666666666,-11.7399166666667,-11.9861666666667,305,49.8616645408163
2025-03-20 00:00:00,3023.5,13.5629166666667,-7.599,52.5345833333333,0.613583333333333,293.497916666667,0.604708333333333,1.66284948979592,345.582325,172.063416666667,122.875791666667,-59.7584583333333,-19.8785,Inf,49.18925,-39.8850416666667,9.30008333333333,2.05129166666667,3.57429166666667,232.281666666667,2.05129166666667,237.179166666667,50.1466666666667,112.306708333333,103.003791666667,-60.416,-19.9393181818182,305,50.7169094387755
2025-03-21 00:00:00,3047.5,13.6491666666667,-7.46670833333334,64.1858333333333,0.534875,334.175,0.527666666666667,1.69089030612245,345.4392125,212.2535,145.1585,-48.213,-13.176625,Inf,67.0724166666667,-35.03225,32.032875,2.17741666666667,3.72608333333333,233.490416666667,2.17741666666667,251.454166666667,42.3133333333333,164.035208333333,131.989166666667,-40.956619047619,-11.4000952380952,305,51.5721543367347
2025-03-22 00:00:00,3071.5,13.3666666666667,-5.12404166666667,81.5925,0.578041666666667,257.572083333333,0.572583333333333,1.69329597634508,347.3077625,39.5771666666667,32.9409583333333,-11.0555416666667,-4.644375,-570.729214285714,6.63058333333333,-6.411125,0.219291666666667,2.23066666666667,4.307625,260.473333333333,2.23066666666667,265.108333333333,56.7858333333333,28.513625,28.2991666666667,-10.95,-4.53791666666667,314,53.1694936572356
2025-03-23 00:00:00,3095.5,13.57625,-4.24354166666667,63.3425,0.543125,351.464583333333,0.539541666666667,1.65175568181818,345.763333333333,213.341458333333,149.196916666667,-56.2291666666667,-14.490125,Inf,64.133,-41.7371666666667,22.386625,2.75508333333333,4.46854166666667,248.887083333333,2.75508333333333,265.120833333333,41.2825,157.096333333333,134.702916666667,-56.14125,-14.4049166666667,324,53.5168840909091
2025-03-24 00:00:00,3119.5,13.54,-0.0443333333333333,75.4320833333333,0.822583333333333,298.8875,0.823,1.60948295454545,374.546975,142.656583333333,101.699541666667,-36.7629583333333,-10.6517083333333,-499.4140625,40.9589166666667,-26.1085416666667,14.8480416666667,2.77945833333333,4.55220833333333,245.158958333333,2.77945833333333,265.191666666667,43.0325,105.896625,91.0525833333333,-40.28545,-11.9506,315,50.6987130681818
2025-03-25 00:00:00,3143.5,13.4183333333333,2.10679166666667,57.1495833333333,0.952916666666667,239.208333333333,0.956541666666667,1.56777746212121,381.7969,203.778291666667,119.534833333333,-73.4475,-23.5913333333333,Inf,84.2504583333333,-49.855,34.40375,1.19704166666667,2.38454166666667,208.574166666667,1.19704166666667,237.633333333333,57.86875,130.364375,95.9425416666667,-80.40125,-24.465,325,50.9527675189394
2025-03-26 00:00:00,3167.5,13.4404166666667,5.50229166666667,26.54925,0.984125,228.975,0.993916666666666,1.535875,362.912720833333,251.147625,138.059416666667,-111.829166666667,-42.69125,Inf,113.07825,-69.14875,43.93,0.9775,1.89508333333333,229.616666666667,0.9775,224.454166666667,41.7966666666667,139.295416666667,95.3603333333333,-101.4,-34.9138888888889,344,52.8341
2025-03-27 00:00:00,3191.5,13.4366666666667,6.3765,32.8533333333333,1.01191666666667,211.754166666667,1.02370833333333,1.50316666666667,348.668533333333,186.0795,108.608625,-85.2308333333333,-36.4066666666667,Inf,77.47275,-48.8175,28.6608333333333,1.132125,2.39475,247.083333333333,1.132125,255.5875,42.7879166666667,100.851666666667,72.2016666666667,-84.3052941176471,-31.1564705882353,343,51.5586166666667
2025-03-28 00:00:00,3215.5,13.4566666666667,3.88345833333333,52.3941666666667,1.01741666666667,220.65,1.02475,1.48035731707317,342.988904166667,151.579708333333,94.7059583333333,-56.8312083333333,-23.4754583333333,Inf,56.868875,-33.352,23.5136666666667,1.62870833333333,3.00970833333333,244.233333333333,1.62870833333333,253.383333333333,46.8333333333333,94.7539583333333,71.2339583333333,-56.3311818181818,-21.5465909090909,349,51.6644703658537
2025-03-29 00:00:00,3239.5,13.3829166666667,-0.919125,81.8416666666667,0.749291666666667,318.229166666667,0.748541666666667,1.49841707317073,348.697379166667,142.298541666667,123.446083333333,-19.6705416666667,-9.52558333333333,Inf,18.8495416666667,-10.143875,8.70133333333333,1.01516666666667,2.146375,229.194583333333,1.01516666666667,199.63,53.9908333333333,122.631375,113.922125,-19.5725833333333,-9.427125,318,47.6496629268293
2025-03-30 00:00:00,3263.5,13.3466666666667,-3.53054166666667,79.67625,0.605875,361.825,0.602041666666667,1.52335365853659,346.673475,167.17775,123.666291666667,-22.351625,-8.17204166666667,Inf,43.5092916666667,-14.1784583333333,29.3272916666667,1.818,3.31620833333333,238.143333333333,1.818,256.795833333333,46.20125,144.827583333333,115.493583333333,-22.2435833333333,-8.06575,309,47.0716280487805
2025-03-31 00:00:00,3287.5,13.6325,-1.9575,63.7595833333333,0.562625,388.758333333333,0.560625,1.54829024390244,347.103154166667,133.256458333333,102.305541666667,-27.4350833333333,-12.9293333333333,0.5783125,30.9559583333333,-14.5062916666667,16.4495833333333,1.32929166666667,2.72675,228.219583333333,1.32929166666667,240.3875,56.4120833333333,105.822333333333,89.3705833333333,-27.3489166666667,-12.8420833333333,318,49.2356297560976
2025-04-01 00:00:00,3311.5,13.4429166666667,-5.61233333333333,75.8229166666667,0.507041666666667,385.504166666667,0.501625,1.57322682926829,348.2302375,130.227333333333,107.238875,-10.5894583333333,-6.82754166666667,0.359315789473684,22.9794583333333,-3.76191666666667,19.2242083333333,1.260375,2.57091666666667,263.0375,1.260375,264.525,51.1704166666667,119.639541666667,100.411166666667,-10.47475,-6.71283333333333,326,51.2871946341463
2025-04-02 00:00:00,3335.5,13.5254166666667,-9.31425,60.2158333333333,0.399416666666667,258.627916666667,0.392875,1.59816341463415,345.623916666667,220.895375,165.562375,-44.8252083333333,-17.3297083333333,Inf,55.3521666666667,-27.499125,27.8464583333333,1.69,3.00691666666667,265.691666666667,1.69,266.029166666667,41.8720833333333,176.075125,148.232125,-44.7490833333333,-17.2460416666667,306,48.9038004878049
2025-04-03 00:00:00,3359.5,13.5258333333333,-7.242375,59.1741666666667,0.451125,328.516666666667,0.44525,1.6231,345.709620833333,211.4135,151.460958333333,-47.9515,-22.209125,0.7025625,59.9784166666667,-25.7445,34.2264583333333,1.02066666666667,2.11620833333333,180.39025,1.02066666666667,188.078041666667,45.10125,163.46025,129.257,-47.8709583333333,-22.128,321,52.10151
2025-04-04 00:00:00,3383.5,13.45875,-8.61941666666667,81.14125,0.496541666666667,319.31,0.48875,1.64803658536585,347.274720833333,50.4495416666667,89.8405,0.0985416666666666,-10.9417083333333,Inf,-39.3813333333333,11.0389166666667,-28.3437916666667,1.00341666666667,1.76654166666667,145.213708333333,1.00341666666667,160.204583333333,41.1304166666667,50.5517083333333,78.8933333333333,0.201,-10.8380833333333,325,53.5611890243902
2025-04-05 00:00:00,3407.5,13.5708333333333,-8.614625,58.4025,0.645708333333333,263.07375,0.636,1.67297317073171,345.589883333333,213.460125,184.790875,-53.0863333333333,-19.064625,Inf,28.6697083333333,-34.0244166666667,-5.33608333333334,0.817625,1.47670833333333,179.129291666667,0.817625,174.48375,37.1008333333333,160.37625,165.729875,-52.9967916666667,-18.97975,323,54.0370334146342
2025-04-06 00:00:00,3431.5,13.6283333333333,-3.41083333333333,41.4691666666667,0.844958333333333,245.175,0.8395,1.67912337398374,346.454104166667,262.720708333333,170.840041666667,-90.0216666666667,-27.4175,Inf,91.8864166666667,-62.61125,29.2747083333333,1.42341666666667,2.38179166666667,242.858333333333,1.42341666666667,255.175,32.3604166666667,172.70375,143.426666666667,-89.4834782608696,-26.7839130434783,357,59.9447044512195
2025-04-07 00:00:00,3455.5,13.5583333333333,0.866,34.8716666666667,0.868166666666667,243.904166666667,0.869458333333333,1.65783333333333,347.626729166667,281.093,172.403583333333,-99.6316666666667,-30.6741666666667,Inf,108.658291666667,-68.9425,39.69875,1.31716666666667,2.52583333333333,245.1125,1.31716666666667,236.554166666667,48.3975,181.435416666667,141.729583333333,-98.5526086956522,-30.2565217391304,356,59.0188666666667
2025-04-08 00:00:00,3479.5,13.495,3.127125,33.8479166666667,0.897125,220.2875,0.902166666666667,1.62870833333333,344.658016666667,200.5355,123.222375,-78.9666666666667,-27.8045833333333,Inf,77.3125,-51.1616666666667,26.1523333333333,1.88866666666667,3.44654166666667,266.791666666667,1.88866666666667,251.683333333333,43.3391666666667,121.566416666667,95.43125,-77.5721739130435,-27.2630434782609,353,57.4934041666667
2025-04-09 00:00:00,3503.5,13.6095833333333,2.36966666666667,36.45,0.923583333333333,204.704166666667,0.927583333333333,1.60191666666667,342.361166666667,222.6945,135.416375,-69.0125,-22.2758333333333,Inf,87.3110833333333,-46.7395833333333,40.57175,2.0765,3.84116666666667,244.7225,2.0765,258.4,48.8833333333333,153.705416666667,113.131375,-68.9604166666667,-22.2191666666667,350,56.0670833333333
2025-04-10 00:00:00,3527.5,13.5241666666667,3.34720833333333,28.02875,0.954,204.341666666667,0.959791666666667,1.57025,345.460533333333,280.548333333333,157.724166666667,-106.147916666667,-35.0191666666667,Inf,122.815125,-71.12625,51.6845833333333,1.09033333333333,2.06266666666667,241.6,1.09033333333333,240.804166666667,42.6504166666667,174.394583333333,122.69875,-95.61875,-25.705,360,56.529
2025-04-11 00:00:00,3551.5,13.4604166666667,8.17895833333333,16.88,0.975916666666667,200.083333333333,0.990375,1.53658333333333,348.133645833333,282.0715,156.866666666667,-112.28125,-47.3695833333333,Inf,125.208208333333,-64.9229166666667,60.2883333333333,1.14379166666667,2.20491666666667,233.448333333333,1.14379166666667,242.0125,44.3679166666667,169.784583333333,109.495,-100.335714285714,-34.8357142857143,367,56.3926083333333
2025-04-12 00:00:00,3575.5,13.4420833333333,9.320875,18.41,1.023125,212.333333333333,1.04041666666667,1.48966666666667,343.190766666667,233.670833333333,133.935083333333,-95.6708333333334,-43.5675,Inf,99.7554583333333,-52.1020833333333,47.645,1.51995833333333,3.0345,244.541666666667,1.51995833333333,254.829166666667,52.54,138.015833333333,90.36675,-87.8883333333333,-34.9233333333333,362,53.9259333333333
2025-04-13 00:00:00,3599.5,13.4125,1.552375,61.7920833333333,1.0415,245.383333333333,1.04454166666667,1.457125,341.047591666667,101.257041666667,65.2390833333333,-27.0209166666667,-13.5935416666667,Inf,36.0270833333333,-13.4285416666667,22.5997916666667,1.02316666666667,2.18970833333333,219.6025,1.02316666666667,235.961666666667,50.7633333333333,74.2386666666667,51.6475,-26.947625,-13.5195833333333,370,53.913625
2025-04-14 00:00:00,3623.5,13.4216666666667,-0.276083333333333,44.6825,1.02841666666667,249.970833333333,1.02816666666667,1.44047916666667,342.421979166667,271.672083333333,185.149666666667,-67.76925,-23.2288333333333,0.154090909090909,86.527,-44.5422916666667,41.9814583333333,1.29783333333333,2.37491666666667,230.535416666667,1.29783333333333,259.75,43.0604166666667,203.902333333333,161.910166666667,-67.6875416666667,-23.1454166666667,381,54.88225625
2025-04-15 00:00:00,3647.5,13.5504166666667,4.18995833333333,19.9408333333333,1.09229166666667,215.175,1.10054166666667,1.42920833333333,341.526670833333,280.018,157.7015,-108.24,-35.0379166666667,Inf,122.343416666667,-73.20625,49.1366666666667,1.59408333333333,2.84304166666667,251.241666666667,1.59408333333333,253.941666666667,37.5929166666667,171.796666666667,122.665416666667,-108.1875,-34.9795833333333,384,54.8816
2025-04-16 00:00:00,3671.5,13.4991666666667,4.06533333333333,50.2254166666667,1.11120833333333,213.825,1.1195,1.40374833333333,340.95215,188.360291666667,108.112291666667,-62.8901666666667,-26.06425,Inf,80.238625,-36.8190416666667,43.4215416666667,1.36733333333333,2.69020833333333,260.2125,1.36733333333333,260.095833333333,43.2933333333333,125.469166666667,82.05025,-62.8114166666666,-25.9999583333333,392,55.0269346666667
2025-04-17 00:00:00,3695.5,13.5020833333333,2.00575,63.39875,1.01970833333333,258.608333333333,1.02354166666667,1.39989018018018,343.129620833333,226.285375,159.826666666667,-38.5771666666667,-16.412375,0.549714285714286,66.4575416666667,-22.1664583333333,44.2859583333333,1.25345833333333,2.73329166666667,207.92,1.25345833333333,211.82375,60.5466666666667,187.701041666667,143.414416666667,-41.9141363636364,-17.2584545454545,365,51.0959915765766
2025-04-18 00:00:00,3719.5,13.2020833333333,-9.41908333333333,85.6954166666667,0.689291666666667,347.304166666667,0.677,1.4165472972973,344.448004166667,51.8195833333333,111.328833333333,-0.623375,-6.74754166666666,-468.934470588235,-59.5141666666667,6.12395833333333,-53.380625,0.759166666666667,1.43066666666667,118.199541666667,0.759166666666667,54.1822916666667,35.14625,51.1927083333333,104.580625,-0.516583333333333,-6.64108333333333,380,53.8287972972973
2025-04-19 00:00:00,3743.5,13.43375,-6.23179166666667,63.06,0.980541666666667,270.279166666667,0.969416666666667,1.43568243243243,344.5773,223.553125,166.683208333333,-52.571625,-21.3154166666667,Inf,56.8813333333333,-31.2614583333333,25.6225416666667,0.84125,1.74533333333333,248.581666666667,0.84125,209.09825,46.7769583333333,170.992083333333,145.368666666667,-52.5051666666667,-21.2416666666667,362,51.9717040540541
2025-04-20 00:00:00,3767.5,13.6483333333333,-2.94658333333333,61.7879166666667,1.05054166666667,247.120833333333,1.044625,1.45431925675676,343.6831875,201.083125,142.475666666667,-61.515,-15.9825833333333,Inf,58.616875,-45.5291666666667,13.0841666666667,1.64525,3.07391666666667,235.257083333333,1.64525,248.5125,52.81125,139.577916666667,126.486875,-61.4404166666667,-15.9137083333333,376,54.6824040540541
2025-04-21 00:00:00,3791.5,13.675,1.33020833333333,46.0120833333333,1.073375,205,1.07583333333333,1.45420833333333,341.832416666667,154.359541666667,108.089958333333,-56.6441666666667,-19.29625,Inf,46.2568333333333,-37.3529166666667,8.90954166666667,1.78658333333333,3.67616666666667,246.793333333333,1.78658333333333,263.204166666667,52.6741666666667,97.7025,88.798875,-56.5920833333333,-19.235,384,55.8416
2025-04-22 00:00:00,3815.5,13.5895833333333,3.363125,36.985,1.08854166666667,204.2625,1.09516666666667,1.43483333333333,342.245725,206.662041666667,133.434125,-74.0104166666667,-27.1516666666667,Inf,73.2320416666667,-46.8595833333333,26.3781666666667,1.41858333333333,2.89029166666667,251.2375,1.41858333333333,256.025,42.2904166666667,132.649083333333,106.2835,-73.95625,-27.0933333333333,383,54.9541166666667
2025-04-23 00:00:00,3839.5,13.5508333333333,4.64566666666667,35.8316666666667,1.11583333333333,206.754166666667,1.12516666666667,1.40466666666667,342.130816666667,162.665958333333,105.109958333333,-74.8466666666666,-28.8093333333333,Inf,57.560875,-46.035,11.5276666666667,0.843583333333333,1.87379166666667,218.583333333333,0.843583333333333,237.866666666667,56.37625,87.8304166666667,76.2960416666667,-74.7879166666667,-28.7532916666667,391,54.9224666666667
2025-04-24 00:00:00,3863.5,13.5233333333333,3.250625,55.9970833333333,1.13191666666667,213.208333333333,1.1385,1.39158333333333,342.517441666667,161.497625,96.8817916666667,-57.2241666666666,-22.98675,Inf,64.6094583333333,-34.2395833333333,30.3724583333333,0.760791666666667,1.9025,214.648333333333,0.760791666666667,220.50125,57.31625,104.263291666667,73.8980416666667,-57.1495833333333,-22.9104583333333,399,55.524175
2025-04-25 00:00:00,3887.5,13.5604166666667,2.04425,69.5616666666667,1.15075,212.329166666667,1.15504166666667,1.375,345.2667125,202.347583333333,118.58225,-48.8452083333333,-21.3565833333333,0.0608095238095238,83.767375,-27.4895833333333,56.2735416666667,0.739166666666667,1.68941666666667,166.858416666667,0.739166666666667,185.055,44.2095833333333,153.505416666667,97.2256666666667,-45.9700952380952,-20.3342857142857,408,56.1
2025-04-26 00:00:00,3911.5,13.5058333333333,7.73233333333333,23.3154166666667,1.17304166666667,202.4,1.18945833333333,1.34045833333333,344.9007,293.00575,149.916,-96.17375,-39.795375,Inf,143.093041666667,-56.37125,86.7174166666667,1.08791666666667,2.3275,229.470833333333,1.08791666666667,237.058333333333,52.6625,196.83375,110.115583333333,-86.9411764705882,-28.7096470588235,415,55.6290208333333
2025-04-27 00:00:00,3935.5,13.5054166666667,6.24308333333333,29.0641666666667,1.22825,213.895833333333,1.24208333333333,1.28791666666667,342.3975625,212.76875,114.070416666667,-87.1675,-35.4483333333333,Inf,98.696,-51.7135833333333,46.984125,1.08741666666667,2.20041666666667,208.261666666667,1.08741666666667,219.903333333333,54.8533333333333,125.6075,78.63325,-80.2911111111111,-24.7161111111111,421,54.2212916666667
2025-04-28 00:00:00,3959.5,13.6266666666667,-1.23733333333333,64.9929166666667,1.21783333333333,262.6875,1.215,1.26578440366972,342.3588875,221.800791666667,142.821041666667,-43.5982916666667,-12.2605,Inf,78.95525,-31.334875,47.6252916666667,1.1905,2.3555,214.630833333333,1.1905,242.0625,55.24625,178.185958333333,130.557625,-43.5152083333333,-12.1805,427,54.0489940366973
2025-04-29 00:00:00,3983.5,13.5654166666667,1.29354166666667,49.82875,1.26191666666667,287.8875,1.26483333333333,1.26116055045872,343.570475,261.405625,148.2275,-78.9035,-24.7344166666667,Inf,113.1945,-54.165125,59.0330416666667,0.872,1.99879166666667,220.805,0.872,246.55,55.6708333333333,182.492,123.481,-78.8164166666667,-24.653125,404,50.9508862385321
2025-04-30 00:00:00,4007.5,13.5558333333333,0.290875,70.9929166666667,1.1135,301.720833333333,1.11445833333333,1.25653669724771,344.3583375,160.070458333333,108.475625,-43.988125,-13.201375,Inf,51.5940416666667,-30.7867916666667,20.811,1.23166666666667,2.515625,244.948333333333,1.23166666666667,252.108333333333,52.7716666666667,116.087125,95.2743333333333,-43.8879166666667,-13.1042916666667,404,50.7640825688073
2025-05-01 00:00:00,4031.5,13.3908333333333,-0.971083333333334,77.1258333333333,0.865541666666667,325.933333333333,0.865125,1.2519128440367,348.287183333333,190.955291666667,150.162083333333,-19.46425,-12.3768333333333,Inf,40.8095833333333,-7.08820833333333,33.7131666666667,0.838791666666667,1.977125,194.904833333333,0.838791666666667,251.592916666667,59.58625,171.497625,137.774958333333,-20.8558181818182,-12.9516363636364,390,48.8246009174312
2025-05-02 00:00:00,4055.5,13.5370833333333,0.682541666666666,40.6470833333333,1.27083333333333,261.570833333333,1.27245833333333,1.24160550458716,348.742504166667,314.291333333333,194.20825,-73.1650416666667,-30.0545833333333,0.0662499999999999,120.127916666667,-43.1112083333333,77.0115,1.04679166666667,1.96458333333333,213.992875,1.04679166666667,242.9125,41.66125,241.157541666667,164.149166666667,-67.723,-28.3768181818182,388,48.1742935779816
2025-05-03 00:00:00,4079.5,13.5429166666667,6.35104166666667,27.1145833333333,1.29808333333333,238.233333333333,1.313125,1.21691666666667,347.766095833333,298.849,158.640666666667,-103.991666666667,-40.1220833333333,Inf,140.195166666667,-63.8725,76.3158333333333,0.948625,1.94625,198.050333333333,0.948625,245.587083333333,54.5745833333333,194.845,118.526333333333,-98.0823529411765,-29.8252941176471,419,50.9888083333333
2025-05-04 00:00:00,4103.5,13.5520833333333,6.971,35.3629166666667,1.34654166666667,238.475,1.363625,1.16633333333333,341.8093625,236.889375,125.646916666667,-86.075,-34.9033333333333,Inf,111.279625,-51.1707916666667,60.1058333333333,1.21895833333333,2.47854166666667,159.82125,1.21895833333333,160.389583333333,45.2820833333333,150.87625,90.740125,-81.3865,-29.2925,423,49.3359
2025-05-05 00:00:00,4127.5,13.585,3.80475,61.4291666666667,1.40016666666667,221.158333333333,1.40983333333333,1.12183333333333,342.596704166667,224.578958333333,119.861708333333,-50.724,-22.566625,Inf,104.6905,-28.14925,76.54425,1.034375,2.24408333333333,162.172083333333,1.034375,140.534166666667,51.2495833333333,173.843208333333,97.2915,-53.4105714285714,-22.6948571428571,434,48.6875666666667
2025-05-06 00:00:00,4151.5,13.5854166666667,-0.575,88.3883333333333,1.18041666666667,271.4,1.180125,1.10218560606061,347.0954,114.546958333333,75.2620416666667,-1.26954166666667,-4.433375,0.704428571428571,39.29775,3.16083333333333,42.4554583333333,1.32091666666667,2.42154166666667,95.7687916666667,1.32091666666667,82.751125,39.2708333333333,113.283875,70.820125,-4.85966666666667,-7.79233333333333,422,46.5122325757576
2025-05-07 00:00:00,4175.5,13.5383333333333,0.334875,76.375,1.2245,273.483333333333,1.226,1.09660606060606,351.428441666667,216.54575,149.348791666667,-41.0099166666667,-13.6742916666667,0.37355,67.1947916666667,-27.336625,39.8487916666667,1.161,2.07704166666667,133.963083333333,1.161,105.368791666667,36.1079166666667,175.520291666667,135.681708333333,-47.947375,-15.1180625,408,44.7415272727273
2025-05-08 00:00:00,4199.5,13.5995833333333,4.12691666666667,53.6675,1.438375,208.4375,1.449125,1.080625,352.664675,217.758083333333,122.512291666667,-76.8445833333333,-27.7129166666667,Inf,95.24125,-49.1315833333333,46.1175,1.02620833333333,1.95254166666667,194.446541666667,1.02620833333333,202.827916666667,39.67375,140.912041666667,94.7938333333334,-79.3485,-24.4,429,46.3588125
2025-05-09 00:00:00,4223.5,13.5470833333333,5.53754166666667,54.1954166666667,1.46558333333333,233.55,1.48033333333333,1.05409558823529,352.6287625,171.4415,93.0064583333333,-69.1708333333333,-28.0070833333333,Inf,78.4366666666667,-41.16525,37.2654166666667,0.894875,1.67520833333333,185.275,0.894875,176.884166666667,39.1733333333333,102.27875,64.9997083333333,-67.3854545454545,-26.1881818181818,440,46.3802058823529
2025-05-10 00:00:00,4247.5,13.50875,9.054,33.1366666666667,1.50508333333333,229.870833333333,1.52979166666667,1.00119607843137,362.049433333333,314.6755,156.004291666667,-105.6375,-45.8941666666667,Inf,158.629125,-59.73875,98.8954166666667,0.82125,1.568625,233.602083333333,0.82125,209.074166666667,39.6954166666667,209.035833333333,110.114583333333,-91.8769230769231,-27.4807692307692,451,45.1539431372549
2025-05-11 00:00:00,4271.5,13.5008333333333,10.344875,31.13,1.56179166666667,218.520833333333,1.59104166666667,0.9385,350.485833333333,220.215791666667,118.774958333333,-86.2970833333333,-45.28625,Inf,101.432125,-41.0078333333333,60.4279166666667,0.997458333333333,2.133375,241.086041666667,0.997458333333333,250.145833333333,44.6208333333333,133.90375,73.4895833333333,-84.3246153846154,-30.6030769230769,438,41.1063
2025-05-12 00:00:00,4295.5,13.4925,11.6916666666667,24.2975,1.61383333333333,204.704166666667,1.64816666666667,0.881666666666667,350.5400125,311.254125,157.884583333333,-104.994583333333,-50.4391666666667,Inf,153.367458333333,-54.5483333333333,98.8225,1.22795833333333,2.70475,220.100833333333,1.22795833333333,248.3625,54.21,206.297083333333,107.458833333333,-94.3,-32.4184615384615,408,35.972
2025-05-13 00:00:00,4319.5,13.5208333333333,10.3875833333333,21.1175,1.676625,216.2875,1.70829166666667,0.821875,341.785475,223.960458333333,113.1555,-91.91,-44.5470833333333,Inf,110.763125,-47.3675,63.3967083333333,1.29658333333333,2.5535,230.49125,1.29658333333333,232.491666666667,48.2729166666667,132.01125,68.6153333333333,-84.1827777777778,-36.0922222222222,386,31.724375
2025-05-14 00:00:00,4343.5,13.2979166666667,0.442291666666666,64.20875,1.61204166666667,252.516666666667,1.61404166666667,0.802465182648402,341.146725,132.098083333333,76.2859583333333,-51.2385,-14.8211666666667,Inf,55.7981666666667,-36.4184166666667,19.3774166666667,1.60304166666667,2.99045833333333,258.965375,1.60304166666667,250.958333333333,50.99375,80.8406666666667,61.4597083333333,-51.161125,-14.7424583333333,427,34.2652632990868
2025-05-15 00:00:00,4367.5,13.3879166666667,-2.61504166666667,84.1179166666667,1.426,281.966666666667,1.41933333333333,0.835835616438356,343.192858333333,158.270166666667,119.748291666667,-12.3182916666667,-4.698125,0.805928571428571,38.530125,-7.62104166666667,30.9084166666667,2.07020833333333,3.861375,240.5875,2.07020833333333,249.791666666667,49.34875,145.954333333333,115.044375,-12.2096666666667,-4.58954166666667,387,32.3468383561644
2025-05-16 00:00:00,4391.5,13.4979166666667,-0.344458333333333,70.9920833333333,1.52070833333333,259.233333333333,1.51991666666667,0.870684931506849,344.096216666667,211.961583333333,156.352791666667,-58.60725,-13.1715,Inf,55.6247083333333,-45.4388333333333,10.1894166666667,2.09595833333333,3.71816666666667,253.120833333333,2.09595833333333,250.533333333333,48.8133333333333,153.3775,143.193833333333,-58.5265,-13.08825,375,32.6506849315069
2025-05-17 00:00:00,4415.5,13.6270833333333,3.94775,63.7858333333333,1.63720833333333,222.529166666667,1.64904166666667,0.878472602739726,355.108545833333,168.787458333333,117.873375,-62.917625,-22.24375,Inf,50.9207916666667,-40.6738333333333,10.24425,1.15125,2.283,220.0625,1.15125,223.644583333333,45.5645833333333,105.869166666667,95.627125,-62.8596666666667,-17.1316666666667,400,35.1389041095891
2025-05-18 00:00:00,4439.5,13.6116666666667,2.901625,61.59375,1.53420833333333,250.345833333333,1.54266666666667,0.856346354166666,350.388029166667,127.226541666667,89.8289166666667,-39.8454166666667,-18.189375,0.2758,37.38925,-21.6542083333333,15.7379166666667,1.11354166666667,2.1625,229.216666666667,1.11354166666667,238.55,49.0370833333333,87.3801666666667,71.6443333333333,-43.3765909090909,-19.7284090909091,429,36.73725859375
2025-05-19 00:00:00,4463.5,13.4554166666667,-1.578875,79.3725,1.48845833333333,281.441666666667,1.48416666666667,0.867135416666667,353.377658333333,186.021208333333,127.783916666667,-19.102625,-7.27741666666667,0.524736842105263,58.2429583333333,-11.8252916666667,46.421125,1.72875,3.324875,215.539875,1.72875,253.958333333333,56.4808333333333,166.927166666667,120.506208333333,-24.0068421052632,-9.22,429,37.200109375
2025-05-20 00:00:00,4487.5,13.6891666666667,-0.175541666666667,64.6820833333333,1.63970833333333,239.891666666667,1.63916666666667,0.875205729166667,350.1424125,183.297583333333,126.373375,-38.3120833333333,-11.0060416666667,Inf,56.92525,-27.3037916666667,29.6126666666667,2.0875,3.91229166666667,238.929166666667,2.0875,255.5375,52.52625,144.980875,115.366333333333,-38.2368333333333,-10.9315833333333,419,36.6711200520833
2025-05-21 00:00:00,4511.5,13.5404166666667,3.295375,58.1129166666667,1.41375,276.183333333333,1.423875,0.872666666666667,357.98095,217.110666666667,149.306166666667,-47.6826666666667,-18.6263333333333,Inf,67.8002083333333,-29.0600833333333,38.7385833333333,1.58966666666667,3.33608333333333,224.886458333333,1.58966666666667,251.633333333333,53.57875,169.439791666667,130.679791666667,-58.2987222222222,-22.2087222222222,413,36.0411333333333
2025-05-22 00:00:00,4535.5,13.5604166666667,9.11433333333334,25.3741666666667,1.65645833333333,217.941666666667,1.68395833333333,0.846166666666667,356.8393375,225.053666666667,131.65225,-85.87,-43.0633333333333,Inf,93.3981666666667,-42.8100416666667,50.5935833333333,1.12825,2.389125,237.1165,1.12825,253.0375,45.5320833333333,139.17625,88.5825,-92.2615384615384,-29.5484615384615,430,36.3851666666667
2025-05-23 00:00:00,4559.5,13.5208333333333,11.1259583333333,26.0158333333333,1.70929166666667,221.241666666667,1.74366666666667,0.786875,350.157875,288.342791666667,146.146333333333,-85.5870833333333,-47.3175,0.394176470588235,142.179916666667,-38.2775416666667,103.902291666667,1.225125,2.546,238.820833333333,1.225125,260.133333333333,42.48625,202.718,98.826,-74.3378571428571,-32.955,423,33.2848125
2025-05-24 00:00:00,4583.5,13.51875,7.004875,65.5991666666667,1.77654166666667,221.608333333333,1.799125,0.7298125,348.174825,167.003666666667,87.8162083333333,-48.6565,-28.5186666666667,NaN,79.1745416666667,-20.134375,59.0403333333333,0.746,1.75454166666667,171.895,0.746,178.616666666667,51.5520833333333,118.344083333333,59.3035416666667,-54.6384666666667,-23.214,441,32.18473125
2025-05-25 00:00:00,4607.5,13.5491666666667,4.35383333333333,81.7154166666667,1.83125,218.241666666667,1.84575,0.6806875,353.998675,200.545625,95.0219166666667,-27.367125,-19.762125,NaN,105.542458333333,-7.603125,97.9412916666666,0.808416666666667,1.6515,217.186666666667,0.808416666666667,191.673916666667,46.0558333333333,173.206041666667,75.2624583333333,-20.1542,-20.798,455,30.97128125
2025-05-26 00:00:00,4631.5,13.5991666666667,4.79070833333333,67.7266666666667,1.89070833333333,208.625,1.90720833333333,0.623416666666667,359.616316666667,289.311291666667,135.356291666667,-46.5759583333333,-24.78325,Inf,153.974541666667,-21.7950416666667,132.178666666667,0.905666666666667,1.82554166666667,243.369166666667,0.905666666666667,215.0175,47.12625,242.735041666667,110.577708333333,-59.008,-12.9878,459,28.614825
2025-05-27 00:00:00,4655.5,13.55625,6.64679166666667,57.4066666666667,1.94095833333333,216.145833333333,1.964375,0.565333333333333,356.145566666667,255.684333333333,119.999666666667,-58.6585833333333,-29.4260833333333,0.5896875,135.653375,-29.2317916666667,106.429833333333,1.08458333333333,2.13016666666667,201.789166666667,1.08458333333333,226.894583333333,48.0275,196.972083333333,90.56925,-88.22,-23.824,450,25.44
2025-05-28 00:00:00,4679.5,13.6125,4.37033333333333,77.3166666666667,1.99695833333333,217.375,2.01275,0.518541666666667,380.743520833333,106.122333333333,54.5821666666667,-5.68029166666667,-14.407375,0.653066666666667,51.5314166666667,8.726875,60.2607083333333,0.980833333333333,1.98995833333333,225.1625,0.980833333333333,236.157083333333,44.1729583333333,100.44,40.1750833333333,-68.02,-44.51,433,22.4528541666667
2025-05-29 00:00:00,4703.5,13.5975,5.53754166666667,66.9804166666667,2.03854166666667,225.566666666667,2.05904166666667,0.470875,411.607729166667,258.416875,111.195583333333,-44.364625,-25.0944166666667,0.159117647058824,147.246458333333,-19.2715,127.978916666667,0.8365,1.79691666666667,202.606666666667,0.8365,229.2125,48.1641666666667,214.066083333333,86.1000416666667,-84.708,-21.836,483,22.7432625
2025-05-30 00:00:00,4727.5,13.5325,9.31908333333333,57.2770833333333,2.09679166666667,234.641666666667,2.13216666666667,0.39875,423.535329166667,200.161625,84.4995,-68.7434583333333,-33.7654166666667,0.490285714285714,115.664625,-34.973125,80.683,0.962833333333334,2.13195833333333,216.4,0.962833333333334,221.1825,44.3445833333333,131.436666666667,50.7337916666667,-84.825,-22.58375,493,19.658375
2025-05-31 00:00:00,4751.5,13.4966666666667,11.4179583333333,57.5875,2.17241666666667,242.7625,2.21729166666667,0.312833333333333,456.3169,273.270583333333,105.700041666667,-75.36625,-41.2033333333333,Inf,167.576,-34.1600416666667,133.416916666667,0.830583333333333,1.77029166666667,254.735833333333,0.830583333333333,230.838333333333,44.1283333333333,197.911666666667,64.5069583333333,NaN,NaN,509,15.9232166666667
2025-06-01 00:00:00,4775.5,13.49,12.59575,44.1220833333333,2.28916666666667,219.966666666667,2.34141666666667,0.187708333333333,427.797945833333,226.961125,75.9962916666667,-79.71625,-37.5852083333333,Inf,150.939875,-42.1310833333333,108.801583333333,0.977666666666667,2.068375,233.468333333333,0.977666666666667,241.383333333333,43.90375,147.23625,38.4170833333333,-85.8,-30.36,500,9.38541666666667
2025-06-02 00:00:00,4799.5,13.4383333333333,11.5979583333333,47.86875,2.3885,211.145833333333,2.4385,0.091625,390.877716666667,189.300625,47.0078333333333,-60.139125,-27.834,0.308769230769231,142.300708333333,-32.31225,109.980791666667,0.931166666666667,1.99379166666667,228.807083333333,0.931166666666667,245.19375,49.0054166666667,129.151625,19.173125,-88.375,-33.25875,500,4.58125
2025-06-03 00:00:00,4823.5,13.5108333333333,4.019875,80.9891666666667,2.49270833333333,218.833333333333,2.51095833333333,0.0200833333333333,381.210820833333,212.439458333333,28.1855,-20.388625,3.68558333333333,0.0302352941176471,184.248166666667,-24.073625,160.175291666667,0.924583333333333,1.94633333333333,188.615833333333,0.924583333333333,185.830416666667,49.0104166666667,192.047541666667,31.8705416666667,-64.285,6.305,500,1.00416666666667
2025-06-04 00:00:00,4847.5,13.5345833333333,6.309,57.9895833333333,2.48808333333333,220.183333333333,2.516625,0.0137916666666667,381.810541666667,309.364333333333,27.0063333333333,-71.5848333333333,9.69754166666667,Inf,282.358875,-81.282625,201.08575,1.12533333333333,2.15820833333333,267.475,1.12533333333333,273.029166666667,42.755,237.81475,36.7085833333333,-72.48,-1.055875,500,0.689583333333334
2025-06-05 00:00:00,4871.5,13.5354166666667,5.68883333333333,70.0633333333333,2.48966666666667,214.954166666667,2.51541666666667,0.0147083333333333,391.631795833333,196.6035,14.8082916666667,-18.9315,11.1641666666667,Inf,181.7965,-30.0978333333333,151.697458333333,1.008375,2.14933333333333,234.6025,1.008375,250.520833333333,54.3104166666667,177.6715,25.9719166666667,-2.744,3.114,500,0.735416666666667
2025-06-06 00:00:00,4895.5,13.4604166666667,3.37570833333333,81.5325,2.50033333333333,211.941666666667,2.51570833333333,0.0142916666666667,396.275508333333,135.59075,8.53804166666667,-3.38545833333333,7.871875,Inf,127.070583333333,-11.2570416666667,115.809125,1.083,2.46458333333333,251.954166666667,1.083,253.195833333333,48.02125,132.22375,16.4093333333333,-43.98,14.28,500,0.714583333333334
2025-06-07 00:00:00,4919.5,13.4725,8.40883333333333,53.1295833333334,2.47866666666667,217.0625,2.51654166666667,0.0145833333333333,418.803491666667,305.750416666667,22.1912916666667,-62.6245416666667,5.00916666666667,Inf,283.572625,-67.6359583333333,215.962208333333,1.44220833333333,2.760125,224.305208333333,1.44220833333333,252.058333333333,51.1804166666667,243.136291666667,27.19925,-75.8633333333333,-14.4333333333333,500,0.729166666666667
2025-06-08 00:00:00,4943.5,13.42375,10.2754166666667,51.60625,2.46870833333333,215.6375,2.5145,0.0153333333333333,400.701766666667,211.482666666667,19.135625,-74.7345833333333,2.84095833333333,-0.220588235294118,192.33575,-77.5691666666667,114.7725,1.246875,2.407125,270.95,1.246875,246.435208333333,44.10125,136.754458333333,21.9762083333333,-81.6718181818182,-8.68227272727273,500,0.766666666666667
2025-06-09 00:00:00,4967.5,13.3916666666667,10.7829583333333,30.76375,2.469875,201.533333333333,2.518,0.012875,382.212858333333,341.317333333333,34.0767916666667,-108.516666666667,16.6215,Inf,307.1915,-125.14,182.03375,1.16425,2.044,253.811958333333,1.16425,269.2375,40.70875,232.731666666667,50.7000833333333,-95.6727272727273,-12.0036363636364,500,0.64375
2025-06-10 00:00:00,4991.5,13.3991666666667,14.0470833333333,26.0454166666667,2.45316666666667,206.420833333333,2.51529166666667,0.0150416666666667,372.2323125,276.991541666667,28.8409583333333,-93.2675,16.1407916666667,Inf,248.161041666667,-109.411666666667,138.754375,1.02866666666667,2.01091666666667,242.12775,1.02866666666667,265.825,41.44125,183.7275,44.9770416666667,-86.2722222222222,-18.1688888888889,500,0.752083333333334
2025-06-11 00:00:00,5015.5,13.4016666666667,13.2625,35.7091666666667,2.45433333333333,219.208333333333,2.51316666666667,0.0167083333333333,355.886829166667,211.4925,22.0003333333333,-74.545,15.18025,-0.08125,189.4925,-89.7175,99.771625,1.07533333333333,2.239125,260.466666666667,1.07533333333333,256.805,47.6429166666667,136.953333333333,37.1847083333333,-72.4263636363636,-10.9548181818182,500,0.835416666666667
2025-06-12 00:00:00,5039.5,13.3116666666667,13.3579166666667,40.1720833333333,2.4535,223.770833333333,2.51279166666667,0.016875,354.847945833333,191.559708333333,21.1139583333333,-69.4995833333333,11.2815833333333,Inf,170.45725,-80.785,89.6629166666667,1.04275,2.286,249.2375,1.04275,247.846666666667,58.9579166666667,122.067083333333,32.3988333333333,-61.1727272727273,-9.58809090909091,500,0.843750000000001
2025-06-13 00:00:00,5063.5,13.3716666666667,14.179,32.71125,2.45316666666667,216.645833333333,2.51583333333333,0.0146666666666667,358.3093625,210.799333333333,23.9803333333333,-85.26125,10.375875,Inf,186.827333333333,-95.63625,91.18125,0.976625,2.04204166666667,232.873333333333,0.976625,244.166666666667,50.505,125.547916666667,34.3564583333333,-75.979,-10.9495,500,0.733333333333334
2025-06-14 00:00:00,5087.5,13.2945833333333,16.3179166666667,17.1170833333333,2.44295833333333,208.233333333333,2.51483333333333,0.01525,359.386741666667,227.567166666667,26.821125,-103.581666666667,11.93675,Inf,200.768333333333,-115.525833333333,85.245,1.02520833333333,2.11325,239.464166666667,1.02520833333333,260.554166666667,48.85,123.986,38.76125,-99.41,-20.751,500,0.7625
2025-06-15 00:00:00,5111.5,13.3154166666667,17.1404166666667,15.1739583333333,2.44004166666667,209.5125,2.51545833333333,0.0147083333333333,360.6318,220.62025,26.6287916666667,-105.294583333333,10.8404166666667,Inf,193.971083333333,-116.144583333333,77.8325,0.990791666666667,2.024625,224.698708333333,0.990791666666667,254.7875,45.6,115.291666666667,37.4674583333333,-99.9727272727273,-21.2981818181818,500,0.735416666666667
2025-06-16 00:00:00,5135.5,13.3404166666667,16.4754166666667,15.7733333333333,2.443125,208.054166666667,2.515625,0.0147916666666667,353.0425625,194.29,22.73225,-93.4254166666667,8.21833333333333,Inf,171.5615,-101.65375,69.9008333333334,1.03366666666667,2.34354166666667,210.610833333333,1.03366666666667,233.920833333333,50.0529166666667,100.84875,30.953375,-90.8054545454546,-18.5804545454545,500,0.739583333333334
2025-06-17 00:00:00,5159.5,13.4620833333333,9.45225,60.4529166666667,2.47204166666667,219.783333333333,2.51433333333333,0.0152083333333333,341.431629166667,201.305583333333,22.568,-48.123625,17.5822083333333,Inf,178.724583333333,-65.7078333333333,113.032916666667,1.01495833333333,2.08766666666667,202.159583333333,1.01495833333333,210.358333333333,55.7025,153.202583333333,40.150375,-52.6823888888889,16.9046111111111,500,0.760416666666667
2025-06-18 00:00:00,5183.5,13.3904166666667,12.1428333333333,34.0508333333333,2.46304166666667,214.325,2.516875,0.0135833333333333,353.4159875,336.329125,37.9690416666667,-94.49825,25.65925,Inf,298.33375,-120.159541666667,178.189291666667,1.09379166666667,2.21908333333333,229.020416666667,1.09379166666667,264.2375,41.4345833333333,241.835541666667,63.6338333333333,-97.5142857142857,-10.5731428571429,500,0.679166666666667
2025-06-19 00:00:00,5207.5,13.3191666666667,17.2220833333333,18.9166666666667,2.43929166666667,204.575,2.51475,0.0152083333333333,365.510075,299.717833333333,35.4041666666667,-104.041666666667,23.9798333333333,-0.115352941176471,264.302833333333,-128.014583333333,136.271666666667,1.1775,2.40566666666667,268.71125,1.1775,268.345833333333,44.8791666666667,195.666666666667,59.3755416666667,-97.71,-17.5698,500,0.760416666666667
2025-06-20 00:00:00,5231.5,13.3395833333333,18.8833333333333,12.425,2.43370833333333,202.925,2.51625,0.0140416666666667,361.4028625,312.97975,38.1172083333333,-116.616666666667,21.4245833333333,Inf,274.856291666667,-138.025,136.805416666667,1.80220833333333,3.65358333333333,245.254166666667,1.80220833333333,248.929166666667,59.1408333333333,196.349583333333,59.5370416666667,-110.09,-19.3246,500,0.702083333333334
2025-06-21 00:00:00,5255.5,13.30125,18.0791666666667,10.3935416666667,2.43591666666667,202.204166666667,2.51495833333333,0.0154166666666667,364.4446625,343.839291666667,42.7934583333333,-129.2,29.4075416666667,Inf,301.070791666667,-158.6125,142.47875,1.56679166666667,3.218625,230.03375,1.56679166666667,244.829166666667,56.1333333333333,214.659583333333,72.1989166666667,-117.972727272727,-13.2609090909091,500,0.770833333333334
2025-06-22 00:00:00,5279.5,13.36125,14.2783333333333,24.0491666666667,2.45266666666667,204.775,2.51591666666667,0.0143333333333333,348.967195833333,329.675375,40.1691666666667,-110.4,32.6105416666667,Inf,289.477166666667,-143.008333333333,146.49125,1.43783333333333,2.95620833333333,240.333333333333,1.43783333333333,237.733333333333,59.3308333333333,219.259583333333,72.7757083333333,-104.185714285714,-2.99142857142857,500,0.716666666666667
2025-06-23 00:00:00,5303.5,13.3883333333333,10.5830416666667,45.3308333333333,2.46879166666667,211.1625,2.51558333333333,0.014625,348.1857875,336.974958333333,40.803125,-98.6020833333334,40.7362083333333,-0.310958333333333,296.173958333333,-139.332916666667,156.80425,1.113375,2.1955,185.17625,1.113375,176.201875,48.6283333333334,238.3675,81.5415,-88.0642857142857,12.7453571428571,500,0.73125
2025-06-24 00:00:00,5327.5,13.3741666666667,13.2734166666667,49.1991666666667,2.45616666666667,209.395833333333,2.51479166666667,0.0140416666666667,346.610933333333,191.172833333333,23.3940833333333,-72.4845833333333,18.57325,Inf,167.787125,-91.0575,76.7233333333334,0.931333333333333,2.02075,206.997083333333,0.931333333333333,231.77,48.4408333333333,118.699583333333,41.972875,-72.1463636363636,0.0420909090909092,500,0.702083333333334
2025-06-25 00:00:00,5351.5,13.4070833333333,12.173,36.315,2.461625,212.0125,2.51583333333333,0.0143333333333333,341.629895833333,195.795833333333,23.5109166666667,-74.3241666666667,17.9249166666667,0.0569333333333334,172.291166666667,-92.2508333333333,80.0333333333333,0.990125,2.17979166666667,229.14175,0.990125,223.867625,50.0241666666667,121.470416666667,41.4398333333333,-76.5788235294118,3.25288235294118,500,0.716666666666667
2025-06-26 00:00:00,5375.5,13.3883333333333,12.6334583333333,32.01625,2.459375,209.6875,2.51545833333333,0.01425,344.31045,259.417375,31.3747083333333,-89.5241666666667,24.88725,Inf,228.035666666667,-114.407083333333,113.61375,1.03270833333333,2.117375,220.64025,1.03270833333333,252.745833333333,44.6220833333333,169.849583333333,56.257625,-89.7941176470588,2.86976470588235,500,0.7125
2025-06-27 00:00:00,5399.5,13.3608333333333,15.5991666666667,21.9641666666667,2.4485,206.841666666667,2.51729166666667,0.0135,349.8084875,228.400208333333,28.0056666666667,-95.6008333333333,17.31625,Inf,200.410291666667,-112.910833333333,87.495,0.947041666666667,1.90916666666667,208.5825,0.947041666666667,226.695833333333,50.34625,132.81375,45.3181666666667,-96.3583333333333,-14.0074166666667,500,0.675
2025-06-28 00:00:00,5423.5,13.3116666666667,16.3975,17.4254166666667,2.44366666666667,201.420833333333,2.51583333333333,0.0140416666666667,353.862425,281.851458333333,34.1814166666667,-98.3020833333334,26.4364583333333,Inf,247.680041666667,-124.742083333333,122.947083333333,1.06204166666667,2.19095833333333,249.820833333333,1.06204166666667,254.4,44.8608333333333,183.59125,60.6097916666667,-92.8666666666667,-13.6760833333333,500,0.702083333333334
2025-06-29 00:00:00,5447.5,13.3333333333333,15.2220833333333,27.3754166666667,2.44745833333333,208.829166666667,2.51458333333333,0.016,350.828716666667,283.968125,33.8915833333333,-98.6508333333333,28.14575,-0.017125,250.084958333333,-126.789166666667,123.277083333333,1.19679166666667,2.4145,219.113541666667,1.19679166666667,255.775833333333,47.915,185.325,62.037625,-90.4861538461538,-9.57184615384615,500,0.8
2025-06-30 00:00:00,5471.5,13.3520833333333,12.8494166666667,54.3945833333333,2.45704166666667,212.508333333333,2.51391666666667,0.0165416666666667,350.479966666667,328.944791666667,39.2177083333333,-92.7433333333333,40.99325,Inf,289.785416666667,-133.74125,156.018333333333,1.117125,2.03358333333333,139.423041666667,1.117125,151.321166666667,37.8783333333333,236.250416666667,80.2028333333333,-82.57,9.57521428571429,500,0.827083333333334
2025-07-01 00:00:00,5495.5,13.3170833333333,15.8379166666667,36.7729166666667,2.44345833333333,208.991666666667,2.51308333333333,0.0168333333333333,356.560020833333,277.75825,33.2821666666667,-86.4108333333333,29.80275,-0.16555,244.477208333333,-116.22125,128.26,1.10204166666667,2.33554166666667,222.58125,1.10204166666667,230.157333333333,50.0220833333333,191.351666666667,63.0846666666667,-79.7345454545455,-4.98218181818182,500,0.841666666666667
2025-07-02 00:00:00,5519.5,13.3429166666667,15.5533333333333,34.8325,2.44658333333333,210.779166666667,2.51508333333333,0.0158333333333333,342.316745833333,116.210125,14.8608333333333,-67.9020833333333,6.27895833333333,-0.237611111111111,101.357,-74.1754166666667,27.183125,0.817625,1.72979166666667,187.890833333333,0.817625,165.45125,50.405,48.3158333333333,21.1401666666667,-68.3155555555555,-2.74066666666667,NaN,NaN
2025-07-03 00:00:00,5543.5,13.27375,15.30125,41.9108333333333,2.4465,206.433333333333,2.51395833333333,0.01675,354.3422,217.343125,26.124875,-71.8545833333333,20.9593333333333,-0.323888888888889,191.238208333333,-92.8216666666667,98.3967083333333,0.898541666666667,1.84295833333333,189.614583333333,0.898541666666667,179.164583333333,59.7595833333333,145.487791666667,47.0779583333333,-62.9935714285714,-7.43728571428571,NaN,NaN
2025-07-04 00:00:00,5567.5,13.4170833333333,11.557,69.6479166666667,2.46416666666667,208.283333333333,2.51558333333333,0.0137916666666667,347.539479166667,220.52425,17.3567916666667,-37.753875,8.63854166666667,-0.68147619047619,203.173541666667,-46.3930833333333,156.788583333333,1.16854166666667,2.478125,236.581666666667,1.16854166666667,247.241666666667,56.2591666666667,182.777208333333,25.9964583333333,-45.1535,-2.91516666666667,NaN,NaN
2025-07-05 00:00:00,5591.5,13.3979166666667,12.84375,50.2241666666667,2.45795833333333,201.554166666667,2.51483333333333,0.0151666666666667,351.6088375,240.198541666667,25.178375,-57.6387083333333,9.93508333333333,Inf,215.026875,-67.571,147.461875,0.995166666666667,2.27695833333333,248.775,0.995166666666667,238.675,54.9975,182.556875,35.1107083333333,-57.8653333333333,-5.61733333333333,NaN,NaN
2025-07-06 00:00:00,5615.5,13.4029166666667,13.8166666666667,35.8325,2.45379166666667,203.316666666667,2.515,0.0149583333333333,347.382691666667,200.016625,23.2345833333333,-85.9483333333333,6.40545833333333,Inf,176.769958333333,-92.3558333333333,84.4201666666666,0.902166666666667,1.81116666666667,204.355833333333,0.902166666666667,219.199166666667,46.8420833333333,114.05625,29.6403333333333,-83.5007142857143,-8.35878571428571,NaN,NaN
2025-07-07 00:00:00,5639.5,13.3533333333333,15.81,23.8954166666667,2.44508333333333,205.016666666667,2.51475,0.0150416666666667,352.296529166667,277.116583333333,32.345375,-102.720833333333,16.3598333333333,Inf,244.791583333333,-119.07875,125.72125,1.08929166666667,2.05670833333333,273.283333333333,1.08929166666667,269.383333333333,41.2279166666667,174.420416666667,48.7039166666667,-93.0316666666667,-16.5545,NaN,NaN
2025-07-08 00:00:00,5663.5,13.3525,17.2933333333333,18.0129166666667,2.43845833333333,203.375,2.51433333333333,0.0157916666666667,353.734629166667,251.501291666667,29.3573333333333,-101.850833333333,16.4409166666667,Inf,222.194375,-118.28125,103.895416666667,1.14025,2.23120833333333,222.241708333333,1.14025,274.041666666667,33.1165416666667,149.697916666667,45.7976666666667,-92.4963636363636,-18.551,NaN,NaN
2025-07-09 00:00:00,5687.5,13.2825,19.1004166666667,15.6520833333333,2.43145833333333,206.633333333333,2.51504166666667,0.016125,363.772279166667,325.8,38.2104583333333,-107.375,28.042625,Inf,287.529958333333,-135.408333333333,152.144166666667,1.19891666666667,2.464,220.094291666667,1.19891666666667,262.85,44.715,218.420791666667,66.252875,-90.538,-18.8547,NaN,NaN
2025-07-10 00:00:00,5711.5,13.3929166666667,13.9475,41.7341666666667,2.4515,207.866666666667,2.51333333333333,0.0161666666666667,343.8885875,219.724166666667,26.0719583333333,-70.3750833333333,16.828875,0.272176470588235,193.67375,-87.2127916666667,106.457916666667,1.241125,2.50566666666667,263.045625,1.24116666666667,276.604166666667,42.5633333333333,149.362625,42.9027916666667,-66.136,3.00805555555556,NaN,NaN
2025-07-11 00:00:00,5735.5,13.3745833333333,14.2975,46.4033333333333,2.449125,206.0125,2.512375,0.017125,346.155645833333,218.491958333333,25.615,-75.6133333333333,21.9847916666667,Inf,192.879875,-97.60125,95.2670833333333,1.06070833333333,2.04195833333333,159.712458333333,1.06070833333333,152.24625,45.8983333333333,142.861166666667,47.6043333333333,-72.4776923076923,-4.56776923076923,NaN,NaN
2025-07-12 00:00:00,5759.5,13.3475,14.336375,47.27875,2.44995833333333,208.516666666667,2.513125,0.0160416666666667,352.529454166667,309.892625,36.2409166666667,-83.0202083333333,35.6602916666667,-0.342136363636364,273.677083333333,-118.6875,154.988833333333,1.16554166666667,2.20191666666667,245.822375,1.16554166666667,274.409583333333,41.34375,226.884083333333,71.8882916666667,-64.852,-4.749,NaN,NaN
2025-07-13 00:00:00,5783.5,13.3170833333333,16.4366666666667,33.0441666666667,2.44341666666667,208.829166666667,2.51558333333333,0.0142083333333333,355.09885,246.508708333333,28.9258333333333,-81.8658333333333,26.3337083333333,-0.515090909090909,217.578,-108.20625,109.3525,0.945833333333333,1.90020833333333,157.189041666667,0.945833333333333,152.722625,47.1334166666667,164.615833333333,55.2620416666667,-79.6858333333333,-7.02183333333333,NaN,NaN
2025-07-14 00:00:00,5807.5,13.3508333333333,16.0104166666667,33.6891666666667,2.44270833333333,212.833333333333,2.51316666666667,0.0168541666666667,344.503154166667,149.688291666667,17.4997916666667,-76.3616666666667,3.56916666666667,Inf,132.184166666667,-79.9304166666667,52.2516666666667,0.840791666666667,1.90845833333333,201.738333333333,0.840791666666667,214.107916666667,56.6179166666667,73.3270833333333,21.0686666666667,-79.716,-9.15173333333333,NaN,NaN
2025-07-15 00:00:00,5831.5,13.345,16.2308333333333,25.5891666666667,2.439375,212.145833333333,2.51083333333333,0.0170833333333333,347.8465,283.079458333333,33.2466666666667,-97.4870833333334,20.2544166666667,Inf,249.786583333333,-117.732083333333,132.066375,1.377375,2.69825,238.284166666667,1.377375,267.45,44.5091666666667,185.570416666667,53.4985,-89.0941666666667,-15.1133333333333,NaN,NaN
2025-07-16 00:00:00,5855.5,13.3466666666667,14.7691666666667,42.62,2.44841666666667,216.625,2.513625,0.0162916666666667,345.929404166667,239.926875,28.29625,-68.2222916666666,25.14275,Inf,211.599083333333,-93.362625,118.232083333333,1.05575,2.21570833333333,215.580833333333,1.05575,217.607083333333,47.045,171.654791666667,53.4482916666667,-63.3170666666667,3.01593333333333,NaN,NaN
2025-07-17 00:00:00,5872,12.8088888888889,11.7188888888889,44.8433333333333,2.46033333333333,217.3,2.51244444444444,0.0148888888888889,337.758711111111,50.017,11.1744444444444,-73.9366666666667,-5.96288888888889,Inf,38.8447777777778,-67.9711111111111,-29.1244444444444,0.776555555555556,1.60366666666667,248.955555555556,0.776555555555556,251.377777777778,34.43,-23.9111111111111,5.21088888888889,-88.4966666666667,-6.32766666666667,NaN,NaN
