TIMESTAMP,RECORD,BattV_Min,AirTC_Avg,RH,DT_Avg,Q_Avg,TCDT_Avg,DBTCDT_Avg,BP_mbar_Avg,CM3Up_Avg,CM3Dn_Avg,CG3Up_Avg,CG3Dn_Avg,Albedo_Avg,NetRs_Avg,NetRl_Avg,NetTot_Avg,WS_ms_Avg,WS_ms_Max,WindDir,WS_ms_S_WVT,WindDir_D1_WVT,WindDir_SD1_WVT,UpTot_Avg,DnTot_Avg,CG3UpCo_Avg,CG3DnCo_Avg,UFN_density,SWE
2020-10-01 00:00:00,NaN,NaN,NaN,NaN,NaN,NaN,NaN,NaN,NaN,NaN,NaN,NaN,NaN,NaN,NaN,NaN,NaN,NaN,NaN,NaN,NaN,NaN,NaN,NaN,NaN,NaN,NaN,NaN,NaN
2020-10-02 00:00:00,NaN,NaN,NaN,NaN,NaN,NaN,NaN,NaN,NaN,NaN,NaN,NaN,NaN,NaN,NaN,NaN,NaN,NaN,NaN,NaN,NaN,NaN,NaN,NaN,NaN,NaN,NaN,NaN,NaN
2020-10-03 00:00:00,NaN,NaN,NaN,NaN,NaN,NaN,NaN,NaN,NaN,NaN,NaN,NaN,NaN,NaN,NaN,NaN,NaN,NaN,NaN,NaN,NaN,NaN,NaN,NaN,NaN,NaN,NaN,NaN,NaN
2020-10-04 00:00:00,NaN,NaN,NaN,NaN,NaN,NaN,NaN,NaN,NaN,NaN,NaN,NaN,NaN,NaN,NaN,NaN,NaN,NaN,NaN,NaN,NaN,NaN,NaN,NaN,NaN,NaN,NaN,NaN,NaN
2020-10-05 00:00:00,NaN,NaN,NaN,NaN,NaN,NaN,NaN,NaN,NaN,NaN,NaN,NaN,NaN,NaN,NaN,NaN,NaN,NaN,NaN,NaN,NaN,NaN,NaN,NaN,NaN,NaN,NaN,NaN,NaN
2020-10-06 00:00:00,NaN,NaN,NaN,NaN,NaN,NaN,NaN,NaN,NaN,NaN,NaN,NaN,NaN,NaN,NaN,NaN,NaN,NaN,NaN,NaN,NaN,NaN,NaN,NaN,NaN,NaN,NaN,NaN,NaN
2020-10-07 00:00:00,NaN,NaN,NaN,NaN,NaN,NaN,NaN,NaN,NaN,NaN,NaN,NaN,NaN,NaN,NaN,NaN,NaN,NaN,NaN,NaN,NaN,NaN,NaN,NaN,NaN,NaN,NaN,NaN,NaN
2020-10-08 00:00:00,NaN,NaN,NaN,NaN,NaN,NaN,NaN,NaN,NaN,NaN,NaN,NaN,NaN,NaN,NaN,NaN,NaN,NaN,NaN,NaN,NaN,NaN,NaN,NaN,NaN,NaN,NaN,NaN,NaN
2020-10-09 00:00:00,NaN,NaN,NaN,NaN,NaN,NaN,NaN,NaN,NaN,NaN,NaN,NaN,NaN,NaN,NaN,NaN,NaN,NaN,NaN,NaN,NaN,NaN,NaN,NaN,NaN,NaN,NaN,NaN,NaN
2020-10-10 00:00:00,NaN,NaN,NaN,NaN,NaN,NaN,NaN,NaN,NaN,NaN,NaN,NaN,NaN,NaN,NaN,NaN,NaN,NaN,NaN,NaN,NaN,NaN,NaN,NaN,NaN,NaN,NaN,NaN,NaN
2020-10-11 00:00:00,NaN,NaN,NaN,NaN,NaN,NaN,NaN,NaN,NaN,NaN,NaN,NaN,NaN,NaN,NaN,NaN,NaN,NaN,NaN,NaN,NaN,NaN,NaN,NaN,NaN,NaN,NaN,NaN,NaN
2020-10-12 00:00:00,NaN,NaN,NaN,NaN,NaN,NaN,NaN,NaN,NaN,NaN,NaN,NaN,NaN,NaN,NaN,NaN,NaN,NaN,NaN,NaN,NaN,NaN,NaN,NaN,NaN,NaN,NaN,NaN,NaN
2020-10-13 00:00:00,NaN,NaN,NaN,NaN,NaN,NaN,NaN,NaN,NaN,NaN,NaN,NaN,NaN,NaN,NaN,NaN,NaN,NaN,NaN,NaN,NaN,NaN,NaN,NaN,NaN,NaN,NaN,NaN,NaN
2020-10-14 00:00:00,NaN,NaN,NaN,NaN,NaN,NaN,NaN,NaN,NaN,NaN,NaN,NaN,NaN,NaN,NaN,NaN,NaN,NaN,NaN,NaN,NaN,NaN,NaN,NaN,NaN,NaN,NaN,NaN,NaN
2020-10-15 00:00:00,NaN,NaN,NaN,NaN,NaN,NaN,NaN,NaN,NaN,NaN,NaN,NaN,NaN,NaN,NaN,NaN,NaN,NaN,NaN,NaN,NaN,NaN,NaN,NaN,NaN,NaN,NaN,NaN,NaN
2020-10-16 00:00:00,NaN,NaN,NaN,NaN,NaN,NaN,NaN,NaN,NaN,NaN,NaN,NaN,NaN,NaN,NaN,NaN,NaN,NaN,NaN,NaN,NaN,NaN,NaN,NaN,NaN,NaN,NaN,NaN,NaN
2020-10-17 00:00:00,NaN,NaN,NaN,NaN,NaN,NaN,NaN,NaN,NaN,NaN,NaN,NaN,NaN,NaN,NaN,NaN,NaN,NaN,NaN,NaN,NaN,NaN,NaN,NaN,NaN,NaN,NaN,NaN,NaN
2020-10-18 00:00:00,NaN,NaN,NaN,NaN,NaN,NaN,NaN,NaN,NaN,NaN,NaN,NaN,NaN,NaN,NaN,NaN,NaN,NaN,NaN,NaN,NaN,NaN,NaN,NaN,NaN,NaN,NaN,NaN,NaN
2020-10-19 00:00:00,NaN,NaN,NaN,NaN,NaN,NaN,NaN,NaN,NaN,NaN,NaN,NaN,NaN,NaN,NaN,NaN,NaN,NaN,NaN,NaN,NaN,NaN,NaN,NaN,NaN,NaN,NaN,NaN,NaN
2020-10-20 00:00:00,NaN,NaN,NaN,NaN,NaN,NaN,NaN,NaN,NaN,NaN,NaN,NaN,NaN,NaN,NaN,NaN,NaN,NaN,NaN,NaN,NaN,NaN,NaN,NaN,NaN,NaN,NaN,NaN,NaN
2020-10-21 00:00:00,NaN,NaN,NaN,NaN,NaN,NaN,NaN,NaN,NaN,NaN,NaN,NaN,NaN,NaN,NaN,NaN,NaN,NaN,NaN,NaN,NaN,NaN,NaN,NaN,NaN,NaN,NaN,NaN,NaN
2020-10-22 00:00:00,NaN,NaN,NaN,NaN,NaN,NaN,NaN,NaN,NaN,NaN,NaN,NaN,NaN,NaN,NaN,NaN,NaN,NaN,NaN,NaN,NaN,NaN,NaN,NaN,NaN,NaN,NaN,NaN,NaN
2020-10-23 00:00:00,NaN,NaN,NaN,NaN,NaN,NaN,NaN,NaN,NaN,NaN,NaN,NaN,NaN,NaN,NaN,NaN,NaN,NaN,NaN,NaN,NaN,NaN,NaN,NaN,NaN,NaN,NaN,NaN,NaN
2020-10-24 00:00:00,NaN,NaN,NaN,NaN,NaN,NaN,NaN,NaN,NaN,NaN,NaN,NaN,NaN,NaN,NaN,NaN,NaN,NaN,NaN,NaN,NaN,NaN,NaN,NaN,NaN,NaN,NaN,NaN,NaN
2020-10-25 00:00:00,NaN,NaN,NaN,NaN,NaN,NaN,NaN,NaN,NaN,NaN,NaN,NaN,NaN,NaN,NaN,NaN,NaN,NaN,NaN,NaN,NaN,NaN,NaN,NaN,NaN,NaN,NaN,NaN,NaN
2020-10-26 00:00:00,NaN,NaN,NaN,NaN,NaN,NaN,NaN,NaN,NaN,NaN,NaN,NaN,NaN,NaN,NaN,NaN,NaN,NaN,NaN,NaN,NaN,NaN,NaN,NaN,NaN,NaN,NaN,NaN,NaN
2020-10-27 00:00:00,NaN,NaN,NaN,NaN,NaN,NaN,NaN,NaN,NaN,NaN,NaN,NaN,NaN,NaN,NaN,NaN,NaN,NaN,NaN,NaN,NaN,NaN,NaN,NaN,NaN,NaN,NaN,NaN,NaN
2020-10-28 00:00:00,NaN,NaN,NaN,NaN,NaN,NaN,NaN,NaN,NaN,NaN,NaN,NaN,NaN,NaN,NaN,NaN,NaN,NaN,NaN,NaN,NaN,NaN,NaN,NaN,NaN,NaN,NaN,NaN,NaN
2020-10-29 00:00:00,NaN,NaN,NaN,NaN,NaN,NaN,NaN,NaN,NaN,NaN,NaN,NaN,NaN,NaN,NaN,NaN,NaN,NaN,NaN,NaN,NaN,NaN,NaN,NaN,NaN,NaN,NaN,NaN,NaN
2020-10-30 00:00:00,NaN,NaN,NaN,NaN,NaN,NaN,NaN,NaN,NaN,NaN,NaN,NaN,NaN,NaN,NaN,NaN,NaN,NaN,NaN,NaN,NaN,NaN,NaN,NaN,NaN,NaN,NaN,NaN,NaN
2020-10-31 00:00:00,NaN,NaN,NaN,NaN,NaN,NaN,NaN,NaN,NaN,NaN,NaN,NaN,NaN,NaN,NaN,NaN,NaN,NaN,NaN,NaN,NaN,NaN,NaN,NaN,NaN,NaN,NaN,NaN,NaN
2020-11-01 00:00:00,NaN,NaN,NaN,NaN,NaN,NaN,NaN,NaN,NaN,NaN,NaN,NaN,NaN,NaN,NaN,NaN,NaN,NaN,NaN,NaN,NaN,NaN,NaN,NaN,NaN,NaN,NaN,NaN,NaN
2020-11-02 00:00:00,NaN,NaN,NaN,NaN,NaN,NaN,NaN,NaN,NaN,NaN,NaN,NaN,NaN,NaN,NaN,NaN,NaN,NaN,NaN,NaN,NaN,NaN,NaN,NaN,NaN,NaN,NaN,NaN,NaN
2020-11-03 00:00:00,NaN,NaN,NaN,NaN,NaN,NaN,NaN,NaN,NaN,NaN,NaN,NaN,NaN,NaN,NaN,NaN,NaN,NaN,NaN,NaN,NaN,NaN,NaN,NaN,NaN,NaN,NaN,NaN,NaN
2020-11-04 00:00:00,NaN,NaN,NaN,NaN,NaN,NaN,NaN,NaN,NaN,NaN,NaN,NaN,NaN,NaN,NaN,NaN,NaN,NaN,NaN,NaN,NaN,NaN,NaN,NaN,NaN,NaN,NaN,NaN,NaN
2020-11-05 00:00:00,NaN,NaN,NaN,NaN,NaN,NaN,NaN,NaN,NaN,NaN,NaN,NaN,NaN,NaN,NaN,NaN,NaN,NaN,NaN,NaN,NaN,NaN,NaN,NaN,NaN,NaN,NaN,NaN,NaN
2020-11-06 00:00:00,NaN,NaN,NaN,NaN,NaN,NaN,NaN,NaN,NaN,NaN,NaN,NaN,NaN,NaN,NaN,NaN,NaN,NaN,NaN,NaN,NaN,NaN,NaN,NaN,NaN,NaN,NaN,NaN,NaN
2020-11-07 00:00:00,NaN,NaN,NaN,NaN,NaN,NaN,NaN,NaN,NaN,NaN,NaN,NaN,NaN,NaN,NaN,NaN,NaN,NaN,NaN,NaN,NaN,NaN,NaN,NaN,NaN,NaN,NaN,NaN,NaN
2020-11-08 00:00:00,NaN,NaN,NaN,NaN,NaN,NaN,NaN,NaN,NaN,NaN,NaN,NaN,NaN,NaN,NaN,NaN,NaN,NaN,NaN,NaN,NaN,NaN,NaN,NaN,NaN,NaN,NaN,NaN,NaN
2020-11-09 00:00:00,NaN,NaN,NaN,NaN,NaN,NaN,NaN,NaN,NaN,NaN,NaN,NaN,NaN,NaN,NaN,NaN,NaN,NaN,NaN,NaN,NaN,NaN,NaN,NaN,NaN,NaN,NaN,NaN,NaN
2020-11-10 00:00:00,NaN,NaN,NaN,NaN,NaN,NaN,NaN,NaN,NaN,NaN,NaN,NaN,NaN,NaN,NaN,NaN,NaN,NaN,NaN,NaN,NaN,NaN,NaN,NaN,NaN,NaN,NaN,NaN,NaN
2020-11-11 00:00:00,NaN,NaN,NaN,NaN,NaN,NaN,NaN,NaN,NaN,NaN,NaN,NaN,NaN,NaN,NaN,NaN,NaN,NaN,NaN,NaN,NaN,NaN,NaN,NaN,NaN,NaN,NaN,NaN,NaN
2020-11-12 00:00:00,NaN,NaN,NaN,NaN,NaN,NaN,NaN,NaN,NaN,NaN,NaN,NaN,NaN,NaN,NaN,NaN,NaN,NaN,NaN,NaN,NaN,NaN,NaN,NaN,NaN,NaN,NaN,NaN,NaN
2020-11-13 00:00:00,NaN,NaN,NaN,NaN,NaN,NaN,NaN,NaN,NaN,NaN,NaN,NaN,NaN,NaN,NaN,NaN,NaN,NaN,NaN,NaN,NaN,NaN,NaN,NaN,NaN,NaN,NaN,NaN,NaN
2020-11-14 00:00:00,NaN,NaN,NaN,NaN,NaN,NaN,NaN,NaN,NaN,NaN,NaN,NaN,NaN,NaN,NaN,NaN,NaN,NaN,NaN,NaN,NaN,NaN,NaN,NaN,NaN,NaN,NaN,NaN,NaN
2020-11-15 00:00:00,NaN,NaN,NaN,NaN,NaN,NaN,NaN,NaN,NaN,NaN,NaN,NaN,NaN,NaN,NaN,NaN,NaN,NaN,NaN,NaN,NaN,NaN,NaN,NaN,NaN,NaN,NaN,NaN,NaN
2020-11-16 00:00:00,NaN,NaN,NaN,NaN,NaN,NaN,NaN,NaN,NaN,NaN,NaN,NaN,NaN,NaN,NaN,NaN,NaN,NaN,NaN,NaN,NaN,NaN,NaN,NaN,NaN,NaN,NaN,NaN,NaN
2020-11-17 00:00:00,NaN,NaN,NaN,NaN,NaN,NaN,NaN,NaN,NaN,NaN,NaN,NaN,NaN,NaN,NaN,NaN,NaN,NaN,NaN,NaN,NaN,NaN,NaN,NaN,NaN,NaN,NaN,NaN,NaN
2020-11-18 00:00:00,NaN,NaN,NaN,NaN,NaN,NaN,NaN,NaN,NaN,NaN,NaN,NaN,NaN,NaN,NaN,NaN,NaN,NaN,NaN,NaN,NaN,NaN,NaN,NaN,NaN,NaN,NaN,NaN,NaN
2020-11-19 00:00:00,NaN,NaN,NaN,NaN,NaN,NaN,NaN,NaN,NaN,NaN,NaN,NaN,NaN,NaN,NaN,NaN,NaN,NaN,NaN,NaN,NaN,NaN,NaN,NaN,NaN,NaN,NaN,NaN,NaN
2020-11-20 00:00:00,NaN,NaN,NaN,NaN,NaN,NaN,NaN,NaN,NaN,NaN,NaN,NaN,NaN,NaN,NaN,NaN,NaN,NaN,NaN,NaN,NaN,NaN,NaN,NaN,NaN,NaN,NaN,NaN,NaN
2020-11-21 00:00:00,NaN,NaN,NaN,NaN,NaN,NaN,NaN,NaN,NaN,NaN,NaN,NaN,NaN,NaN,NaN,NaN,NaN,NaN,NaN,NaN,NaN,NaN,NaN,NaN,NaN,NaN,NaN,NaN,NaN
2020-11-22 00:00:00,NaN,NaN,NaN,NaN,NaN,NaN,NaN,NaN,NaN,NaN,NaN,NaN,NaN,NaN,NaN,NaN,NaN,NaN,NaN,NaN,NaN,NaN,NaN,NaN,NaN,NaN,NaN,NaN,NaN
2020-11-23 00:00:00,NaN,NaN,NaN,NaN,NaN,NaN,NaN,NaN,NaN,NaN,NaN,NaN,NaN,NaN,NaN,NaN,NaN,NaN,NaN,NaN,NaN,NaN,NaN,NaN,NaN,NaN,NaN,NaN,NaN
2020-11-24 00:00:00,NaN,NaN,NaN,NaN,NaN,NaN,NaN,NaN,NaN,NaN,NaN,NaN,NaN,NaN,NaN,NaN,NaN,NaN,NaN,NaN,NaN,NaN,NaN,NaN,NaN,NaN,NaN,NaN,NaN
2020-11-25 00:00:00,NaN,NaN,NaN,NaN,NaN,NaN,NaN,NaN,NaN,NaN,NaN,NaN,NaN,NaN,NaN,NaN,NaN,NaN,NaN,NaN,NaN,NaN,NaN,NaN,NaN,NaN,NaN,NaN,NaN
2020-11-26 00:00:00,NaN,NaN,NaN,NaN,NaN,NaN,NaN,NaN,NaN,NaN,NaN,NaN,NaN,NaN,NaN,NaN,NaN,NaN,NaN,NaN,NaN,NaN,NaN,NaN,NaN,NaN,NaN,NaN,NaN
2020-11-27 00:00:00,NaN,NaN,NaN,NaN,NaN,NaN,NaN,NaN,NaN,NaN,NaN,NaN,NaN,NaN,NaN,NaN,NaN,NaN,NaN,NaN,NaN,NaN,NaN,NaN,NaN,NaN,NaN,NaN,NaN
2020-11-28 00:00:00,NaN,NaN,NaN,NaN,NaN,NaN,NaN,NaN,NaN,NaN,NaN,NaN,NaN,NaN,NaN,NaN,NaN,NaN,NaN,NaN,NaN,NaN,NaN,NaN,NaN,NaN,NaN,NaN,NaN
2020-11-29 00:00:00,NaN,NaN,NaN,NaN,NaN,NaN,NaN,NaN,NaN,NaN,NaN,NaN,NaN,NaN,NaN,NaN,NaN,NaN,NaN,NaN,NaN,NaN,NaN,NaN,NaN,NaN,NaN,NaN,NaN
2020-11-30 00:00:00,NaN,NaN,NaN,NaN,NaN,NaN,NaN,NaN,NaN,NaN,NaN,NaN,NaN,NaN,NaN,NaN,NaN,NaN,NaN,NaN,NaN,NaN,NaN,NaN,NaN,NaN,NaN,NaN,NaN
2020-12-01 00:00:00,NaN,NaN,NaN,NaN,NaN,NaN,NaN,NaN,NaN,NaN,NaN,NaN,NaN,NaN,NaN,NaN,NaN,NaN,NaN,NaN,NaN,NaN,NaN,NaN,NaN,NaN,NaN,NaN,NaN
2020-12-02 00:00:00,NaN,NaN,NaN,NaN,NaN,NaN,NaN,NaN,NaN,NaN,NaN,NaN,NaN,NaN,NaN,NaN,NaN,NaN,NaN,NaN,NaN,NaN,NaN,NaN,NaN,NaN,NaN,NaN,NaN
2020-12-03 00:00:00,NaN,NaN,NaN,NaN,NaN,NaN,NaN,NaN,NaN,NaN,NaN,NaN,NaN,NaN,NaN,NaN,NaN,NaN,NaN,NaN,NaN,NaN,NaN,NaN,NaN,NaN,NaN,NaN,NaN
2020-12-04 00:00:00,NaN,NaN,NaN,NaN,NaN,NaN,NaN,NaN,NaN,NaN,NaN,NaN,NaN,NaN,NaN,NaN,NaN,NaN,NaN,NaN,NaN,NaN,NaN,NaN,NaN,NaN,NaN,NaN,NaN
2020-12-05 00:00:00,NaN,NaN,NaN,NaN,NaN,NaN,NaN,NaN,NaN,NaN,NaN,NaN,NaN,NaN,NaN,NaN,NaN,NaN,NaN,NaN,NaN,NaN,NaN,NaN,NaN,NaN,NaN,NaN,NaN
2020-12-06 00:00:00,NaN,NaN,NaN,NaN,NaN,NaN,NaN,NaN,NaN,NaN,NaN,NaN,NaN,NaN,NaN,NaN,NaN,NaN,NaN,NaN,NaN,NaN,NaN,NaN,NaN,NaN,NaN,NaN,NaN
2020-12-07 00:00:00,NaN,NaN,NaN,NaN,NaN,NaN,NaN,NaN,NaN,NaN,NaN,NaN,NaN,NaN,NaN,NaN,NaN,NaN,NaN,NaN,NaN,NaN,NaN,NaN,NaN,NaN,NaN,NaN,NaN
2020-12-08 00:00:00,NaN,NaN,NaN,NaN,NaN,NaN,NaN,NaN,NaN,NaN,NaN,NaN,NaN,NaN,NaN,NaN,NaN,NaN,NaN,NaN,NaN,NaN,NaN,NaN,NaN,NaN,NaN,NaN,NaN
2020-12-09 00:00:00,NaN,NaN,NaN,NaN,NaN,NaN,NaN,NaN,NaN,NaN,NaN,NaN,NaN,NaN,NaN,NaN,NaN,NaN,NaN,NaN,NaN,NaN,NaN,NaN,NaN,NaN,NaN,NaN,NaN
2020-12-10 00:00:00,NaN,NaN,NaN,NaN,NaN,NaN,NaN,NaN,NaN,NaN,NaN,NaN,NaN,NaN,NaN,NaN,NaN,NaN,NaN,NaN,NaN,NaN,NaN,NaN,NaN,NaN,NaN,NaN,NaN
2020-12-11 00:00:00,NaN,NaN,NaN,NaN,NaN,NaN,NaN,NaN,NaN,NaN,NaN,NaN,NaN,NaN,NaN,NaN,NaN,NaN,NaN,NaN,NaN,NaN,NaN,NaN,NaN,NaN,NaN,NaN,NaN
2020-12-12 00:00:00,NaN,NaN,NaN,NaN,NaN,NaN,NaN,NaN,NaN,NaN,NaN,NaN,NaN,NaN,NaN,NaN,NaN,NaN,NaN,NaN,NaN,NaN,NaN,NaN,NaN,NaN,NaN,NaN,NaN
2020-12-13 00:00:00,NaN,NaN,NaN,NaN,NaN,NaN,NaN,NaN,NaN,NaN,NaN,NaN,NaN,NaN,NaN,NaN,NaN,NaN,NaN,NaN,NaN,NaN,NaN,NaN,NaN,NaN,NaN,NaN,NaN
2020-12-14 00:00:00,NaN,NaN,NaN,NaN,NaN,NaN,NaN,NaN,NaN,NaN,NaN,NaN,NaN,NaN,NaN,NaN,NaN,NaN,NaN,NaN,NaN,NaN,NaN,NaN,NaN,NaN,NaN,NaN,NaN
2020-12-15 00:00:00,NaN,NaN,NaN,NaN,NaN,NaN,NaN,NaN,NaN,NaN,NaN,NaN,NaN,NaN,NaN,NaN,NaN,NaN,NaN,NaN,NaN,NaN,NaN,NaN,NaN,NaN,NaN,NaN,NaN
2020-12-16 00:00:00,NaN,NaN,NaN,NaN,NaN,NaN,NaN,NaN,NaN,NaN,NaN,NaN,NaN,NaN,NaN,NaN,NaN,NaN,NaN,NaN,NaN,NaN,NaN,NaN,NaN,NaN,NaN,NaN,NaN
2020-12-17 00:00:00,NaN,NaN,NaN,NaN,NaN,NaN,NaN,NaN,NaN,NaN,NaN,NaN,NaN,NaN,NaN,NaN,NaN,NaN,NaN,NaN,NaN,NaN,NaN,NaN,NaN,NaN,NaN,NaN,NaN
2020-12-18 00:00:00,NaN,NaN,NaN,NaN,NaN,NaN,NaN,NaN,NaN,NaN,NaN,NaN,NaN,NaN,NaN,NaN,NaN,NaN,NaN,NaN,NaN,NaN,NaN,NaN,NaN,NaN,NaN,NaN,NaN
2020-12-19 00:00:00,NaN,NaN,NaN,NaN,NaN,NaN,NaN,NaN,NaN,NaN,NaN,NaN,NaN,NaN,NaN,NaN,NaN,NaN,NaN,NaN,NaN,NaN,NaN,NaN,NaN,NaN,NaN,NaN,NaN
2020-12-20 00:00:00,NaN,NaN,NaN,NaN,NaN,NaN,NaN,NaN,NaN,NaN,NaN,NaN,NaN,NaN,NaN,NaN,NaN,NaN,NaN,NaN,NaN,NaN,NaN,NaN,NaN,NaN,NaN,NaN,NaN
2020-12-21 00:00:00,NaN,NaN,NaN,NaN,NaN,NaN,NaN,NaN,NaN,NaN,NaN,NaN,NaN,NaN,NaN,NaN,NaN,NaN,NaN,NaN,NaN,NaN,NaN,NaN,NaN,NaN,NaN,NaN,NaN
2020-12-22 00:00:00,NaN,NaN,NaN,NaN,NaN,NaN,NaN,NaN,NaN,NaN,NaN,NaN,NaN,NaN,NaN,NaN,NaN,NaN,NaN,NaN,NaN,NaN,NaN,NaN,NaN,NaN,NaN,NaN,NaN
2020-12-23 00:00:00,NaN,NaN,NaN,NaN,NaN,NaN,NaN,NaN,NaN,NaN,NaN,NaN,NaN,NaN,NaN,NaN,NaN,NaN,NaN,NaN,NaN,NaN,NaN,NaN,NaN,NaN,NaN,NaN,NaN
2020-12-24 00:00:00,NaN,NaN,NaN,NaN,NaN,NaN,NaN,NaN,NaN,NaN,NaN,NaN,NaN,NaN,NaN,NaN,NaN,NaN,NaN,NaN,NaN,NaN,NaN,NaN,NaN,NaN,NaN,NaN,NaN
2020-12-25 00:00:00,NaN,NaN,NaN,NaN,NaN,NaN,NaN,NaN,NaN,NaN,NaN,NaN,NaN,NaN,NaN,NaN,NaN,NaN,NaN,NaN,NaN,NaN,NaN,NaN,NaN,NaN,NaN,NaN,NaN
2020-12-26 00:00:00,NaN,NaN,NaN,NaN,NaN,NaN,NaN,NaN,NaN,NaN,NaN,NaN,NaN,NaN,NaN,NaN,NaN,NaN,NaN,NaN,NaN,NaN,NaN,NaN,NaN,NaN,NaN,NaN,NaN
2020-12-27 00:00:00,NaN,NaN,NaN,NaN,NaN,NaN,NaN,NaN,NaN,NaN,NaN,NaN,NaN,NaN,NaN,NaN,NaN,NaN,NaN,NaN,NaN,NaN,NaN,NaN,NaN,NaN,NaN,NaN,NaN
2020-12-28 00:00:00,NaN,NaN,NaN,NaN,NaN,NaN,NaN,NaN,NaN,NaN,NaN,NaN,NaN,NaN,NaN,NaN,NaN,NaN,NaN,NaN,NaN,NaN,NaN,NaN,NaN,NaN,NaN,NaN,NaN
2020-12-29 00:00:00,NaN,NaN,NaN,NaN,NaN,NaN,NaN,NaN,NaN,NaN,NaN,NaN,NaN,NaN,NaN,NaN,NaN,NaN,NaN,NaN,NaN,NaN,NaN,NaN,NaN,NaN,NaN,NaN,NaN
2020-12-30 00:00:00,NaN,NaN,NaN,NaN,NaN,NaN,NaN,NaN,NaN,NaN,NaN,NaN,NaN,NaN,NaN,NaN,NaN,NaN,NaN,NaN,NaN,NaN,NaN,NaN,NaN,NaN,NaN,NaN,NaN
2020-12-31 00:00:00,NaN,NaN,NaN,NaN,NaN,NaN,NaN,NaN,NaN,NaN,NaN,NaN,NaN,NaN,NaN,NaN,NaN,NaN,NaN,NaN,NaN,NaN,NaN,NaN,NaN,NaN,NaN,NaN,NaN
2021-01-01 00:00:00,NaN,NaN,NaN,NaN,NaN,NaN,NaN,NaN,NaN,NaN,NaN,NaN,NaN,NaN,NaN,NaN,NaN,NaN,NaN,NaN,NaN,NaN,NaN,NaN,NaN,NaN,NaN,NaN,NaN
2021-01-02 00:00:00,NaN,NaN,NaN,NaN,NaN,NaN,NaN,NaN,NaN,NaN,NaN,NaN,NaN,NaN,NaN,NaN,NaN,NaN,NaN,NaN,NaN,NaN,NaN,NaN,NaN,NaN,NaN,NaN,NaN
2021-01-03 00:00:00,NaN,NaN,NaN,NaN,NaN,NaN,NaN,NaN,NaN,NaN,NaN,NaN,NaN,NaN,NaN,NaN,NaN,NaN,NaN,NaN,NaN,NaN,NaN,NaN,NaN,NaN,NaN,NaN,NaN
2021-01-04 00:00:00,NaN,NaN,NaN,NaN,NaN,NaN,NaN,NaN,NaN,NaN,NaN,NaN,NaN,NaN,NaN,NaN,NaN,NaN,NaN,NaN,NaN,NaN,NaN,NaN,NaN,NaN,NaN,NaN,NaN
2021-01-05 00:00:00,NaN,NaN,NaN,NaN,NaN,NaN,NaN,NaN,NaN,NaN,NaN,NaN,NaN,NaN,NaN,NaN,NaN,NaN,NaN,NaN,NaN,NaN,NaN,NaN,NaN,NaN,NaN,NaN,NaN
2021-01-06 00:00:00,NaN,NaN,NaN,NaN,NaN,NaN,NaN,NaN,NaN,NaN,NaN,NaN,NaN,NaN,NaN,NaN,NaN,NaN,NaN,NaN,NaN,NaN,NaN,NaN,NaN,NaN,NaN,NaN,NaN
2021-01-07 00:00:00,NaN,NaN,NaN,NaN,NaN,NaN,NaN,NaN,NaN,NaN,NaN,NaN,NaN,NaN,NaN,NaN,NaN,NaN,NaN,NaN,NaN,NaN,NaN,NaN,NaN,NaN,NaN,NaN,NaN
2021-01-08 00:00:00,NaN,NaN,NaN,NaN,NaN,NaN,NaN,NaN,NaN,NaN,NaN,NaN,NaN,NaN,NaN,NaN,NaN,NaN,NaN,NaN,NaN,NaN,NaN,NaN,NaN,NaN,NaN,NaN,NaN
2021-01-09 00:00:00,NaN,NaN,NaN,NaN,NaN,NaN,NaN,NaN,NaN,NaN,NaN,NaN,NaN,NaN,NaN,NaN,NaN,NaN,NaN,NaN,NaN,NaN,NaN,NaN,NaN,NaN,NaN,NaN,NaN
2021-01-10 00:00:00,NaN,NaN,NaN,NaN,NaN,NaN,NaN,NaN,NaN,NaN,NaN,NaN,NaN,NaN,NaN,NaN,NaN,NaN,NaN,NaN,NaN,NaN,NaN,NaN,NaN,NaN,NaN,NaN,NaN
2021-01-11 00:00:00,NaN,NaN,NaN,NaN,NaN,NaN,NaN,NaN,NaN,NaN,NaN,NaN,NaN,NaN,NaN,NaN,NaN,NaN,NaN,NaN,NaN,NaN,NaN,NaN,NaN,NaN,NaN,NaN,NaN
2021-01-12 00:00:00,NaN,NaN,NaN,NaN,NaN,NaN,NaN,NaN,NaN,NaN,NaN,NaN,NaN,NaN,NaN,NaN,NaN,NaN,NaN,NaN,NaN,NaN,NaN,NaN,NaN,NaN,NaN,NaN,NaN
2021-01-13 00:00:00,NaN,NaN,NaN,NaN,NaN,NaN,NaN,NaN,NaN,NaN,NaN,NaN,NaN,NaN,NaN,NaN,NaN,NaN,NaN,NaN,NaN,NaN,NaN,NaN,NaN,NaN,NaN,NaN,NaN
2021-01-14 00:00:00,NaN,NaN,NaN,NaN,NaN,NaN,NaN,NaN,NaN,NaN,NaN,NaN,NaN,NaN,NaN,NaN,NaN,NaN,NaN,NaN,NaN,NaN,NaN,NaN,NaN,NaN,NaN,NaN,NaN
2021-01-15 00:00:00,NaN,NaN,NaN,NaN,NaN,NaN,NaN,NaN,NaN,NaN,NaN,NaN,NaN,NaN,NaN,NaN,NaN,NaN,NaN,NaN,NaN,NaN,NaN,NaN,NaN,NaN,NaN,NaN,NaN
2021-01-16 00:00:00,NaN,NaN,NaN,NaN,NaN,NaN,NaN,NaN,NaN,NaN,NaN,NaN,NaN,NaN,NaN,NaN,NaN,NaN,NaN,NaN,NaN,NaN,NaN,NaN,NaN,NaN,NaN,NaN,NaN
2021-01-17 00:00:00,NaN,NaN,NaN,NaN,NaN,NaN,NaN,NaN,NaN,NaN,NaN,NaN,NaN,NaN,NaN,NaN,NaN,NaN,NaN,NaN,NaN,NaN,NaN,NaN,NaN,NaN,NaN,NaN,NaN
2021-01-18 00:00:00,NaN,NaN,NaN,NaN,NaN,NaN,NaN,NaN,NaN,NaN,NaN,NaN,NaN,NaN,NaN,NaN,NaN,NaN,NaN,NaN,NaN,NaN,NaN,NaN,NaN,NaN,NaN,NaN,NaN
2021-01-19 00:00:00,NaN,NaN,NaN,NaN,NaN,NaN,NaN,NaN,NaN,NaN,NaN,NaN,NaN,NaN,NaN,NaN,NaN,NaN,NaN,NaN,NaN,NaN,NaN,NaN,NaN,NaN,NaN,NaN,NaN
2021-01-20 00:00:00,NaN,NaN,NaN,NaN,NaN,NaN,NaN,NaN,NaN,NaN,NaN,NaN,NaN,NaN,NaN,NaN,NaN,NaN,NaN,NaN,NaN,NaN,NaN,NaN,NaN,NaN,NaN,NaN,NaN
2021-01-21 00:00:00,NaN,NaN,NaN,NaN,NaN,NaN,NaN,NaN,NaN,NaN,NaN,NaN,NaN,NaN,NaN,NaN,NaN,NaN,NaN,NaN,NaN,NaN,NaN,NaN,NaN,NaN,NaN,NaN,NaN
2021-01-22 00:00:00,NaN,NaN,NaN,NaN,NaN,NaN,NaN,NaN,NaN,NaN,NaN,NaN,NaN,NaN,NaN,NaN,NaN,NaN,NaN,NaN,NaN,NaN,NaN,NaN,NaN,NaN,NaN,NaN,NaN
2021-01-23 00:00:00,NaN,NaN,NaN,NaN,NaN,NaN,NaN,NaN,NaN,NaN,NaN,NaN,NaN,NaN,NaN,NaN,NaN,NaN,NaN,NaN,NaN,NaN,NaN,NaN,NaN,NaN,NaN,NaN,NaN
2021-01-24 00:00:00,NaN,NaN,NaN,NaN,NaN,NaN,NaN,NaN,NaN,NaN,NaN,NaN,NaN,NaN,NaN,NaN,NaN,NaN,NaN,NaN,NaN,NaN,NaN,NaN,NaN,NaN,NaN,NaN,NaN
2021-01-25 00:00:00,NaN,NaN,NaN,NaN,NaN,NaN,NaN,NaN,NaN,NaN,NaN,NaN,NaN,NaN,NaN,NaN,NaN,NaN,NaN,NaN,NaN,NaN,NaN,NaN,NaN,NaN,NaN,NaN,NaN
2021-01-26 00:00:00,NaN,NaN,NaN,NaN,NaN,NaN,NaN,NaN,NaN,NaN,NaN,NaN,NaN,NaN,NaN,NaN,NaN,NaN,NaN,NaN,NaN,NaN,NaN,NaN,NaN,NaN,NaN,NaN,NaN
2021-01-27 00:00:00,NaN,NaN,NaN,NaN,NaN,NaN,NaN,NaN,NaN,NaN,NaN,NaN,NaN,NaN,NaN,NaN,NaN,NaN,NaN,NaN,NaN,NaN,NaN,NaN,NaN,NaN,NaN,NaN,NaN
2021-01-28 00:00:00,NaN,NaN,NaN,NaN,NaN,NaN,NaN,NaN,NaN,NaN,NaN,NaN,NaN,NaN,NaN,NaN,NaN,NaN,NaN,NaN,NaN,NaN,NaN,NaN,NaN,NaN,NaN,NaN,NaN
2021-01-29 00:00:00,NaN,NaN,NaN,NaN,NaN,NaN,NaN,NaN,NaN,NaN,NaN,NaN,NaN,NaN,NaN,NaN,NaN,NaN,NaN,NaN,NaN,NaN,NaN,NaN,NaN,NaN,NaN,NaN,NaN
2021-01-30 00:00:00,NaN,NaN,NaN,NaN,NaN,NaN,NaN,NaN,NaN,NaN,NaN,NaN,NaN,NaN,NaN,NaN,NaN,NaN,NaN,NaN,NaN,NaN,NaN,NaN,NaN,NaN,NaN,NaN,NaN
2021-01-31 00:00:00,NaN,NaN,NaN,NaN,NaN,NaN,NaN,NaN,NaN,NaN,NaN,NaN,NaN,NaN,NaN,NaN,NaN,NaN,NaN,NaN,NaN,NaN,NaN,NaN,NaN,NaN,NaN,NaN,NaN
2021-02-01 00:00:00,NaN,NaN,NaN,NaN,NaN,NaN,NaN,NaN,NaN,NaN,NaN,NaN,NaN,NaN,NaN,NaN,NaN,NaN,NaN,NaN,NaN,NaN,NaN,NaN,NaN,NaN,NaN,NaN,NaN
2021-02-02 00:00:00,NaN,NaN,NaN,NaN,NaN,NaN,NaN,NaN,NaN,NaN,NaN,NaN,NaN,NaN,NaN,NaN,NaN,NaN,NaN,NaN,NaN,NaN,NaN,NaN,NaN,NaN,NaN,NaN,NaN
2021-02-03 00:00:00,NaN,NaN,NaN,NaN,NaN,NaN,NaN,NaN,NaN,NaN,NaN,NaN,NaN,NaN,NaN,NaN,NaN,NaN,NaN,NaN,NaN,NaN,NaN,NaN,NaN,NaN,NaN,NaN,NaN
2021-02-04 00:00:00,NaN,NaN,NaN,NaN,NaN,NaN,NaN,NaN,NaN,NaN,NaN,NaN,NaN,NaN,NaN,NaN,NaN,NaN,NaN,NaN,NaN,NaN,NaN,NaN,NaN,NaN,NaN,NaN,NaN
2021-02-05 00:00:00,NaN,NaN,NaN,NaN,NaN,NaN,NaN,NaN,NaN,NaN,NaN,NaN,NaN,NaN,NaN,NaN,NaN,NaN,NaN,NaN,NaN,NaN,NaN,NaN,NaN,NaN,NaN,NaN,NaN
2021-02-06 00:00:00,NaN,NaN,NaN,NaN,NaN,NaN,NaN,NaN,NaN,NaN,NaN,NaN,NaN,NaN,NaN,NaN,NaN,NaN,NaN,NaN,NaN,NaN,NaN,NaN,NaN,NaN,NaN,NaN,NaN
2021-02-07 00:00:00,NaN,NaN,NaN,NaN,NaN,NaN,NaN,NaN,NaN,NaN,NaN,NaN,NaN,NaN,NaN,NaN,NaN,NaN,NaN,NaN,NaN,NaN,NaN,NaN,NaN,NaN,NaN,NaN,NaN
2021-02-08 00:00:00,NaN,NaN,NaN,NaN,NaN,NaN,NaN,NaN,NaN,NaN,NaN,NaN,NaN,NaN,NaN,NaN,NaN,NaN,NaN,NaN,NaN,NaN,NaN,NaN,NaN,NaN,NaN,NaN,NaN
2021-02-09 00:00:00,NaN,NaN,NaN,NaN,NaN,NaN,NaN,NaN,NaN,NaN,NaN,NaN,NaN,NaN,NaN,NaN,NaN,NaN,NaN,NaN,NaN,NaN,NaN,NaN,NaN,NaN,NaN,NaN,NaN
2021-02-10 00:00:00,NaN,NaN,NaN,NaN,NaN,NaN,NaN,NaN,NaN,NaN,NaN,NaN,NaN,NaN,NaN,NaN,NaN,NaN,NaN,NaN,NaN,NaN,NaN,NaN,NaN,NaN,NaN,NaN,NaN
2021-02-11 00:00:00,NaN,NaN,NaN,NaN,NaN,NaN,NaN,NaN,NaN,NaN,NaN,NaN,NaN,NaN,NaN,NaN,NaN,NaN,NaN,NaN,NaN,NaN,NaN,NaN,NaN,NaN,NaN,NaN,NaN
2021-02-12 00:00:00,NaN,NaN,NaN,NaN,NaN,NaN,NaN,NaN,NaN,NaN,NaN,NaN,NaN,NaN,NaN,NaN,NaN,NaN,NaN,NaN,NaN,NaN,NaN,NaN,NaN,NaN,NaN,NaN,NaN
2021-02-13 00:00:00,NaN,NaN,NaN,NaN,NaN,NaN,NaN,NaN,NaN,NaN,NaN,NaN,NaN,NaN,NaN,NaN,NaN,NaN,NaN,NaN,NaN,NaN,NaN,NaN,NaN,NaN,NaN,NaN,NaN
2021-02-14 00:00:00,NaN,NaN,NaN,NaN,NaN,NaN,NaN,NaN,NaN,NaN,NaN,NaN,NaN,NaN,NaN,NaN,NaN,NaN,NaN,NaN,NaN,NaN,NaN,NaN,NaN,NaN,NaN,NaN,NaN
2021-02-15 00:00:00,NaN,NaN,NaN,NaN,NaN,NaN,NaN,NaN,NaN,NaN,NaN,NaN,NaN,NaN,NaN,NaN,NaN,NaN,NaN,NaN,NaN,NaN,NaN,NaN,NaN,NaN,NaN,NaN,NaN
2021-02-16 00:00:00,NaN,NaN,NaN,NaN,NaN,NaN,NaN,NaN,NaN,NaN,NaN,NaN,NaN,NaN,NaN,NaN,NaN,NaN,NaN,NaN,NaN,NaN,NaN,NaN,NaN,NaN,NaN,NaN,NaN
2021-02-17 00:00:00,NaN,NaN,NaN,NaN,NaN,NaN,NaN,NaN,NaN,NaN,NaN,NaN,NaN,NaN,NaN,NaN,NaN,NaN,NaN,NaN,NaN,NaN,NaN,NaN,NaN,NaN,NaN,NaN,NaN
2021-02-18 00:00:00,NaN,NaN,NaN,NaN,NaN,NaN,NaN,NaN,NaN,NaN,NaN,NaN,NaN,NaN,NaN,NaN,NaN,NaN,NaN,NaN,NaN,NaN,NaN,NaN,NaN,NaN,NaN,NaN,NaN
2021-02-19 00:00:00,NaN,NaN,NaN,NaN,NaN,NaN,NaN,NaN,NaN,NaN,NaN,NaN,NaN,NaN,NaN,NaN,NaN,NaN,NaN,NaN,NaN,NaN,NaN,NaN,NaN,NaN,NaN,NaN,NaN
2021-02-20 00:00:00,NaN,NaN,NaN,NaN,NaN,NaN,NaN,NaN,NaN,NaN,NaN,NaN,NaN,NaN,NaN,NaN,NaN,NaN,NaN,NaN,NaN,NaN,NaN,NaN,NaN,NaN,NaN,NaN,NaN
2021-02-21 00:00:00,NaN,NaN,NaN,NaN,NaN,NaN,NaN,NaN,NaN,NaN,NaN,NaN,NaN,NaN,NaN,NaN,NaN,NaN,NaN,NaN,NaN,NaN,NaN,NaN,NaN,NaN,NaN,NaN,NaN
2021-02-22 00:00:00,NaN,NaN,NaN,NaN,NaN,NaN,NaN,NaN,NaN,NaN,NaN,NaN,NaN,NaN,NaN,NaN,NaN,NaN,NaN,NaN,NaN,NaN,NaN,NaN,NaN,NaN,NaN,NaN,NaN
2021-02-23 00:00:00,NaN,NaN,NaN,NaN,NaN,NaN,NaN,NaN,NaN,NaN,NaN,NaN,NaN,NaN,NaN,NaN,NaN,NaN,NaN,NaN,NaN,NaN,NaN,NaN,NaN,NaN,NaN,NaN,NaN
2021-02-24 00:00:00,NaN,NaN,NaN,NaN,NaN,NaN,NaN,NaN,NaN,NaN,NaN,NaN,NaN,NaN,NaN,NaN,NaN,NaN,NaN,NaN,NaN,NaN,NaN,NaN,NaN,NaN,NaN,NaN,NaN
2021-02-25 00:00:00,NaN,NaN,NaN,NaN,NaN,NaN,NaN,NaN,NaN,NaN,NaN,NaN,NaN,NaN,NaN,NaN,NaN,NaN,NaN,NaN,NaN,NaN,NaN,NaN,NaN,NaN,NaN,NaN,NaN
2021-02-26 00:00:00,NaN,NaN,NaN,NaN,NaN,NaN,NaN,NaN,NaN,NaN,NaN,NaN,NaN,NaN,NaN,NaN,NaN,NaN,NaN,NaN,NaN,NaN,NaN,NaN,NaN,NaN,NaN,NaN,NaN
2021-02-27 00:00:00,NaN,NaN,NaN,NaN,NaN,NaN,NaN,NaN,NaN,NaN,NaN,NaN,NaN,NaN,NaN,NaN,NaN,NaN,NaN,NaN,NaN,NaN,NaN,NaN,NaN,NaN,NaN,NaN,NaN
2021-02-28 00:00:00,NaN,NaN,NaN,NaN,NaN,NaN,NaN,NaN,NaN,NaN,NaN,NaN,NaN,NaN,NaN,NaN,NaN,NaN,NaN,NaN,NaN,NaN,NaN,NaN,NaN,NaN,NaN,NaN,NaN
2021-03-01 00:00:00,NaN,NaN,NaN,NaN,NaN,NaN,NaN,NaN,NaN,NaN,NaN,NaN,NaN,NaN,NaN,NaN,NaN,NaN,NaN,NaN,NaN,NaN,NaN,NaN,NaN,NaN,NaN,NaN,NaN
2021-03-02 00:00:00,NaN,NaN,NaN,NaN,NaN,NaN,NaN,NaN,NaN,NaN,NaN,NaN,NaN,NaN,NaN,NaN,NaN,NaN,NaN,NaN,NaN,NaN,NaN,NaN,NaN,NaN,NaN,NaN,NaN
2021-03-03 00:00:00,NaN,NaN,NaN,NaN,NaN,NaN,NaN,NaN,NaN,NaN,NaN,NaN,NaN,NaN,NaN,NaN,NaN,NaN,NaN,NaN,NaN,NaN,NaN,NaN,NaN,NaN,NaN,NaN,NaN
2021-03-04 00:00:00,NaN,NaN,NaN,NaN,NaN,NaN,NaN,NaN,NaN,NaN,NaN,NaN,NaN,NaN,NaN,NaN,NaN,NaN,NaN,NaN,NaN,NaN,NaN,NaN,NaN,NaN,NaN,NaN,NaN
2021-03-05 00:00:00,NaN,NaN,NaN,NaN,NaN,NaN,NaN,NaN,NaN,NaN,NaN,NaN,NaN,NaN,NaN,NaN,NaN,NaN,NaN,NaN,NaN,NaN,NaN,NaN,NaN,NaN,NaN,NaN,NaN
2021-03-06 00:00:00,NaN,NaN,NaN,NaN,NaN,NaN,NaN,NaN,NaN,NaN,NaN,NaN,NaN,NaN,NaN,NaN,NaN,NaN,NaN,NaN,NaN,NaN,NaN,NaN,NaN,NaN,NaN,NaN,NaN
2021-03-07 00:00:00,NaN,NaN,NaN,NaN,NaN,NaN,NaN,NaN,NaN,NaN,NaN,NaN,NaN,NaN,NaN,NaN,NaN,NaN,NaN,NaN,NaN,NaN,NaN,NaN,NaN,NaN,NaN,NaN,NaN
2021-03-08 00:00:00,NaN,NaN,NaN,NaN,NaN,NaN,NaN,NaN,NaN,NaN,NaN,NaN,NaN,NaN,NaN,NaN,NaN,NaN,NaN,NaN,NaN,NaN,NaN,NaN,NaN,NaN,NaN,NaN,NaN
2021-03-09 00:00:00,NaN,NaN,NaN,NaN,NaN,NaN,NaN,NaN,NaN,NaN,NaN,NaN,NaN,NaN,NaN,NaN,NaN,NaN,NaN,NaN,NaN,NaN,NaN,NaN,NaN,NaN,NaN,NaN,NaN
2021-03-10 00:00:00,NaN,NaN,NaN,NaN,NaN,NaN,NaN,NaN,NaN,NaN,NaN,NaN,NaN,NaN,NaN,NaN,NaN,NaN,NaN,NaN,NaN,NaN,NaN,NaN,NaN,NaN,NaN,NaN,NaN
2021-03-11 00:00:00,NaN,NaN,NaN,NaN,NaN,NaN,NaN,NaN,NaN,NaN,NaN,NaN,NaN,NaN,NaN,NaN,NaN,NaN,NaN,NaN,NaN,NaN,NaN,NaN,NaN,NaN,NaN,NaN,NaN
2021-03-12 00:00:00,NaN,NaN,NaN,NaN,NaN,NaN,NaN,NaN,NaN,NaN,NaN,NaN,NaN,NaN,NaN,NaN,NaN,NaN,NaN,NaN,NaN,NaN,NaN,NaN,NaN,NaN,NaN,NaN,NaN
2021-03-13 00:00:00,NaN,NaN,NaN,NaN,NaN,NaN,NaN,NaN,NaN,NaN,NaN,NaN,NaN,NaN,NaN,NaN,NaN,NaN,NaN,NaN,NaN,NaN,NaN,NaN,NaN,NaN,NaN,NaN,NaN
2021-03-14 00:00:00,NaN,NaN,NaN,NaN,NaN,NaN,NaN,NaN,NaN,NaN,NaN,NaN,NaN,NaN,NaN,NaN,NaN,NaN,NaN,NaN,NaN,NaN,NaN,NaN,NaN,NaN,NaN,NaN,NaN
2021-03-15 00:00:00,NaN,NaN,NaN,NaN,NaN,NaN,NaN,NaN,NaN,NaN,NaN,NaN,NaN,NaN,NaN,NaN,NaN,NaN,NaN,NaN,NaN,NaN,NaN,NaN,NaN,NaN,NaN,NaN,NaN
2021-03-16 00:00:00,NaN,NaN,NaN,NaN,NaN,NaN,NaN,NaN,NaN,NaN,NaN,NaN,NaN,NaN,NaN,NaN,NaN,NaN,NaN,NaN,NaN,NaN,NaN,NaN,NaN,NaN,NaN,NaN,NaN
2021-03-17 00:00:00,NaN,NaN,NaN,NaN,NaN,NaN,NaN,NaN,NaN,NaN,NaN,NaN,NaN,NaN,NaN,NaN,NaN,NaN,NaN,NaN,NaN,NaN,NaN,NaN,NaN,NaN,NaN,NaN,NaN
2021-03-18 00:00:00,NaN,NaN,NaN,NaN,NaN,NaN,NaN,NaN,NaN,NaN,NaN,NaN,NaN,NaN,NaN,NaN,NaN,NaN,NaN,NaN,NaN,NaN,NaN,NaN,NaN,NaN,NaN,NaN,NaN
2021-03-19 00:00:00,NaN,NaN,NaN,NaN,NaN,NaN,NaN,NaN,NaN,NaN,NaN,NaN,NaN,NaN,NaN,NaN,NaN,NaN,NaN,NaN,NaN,NaN,NaN,NaN,NaN,NaN,NaN,NaN,NaN
2021-03-20 00:00:00,NaN,NaN,NaN,NaN,NaN,NaN,NaN,NaN,NaN,NaN,NaN,NaN,NaN,NaN,NaN,NaN,NaN,NaN,NaN,NaN,NaN,NaN,NaN,NaN,NaN,NaN,NaN,NaN,NaN
2021-03-21 00:00:00,NaN,NaN,NaN,NaN,NaN,NaN,NaN,NaN,NaN,NaN,NaN,NaN,NaN,NaN,NaN,NaN,NaN,NaN,NaN,NaN,NaN,NaN,NaN,NaN,NaN,NaN,NaN,NaN,NaN
2021-03-22 00:00:00,NaN,NaN,NaN,NaN,NaN,NaN,NaN,NaN,NaN,NaN,NaN,NaN,NaN,NaN,NaN,NaN,NaN,NaN,NaN,NaN,NaN,NaN,NaN,NaN,NaN,NaN,NaN,NaN,NaN
2021-03-23 00:00:00,NaN,NaN,NaN,NaN,NaN,NaN,NaN,NaN,NaN,NaN,NaN,NaN,NaN,NaN,NaN,NaN,NaN,NaN,NaN,NaN,NaN,NaN,NaN,NaN,NaN,NaN,NaN,NaN,NaN
2021-03-24 00:00:00,NaN,NaN,NaN,NaN,NaN,NaN,NaN,NaN,NaN,NaN,NaN,NaN,NaN,NaN,NaN,NaN,NaN,NaN,NaN,NaN,NaN,NaN,NaN,NaN,NaN,NaN,NaN,NaN,NaN
2021-03-25 00:00:00,NaN,NaN,NaN,NaN,NaN,NaN,NaN,NaN,NaN,NaN,NaN,NaN,NaN,NaN,NaN,NaN,NaN,NaN,NaN,NaN,NaN,NaN,NaN,NaN,NaN,NaN,NaN,NaN,NaN
2021-03-26 00:00:00,NaN,NaN,NaN,NaN,NaN,NaN,NaN,NaN,NaN,NaN,NaN,NaN,NaN,NaN,NaN,NaN,NaN,NaN,NaN,NaN,NaN,NaN,NaN,NaN,NaN,NaN,NaN,NaN,NaN
2021-03-27 00:00:00,NaN,NaN,NaN,NaN,NaN,NaN,NaN,NaN,NaN,NaN,NaN,NaN,NaN,NaN,NaN,NaN,NaN,NaN,NaN,NaN,NaN,NaN,NaN,NaN,NaN,NaN,NaN,NaN,NaN
2021-03-28 00:00:00,NaN,NaN,NaN,NaN,NaN,NaN,NaN,NaN,NaN,NaN,NaN,NaN,NaN,NaN,NaN,NaN,NaN,NaN,NaN,NaN,NaN,NaN,NaN,NaN,NaN,NaN,NaN,NaN,NaN
2021-03-29 00:00:00,NaN,NaN,NaN,NaN,NaN,NaN,NaN,NaN,NaN,NaN,NaN,NaN,NaN,NaN,NaN,NaN,NaN,NaN,NaN,NaN,NaN,NaN,NaN,NaN,NaN,NaN,NaN,NaN,NaN
2021-03-30 00:00:00,NaN,NaN,NaN,NaN,NaN,NaN,NaN,NaN,NaN,NaN,NaN,NaN,NaN,NaN,NaN,NaN,NaN,NaN,NaN,NaN,NaN,NaN,NaN,NaN,NaN,NaN,NaN,NaN,NaN
2021-03-31 00:00:00,NaN,NaN,NaN,NaN,NaN,NaN,NaN,NaN,NaN,NaN,NaN,NaN,NaN,NaN,NaN,NaN,NaN,NaN,NaN,NaN,NaN,NaN,NaN,NaN,NaN,NaN,NaN,NaN,NaN
2021-04-01 00:00:00,NaN,NaN,NaN,NaN,NaN,NaN,NaN,NaN,NaN,NaN,NaN,NaN,NaN,NaN,NaN,NaN,NaN,NaN,NaN,NaN,NaN,NaN,NaN,NaN,NaN,NaN,NaN,NaN,NaN
2021-04-02 00:00:00,NaN,NaN,NaN,NaN,NaN,NaN,NaN,NaN,NaN,NaN,NaN,NaN,NaN,NaN,NaN,NaN,NaN,NaN,NaN,NaN,NaN,NaN,NaN,NaN,NaN,NaN,NaN,NaN,NaN
2021-04-03 00:00:00,NaN,NaN,NaN,NaN,NaN,NaN,NaN,NaN,NaN,NaN,NaN,NaN,NaN,NaN,NaN,NaN,NaN,NaN,NaN,NaN,NaN,NaN,NaN,NaN,NaN,NaN,NaN,NaN,NaN
2021-04-04 00:00:00,NaN,NaN,NaN,NaN,NaN,NaN,NaN,NaN,NaN,NaN,NaN,NaN,NaN,NaN,NaN,NaN,NaN,NaN,NaN,NaN,NaN,NaN,NaN,NaN,NaN,NaN,NaN,NaN,NaN
2021-04-05 00:00:00,NaN,NaN,NaN,NaN,NaN,NaN,NaN,NaN,NaN,NaN,NaN,NaN,NaN,NaN,NaN,NaN,NaN,NaN,NaN,NaN,NaN,NaN,NaN,NaN,NaN,NaN,NaN,NaN,NaN
2021-04-06 00:00:00,NaN,NaN,NaN,NaN,NaN,NaN,NaN,NaN,NaN,NaN,NaN,NaN,NaN,NaN,NaN,NaN,NaN,NaN,NaN,NaN,NaN,NaN,NaN,NaN,NaN,NaN,NaN,NaN,NaN
2021-04-07 00:00:00,NaN,NaN,NaN,NaN,NaN,NaN,NaN,NaN,NaN,NaN,NaN,NaN,NaN,NaN,NaN,NaN,NaN,NaN,NaN,NaN,NaN,NaN,NaN,NaN,NaN,NaN,NaN,NaN,NaN
2021-04-08 00:00:00,NaN,NaN,NaN,NaN,NaN,NaN,NaN,NaN,NaN,NaN,NaN,NaN,NaN,NaN,NaN,NaN,NaN,NaN,NaN,NaN,NaN,NaN,NaN,NaN,NaN,NaN,NaN,NaN,NaN
2021-04-09 00:00:00,NaN,NaN,NaN,NaN,NaN,NaN,NaN,NaN,NaN,NaN,NaN,NaN,NaN,NaN,NaN,NaN,NaN,NaN,NaN,NaN,NaN,NaN,NaN,NaN,NaN,NaN,NaN,NaN,NaN
2021-04-10 00:00:00,NaN,NaN,NaN,NaN,NaN,NaN,NaN,NaN,NaN,NaN,NaN,NaN,NaN,NaN,NaN,NaN,NaN,NaN,NaN,NaN,NaN,NaN,NaN,NaN,NaN,NaN,NaN,NaN,NaN
2021-04-11 00:00:00,NaN,NaN,NaN,NaN,NaN,NaN,NaN,NaN,NaN,NaN,NaN,NaN,NaN,NaN,NaN,NaN,NaN,NaN,NaN,NaN,NaN,NaN,NaN,NaN,NaN,NaN,NaN,NaN,NaN
2021-04-12 00:00:00,NaN,NaN,NaN,NaN,NaN,NaN,NaN,NaN,NaN,NaN,NaN,NaN,NaN,NaN,NaN,NaN,NaN,NaN,NaN,NaN,NaN,NaN,NaN,NaN,NaN,NaN,NaN,NaN,NaN
2021-04-13 00:00:00,NaN,NaN,NaN,NaN,NaN,NaN,NaN,NaN,NaN,NaN,NaN,NaN,NaN,NaN,NaN,NaN,NaN,NaN,NaN,NaN,NaN,NaN,NaN,NaN,NaN,NaN,NaN,NaN,NaN
2021-04-14 00:00:00,NaN,NaN,NaN,NaN,NaN,NaN,NaN,NaN,NaN,NaN,NaN,NaN,NaN,NaN,NaN,NaN,NaN,NaN,NaN,NaN,NaN,NaN,NaN,NaN,NaN,NaN,NaN,NaN,NaN
2021-04-15 00:00:00,NaN,NaN,NaN,NaN,NaN,NaN,NaN,NaN,NaN,NaN,NaN,NaN,NaN,NaN,NaN,NaN,NaN,NaN,NaN,NaN,NaN,NaN,NaN,NaN,NaN,NaN,NaN,NaN,NaN
2021-04-16 00:00:00,NaN,NaN,NaN,NaN,NaN,NaN,NaN,NaN,NaN,NaN,NaN,NaN,NaN,NaN,NaN,NaN,NaN,NaN,NaN,NaN,NaN,NaN,NaN,NaN,NaN,NaN,NaN,NaN,NaN
2021-04-17 00:00:00,NaN,NaN,NaN,NaN,NaN,NaN,NaN,NaN,NaN,NaN,NaN,NaN,NaN,NaN,NaN,NaN,NaN,NaN,NaN,NaN,NaN,NaN,NaN,NaN,NaN,NaN,NaN,NaN,NaN
2021-04-18 00:00:00,NaN,NaN,NaN,NaN,NaN,NaN,NaN,NaN,NaN,NaN,NaN,NaN,NaN,NaN,NaN,NaN,NaN,NaN,NaN,NaN,NaN,NaN,NaN,NaN,NaN,NaN,NaN,NaN,NaN
2021-04-19 00:00:00,NaN,NaN,NaN,NaN,NaN,NaN,NaN,NaN,NaN,NaN,NaN,NaN,NaN,NaN,NaN,NaN,NaN,NaN,NaN,NaN,NaN,NaN,NaN,NaN,NaN,NaN,NaN,NaN,NaN
2021-04-20 00:00:00,NaN,NaN,NaN,NaN,NaN,NaN,NaN,NaN,NaN,NaN,NaN,NaN,NaN,NaN,NaN,NaN,NaN,NaN,NaN,NaN,NaN,NaN,NaN,NaN,NaN,NaN,NaN,NaN,NaN
2021-04-21 00:00:00,NaN,NaN,NaN,NaN,NaN,NaN,NaN,NaN,NaN,NaN,NaN,NaN,NaN,NaN,NaN,NaN,NaN,NaN,NaN,NaN,NaN,NaN,NaN,NaN,NaN,NaN,NaN,NaN,NaN
2021-04-22 00:00:00,NaN,NaN,NaN,NaN,NaN,NaN,NaN,NaN,NaN,NaN,NaN,NaN,NaN,NaN,NaN,NaN,NaN,NaN,NaN,NaN,NaN,NaN,NaN,NaN,NaN,NaN,NaN,NaN,NaN
2021-04-23 00:00:00,NaN,NaN,NaN,NaN,NaN,NaN,NaN,NaN,NaN,NaN,NaN,NaN,NaN,NaN,NaN,NaN,NaN,NaN,NaN,NaN,NaN,NaN,NaN,NaN,NaN,NaN,NaN,NaN,NaN
2021-04-24 00:00:00,NaN,NaN,NaN,NaN,NaN,NaN,NaN,NaN,NaN,NaN,NaN,NaN,NaN,NaN,NaN,NaN,NaN,NaN,NaN,NaN,NaN,NaN,NaN,NaN,NaN,NaN,NaN,NaN,NaN
2021-04-25 00:00:00,NaN,NaN,NaN,NaN,NaN,NaN,NaN,NaN,NaN,NaN,NaN,NaN,NaN,NaN,NaN,NaN,NaN,NaN,NaN,NaN,NaN,NaN,NaN,NaN,NaN,NaN,NaN,NaN,NaN
2021-04-26 00:00:00,NaN,NaN,NaN,NaN,NaN,NaN,NaN,NaN,NaN,NaN,NaN,NaN,NaN,NaN,NaN,NaN,NaN,NaN,NaN,NaN,NaN,NaN,NaN,NaN,NaN,NaN,NaN,NaN,NaN
2021-04-27 00:00:00,NaN,NaN,NaN,NaN,NaN,NaN,NaN,NaN,NaN,NaN,NaN,NaN,NaN,NaN,NaN,NaN,NaN,NaN,NaN,NaN,NaN,NaN,NaN,NaN,NaN,NaN,NaN,NaN,NaN
2021-04-28 00:00:00,NaN,NaN,NaN,NaN,NaN,NaN,NaN,NaN,NaN,NaN,NaN,NaN,NaN,NaN,NaN,NaN,NaN,NaN,NaN,NaN,NaN,NaN,NaN,NaN,NaN,NaN,NaN,NaN,NaN
2021-04-29 00:00:00,NaN,NaN,NaN,NaN,NaN,NaN,NaN,NaN,NaN,NaN,NaN,NaN,NaN,NaN,NaN,NaN,NaN,NaN,NaN,NaN,NaN,NaN,NaN,NaN,NaN,NaN,NaN,NaN,NaN
2021-04-30 00:00:00,NaN,NaN,NaN,NaN,NaN,NaN,NaN,NaN,NaN,NaN,NaN,NaN,NaN,NaN,NaN,NaN,NaN,NaN,NaN,NaN,NaN,NaN,NaN,NaN,NaN,NaN,NaN,NaN,NaN
2021-05-01 00:00:00,NaN,NaN,NaN,NaN,NaN,NaN,NaN,NaN,NaN,NaN,NaN,NaN,NaN,NaN,NaN,NaN,NaN,NaN,NaN,NaN,NaN,NaN,NaN,NaN,NaN,NaN,NaN,NaN,NaN
2021-05-02 00:00:00,NaN,NaN,NaN,NaN,NaN,NaN,NaN,NaN,NaN,NaN,NaN,NaN,NaN,NaN,NaN,NaN,NaN,NaN,NaN,NaN,NaN,NaN,NaN,NaN,NaN,NaN,NaN,NaN,NaN
2021-05-03 00:00:00,NaN,NaN,NaN,NaN,NaN,NaN,NaN,NaN,NaN,NaN,NaN,NaN,NaN,NaN,NaN,NaN,NaN,NaN,NaN,NaN,NaN,NaN,NaN,NaN,NaN,NaN,NaN,NaN,NaN
2021-05-04 00:00:00,NaN,NaN,NaN,NaN,NaN,NaN,NaN,NaN,NaN,NaN,NaN,NaN,NaN,NaN,NaN,NaN,NaN,NaN,NaN,NaN,NaN,NaN,NaN,NaN,NaN,NaN,NaN,NaN,NaN
2021-05-05 00:00:00,NaN,NaN,NaN,NaN,NaN,NaN,NaN,NaN,NaN,NaN,NaN,NaN,NaN,NaN,NaN,NaN,NaN,NaN,NaN,NaN,NaN,NaN,NaN,NaN,NaN,NaN,NaN,NaN,NaN
2021-05-06 00:00:00,NaN,NaN,NaN,NaN,NaN,NaN,NaN,NaN,NaN,NaN,NaN,NaN,NaN,NaN,NaN,NaN,NaN,NaN,NaN,NaN,NaN,NaN,NaN,NaN,NaN,NaN,NaN,NaN,NaN
2021-05-07 00:00:00,NaN,NaN,NaN,NaN,NaN,NaN,NaN,NaN,NaN,NaN,NaN,NaN,NaN,NaN,NaN,NaN,NaN,NaN,NaN,NaN,NaN,NaN,NaN,NaN,NaN,NaN,NaN,NaN,NaN
2021-05-08 00:00:00,NaN,NaN,NaN,NaN,NaN,NaN,NaN,NaN,NaN,NaN,NaN,NaN,NaN,NaN,NaN,NaN,NaN,NaN,NaN,NaN,NaN,NaN,NaN,NaN,NaN,NaN,NaN,NaN,NaN
2021-05-09 00:00:00,NaN,NaN,NaN,NaN,NaN,NaN,NaN,NaN,NaN,NaN,NaN,NaN,NaN,NaN,NaN,NaN,NaN,NaN,NaN,NaN,NaN,NaN,NaN,NaN,NaN,NaN,NaN,NaN,NaN
2021-05-10 00:00:00,NaN,NaN,NaN,NaN,NaN,NaN,NaN,NaN,NaN,NaN,NaN,NaN,NaN,NaN,NaN,NaN,NaN,NaN,NaN,NaN,NaN,NaN,NaN,NaN,NaN,NaN,NaN,NaN,NaN
2021-05-11 00:00:00,NaN,NaN,NaN,NaN,NaN,NaN,NaN,NaN,NaN,NaN,NaN,NaN,NaN,NaN,NaN,NaN,NaN,NaN,NaN,NaN,NaN,NaN,NaN,NaN,NaN,NaN,NaN,NaN,NaN
2021-05-12 00:00:00,NaN,NaN,NaN,NaN,NaN,NaN,NaN,NaN,NaN,NaN,NaN,NaN,NaN,NaN,NaN,NaN,NaN,NaN,NaN,NaN,NaN,NaN,NaN,NaN,NaN,NaN,NaN,NaN,NaN
2021-05-13 00:00:00,NaN,NaN,NaN,NaN,NaN,NaN,NaN,NaN,NaN,NaN,NaN,NaN,NaN,NaN,NaN,NaN,NaN,NaN,NaN,NaN,NaN,NaN,NaN,NaN,NaN,NaN,NaN,NaN,NaN
2021-05-14 00:00:00,NaN,NaN,NaN,NaN,NaN,NaN,NaN,NaN,NaN,NaN,NaN,NaN,NaN,NaN,NaN,NaN,NaN,NaN,NaN,NaN,NaN,NaN,NaN,NaN,NaN,NaN,NaN,NaN,NaN
2021-05-15 00:00:00,NaN,NaN,NaN,NaN,NaN,NaN,NaN,NaN,NaN,NaN,NaN,NaN,NaN,NaN,NaN,NaN,NaN,NaN,NaN,NaN,NaN,NaN,NaN,NaN,NaN,NaN,NaN,NaN,NaN
2021-05-16 00:00:00,NaN,NaN,NaN,NaN,NaN,NaN,NaN,NaN,NaN,NaN,NaN,NaN,NaN,NaN,NaN,NaN,NaN,NaN,NaN,NaN,NaN,NaN,NaN,NaN,NaN,NaN,NaN,NaN,NaN
2021-05-17 00:00:00,NaN,NaN,NaN,NaN,NaN,NaN,NaN,NaN,NaN,NaN,NaN,NaN,NaN,NaN,NaN,NaN,NaN,NaN,NaN,NaN,NaN,NaN,NaN,NaN,NaN,NaN,NaN,NaN,NaN
2021-05-18 00:00:00,NaN,NaN,NaN,NaN,NaN,NaN,NaN,NaN,NaN,NaN,NaN,NaN,NaN,NaN,NaN,NaN,NaN,NaN,NaN,NaN,NaN,NaN,NaN,NaN,NaN,NaN,NaN,NaN,NaN
2021-05-19 00:00:00,NaN,NaN,NaN,NaN,NaN,NaN,NaN,NaN,NaN,NaN,NaN,NaN,NaN,NaN,NaN,NaN,NaN,NaN,NaN,NaN,NaN,NaN,NaN,NaN,NaN,NaN,NaN,NaN,NaN
2021-05-20 00:00:00,NaN,NaN,NaN,NaN,NaN,NaN,NaN,NaN,NaN,NaN,NaN,NaN,NaN,NaN,NaN,NaN,NaN,NaN,NaN,NaN,NaN,NaN,NaN,NaN,NaN,NaN,NaN,NaN,NaN
2021-05-21 00:00:00,NaN,NaN,NaN,NaN,NaN,NaN,NaN,NaN,NaN,NaN,NaN,NaN,NaN,NaN,NaN,NaN,NaN,NaN,NaN,NaN,NaN,NaN,NaN,NaN,NaN,NaN,NaN,NaN,NaN
2021-05-22 00:00:00,NaN,NaN,NaN,NaN,NaN,NaN,NaN,NaN,NaN,NaN,NaN,NaN,NaN,NaN,NaN,NaN,NaN,NaN,NaN,NaN,NaN,NaN,NaN,NaN,NaN,NaN,NaN,NaN,NaN
2021-05-23 00:00:00,NaN,NaN,NaN,NaN,NaN,NaN,NaN,NaN,NaN,NaN,NaN,NaN,NaN,NaN,NaN,NaN,NaN,NaN,NaN,NaN,NaN,NaN,NaN,NaN,NaN,NaN,NaN,NaN,NaN
2021-05-24 00:00:00,NaN,NaN,NaN,NaN,NaN,NaN,NaN,NaN,NaN,NaN,NaN,NaN,NaN,NaN,NaN,NaN,NaN,NaN,NaN,NaN,NaN,NaN,NaN,NaN,NaN,NaN,NaN,NaN,NaN
2021-05-25 00:00:00,NaN,NaN,NaN,NaN,NaN,NaN,NaN,NaN,NaN,NaN,NaN,NaN,NaN,NaN,NaN,NaN,NaN,NaN,NaN,NaN,NaN,NaN,NaN,NaN,NaN,NaN,NaN,NaN,NaN
2021-05-26 00:00:00,NaN,NaN,NaN,NaN,NaN,NaN,NaN,NaN,NaN,NaN,NaN,NaN,NaN,NaN,NaN,NaN,NaN,NaN,NaN,NaN,NaN,NaN,NaN,NaN,NaN,NaN,NaN,NaN,NaN
2021-05-27 00:00:00,NaN,NaN,NaN,NaN,NaN,NaN,NaN,NaN,NaN,NaN,NaN,NaN,NaN,NaN,NaN,NaN,NaN,NaN,NaN,NaN,NaN,NaN,NaN,NaN,NaN,NaN,NaN,NaN,NaN
2021-05-28 00:00:00,NaN,NaN,NaN,NaN,NaN,NaN,NaN,NaN,NaN,NaN,NaN,NaN,NaN,NaN,NaN,NaN,NaN,NaN,NaN,NaN,NaN,NaN,NaN,NaN,NaN,NaN,NaN,NaN,NaN
2021-05-29 00:00:00,NaN,NaN,NaN,NaN,NaN,NaN,NaN,NaN,NaN,NaN,NaN,NaN,NaN,NaN,NaN,NaN,NaN,NaN,NaN,NaN,NaN,NaN,NaN,NaN,NaN,NaN,NaN,NaN,NaN
2021-05-30 00:00:00,NaN,NaN,NaN,NaN,NaN,NaN,NaN,NaN,NaN,NaN,NaN,NaN,NaN,NaN,NaN,NaN,NaN,NaN,NaN,NaN,NaN,NaN,NaN,NaN,NaN,NaN,NaN,NaN,NaN
2021-05-31 00:00:00,NaN,NaN,NaN,NaN,NaN,NaN,NaN,NaN,NaN,NaN,NaN,NaN,NaN,NaN,NaN,NaN,NaN,NaN,NaN,NaN,NaN,NaN,NaN,NaN,NaN,NaN,NaN,NaN,NaN
2021-06-01 00:00:00,NaN,NaN,NaN,NaN,NaN,NaN,NaN,NaN,NaN,NaN,NaN,NaN,NaN,NaN,NaN,NaN,NaN,NaN,NaN,NaN,NaN,NaN,NaN,NaN,NaN,NaN,NaN,NaN,NaN
2021-06-02 00:00:00,NaN,NaN,NaN,NaN,NaN,NaN,NaN,NaN,NaN,NaN,NaN,NaN,NaN,NaN,NaN,NaN,NaN,NaN,NaN,NaN,NaN,NaN,NaN,NaN,NaN,NaN,NaN,NaN,NaN
2021-06-03 00:00:00,NaN,NaN,NaN,NaN,NaN,NaN,NaN,NaN,NaN,NaN,NaN,NaN,NaN,NaN,NaN,NaN,NaN,NaN,NaN,NaN,NaN,NaN,NaN,NaN,NaN,NaN,NaN,NaN,NaN
2021-06-04 00:00:00,NaN,NaN,NaN,NaN,NaN,NaN,NaN,NaN,NaN,NaN,NaN,NaN,NaN,NaN,NaN,NaN,NaN,NaN,NaN,NaN,NaN,NaN,NaN,NaN,NaN,NaN,NaN,NaN,NaN
2021-06-05 00:00:00,NaN,NaN,NaN,NaN,NaN,NaN,NaN,NaN,NaN,NaN,NaN,NaN,NaN,NaN,NaN,NaN,NaN,NaN,NaN,NaN,NaN,NaN,NaN,NaN,NaN,NaN,NaN,NaN,NaN
2021-06-06 00:00:00,NaN,NaN,NaN,NaN,NaN,NaN,NaN,NaN,NaN,NaN,NaN,NaN,NaN,NaN,NaN,NaN,NaN,NaN,NaN,NaN,NaN,NaN,NaN,NaN,NaN,NaN,NaN,NaN,NaN
2021-06-07 00:00:00,NaN,NaN,NaN,NaN,NaN,NaN,NaN,NaN,NaN,NaN,NaN,NaN,NaN,NaN,NaN,NaN,NaN,NaN,NaN,NaN,NaN,NaN,NaN,NaN,NaN,NaN,NaN,NaN,NaN
2021-06-08 00:00:00,NaN,NaN,NaN,NaN,NaN,NaN,NaN,NaN,NaN,NaN,NaN,NaN,NaN,NaN,NaN,NaN,NaN,NaN,NaN,NaN,NaN,NaN,NaN,NaN,NaN,NaN,NaN,NaN,NaN
2021-06-09 00:00:00,NaN,NaN,NaN,NaN,NaN,NaN,NaN,NaN,NaN,NaN,NaN,NaN,NaN,NaN,NaN,NaN,NaN,NaN,NaN,NaN,NaN,NaN,NaN,NaN,NaN,NaN,NaN,NaN,NaN
2021-06-10 00:00:00,NaN,NaN,NaN,NaN,NaN,NaN,NaN,NaN,NaN,NaN,NaN,NaN,NaN,NaN,NaN,NaN,NaN,NaN,NaN,NaN,NaN,NaN,NaN,NaN,NaN,NaN,NaN,NaN,NaN
2021-06-11 00:00:00,NaN,NaN,NaN,NaN,NaN,NaN,NaN,NaN,NaN,NaN,NaN,NaN,NaN,NaN,NaN,NaN,NaN,NaN,NaN,NaN,NaN,NaN,NaN,NaN,NaN,NaN,NaN,NaN,NaN
2021-06-12 00:00:00,NaN,NaN,NaN,NaN,NaN,NaN,NaN,NaN,NaN,NaN,NaN,NaN,NaN,NaN,NaN,NaN,NaN,NaN,NaN,NaN,NaN,NaN,NaN,NaN,NaN,NaN,NaN,NaN,NaN
2021-06-13 00:00:00,NaN,NaN,NaN,NaN,NaN,NaN,NaN,NaN,NaN,NaN,NaN,NaN,NaN,NaN,NaN,NaN,NaN,NaN,NaN,NaN,NaN,NaN,NaN,NaN,NaN,NaN,NaN,NaN,NaN
2021-06-14 00:00:00,NaN,NaN,NaN,NaN,NaN,NaN,NaN,NaN,NaN,NaN,NaN,NaN,NaN,NaN,NaN,NaN,NaN,NaN,NaN,NaN,NaN,NaN,NaN,NaN,NaN,NaN,NaN,NaN,NaN
2021-06-15 00:00:00,NaN,NaN,NaN,NaN,NaN,NaN,NaN,NaN,NaN,NaN,NaN,NaN,NaN,NaN,NaN,NaN,NaN,NaN,NaN,NaN,NaN,NaN,NaN,NaN,NaN,NaN,NaN,NaN,NaN
2021-06-16 00:00:00,NaN,NaN,NaN,NaN,NaN,NaN,NaN,NaN,NaN,NaN,NaN,NaN,NaN,NaN,NaN,NaN,NaN,NaN,NaN,NaN,NaN,NaN,NaN,NaN,NaN,NaN,NaN,NaN,NaN
2021-06-17 00:00:00,NaN,NaN,NaN,NaN,NaN,NaN,NaN,NaN,NaN,NaN,NaN,NaN,NaN,NaN,NaN,NaN,NaN,NaN,NaN,NaN,NaN,NaN,NaN,NaN,NaN,NaN,NaN,NaN,NaN
2021-06-18 00:00:00,NaN,NaN,NaN,NaN,NaN,NaN,NaN,NaN,NaN,NaN,NaN,NaN,NaN,NaN,NaN,NaN,NaN,NaN,NaN,NaN,NaN,NaN,NaN,NaN,NaN,NaN,NaN,NaN,NaN
2021-06-19 00:00:00,NaN,NaN,NaN,NaN,NaN,NaN,NaN,NaN,NaN,NaN,NaN,NaN,NaN,NaN,NaN,NaN,NaN,NaN,NaN,NaN,NaN,NaN,NaN,NaN,NaN,NaN,NaN,NaN,NaN
2021-06-20 00:00:00,NaN,NaN,NaN,NaN,NaN,NaN,NaN,NaN,NaN,NaN,NaN,NaN,NaN,NaN,NaN,NaN,NaN,NaN,NaN,NaN,NaN,NaN,NaN,NaN,NaN,NaN,NaN,NaN,NaN
2021-06-21 00:00:00,NaN,NaN,NaN,NaN,NaN,NaN,NaN,NaN,NaN,NaN,NaN,NaN,NaN,NaN,NaN,NaN,NaN,NaN,NaN,NaN,NaN,NaN,NaN,NaN,NaN,NaN,NaN,NaN,NaN
2021-06-22 00:00:00,NaN,NaN,NaN,NaN,NaN,NaN,NaN,NaN,NaN,NaN,NaN,NaN,NaN,NaN,NaN,NaN,NaN,NaN,NaN,NaN,NaN,NaN,NaN,NaN,NaN,NaN,NaN,NaN,NaN
2021-06-23 00:00:00,NaN,NaN,NaN,NaN,NaN,NaN,NaN,NaN,NaN,NaN,NaN,NaN,NaN,NaN,NaN,NaN,NaN,NaN,NaN,NaN,NaN,NaN,NaN,NaN,NaN,NaN,NaN,NaN,NaN
2021-06-24 00:00:00,NaN,NaN,NaN,NaN,NaN,NaN,NaN,NaN,NaN,NaN,NaN,NaN,NaN,NaN,NaN,NaN,NaN,NaN,NaN,NaN,NaN,NaN,NaN,NaN,NaN,NaN,NaN,NaN,NaN
2021-06-25 00:00:00,NaN,NaN,NaN,NaN,NaN,NaN,NaN,NaN,NaN,NaN,NaN,NaN,NaN,NaN,NaN,NaN,NaN,NaN,NaN,NaN,NaN,NaN,NaN,NaN,NaN,NaN,NaN,NaN,NaN
2021-06-26 00:00:00,NaN,NaN,NaN,NaN,NaN,NaN,NaN,NaN,NaN,NaN,NaN,NaN,NaN,NaN,NaN,NaN,NaN,NaN,NaN,NaN,NaN,NaN,NaN,NaN,NaN,NaN,NaN,NaN,NaN
2021-06-27 00:00:00,NaN,NaN,NaN,NaN,NaN,NaN,NaN,NaN,NaN,NaN,NaN,NaN,NaN,NaN,NaN,NaN,NaN,NaN,NaN,NaN,NaN,NaN,NaN,NaN,NaN,NaN,NaN,NaN,NaN
2021-06-28 00:00:00,NaN,NaN,NaN,NaN,NaN,NaN,NaN,NaN,NaN,NaN,NaN,NaN,NaN,NaN,NaN,NaN,NaN,NaN,NaN,NaN,NaN,NaN,NaN,NaN,NaN,NaN,NaN,NaN,NaN
2021-06-29 00:00:00,NaN,NaN,NaN,NaN,NaN,NaN,NaN,NaN,NaN,NaN,NaN,NaN,NaN,NaN,NaN,NaN,NaN,NaN,NaN,NaN,NaN,NaN,NaN,NaN,NaN,NaN,NaN,NaN,NaN
2021-06-30 00:00:00,NaN,NaN,NaN,NaN,NaN,NaN,NaN,NaN,NaN,NaN,NaN,NaN,NaN,NaN,NaN,NaN,NaN,NaN,NaN,NaN,NaN,NaN,NaN,NaN,NaN,NaN,NaN,NaN,NaN
2021-07-01 00:00:00,NaN,NaN,NaN,NaN,NaN,NaN,NaN,NaN,NaN,NaN,NaN,NaN,NaN,NaN,NaN,NaN,NaN,NaN,NaN,NaN,NaN,NaN,NaN,NaN,NaN,NaN,NaN,NaN,NaN
2021-10-01 00:00:00,NaN,NaN,NaN,NaN,NaN,NaN,NaN,NaN,NaN,NaN,NaN,NaN,NaN,NaN,NaN,NaN,NaN,NaN,NaN,NaN,NaN,NaN,NaN,NaN,NaN,NaN,NaN,250,NaN
2021-10-02 00:00:00,NaN,NaN,NaN,NaN,NaN,NaN,NaN,NaN,NaN,NaN,NaN,NaN,NaN,NaN,NaN,NaN,NaN,NaN,NaN,NaN,NaN,NaN,NaN,NaN,NaN,NaN,NaN,250,NaN
2021-10-03 00:00:00,NaN,NaN,NaN,NaN,NaN,NaN,NaN,NaN,NaN,NaN,NaN,NaN,NaN,NaN,NaN,NaN,NaN,NaN,NaN,NaN,NaN,NaN,NaN,NaN,NaN,NaN,NaN,250,NaN
2021-10-04 00:00:00,NaN,NaN,NaN,NaN,NaN,NaN,NaN,NaN,NaN,NaN,NaN,NaN,NaN,NaN,NaN,NaN,NaN,NaN,NaN,NaN,NaN,NaN,NaN,NaN,NaN,NaN,NaN,250,NaN
2021-10-05 00:00:00,NaN,NaN,NaN,NaN,NaN,NaN,NaN,NaN,NaN,NaN,NaN,NaN,NaN,NaN,NaN,NaN,NaN,NaN,NaN,NaN,NaN,NaN,NaN,NaN,NaN,NaN,NaN,250,NaN
2021-10-06 00:00:00,NaN,NaN,NaN,NaN,NaN,NaN,NaN,NaN,NaN,NaN,NaN,NaN,NaN,NaN,NaN,NaN,NaN,NaN,NaN,NaN,NaN,NaN,NaN,NaN,NaN,NaN,NaN,250,NaN
2021-10-07 00:00:00,NaN,NaN,NaN,NaN,NaN,NaN,NaN,NaN,NaN,NaN,NaN,NaN,NaN,NaN,NaN,NaN,NaN,NaN,NaN,NaN,NaN,NaN,NaN,NaN,NaN,NaN,NaN,250,NaN
2021-10-08 00:00:00,NaN,NaN,NaN,NaN,NaN,NaN,NaN,NaN,NaN,NaN,NaN,NaN,NaN,NaN,NaN,NaN,NaN,NaN,NaN,NaN,NaN,NaN,NaN,NaN,NaN,NaN,NaN,250,NaN
2021-10-09 00:00:00,NaN,NaN,NaN,NaN,NaN,NaN,NaN,NaN,NaN,NaN,NaN,NaN,NaN,NaN,NaN,NaN,NaN,NaN,NaN,NaN,NaN,NaN,NaN,NaN,NaN,NaN,NaN,250,NaN
2021-10-10 00:00:00,NaN,NaN,NaN,NaN,NaN,NaN,NaN,NaN,NaN,NaN,NaN,NaN,NaN,NaN,NaN,NaN,NaN,NaN,NaN,NaN,NaN,NaN,NaN,NaN,NaN,NaN,NaN,250,NaN
2021-10-11 00:00:00,NaN,NaN,NaN,NaN,NaN,NaN,NaN,NaN,NaN,NaN,NaN,NaN,NaN,NaN,NaN,NaN,NaN,NaN,NaN,NaN,NaN,NaN,NaN,NaN,NaN,NaN,NaN,250,NaN
2021-10-12 00:00:00,NaN,NaN,NaN,NaN,NaN,NaN,NaN,NaN,NaN,NaN,NaN,NaN,NaN,NaN,NaN,NaN,NaN,NaN,NaN,NaN,NaN,NaN,NaN,NaN,NaN,NaN,NaN,250,NaN
2021-10-13 00:00:00,NaN,NaN,NaN,NaN,NaN,NaN,NaN,NaN,NaN,NaN,NaN,NaN,NaN,NaN,NaN,NaN,NaN,NaN,NaN,NaN,NaN,NaN,NaN,NaN,NaN,NaN,NaN,250,NaN
2021-10-14 00:00:00,NaN,NaN,NaN,NaN,NaN,NaN,NaN,NaN,NaN,NaN,NaN,NaN,NaN,NaN,NaN,NaN,NaN,NaN,NaN,NaN,NaN,NaN,NaN,NaN,NaN,NaN,NaN,250,NaN
2021-10-15 00:00:00,NaN,NaN,NaN,NaN,NaN,NaN,NaN,NaN,NaN,NaN,NaN,NaN,NaN,NaN,NaN,NaN,NaN,NaN,NaN,NaN,NaN,NaN,NaN,NaN,NaN,NaN,NaN,250,NaN
2021-10-16 00:00:00,NaN,NaN,NaN,NaN,NaN,NaN,NaN,NaN,NaN,NaN,NaN,NaN,NaN,NaN,NaN,NaN,NaN,NaN,NaN,NaN,NaN,NaN,NaN,NaN,NaN,NaN,NaN,250,NaN
2021-10-17 00:00:00,NaN,NaN,NaN,NaN,NaN,NaN,NaN,NaN,NaN,NaN,NaN,NaN,NaN,NaN,NaN,NaN,NaN,NaN,NaN,NaN,NaN,NaN,NaN,NaN,NaN,NaN,NaN,250,NaN
2021-10-18 00:00:00,NaN,NaN,NaN,NaN,NaN,NaN,NaN,NaN,NaN,NaN,NaN,NaN,NaN,NaN,NaN,NaN,NaN,NaN,NaN,NaN,NaN,NaN,NaN,NaN,NaN,NaN,NaN,250,NaN
2021-10-19 00:00:00,NaN,NaN,NaN,NaN,NaN,NaN,NaN,NaN,NaN,NaN,NaN,NaN,NaN,NaN,NaN,NaN,NaN,NaN,NaN,NaN,NaN,NaN,NaN,NaN,NaN,NaN,NaN,250,NaN
2021-10-20 00:00:00,NaN,NaN,NaN,NaN,NaN,NaN,NaN,NaN,NaN,NaN,NaN,NaN,NaN,NaN,NaN,NaN,NaN,NaN,NaN,NaN,NaN,NaN,NaN,NaN,NaN,NaN,NaN,250,NaN
2021-10-21 00:00:00,NaN,NaN,NaN,NaN,NaN,NaN,NaN,NaN,NaN,NaN,NaN,NaN,NaN,NaN,NaN,NaN,NaN,NaN,NaN,NaN,NaN,NaN,NaN,NaN,NaN,NaN,NaN,250,NaN
2021-10-22 00:00:00,NaN,NaN,NaN,NaN,NaN,NaN,NaN,NaN,NaN,NaN,NaN,NaN,NaN,NaN,NaN,NaN,NaN,NaN,NaN,NaN,NaN,NaN,NaN,NaN,NaN,NaN,NaN,250,NaN
2021-10-23 00:00:00,NaN,NaN,NaN,NaN,NaN,NaN,NaN,NaN,NaN,NaN,NaN,NaN,NaN,NaN,NaN,NaN,NaN,NaN,NaN,NaN,NaN,NaN,NaN,NaN,NaN,NaN,NaN,250,NaN
2021-10-24 00:00:00,NaN,NaN,NaN,NaN,NaN,NaN,NaN,NaN,NaN,NaN,NaN,NaN,NaN,NaN,NaN,NaN,NaN,NaN,NaN,NaN,NaN,NaN,NaN,NaN,NaN,NaN,NaN,250,NaN
2021-10-25 00:00:00,NaN,NaN,NaN,NaN,NaN,NaN,NaN,NaN,NaN,NaN,NaN,NaN,NaN,NaN,NaN,NaN,NaN,NaN,NaN,NaN,NaN,NaN,NaN,NaN,NaN,NaN,NaN,250,NaN
2021-10-26 00:00:00,NaN,NaN,NaN,NaN,NaN,NaN,NaN,NaN,NaN,NaN,NaN,NaN,NaN,NaN,NaN,NaN,NaN,NaN,NaN,NaN,NaN,NaN,NaN,NaN,NaN,NaN,NaN,250,NaN
2021-10-27 00:00:00,NaN,NaN,NaN,NaN,NaN,NaN,NaN,NaN,NaN,NaN,NaN,NaN,NaN,NaN,NaN,NaN,NaN,NaN,NaN,NaN,NaN,NaN,NaN,NaN,NaN,NaN,NaN,250,NaN
2021-10-28 00:00:00,NaN,NaN,NaN,NaN,NaN,NaN,NaN,NaN,NaN,NaN,NaN,NaN,NaN,NaN,NaN,NaN,NaN,NaN,NaN,NaN,NaN,NaN,NaN,NaN,NaN,NaN,NaN,250,NaN
2021-10-29 00:00:00,NaN,NaN,NaN,NaN,NaN,NaN,NaN,NaN,NaN,NaN,NaN,NaN,NaN,NaN,NaN,NaN,NaN,NaN,NaN,NaN,NaN,NaN,NaN,NaN,NaN,NaN,NaN,250,NaN
2021-10-30 00:00:00,NaN,NaN,NaN,NaN,NaN,NaN,NaN,NaN,NaN,NaN,NaN,NaN,NaN,NaN,NaN,NaN,NaN,NaN,NaN,NaN,NaN,NaN,NaN,NaN,NaN,NaN,NaN,250,NaN
2021-10-31 00:00:00,NaN,NaN,NaN,NaN,NaN,NaN,NaN,NaN,NaN,NaN,NaN,NaN,NaN,NaN,NaN,NaN,NaN,NaN,NaN,NaN,NaN,NaN,NaN,NaN,NaN,NaN,NaN,250,NaN
2021-11-01 00:00:00,NaN,NaN,NaN,NaN,NaN,NaN,NaN,NaN,NaN,NaN,NaN,NaN,NaN,NaN,NaN,NaN,NaN,NaN,NaN,NaN,NaN,NaN,NaN,NaN,NaN,NaN,NaN,250,NaN
2021-11-02 00:00:00,NaN,NaN,NaN,NaN,NaN,NaN,NaN,NaN,NaN,NaN,NaN,NaN,NaN,NaN,NaN,NaN,NaN,NaN,NaN,NaN,NaN,NaN,NaN,NaN,NaN,NaN,NaN,250,NaN
2021-11-03 00:00:00,NaN,NaN,NaN,NaN,NaN,NaN,NaN,NaN,NaN,NaN,NaN,NaN,NaN,NaN,NaN,NaN,NaN,NaN,NaN,NaN,NaN,NaN,NaN,NaN,NaN,NaN,NaN,250,NaN
2021-11-04 00:00:00,NaN,NaN,NaN,NaN,NaN,NaN,NaN,NaN,NaN,NaN,NaN,NaN,NaN,NaN,NaN,NaN,NaN,NaN,NaN,NaN,NaN,NaN,NaN,NaN,NaN,NaN,NaN,250,NaN
2021-11-05 00:00:00,NaN,NaN,NaN,NaN,NaN,NaN,NaN,NaN,NaN,NaN,NaN,NaN,NaN,NaN,NaN,NaN,NaN,NaN,NaN,NaN,NaN,NaN,NaN,NaN,NaN,NaN,NaN,250,NaN
2021-11-06 00:00:00,NaN,NaN,NaN,NaN,NaN,NaN,NaN,NaN,NaN,NaN,NaN,NaN,NaN,NaN,NaN,NaN,NaN,NaN,NaN,NaN,NaN,NaN,NaN,NaN,NaN,NaN,NaN,250,NaN
2021-11-07 00:00:00,NaN,NaN,NaN,NaN,NaN,NaN,NaN,NaN,NaN,NaN,NaN,NaN,NaN,NaN,NaN,NaN,NaN,NaN,NaN,NaN,NaN,NaN,NaN,NaN,NaN,NaN,NaN,250,NaN
2021-11-08 00:00:00,NaN,NaN,NaN,NaN,NaN,NaN,NaN,NaN,NaN,NaN,NaN,NaN,NaN,NaN,NaN,NaN,NaN,NaN,NaN,NaN,NaN,NaN,NaN,NaN,NaN,NaN,NaN,250,NaN
2021-11-09 00:00:00,NaN,NaN,NaN,NaN,NaN,NaN,NaN,NaN,NaN,NaN,NaN,NaN,NaN,NaN,NaN,NaN,NaN,NaN,NaN,NaN,NaN,NaN,NaN,NaN,NaN,NaN,NaN,250,NaN
2021-11-10 00:00:00,NaN,NaN,NaN,NaN,NaN,NaN,NaN,NaN,NaN,NaN,NaN,NaN,NaN,NaN,NaN,NaN,NaN,NaN,NaN,NaN,NaN,NaN,NaN,NaN,NaN,NaN,NaN,250,NaN
2021-11-11 00:00:00,NaN,NaN,NaN,NaN,NaN,NaN,NaN,NaN,NaN,NaN,NaN,NaN,NaN,NaN,NaN,NaN,NaN,NaN,NaN,NaN,NaN,NaN,NaN,NaN,NaN,NaN,NaN,256,NaN
2021-11-12 00:00:00,NaN,NaN,NaN,NaN,NaN,NaN,NaN,NaN,NaN,NaN,NaN,NaN,NaN,NaN,NaN,NaN,NaN,NaN,NaN,NaN,NaN,NaN,NaN,NaN,NaN,NaN,NaN,234,NaN
2021-11-13 00:00:00,NaN,NaN,NaN,NaN,NaN,NaN,NaN,NaN,NaN,NaN,NaN,NaN,NaN,NaN,NaN,NaN,NaN,NaN,NaN,NaN,NaN,NaN,NaN,NaN,NaN,NaN,NaN,314,NaN
2021-11-14 00:00:00,NaN,NaN,NaN,NaN,NaN,NaN,NaN,NaN,NaN,NaN,NaN,NaN,NaN,NaN,NaN,NaN,NaN,NaN,NaN,NaN,NaN,NaN,NaN,NaN,NaN,NaN,NaN,289,NaN
2021-11-15 00:00:00,NaN,NaN,NaN,NaN,NaN,NaN,NaN,NaN,NaN,NaN,NaN,NaN,NaN,NaN,NaN,NaN,NaN,NaN,NaN,NaN,NaN,NaN,NaN,NaN,NaN,NaN,NaN,288,NaN
2021-11-16 00:00:00,NaN,NaN,NaN,NaN,NaN,NaN,NaN,NaN,NaN,NaN,NaN,NaN,NaN,NaN,NaN,NaN,NaN,NaN,NaN,NaN,NaN,NaN,NaN,NaN,NaN,NaN,NaN,259,NaN
2021-11-17 00:00:00,NaN,NaN,NaN,NaN,NaN,NaN,NaN,NaN,NaN,NaN,NaN,NaN,NaN,NaN,NaN,NaN,NaN,NaN,NaN,NaN,NaN,NaN,NaN,NaN,NaN,NaN,NaN,267,NaN
2021-11-18 00:00:00,NaN,NaN,NaN,NaN,NaN,NaN,NaN,NaN,NaN,NaN,NaN,NaN,NaN,NaN,NaN,NaN,NaN,NaN,NaN,NaN,NaN,NaN,NaN,NaN,NaN,NaN,NaN,256,NaN
2021-11-19 00:00:00,NaN,NaN,NaN,NaN,NaN,NaN,NaN,NaN,NaN,NaN,NaN,NaN,NaN,NaN,NaN,NaN,NaN,NaN,NaN,NaN,NaN,NaN,NaN,NaN,NaN,NaN,NaN,246,NaN
2021-11-20 00:00:00,NaN,NaN,NaN,NaN,NaN,NaN,NaN,NaN,NaN,NaN,NaN,NaN,NaN,NaN,NaN,NaN,NaN,NaN,NaN,NaN,NaN,NaN,NaN,NaN,NaN,NaN,NaN,231,NaN
2021-11-21 00:00:00,NaN,NaN,NaN,NaN,NaN,NaN,NaN,NaN,NaN,NaN,NaN,NaN,NaN,NaN,NaN,NaN,NaN,NaN,NaN,NaN,NaN,NaN,NaN,NaN,NaN,NaN,NaN,248,NaN
2021-11-22 00:00:00,NaN,NaN,NaN,NaN,NaN,NaN,NaN,NaN,NaN,NaN,NaN,NaN,NaN,NaN,NaN,NaN,NaN,NaN,NaN,NaN,NaN,NaN,NaN,NaN,NaN,NaN,NaN,235,NaN
2021-11-23 00:00:00,NaN,NaN,NaN,NaN,NaN,NaN,NaN,NaN,NaN,NaN,NaN,NaN,NaN,NaN,NaN,NaN,NaN,NaN,NaN,NaN,NaN,NaN,NaN,NaN,NaN,NaN,NaN,248,NaN
2021-11-24 00:00:00,NaN,NaN,NaN,NaN,NaN,NaN,NaN,NaN,NaN,NaN,NaN,NaN,NaN,NaN,NaN,NaN,NaN,NaN,NaN,NaN,NaN,NaN,NaN,NaN,NaN,NaN,NaN,234,NaN
2021-11-25 00:00:00,NaN,NaN,NaN,NaN,NaN,NaN,NaN,NaN,NaN,NaN,NaN,NaN,NaN,NaN,NaN,NaN,NaN,NaN,NaN,NaN,NaN,NaN,NaN,NaN,NaN,NaN,NaN,207,NaN
2021-11-26 00:00:00,NaN,NaN,NaN,NaN,NaN,NaN,NaN,NaN,NaN,NaN,NaN,NaN,NaN,NaN,NaN,NaN,NaN,NaN,NaN,NaN,NaN,NaN,NaN,NaN,NaN,NaN,NaN,227,NaN
2021-11-27 00:00:00,NaN,NaN,NaN,NaN,NaN,NaN,NaN,NaN,NaN,NaN,NaN,NaN,NaN,NaN,NaN,NaN,NaN,NaN,NaN,NaN,NaN,NaN,NaN,NaN,NaN,NaN,NaN,238,NaN
2021-11-28 00:00:00,NaN,NaN,NaN,NaN,NaN,NaN,NaN,NaN,NaN,NaN,NaN,NaN,NaN,NaN,NaN,NaN,NaN,NaN,NaN,NaN,NaN,NaN,NaN,NaN,NaN,NaN,NaN,238,NaN
2021-11-29 00:00:00,NaN,NaN,NaN,NaN,NaN,NaN,NaN,NaN,NaN,NaN,NaN,NaN,NaN,NaN,NaN,NaN,NaN,NaN,NaN,NaN,NaN,NaN,NaN,NaN,NaN,NaN,NaN,238,NaN
2021-11-30 00:00:00,NaN,NaN,NaN,NaN,NaN,NaN,NaN,NaN,NaN,NaN,NaN,NaN,NaN,NaN,NaN,NaN,NaN,NaN,NaN,NaN,NaN,NaN,NaN,NaN,NaN,NaN,NaN,238,NaN
2021-12-01 00:00:00,NaN,NaN,NaN,NaN,NaN,NaN,NaN,NaN,NaN,NaN,NaN,NaN,NaN,NaN,NaN,NaN,NaN,NaN,NaN,NaN,NaN,NaN,NaN,NaN,NaN,NaN,NaN,238,NaN
2021-12-02 00:00:00,NaN,NaN,NaN,NaN,NaN,NaN,NaN,NaN,NaN,NaN,NaN,NaN,NaN,NaN,NaN,NaN,NaN,NaN,NaN,NaN,NaN,NaN,NaN,NaN,NaN,NaN,NaN,237,NaN
2021-12-03 00:00:00,NaN,NaN,NaN,NaN,NaN,NaN,NaN,NaN,NaN,NaN,NaN,NaN,NaN,NaN,NaN,NaN,NaN,NaN,NaN,NaN,NaN,NaN,NaN,NaN,NaN,NaN,NaN,237,NaN
2021-12-04 00:00:00,NaN,NaN,NaN,NaN,NaN,NaN,NaN,NaN,NaN,NaN,NaN,NaN,NaN,NaN,NaN,NaN,NaN,NaN,NaN,NaN,NaN,NaN,NaN,NaN,NaN,NaN,NaN,232,NaN
2021-12-05 00:00:00,NaN,NaN,NaN,NaN,NaN,NaN,NaN,NaN,NaN,NaN,NaN,NaN,NaN,NaN,NaN,NaN,NaN,NaN,NaN,NaN,NaN,NaN,NaN,NaN,NaN,NaN,NaN,232,NaN
2021-12-06 00:00:00,NaN,NaN,NaN,NaN,NaN,NaN,NaN,NaN,NaN,NaN,NaN,NaN,NaN,NaN,NaN,NaN,NaN,NaN,NaN,NaN,NaN,NaN,NaN,NaN,NaN,NaN,NaN,232,NaN
2021-12-07 00:00:00,NaN,NaN,NaN,NaN,NaN,NaN,NaN,NaN,NaN,NaN,NaN,NaN,NaN,NaN,NaN,NaN,NaN,NaN,NaN,NaN,NaN,NaN,NaN,NaN,NaN,NaN,NaN,237,NaN
2021-12-08 00:00:00,NaN,NaN,NaN,NaN,NaN,NaN,NaN,NaN,NaN,NaN,NaN,NaN,NaN,NaN,NaN,NaN,NaN,NaN,NaN,NaN,NaN,NaN,NaN,NaN,NaN,NaN,NaN,236,NaN
2021-12-09 00:00:00,NaN,NaN,NaN,NaN,NaN,NaN,NaN,NaN,NaN,NaN,NaN,NaN,NaN,NaN,NaN,NaN,NaN,NaN,NaN,NaN,NaN,NaN,NaN,NaN,NaN,NaN,NaN,263,NaN
2021-12-10 00:00:00,NaN,NaN,NaN,NaN,NaN,NaN,NaN,NaN,NaN,NaN,NaN,NaN,NaN,NaN,NaN,NaN,NaN,NaN,NaN,NaN,NaN,NaN,NaN,NaN,NaN,NaN,NaN,277,NaN
2021-12-11 00:00:00,NaN,NaN,NaN,NaN,NaN,NaN,NaN,NaN,NaN,NaN,NaN,NaN,NaN,NaN,NaN,NaN,NaN,NaN,NaN,NaN,NaN,NaN,NaN,NaN,NaN,NaN,NaN,206,NaN
2021-12-12 00:00:00,NaN,NaN,NaN,NaN,NaN,NaN,NaN,NaN,NaN,NaN,NaN,NaN,NaN,NaN,NaN,NaN,NaN,NaN,NaN,NaN,NaN,NaN,NaN,NaN,NaN,NaN,NaN,222,NaN
2021-12-13 00:00:00,NaN,NaN,NaN,NaN,NaN,NaN,NaN,NaN,NaN,NaN,NaN,NaN,NaN,NaN,NaN,NaN,NaN,NaN,NaN,NaN,NaN,NaN,NaN,NaN,NaN,NaN,NaN,236,NaN
2021-12-14 00:00:00,NaN,NaN,NaN,NaN,NaN,NaN,NaN,NaN,NaN,NaN,NaN,NaN,NaN,NaN,NaN,NaN,NaN,NaN,NaN,NaN,NaN,NaN,NaN,NaN,NaN,NaN,NaN,244,NaN
2021-12-15 00:00:00,NaN,NaN,NaN,NaN,NaN,NaN,NaN,NaN,NaN,NaN,NaN,NaN,NaN,NaN,NaN,NaN,NaN,NaN,NaN,NaN,NaN,NaN,NaN,NaN,NaN,NaN,NaN,243,NaN
2021-12-16 00:00:00,NaN,NaN,NaN,NaN,NaN,NaN,NaN,NaN,NaN,NaN,NaN,NaN,NaN,NaN,NaN,NaN,NaN,NaN,NaN,NaN,NaN,NaN,NaN,NaN,NaN,NaN,NaN,240,NaN
2021-12-17 00:00:00,NaN,NaN,NaN,NaN,NaN,NaN,NaN,NaN,NaN,NaN,NaN,NaN,NaN,NaN,NaN,NaN,NaN,NaN,NaN,NaN,NaN,NaN,NaN,NaN,NaN,NaN,NaN,204,NaN
2021-12-18 00:00:00,NaN,NaN,NaN,NaN,NaN,NaN,NaN,NaN,NaN,NaN,NaN,NaN,NaN,NaN,NaN,NaN,NaN,NaN,NaN,NaN,NaN,NaN,NaN,NaN,NaN,NaN,NaN,210,NaN
2021-12-19 00:00:00,NaN,NaN,NaN,NaN,NaN,NaN,NaN,NaN,NaN,NaN,NaN,NaN,NaN,NaN,NaN,NaN,NaN,NaN,NaN,NaN,NaN,NaN,NaN,NaN,NaN,NaN,NaN,217,NaN
2021-12-20 00:00:00,NaN,NaN,NaN,NaN,NaN,NaN,NaN,NaN,NaN,NaN,NaN,NaN,NaN,NaN,NaN,NaN,NaN,NaN,NaN,NaN,NaN,NaN,NaN,NaN,NaN,NaN,NaN,224,NaN
2021-12-21 00:00:00,NaN,NaN,NaN,NaN,NaN,NaN,NaN,NaN,NaN,NaN,NaN,NaN,NaN,NaN,NaN,NaN,NaN,NaN,NaN,NaN,NaN,NaN,NaN,NaN,NaN,NaN,NaN,232,NaN
2021-12-22 00:00:00,NaN,NaN,NaN,NaN,NaN,NaN,NaN,NaN,NaN,NaN,NaN,NaN,NaN,NaN,NaN,NaN,NaN,NaN,NaN,NaN,NaN,NaN,NaN,NaN,NaN,NaN,NaN,247,NaN
2021-12-23 00:00:00,NaN,NaN,NaN,NaN,NaN,NaN,NaN,NaN,NaN,NaN,NaN,NaN,NaN,NaN,NaN,NaN,NaN,NaN,NaN,NaN,NaN,NaN,NaN,NaN,NaN,NaN,NaN,235,NaN
2021-12-24 00:00:00,NaN,NaN,NaN,NaN,NaN,NaN,NaN,NaN,NaN,NaN,NaN,NaN,NaN,NaN,NaN,NaN,NaN,NaN,NaN,NaN,NaN,NaN,NaN,NaN,NaN,NaN,NaN,219,NaN
2021-12-25 00:00:00,NaN,NaN,NaN,NaN,NaN,NaN,NaN,NaN,NaN,NaN,NaN,NaN,NaN,NaN,NaN,NaN,NaN,NaN,NaN,NaN,NaN,NaN,NaN,NaN,NaN,NaN,NaN,183,NaN
2021-12-26 00:00:00,NaN,NaN,NaN,NaN,NaN,NaN,NaN,NaN,NaN,NaN,NaN,NaN,NaN,NaN,NaN,NaN,NaN,NaN,NaN,NaN,NaN,NaN,NaN,NaN,NaN,NaN,NaN,194,NaN
2021-12-27 00:00:00,NaN,NaN,NaN,NaN,NaN,NaN,NaN,NaN,NaN,NaN,NaN,NaN,NaN,NaN,NaN,NaN,NaN,NaN,NaN,NaN,NaN,NaN,NaN,NaN,NaN,NaN,NaN,190,NaN
2021-12-28 00:00:00,NaN,NaN,NaN,NaN,NaN,NaN,NaN,NaN,NaN,NaN,NaN,NaN,NaN,NaN,NaN,NaN,NaN,NaN,NaN,NaN,NaN,NaN,NaN,NaN,NaN,NaN,NaN,194,NaN
2021-12-29 00:00:00,NaN,NaN,NaN,NaN,NaN,NaN,NaN,NaN,NaN,NaN,NaN,NaN,NaN,NaN,NaN,NaN,NaN,NaN,NaN,NaN,NaN,NaN,NaN,NaN,NaN,NaN,NaN,200,NaN
2021-12-30 00:00:00,NaN,NaN,NaN,NaN,NaN,NaN,NaN,NaN,NaN,NaN,NaN,NaN,NaN,NaN,NaN,NaN,NaN,NaN,NaN,NaN,NaN,NaN,NaN,NaN,NaN,NaN,NaN,194,NaN
2021-12-31 00:00:00,NaN,NaN,NaN,NaN,NaN,NaN,NaN,NaN,NaN,NaN,NaN,NaN,NaN,NaN,NaN,NaN,NaN,NaN,NaN,NaN,NaN,NaN,NaN,NaN,NaN,NaN,NaN,208,NaN
2022-01-01 00:00:00,NaN,NaN,NaN,NaN,NaN,NaN,NaN,NaN,NaN,NaN,NaN,NaN,NaN,NaN,NaN,NaN,NaN,NaN,NaN,NaN,NaN,NaN,NaN,NaN,NaN,NaN,NaN,206,NaN
2022-01-02 00:00:00,NaN,NaN,NaN,NaN,NaN,NaN,NaN,NaN,NaN,NaN,NaN,NaN,NaN,NaN,NaN,NaN,NaN,NaN,NaN,NaN,NaN,NaN,NaN,NaN,NaN,NaN,NaN,214,NaN
2022-01-03 00:00:00,NaN,NaN,NaN,NaN,NaN,NaN,NaN,NaN,NaN,NaN,NaN,NaN,NaN,NaN,NaN,NaN,NaN,NaN,NaN,NaN,NaN,NaN,NaN,NaN,NaN,NaN,NaN,230,NaN
2022-01-04 00:00:00,NaN,NaN,NaN,NaN,NaN,NaN,NaN,NaN,NaN,NaN,NaN,NaN,NaN,NaN,NaN,NaN,NaN,NaN,NaN,NaN,NaN,NaN,NaN,NaN,NaN,NaN,NaN,239,NaN
2022-01-05 00:00:00,NaN,NaN,NaN,NaN,NaN,NaN,NaN,NaN,NaN,NaN,NaN,NaN,NaN,NaN,NaN,NaN,NaN,NaN,NaN,NaN,NaN,NaN,NaN,NaN,NaN,NaN,NaN,224,NaN
2022-01-06 00:00:00,NaN,NaN,NaN,NaN,NaN,NaN,NaN,NaN,NaN,NaN,NaN,NaN,NaN,NaN,NaN,NaN,NaN,NaN,NaN,NaN,NaN,NaN,NaN,NaN,NaN,NaN,NaN,216,NaN
2022-01-07 00:00:00,NaN,NaN,NaN,NaN,NaN,NaN,NaN,NaN,NaN,NaN,NaN,NaN,NaN,NaN,NaN,NaN,NaN,NaN,NaN,NaN,NaN,NaN,NaN,NaN,NaN,NaN,NaN,235,NaN
2022-01-08 00:00:00,NaN,NaN,NaN,NaN,NaN,NaN,NaN,NaN,NaN,NaN,NaN,NaN,NaN,NaN,NaN,NaN,NaN,NaN,NaN,NaN,NaN,NaN,NaN,NaN,NaN,NaN,NaN,242,NaN
2022-01-09 00:00:00,NaN,NaN,NaN,NaN,NaN,NaN,NaN,NaN,NaN,NaN,NaN,NaN,NaN,NaN,NaN,NaN,NaN,NaN,NaN,NaN,NaN,NaN,NaN,NaN,NaN,NaN,NaN,234,NaN
2022-01-10 00:00:00,NaN,NaN,NaN,NaN,NaN,NaN,NaN,NaN,NaN,NaN,NaN,NaN,NaN,NaN,NaN,NaN,NaN,NaN,NaN,NaN,NaN,NaN,NaN,NaN,NaN,NaN,NaN,245,NaN
2022-01-11 00:00:00,NaN,NaN,NaN,NaN,NaN,NaN,NaN,NaN,NaN,NaN,NaN,NaN,NaN,NaN,NaN,NaN,NaN,NaN,NaN,NaN,NaN,NaN,NaN,NaN,NaN,NaN,NaN,252,NaN
2022-01-12 00:00:00,NaN,NaN,NaN,NaN,NaN,NaN,NaN,NaN,NaN,NaN,NaN,NaN,NaN,NaN,NaN,NaN,NaN,NaN,NaN,NaN,NaN,NaN,NaN,NaN,NaN,NaN,NaN,267,NaN
2022-01-13 00:00:00,NaN,NaN,NaN,NaN,NaN,NaN,NaN,NaN,NaN,NaN,NaN,NaN,NaN,NaN,NaN,NaN,NaN,NaN,NaN,NaN,NaN,NaN,NaN,NaN,NaN,NaN,NaN,266,NaN
2022-01-14 00:00:00,NaN,NaN,NaN,NaN,NaN,NaN,NaN,NaN,NaN,NaN,NaN,NaN,NaN,NaN,NaN,NaN,NaN,NaN,NaN,NaN,NaN,NaN,NaN,NaN,NaN,NaN,NaN,274,NaN
2022-01-15 00:00:00,NaN,NaN,NaN,NaN,NaN,NaN,NaN,NaN,NaN,NaN,NaN,NaN,NaN,NaN,NaN,NaN,NaN,NaN,NaN,NaN,NaN,NaN,NaN,NaN,NaN,NaN,NaN,257,NaN
2022-01-16 00:00:00,NaN,NaN,NaN,NaN,NaN,NaN,NaN,NaN,NaN,NaN,NaN,NaN,NaN,NaN,NaN,NaN,NaN,NaN,NaN,NaN,NaN,NaN,NaN,NaN,NaN,NaN,NaN,265,NaN
2022-01-17 00:00:00,NaN,NaN,NaN,NaN,NaN,NaN,NaN,NaN,NaN,NaN,NaN,NaN,NaN,NaN,NaN,NaN,NaN,NaN,NaN,NaN,NaN,NaN,NaN,NaN,NaN,NaN,NaN,275,NaN
2022-01-18 00:00:00,NaN,NaN,NaN,NaN,NaN,NaN,NaN,NaN,NaN,NaN,NaN,NaN,NaN,NaN,NaN,NaN,NaN,NaN,NaN,NaN,NaN,NaN,NaN,NaN,NaN,NaN,NaN,286,NaN
2022-01-19 00:00:00,NaN,NaN,NaN,NaN,NaN,NaN,NaN,NaN,NaN,NaN,NaN,NaN,NaN,NaN,NaN,NaN,NaN,NaN,NaN,NaN,NaN,NaN,NaN,NaN,NaN,NaN,NaN,296,NaN
2022-01-20 00:00:00,NaN,NaN,NaN,NaN,NaN,NaN,NaN,NaN,NaN,NaN,NaN,NaN,NaN,NaN,NaN,NaN,NaN,NaN,NaN,NaN,NaN,NaN,NaN,NaN,NaN,NaN,NaN,287,NaN
2022-01-21 00:00:00,NaN,NaN,NaN,NaN,NaN,NaN,NaN,NaN,NaN,NaN,NaN,NaN,NaN,NaN,NaN,NaN,NaN,NaN,NaN,NaN,NaN,NaN,NaN,NaN,NaN,NaN,NaN,286,NaN
2022-01-22 00:00:00,NaN,NaN,NaN,NaN,NaN,NaN,NaN,NaN,NaN,NaN,NaN,NaN,NaN,NaN,NaN,NaN,NaN,NaN,NaN,NaN,NaN,NaN,NaN,NaN,NaN,NaN,NaN,284,NaN
2022-01-23 00:00:00,NaN,NaN,NaN,NaN,NaN,NaN,NaN,NaN,NaN,NaN,NaN,NaN,NaN,NaN,NaN,NaN,NaN,NaN,NaN,NaN,NaN,NaN,NaN,NaN,NaN,NaN,NaN,286,NaN
2022-01-24 00:00:00,NaN,NaN,NaN,NaN,NaN,NaN,NaN,NaN,NaN,NaN,NaN,NaN,NaN,NaN,NaN,NaN,NaN,NaN,NaN,NaN,NaN,NaN,NaN,NaN,NaN,NaN,NaN,293,NaN
2022-01-25 00:00:00,NaN,NaN,NaN,NaN,NaN,NaN,NaN,NaN,NaN,NaN,NaN,NaN,NaN,NaN,NaN,NaN,NaN,NaN,NaN,NaN,NaN,NaN,NaN,NaN,NaN,NaN,NaN,286,NaN
2022-01-26 00:00:00,NaN,NaN,NaN,NaN,NaN,NaN,NaN,NaN,NaN,NaN,NaN,NaN,NaN,NaN,NaN,NaN,NaN,NaN,NaN,NaN,NaN,NaN,NaN,NaN,NaN,NaN,NaN,285,NaN
2022-01-27 00:00:00,NaN,NaN,NaN,NaN,NaN,NaN,NaN,NaN,NaN,NaN,NaN,NaN,NaN,NaN,NaN,NaN,NaN,NaN,NaN,NaN,NaN,NaN,NaN,NaN,NaN,NaN,NaN,290,NaN
2022-01-28 00:00:00,NaN,NaN,NaN,NaN,NaN,NaN,NaN,NaN,NaN,NaN,NaN,NaN,NaN,NaN,NaN,NaN,NaN,NaN,NaN,NaN,NaN,NaN,NaN,NaN,NaN,NaN,NaN,292,NaN
2022-01-29 00:00:00,NaN,NaN,NaN,NaN,NaN,NaN,NaN,NaN,NaN,NaN,NaN,NaN,NaN,NaN,NaN,NaN,NaN,NaN,NaN,NaN,NaN,NaN,NaN,NaN,NaN,NaN,NaN,292,NaN
2022-01-30 00:00:00,NaN,NaN,NaN,NaN,NaN,NaN,NaN,NaN,NaN,NaN,NaN,NaN,NaN,NaN,NaN,NaN,NaN,NaN,NaN,NaN,NaN,NaN,NaN,NaN,NaN,NaN,NaN,289,NaN
2022-01-31 00:00:00,NaN,NaN,NaN,NaN,NaN,NaN,NaN,NaN,NaN,NaN,NaN,NaN,NaN,NaN,NaN,NaN,NaN,NaN,NaN,NaN,NaN,NaN,NaN,NaN,NaN,NaN,NaN,294,NaN
2022-02-01 00:00:00,NaN,NaN,NaN,NaN,NaN,NaN,NaN,NaN,NaN,NaN,NaN,NaN,NaN,NaN,NaN,NaN,NaN,NaN,NaN,NaN,NaN,NaN,NaN,NaN,NaN,NaN,NaN,295,NaN
2022-02-02 00:00:00,NaN,NaN,NaN,NaN,NaN,NaN,NaN,NaN,NaN,NaN,NaN,NaN,NaN,NaN,NaN,NaN,NaN,NaN,NaN,NaN,NaN,NaN,NaN,NaN,NaN,NaN,NaN,289,NaN
2022-02-03 00:00:00,NaN,NaN,NaN,NaN,NaN,NaN,NaN,NaN,NaN,NaN,NaN,NaN,NaN,NaN,NaN,NaN,NaN,NaN,NaN,NaN,NaN,NaN,NaN,NaN,NaN,NaN,NaN,282,NaN
2022-02-04 00:00:00,NaN,NaN,NaN,NaN,NaN,NaN,NaN,NaN,NaN,NaN,NaN,NaN,NaN,NaN,NaN,NaN,NaN,NaN,NaN,NaN,NaN,NaN,NaN,NaN,NaN,NaN,NaN,280,NaN
2022-02-05 00:00:00,NaN,NaN,NaN,NaN,NaN,NaN,NaN,NaN,NaN,NaN,NaN,NaN,NaN,NaN,NaN,NaN,NaN,NaN,NaN,NaN,NaN,NaN,NaN,NaN,NaN,NaN,NaN,283,NaN
2022-02-06 00:00:00,NaN,NaN,NaN,NaN,NaN,NaN,NaN,NaN,NaN,NaN,NaN,NaN,NaN,NaN,NaN,NaN,NaN,NaN,NaN,NaN,NaN,NaN,NaN,NaN,NaN,NaN,NaN,264,NaN
2022-02-07 00:00:00,NaN,NaN,NaN,NaN,NaN,NaN,NaN,NaN,NaN,NaN,NaN,NaN,NaN,NaN,NaN,NaN,NaN,NaN,NaN,NaN,NaN,NaN,NaN,NaN,NaN,NaN,NaN,262,NaN
2022-02-08 00:00:00,NaN,NaN,NaN,NaN,NaN,NaN,NaN,NaN,NaN,NaN,NaN,NaN,NaN,NaN,NaN,NaN,NaN,NaN,NaN,NaN,NaN,NaN,NaN,NaN,NaN,NaN,NaN,274,NaN
2022-02-09 00:00:00,NaN,NaN,NaN,NaN,NaN,NaN,NaN,NaN,NaN,NaN,NaN,NaN,NaN,NaN,NaN,NaN,NaN,NaN,NaN,NaN,NaN,NaN,NaN,NaN,NaN,NaN,NaN,277,NaN
2022-02-10 00:00:00,NaN,NaN,NaN,NaN,NaN,NaN,NaN,NaN,NaN,NaN,NaN,NaN,NaN,NaN,NaN,NaN,NaN,NaN,NaN,NaN,NaN,NaN,NaN,NaN,NaN,NaN,NaN,276,NaN
2022-02-11 00:00:00,NaN,NaN,NaN,NaN,NaN,NaN,NaN,NaN,NaN,NaN,NaN,NaN,NaN,NaN,NaN,NaN,NaN,NaN,NaN,NaN,NaN,NaN,NaN,NaN,NaN,NaN,NaN,284,NaN
2022-02-12 00:00:00,NaN,NaN,NaN,NaN,NaN,NaN,NaN,NaN,NaN,NaN,NaN,NaN,NaN,NaN,NaN,NaN,NaN,NaN,NaN,NaN,NaN,NaN,NaN,NaN,NaN,NaN,NaN,272,NaN
2022-02-13 00:00:00,NaN,NaN,NaN,NaN,NaN,NaN,NaN,NaN,NaN,NaN,NaN,NaN,NaN,NaN,NaN,NaN,NaN,NaN,NaN,NaN,NaN,NaN,NaN,NaN,NaN,NaN,NaN,265,NaN
2022-02-14 00:00:00,NaN,NaN,NaN,NaN,NaN,NaN,NaN,NaN,NaN,NaN,NaN,NaN,NaN,NaN,NaN,NaN,NaN,NaN,NaN,NaN,NaN,NaN,NaN,NaN,NaN,NaN,NaN,272,NaN
2022-02-15 00:00:00,NaN,NaN,NaN,NaN,NaN,NaN,NaN,NaN,NaN,NaN,NaN,NaN,NaN,NaN,NaN,NaN,NaN,NaN,NaN,NaN,NaN,NaN,NaN,NaN,NaN,NaN,NaN,273,NaN
2022-02-16 00:00:00,NaN,NaN,NaN,NaN,NaN,NaN,NaN,NaN,NaN,NaN,NaN,NaN,NaN,NaN,NaN,NaN,NaN,NaN,NaN,NaN,NaN,NaN,NaN,NaN,NaN,NaN,NaN,279,NaN
2022-02-17 00:00:00,NaN,NaN,NaN,NaN,NaN,NaN,NaN,NaN,NaN,NaN,NaN,NaN,NaN,NaN,NaN,NaN,NaN,NaN,NaN,NaN,NaN,NaN,NaN,NaN,NaN,NaN,NaN,257,NaN
2022-02-18 00:00:00,NaN,NaN,NaN,NaN,NaN,NaN,NaN,NaN,NaN,NaN,NaN,NaN,NaN,NaN,NaN,NaN,NaN,NaN,NaN,NaN,NaN,NaN,NaN,NaN,NaN,NaN,NaN,259,NaN
2022-02-19 00:00:00,NaN,NaN,NaN,NaN,NaN,NaN,NaN,NaN,NaN,NaN,NaN,NaN,NaN,NaN,NaN,NaN,NaN,NaN,NaN,NaN,NaN,NaN,NaN,NaN,NaN,NaN,NaN,266,NaN
2022-02-20 00:00:00,NaN,NaN,NaN,NaN,NaN,NaN,NaN,NaN,NaN,NaN,NaN,NaN,NaN,NaN,NaN,NaN,NaN,NaN,NaN,NaN,NaN,NaN,NaN,NaN,NaN,NaN,NaN,278,NaN
2022-02-21 00:00:00,NaN,NaN,NaN,NaN,NaN,NaN,NaN,NaN,NaN,NaN,NaN,NaN,NaN,NaN,NaN,NaN,NaN,NaN,NaN,NaN,NaN,NaN,NaN,NaN,NaN,NaN,NaN,289,NaN
2022-02-22 00:00:00,NaN,NaN,NaN,NaN,NaN,NaN,NaN,NaN,NaN,NaN,NaN,NaN,NaN,NaN,NaN,NaN,NaN,NaN,NaN,NaN,NaN,NaN,NaN,NaN,NaN,NaN,NaN,277,NaN
2022-02-23 00:00:00,NaN,NaN,NaN,NaN,NaN,NaN,NaN,NaN,NaN,NaN,NaN,NaN,NaN,NaN,NaN,NaN,NaN,NaN,NaN,NaN,NaN,NaN,NaN,NaN,NaN,NaN,NaN,276,NaN
2022-02-24 00:00:00,NaN,NaN,NaN,NaN,NaN,NaN,NaN,NaN,NaN,NaN,NaN,NaN,NaN,NaN,NaN,NaN,NaN,NaN,NaN,NaN,NaN,NaN,NaN,NaN,NaN,NaN,NaN,277,NaN
2022-02-25 00:00:00,NaN,NaN,NaN,NaN,NaN,NaN,NaN,NaN,NaN,NaN,NaN,NaN,NaN,NaN,NaN,NaN,NaN,NaN,NaN,NaN,NaN,NaN,NaN,NaN,NaN,NaN,NaN,276,NaN
2022-02-26 00:00:00,NaN,NaN,NaN,NaN,NaN,NaN,NaN,NaN,NaN,NaN,NaN,NaN,NaN,NaN,NaN,NaN,NaN,NaN,NaN,NaN,NaN,NaN,NaN,NaN,NaN,NaN,NaN,275,NaN
2022-02-27 00:00:00,NaN,NaN,NaN,NaN,NaN,NaN,NaN,NaN,NaN,NaN,NaN,NaN,NaN,NaN,NaN,NaN,NaN,NaN,NaN,NaN,NaN,NaN,NaN,NaN,NaN,NaN,NaN,279,NaN
2022-02-28 00:00:00,NaN,NaN,NaN,NaN,NaN,NaN,NaN,NaN,NaN,NaN,NaN,NaN,NaN,NaN,NaN,NaN,NaN,NaN,NaN,NaN,NaN,NaN,NaN,NaN,NaN,NaN,NaN,284,NaN
2022-03-01 00:00:00,NaN,NaN,NaN,NaN,NaN,NaN,NaN,NaN,NaN,NaN,NaN,NaN,NaN,NaN,NaN,NaN,NaN,NaN,NaN,NaN,NaN,NaN,NaN,NaN,NaN,NaN,NaN,285,NaN
2022-03-02 00:00:00,NaN,NaN,NaN,NaN,NaN,NaN,NaN,NaN,NaN,NaN,NaN,NaN,NaN,NaN,NaN,NaN,NaN,NaN,NaN,NaN,NaN,NaN,NaN,NaN,NaN,NaN,NaN,293,NaN
2022-03-03 00:00:00,NaN,NaN,NaN,NaN,NaN,NaN,NaN,NaN,NaN,NaN,NaN,NaN,NaN,NaN,NaN,NaN,NaN,NaN,NaN,NaN,NaN,NaN,NaN,NaN,NaN,NaN,NaN,304,NaN
2022-03-04 00:00:00,NaN,NaN,NaN,NaN,NaN,NaN,NaN,NaN,NaN,NaN,NaN,NaN,NaN,NaN,NaN,NaN,NaN,NaN,NaN,NaN,NaN,NaN,NaN,NaN,NaN,NaN,NaN,313,NaN
2022-03-05 00:00:00,NaN,NaN,NaN,NaN,NaN,NaN,NaN,NaN,NaN,NaN,NaN,NaN,NaN,NaN,NaN,NaN,NaN,NaN,NaN,NaN,NaN,NaN,NaN,NaN,NaN,NaN,NaN,313,NaN
2022-03-06 00:00:00,NaN,NaN,NaN,NaN,NaN,NaN,NaN,NaN,NaN,NaN,NaN,NaN,NaN,NaN,NaN,NaN,NaN,NaN,NaN,NaN,NaN,NaN,NaN,NaN,NaN,NaN,NaN,291,NaN
2022-03-07 00:00:00,NaN,NaN,NaN,NaN,NaN,NaN,NaN,NaN,NaN,NaN,NaN,NaN,NaN,NaN,NaN,NaN,NaN,NaN,NaN,NaN,NaN,NaN,NaN,NaN,NaN,NaN,NaN,276,NaN
2022-03-08 00:00:00,NaN,NaN,NaN,NaN,NaN,NaN,NaN,NaN,NaN,NaN,NaN,NaN,NaN,NaN,NaN,NaN,NaN,NaN,NaN,NaN,NaN,NaN,NaN,NaN,NaN,NaN,NaN,281,NaN
2022-03-09 00:00:00,NaN,NaN,NaN,NaN,NaN,NaN,NaN,NaN,NaN,NaN,NaN,NaN,NaN,NaN,NaN,NaN,NaN,NaN,NaN,NaN,NaN,NaN,NaN,NaN,NaN,NaN,NaN,287,NaN
2022-03-10 00:00:00,NaN,NaN,NaN,NaN,NaN,NaN,NaN,NaN,NaN,NaN,NaN,NaN,NaN,NaN,NaN,NaN,NaN,NaN,NaN,NaN,NaN,NaN,NaN,NaN,NaN,NaN,NaN,263,NaN
2022-03-11 00:00:00,NaN,NaN,NaN,NaN,NaN,NaN,NaN,NaN,NaN,NaN,NaN,NaN,NaN,NaN,NaN,NaN,NaN,NaN,NaN,NaN,NaN,NaN,NaN,NaN,NaN,NaN,NaN,266,NaN
2022-03-12 00:00:00,NaN,NaN,NaN,NaN,NaN,NaN,NaN,NaN,NaN,NaN,NaN,NaN,NaN,NaN,NaN,NaN,NaN,NaN,NaN,NaN,NaN,NaN,NaN,NaN,NaN,NaN,NaN,271,NaN
2022-03-13 00:00:00,NaN,NaN,NaN,NaN,NaN,NaN,NaN,NaN,NaN,NaN,NaN,NaN,NaN,NaN,NaN,NaN,NaN,NaN,NaN,NaN,NaN,NaN,NaN,NaN,NaN,NaN,NaN,276,NaN
2022-03-14 00:00:00,NaN,NaN,NaN,NaN,NaN,NaN,NaN,NaN,NaN,NaN,NaN,NaN,NaN,NaN,NaN,NaN,NaN,NaN,NaN,NaN,NaN,NaN,NaN,NaN,NaN,NaN,NaN,266,NaN
2022-03-15 00:00:00,NaN,NaN,NaN,NaN,NaN,NaN,NaN,NaN,NaN,NaN,NaN,NaN,NaN,NaN,NaN,NaN,NaN,NaN,NaN,NaN,NaN,NaN,NaN,NaN,NaN,NaN,NaN,260,NaN
2022-03-16 00:00:00,NaN,NaN,NaN,NaN,NaN,NaN,NaN,NaN,NaN,NaN,NaN,NaN,NaN,NaN,NaN,NaN,NaN,NaN,NaN,NaN,NaN,NaN,NaN,NaN,NaN,NaN,NaN,280,NaN
2022-03-17 00:00:00,NaN,NaN,NaN,NaN,NaN,NaN,NaN,NaN,NaN,NaN,NaN,NaN,NaN,NaN,NaN,NaN,NaN,NaN,NaN,NaN,NaN,NaN,NaN,NaN,NaN,NaN,NaN,261,NaN
2022-03-18 00:00:00,NaN,NaN,NaN,NaN,NaN,NaN,NaN,NaN,NaN,NaN,NaN,NaN,NaN,NaN,NaN,NaN,NaN,NaN,NaN,NaN,NaN,NaN,NaN,NaN,NaN,NaN,NaN,251,NaN
2022-03-19 00:00:00,NaN,NaN,NaN,NaN,NaN,NaN,NaN,NaN,NaN,NaN,NaN,NaN,NaN,NaN,NaN,NaN,NaN,NaN,NaN,NaN,NaN,NaN,NaN,NaN,NaN,NaN,NaN,259,NaN
2022-03-20 00:00:00,NaN,NaN,NaN,NaN,NaN,NaN,NaN,NaN,NaN,NaN,NaN,NaN,NaN,NaN,NaN,NaN,NaN,NaN,NaN,NaN,NaN,NaN,NaN,NaN,NaN,NaN,NaN,273,NaN
2022-03-21 00:00:00,NaN,NaN,NaN,NaN,NaN,NaN,NaN,NaN,NaN,NaN,NaN,NaN,NaN,NaN,NaN,NaN,NaN,NaN,NaN,NaN,NaN,NaN,NaN,NaN,NaN,NaN,NaN,269,NaN
2022-03-22 00:00:00,NaN,NaN,NaN,NaN,NaN,NaN,NaN,NaN,NaN,NaN,NaN,NaN,NaN,NaN,NaN,NaN,NaN,NaN,NaN,NaN,NaN,NaN,NaN,NaN,NaN,NaN,NaN,263,NaN
2022-03-23 00:00:00,NaN,NaN,NaN,NaN,NaN,NaN,NaN,NaN,NaN,NaN,NaN,NaN,NaN,NaN,NaN,NaN,NaN,NaN,NaN,NaN,NaN,NaN,NaN,NaN,NaN,NaN,NaN,263,NaN
2022-03-24 00:00:00,NaN,NaN,NaN,NaN,NaN,NaN,NaN,NaN,NaN,NaN,NaN,NaN,NaN,NaN,NaN,NaN,NaN,NaN,NaN,NaN,NaN,NaN,NaN,NaN,NaN,NaN,NaN,264,NaN
2022-03-25 00:00:00,NaN,NaN,NaN,NaN,NaN,NaN,NaN,NaN,NaN,NaN,NaN,NaN,NaN,NaN,NaN,NaN,NaN,NaN,NaN,NaN,NaN,NaN,NaN,NaN,NaN,NaN,NaN,274,NaN
2022-03-26 00:00:00,NaN,NaN,NaN,NaN,NaN,NaN,NaN,NaN,NaN,NaN,NaN,NaN,NaN,NaN,NaN,NaN,NaN,NaN,NaN,NaN,NaN,NaN,NaN,NaN,NaN,NaN,NaN,280,NaN
2022-03-27 00:00:00,NaN,NaN,NaN,NaN,NaN,NaN,NaN,NaN,NaN,NaN,NaN,NaN,NaN,NaN,NaN,NaN,NaN,NaN,NaN,NaN,NaN,NaN,NaN,NaN,NaN,NaN,NaN,270,NaN
2022-03-28 00:00:00,NaN,NaN,NaN,NaN,NaN,NaN,NaN,NaN,NaN,NaN,NaN,NaN,NaN,NaN,NaN,NaN,NaN,NaN,NaN,NaN,NaN,NaN,NaN,NaN,NaN,NaN,NaN,267,NaN
2022-03-29 00:00:00,NaN,NaN,NaN,NaN,NaN,NaN,NaN,NaN,NaN,NaN,NaN,NaN,NaN,NaN,NaN,NaN,NaN,NaN,NaN,NaN,NaN,NaN,NaN,NaN,NaN,NaN,NaN,282,NaN
2022-03-30 00:00:00,NaN,NaN,NaN,NaN,NaN,NaN,NaN,NaN,NaN,NaN,NaN,NaN,NaN,NaN,NaN,NaN,NaN,NaN,NaN,NaN,NaN,NaN,NaN,NaN,NaN,NaN,NaN,286,NaN
2022-03-31 00:00:00,NaN,NaN,NaN,NaN,NaN,NaN,NaN,NaN,NaN,NaN,NaN,NaN,NaN,NaN,NaN,NaN,NaN,NaN,NaN,NaN,NaN,NaN,NaN,NaN,NaN,NaN,NaN,280,NaN
2022-04-01 00:00:00,NaN,NaN,NaN,NaN,NaN,NaN,NaN,NaN,NaN,NaN,NaN,NaN,NaN,NaN,NaN,NaN,NaN,NaN,NaN,NaN,NaN,NaN,NaN,NaN,NaN,NaN,NaN,277,NaN
2022-04-02 00:00:00,NaN,NaN,NaN,NaN,NaN,NaN,NaN,NaN,NaN,NaN,NaN,NaN,NaN,NaN,NaN,NaN,NaN,NaN,NaN,NaN,NaN,NaN,NaN,NaN,NaN,NaN,NaN,277,NaN
2022-04-03 00:00:00,NaN,NaN,NaN,NaN,NaN,NaN,NaN,NaN,NaN,NaN,NaN,NaN,NaN,NaN,NaN,NaN,NaN,NaN,NaN,NaN,NaN,NaN,NaN,NaN,NaN,NaN,NaN,300,NaN
2022-04-04 00:00:00,NaN,NaN,NaN,NaN,NaN,NaN,NaN,NaN,NaN,NaN,NaN,NaN,NaN,NaN,NaN,NaN,NaN,NaN,NaN,NaN,NaN,NaN,NaN,NaN,NaN,NaN,NaN,299,NaN
2022-04-05 00:00:00,NaN,NaN,NaN,NaN,NaN,NaN,NaN,NaN,NaN,NaN,NaN,NaN,NaN,NaN,NaN,NaN,NaN,NaN,NaN,NaN,NaN,NaN,NaN,NaN,NaN,NaN,NaN,301,NaN
2022-04-06 00:00:00,NaN,NaN,NaN,NaN,NaN,NaN,NaN,NaN,NaN,NaN,NaN,NaN,NaN,NaN,NaN,NaN,NaN,NaN,NaN,NaN,NaN,NaN,NaN,NaN,NaN,NaN,NaN,278,NaN
2022-04-07 00:00:00,NaN,NaN,NaN,NaN,NaN,NaN,NaN,NaN,NaN,NaN,NaN,NaN,NaN,NaN,NaN,NaN,NaN,NaN,NaN,NaN,NaN,NaN,NaN,NaN,NaN,NaN,NaN,284,NaN
2022-04-08 00:00:00,NaN,NaN,NaN,NaN,NaN,NaN,NaN,NaN,NaN,NaN,NaN,NaN,NaN,NaN,NaN,NaN,NaN,NaN,NaN,NaN,NaN,NaN,NaN,NaN,NaN,NaN,NaN,284,NaN
2022-04-09 00:00:00,NaN,NaN,NaN,NaN,NaN,NaN,NaN,NaN,NaN,NaN,NaN,NaN,NaN,NaN,NaN,NaN,NaN,NaN,NaN,NaN,NaN,NaN,NaN,NaN,NaN,NaN,NaN,299,NaN
2022-04-10 00:00:00,NaN,NaN,NaN,NaN,NaN,NaN,NaN,NaN,NaN,NaN,NaN,NaN,NaN,NaN,NaN,NaN,NaN,NaN,NaN,NaN,NaN,NaN,NaN,NaN,NaN,NaN,NaN,300,NaN
2022-04-11 00:00:00,NaN,NaN,NaN,NaN,NaN,NaN,NaN,NaN,NaN,NaN,NaN,NaN,NaN,NaN,NaN,NaN,NaN,NaN,NaN,NaN,NaN,NaN,NaN,NaN,NaN,NaN,NaN,289,NaN
2022-04-12 00:00:00,NaN,NaN,NaN,NaN,NaN,NaN,NaN,NaN,NaN,NaN,NaN,NaN,NaN,NaN,NaN,NaN,NaN,NaN,NaN,NaN,NaN,NaN,NaN,NaN,NaN,NaN,NaN,274,NaN
2022-04-13 00:00:00,NaN,NaN,NaN,NaN,NaN,NaN,NaN,NaN,NaN,NaN,NaN,NaN,NaN,NaN,NaN,NaN,NaN,NaN,NaN,NaN,NaN,NaN,NaN,NaN,NaN,NaN,NaN,260,NaN
2022-04-14 00:00:00,NaN,NaN,NaN,NaN,NaN,NaN,NaN,NaN,NaN,NaN,NaN,NaN,NaN,NaN,NaN,NaN,NaN,NaN,NaN,NaN,NaN,NaN,NaN,NaN,NaN,NaN,NaN,260,NaN
2022-04-15 00:00:00,NaN,NaN,NaN,NaN,NaN,NaN,NaN,NaN,NaN,NaN,NaN,NaN,NaN,NaN,NaN,NaN,NaN,NaN,NaN,NaN,NaN,NaN,NaN,NaN,NaN,NaN,NaN,274,NaN
2022-04-16 00:00:00,NaN,NaN,NaN,NaN,NaN,NaN,NaN,NaN,NaN,NaN,NaN,NaN,NaN,NaN,NaN,NaN,NaN,NaN,NaN,NaN,NaN,NaN,NaN,NaN,NaN,NaN,NaN,276,NaN
2022-04-17 00:00:00,NaN,NaN,NaN,NaN,NaN,NaN,NaN,NaN,NaN,NaN,NaN,NaN,NaN,NaN,NaN,NaN,NaN,NaN,NaN,NaN,NaN,NaN,NaN,NaN,NaN,NaN,NaN,281,NaN
2022-04-18 00:00:00,NaN,NaN,NaN,NaN,NaN,NaN,NaN,NaN,NaN,NaN,NaN,NaN,NaN,NaN,NaN,NaN,NaN,NaN,NaN,NaN,NaN,NaN,NaN,NaN,NaN,NaN,NaN,265,NaN
2022-04-19 00:00:00,NaN,NaN,NaN,NaN,NaN,NaN,NaN,NaN,NaN,NaN,NaN,NaN,NaN,NaN,NaN,NaN,NaN,NaN,NaN,NaN,NaN,NaN,NaN,NaN,NaN,NaN,NaN,301,NaN
2022-04-20 00:00:00,NaN,NaN,NaN,NaN,NaN,NaN,NaN,NaN,NaN,NaN,NaN,NaN,NaN,NaN,NaN,NaN,NaN,NaN,NaN,NaN,NaN,NaN,NaN,NaN,NaN,NaN,NaN,307,NaN
2022-04-21 00:00:00,NaN,NaN,NaN,NaN,NaN,NaN,NaN,NaN,NaN,NaN,NaN,NaN,NaN,NaN,NaN,NaN,NaN,NaN,NaN,NaN,NaN,NaN,NaN,NaN,NaN,NaN,NaN,314,NaN
2022-04-22 00:00:00,NaN,NaN,NaN,NaN,NaN,NaN,NaN,NaN,NaN,NaN,NaN,NaN,NaN,NaN,NaN,NaN,NaN,NaN,NaN,NaN,NaN,NaN,NaN,NaN,NaN,NaN,NaN,324,NaN
2022-04-23 00:00:00,NaN,NaN,NaN,NaN,NaN,NaN,NaN,NaN,NaN,NaN,NaN,NaN,NaN,NaN,NaN,NaN,NaN,NaN,NaN,NaN,NaN,NaN,NaN,NaN,NaN,NaN,NaN,325,NaN
2022-04-24 00:00:00,NaN,NaN,NaN,NaN,NaN,NaN,NaN,NaN,NaN,NaN,NaN,NaN,NaN,NaN,NaN,NaN,NaN,NaN,NaN,NaN,NaN,NaN,NaN,NaN,NaN,NaN,NaN,325,NaN
2022-04-25 00:00:00,NaN,NaN,NaN,NaN,NaN,NaN,NaN,NaN,NaN,NaN,NaN,NaN,NaN,NaN,NaN,NaN,NaN,NaN,NaN,NaN,NaN,NaN,NaN,NaN,NaN,NaN,NaN,330,NaN
2022-04-26 00:00:00,NaN,NaN,NaN,NaN,NaN,NaN,NaN,NaN,NaN,NaN,NaN,NaN,NaN,NaN,NaN,NaN,NaN,NaN,NaN,NaN,NaN,NaN,NaN,NaN,NaN,NaN,NaN,332,NaN
2022-04-27 00:00:00,NaN,NaN,NaN,NaN,NaN,NaN,NaN,NaN,NaN,NaN,NaN,NaN,NaN,NaN,NaN,NaN,NaN,NaN,NaN,NaN,NaN,NaN,NaN,NaN,NaN,NaN,NaN,341,NaN
2022-04-28 00:00:00,NaN,NaN,NaN,NaN,NaN,NaN,NaN,NaN,NaN,NaN,NaN,NaN,NaN,NaN,NaN,NaN,NaN,NaN,NaN,NaN,NaN,NaN,NaN,NaN,NaN,NaN,NaN,345,NaN
2022-04-29 00:00:00,NaN,NaN,NaN,NaN,NaN,NaN,NaN,NaN,NaN,NaN,NaN,NaN,NaN,NaN,NaN,NaN,NaN,NaN,NaN,NaN,NaN,NaN,NaN,NaN,NaN,NaN,NaN,353,NaN
2022-04-30 00:00:00,NaN,NaN,NaN,NaN,NaN,NaN,NaN,NaN,NaN,NaN,NaN,NaN,NaN,NaN,NaN,NaN,NaN,NaN,NaN,NaN,NaN,NaN,NaN,NaN,NaN,NaN,NaN,325,NaN
2022-05-01 00:00:00,NaN,NaN,NaN,NaN,NaN,NaN,NaN,NaN,NaN,NaN,NaN,NaN,NaN,NaN,NaN,NaN,NaN,NaN,NaN,NaN,NaN,NaN,NaN,NaN,NaN,NaN,NaN,356,NaN
2022-05-02 00:00:00,NaN,NaN,NaN,NaN,NaN,NaN,NaN,NaN,NaN,NaN,NaN,NaN,NaN,NaN,NaN,NaN,NaN,NaN,NaN,NaN,NaN,NaN,NaN,NaN,NaN,NaN,NaN,349,NaN
2022-05-03 00:00:00,NaN,NaN,NaN,NaN,NaN,NaN,NaN,NaN,NaN,NaN,NaN,NaN,NaN,NaN,NaN,NaN,NaN,NaN,NaN,NaN,NaN,NaN,NaN,NaN,NaN,NaN,NaN,363,NaN
2022-05-04 00:00:00,NaN,NaN,NaN,NaN,NaN,NaN,NaN,NaN,NaN,NaN,NaN,NaN,NaN,NaN,NaN,NaN,NaN,NaN,NaN,NaN,NaN,NaN,NaN,NaN,NaN,NaN,NaN,371,NaN
2022-05-05 00:00:00,NaN,NaN,NaN,NaN,NaN,NaN,NaN,NaN,NaN,NaN,NaN,NaN,NaN,NaN,NaN,NaN,NaN,NaN,NaN,NaN,NaN,NaN,NaN,NaN,NaN,NaN,NaN,379,NaN
2022-05-06 00:00:00,NaN,NaN,NaN,NaN,NaN,NaN,NaN,NaN,NaN,NaN,NaN,NaN,NaN,NaN,NaN,NaN,NaN,NaN,NaN,NaN,NaN,NaN,NaN,NaN,NaN,NaN,NaN,374,NaN
2022-05-07 00:00:00,NaN,NaN,NaN,NaN,NaN,NaN,NaN,NaN,NaN,NaN,NaN,NaN,NaN,NaN,NaN,NaN,NaN,NaN,NaN,NaN,NaN,NaN,NaN,NaN,NaN,NaN,NaN,384,NaN
2022-05-08 00:00:00,NaN,NaN,NaN,NaN,NaN,NaN,NaN,NaN,NaN,NaN,NaN,NaN,NaN,NaN,NaN,NaN,NaN,NaN,NaN,NaN,NaN,NaN,NaN,NaN,NaN,NaN,NaN,392,NaN
2022-05-09 00:00:00,NaN,NaN,NaN,NaN,NaN,NaN,NaN,NaN,NaN,NaN,NaN,NaN,NaN,NaN,NaN,NaN,NaN,NaN,NaN,NaN,NaN,NaN,NaN,NaN,NaN,NaN,NaN,397,NaN
2022-05-10 00:00:00,NaN,NaN,NaN,NaN,NaN,NaN,NaN,NaN,NaN,NaN,NaN,NaN,NaN,NaN,NaN,NaN,NaN,NaN,NaN,NaN,NaN,NaN,NaN,NaN,NaN,NaN,NaN,382,NaN
2022-05-11 00:00:00,NaN,NaN,NaN,NaN,NaN,NaN,NaN,NaN,NaN,NaN,NaN,NaN,NaN,NaN,NaN,NaN,NaN,NaN,NaN,NaN,NaN,NaN,NaN,NaN,NaN,NaN,NaN,392,NaN
2022-05-12 00:00:00,NaN,NaN,NaN,NaN,NaN,NaN,NaN,NaN,NaN,NaN,NaN,NaN,NaN,NaN,NaN,NaN,NaN,NaN,NaN,NaN,NaN,NaN,NaN,NaN,NaN,NaN,NaN,389,NaN
2022-05-13 00:00:00,NaN,NaN,NaN,NaN,NaN,NaN,NaN,NaN,NaN,NaN,NaN,NaN,NaN,NaN,NaN,NaN,NaN,NaN,NaN,NaN,NaN,NaN,NaN,NaN,NaN,NaN,NaN,386,NaN
2022-05-14 00:00:00,NaN,NaN,NaN,NaN,NaN,NaN,NaN,NaN,NaN,NaN,NaN,NaN,NaN,NaN,NaN,NaN,NaN,NaN,NaN,NaN,NaN,NaN,NaN,NaN,NaN,NaN,NaN,381,NaN
2022-05-15 00:00:00,NaN,NaN,NaN,NaN,NaN,NaN,NaN,NaN,NaN,NaN,NaN,NaN,NaN,NaN,NaN,NaN,NaN,NaN,NaN,NaN,NaN,NaN,NaN,NaN,NaN,NaN,NaN,375,NaN
2022-05-16 00:00:00,NaN,NaN,NaN,NaN,NaN,NaN,NaN,NaN,NaN,NaN,NaN,NaN,NaN,NaN,NaN,NaN,NaN,NaN,NaN,NaN,NaN,NaN,NaN,NaN,NaN,NaN,NaN,395,NaN
2022-05-17 00:00:00,NaN,NaN,NaN,NaN,NaN,NaN,NaN,NaN,NaN,NaN,NaN,NaN,NaN,NaN,NaN,NaN,NaN,NaN,NaN,NaN,NaN,NaN,NaN,NaN,NaN,NaN,NaN,387,NaN
2022-05-18 00:00:00,NaN,NaN,NaN,NaN,NaN,NaN,NaN,NaN,NaN,NaN,NaN,NaN,NaN,NaN,NaN,NaN,NaN,NaN,NaN,NaN,NaN,NaN,NaN,NaN,NaN,NaN,NaN,389,NaN
2022-05-19 00:00:00,NaN,NaN,NaN,NaN,NaN,NaN,NaN,NaN,NaN,NaN,NaN,NaN,NaN,NaN,NaN,NaN,NaN,NaN,NaN,NaN,NaN,NaN,NaN,NaN,NaN,NaN,NaN,379,NaN
2022-05-20 00:00:00,NaN,NaN,NaN,NaN,NaN,NaN,NaN,NaN,NaN,NaN,NaN,NaN,NaN,NaN,NaN,NaN,NaN,NaN,NaN,NaN,NaN,NaN,NaN,NaN,NaN,NaN,NaN,396,NaN
2022-05-21 00:00:00,NaN,NaN,NaN,NaN,NaN,NaN,NaN,NaN,NaN,NaN,NaN,NaN,NaN,NaN,NaN,NaN,NaN,NaN,NaN,NaN,NaN,NaN,NaN,NaN,NaN,NaN,NaN,306,NaN
2022-05-22 00:00:00,NaN,NaN,NaN,NaN,NaN,NaN,NaN,NaN,NaN,NaN,NaN,NaN,NaN,NaN,NaN,NaN,NaN,NaN,NaN,NaN,NaN,NaN,NaN,NaN,NaN,NaN,NaN,376,NaN
2022-05-23 00:00:00,NaN,NaN,NaN,NaN,NaN,NaN,NaN,NaN,NaN,NaN,NaN,NaN,NaN,NaN,NaN,NaN,NaN,NaN,NaN,NaN,NaN,NaN,NaN,NaN,NaN,NaN,NaN,389,NaN
2022-05-24 00:00:00,NaN,NaN,NaN,NaN,NaN,NaN,NaN,NaN,NaN,NaN,NaN,NaN,NaN,NaN,NaN,NaN,NaN,NaN,NaN,NaN,NaN,NaN,NaN,NaN,NaN,NaN,NaN,383,NaN
2022-05-25 00:00:00,NaN,NaN,NaN,NaN,NaN,NaN,NaN,NaN,NaN,NaN,NaN,NaN,NaN,NaN,NaN,NaN,NaN,NaN,NaN,NaN,NaN,NaN,NaN,NaN,NaN,NaN,NaN,344,NaN
2022-05-26 00:00:00,NaN,NaN,NaN,NaN,NaN,NaN,NaN,NaN,NaN,NaN,NaN,NaN,NaN,NaN,NaN,NaN,NaN,NaN,NaN,NaN,NaN,NaN,NaN,NaN,NaN,NaN,NaN,432,NaN
2022-05-27 00:00:00,NaN,NaN,NaN,NaN,NaN,NaN,NaN,NaN,NaN,NaN,NaN,NaN,NaN,NaN,NaN,NaN,NaN,NaN,NaN,NaN,NaN,NaN,NaN,NaN,NaN,NaN,NaN,442,NaN
2022-05-28 00:00:00,NaN,NaN,NaN,NaN,NaN,NaN,NaN,NaN,NaN,NaN,NaN,NaN,NaN,NaN,NaN,NaN,NaN,NaN,NaN,NaN,NaN,NaN,NaN,NaN,NaN,NaN,NaN,441,NaN
2022-05-29 00:00:00,NaN,NaN,NaN,NaN,NaN,NaN,NaN,NaN,NaN,NaN,NaN,NaN,NaN,NaN,NaN,NaN,NaN,NaN,NaN,NaN,NaN,NaN,NaN,NaN,NaN,NaN,NaN,448,NaN
2022-05-30 00:00:00,NaN,NaN,NaN,NaN,NaN,NaN,NaN,NaN,NaN,NaN,NaN,NaN,NaN,NaN,NaN,NaN,NaN,NaN,NaN,NaN,NaN,NaN,NaN,NaN,NaN,NaN,NaN,423,NaN
2022-05-31 00:00:00,NaN,NaN,NaN,NaN,NaN,NaN,NaN,NaN,NaN,NaN,NaN,NaN,NaN,NaN,NaN,NaN,NaN,NaN,NaN,NaN,NaN,NaN,NaN,NaN,NaN,NaN,NaN,447,NaN
2022-06-01 00:00:00,NaN,NaN,NaN,NaN,NaN,NaN,NaN,NaN,NaN,NaN,NaN,NaN,NaN,NaN,NaN,NaN,NaN,NaN,NaN,NaN,NaN,NaN,NaN,NaN,NaN,NaN,NaN,401,NaN
2022-06-02 00:00:00,NaN,NaN,NaN,NaN,NaN,NaN,NaN,NaN,NaN,NaN,NaN,NaN,NaN,NaN,NaN,NaN,NaN,NaN,NaN,NaN,NaN,NaN,NaN,NaN,NaN,NaN,NaN,406,NaN
2022-06-03 00:00:00,NaN,NaN,NaN,NaN,NaN,NaN,NaN,NaN,NaN,NaN,NaN,NaN,NaN,NaN,NaN,NaN,NaN,NaN,NaN,NaN,NaN,NaN,NaN,NaN,NaN,NaN,NaN,407,NaN
2022-06-04 00:00:00,NaN,NaN,NaN,NaN,NaN,NaN,NaN,NaN,NaN,NaN,NaN,NaN,NaN,NaN,NaN,NaN,NaN,NaN,NaN,NaN,NaN,NaN,NaN,NaN,NaN,NaN,NaN,446,NaN
2022-06-05 00:00:00,NaN,NaN,NaN,NaN,NaN,NaN,NaN,NaN,NaN,NaN,NaN,NaN,NaN,NaN,NaN,NaN,NaN,NaN,NaN,NaN,NaN,NaN,NaN,NaN,NaN,NaN,NaN,458,NaN
2022-06-06 00:00:00,NaN,NaN,NaN,NaN,NaN,NaN,NaN,NaN,NaN,NaN,NaN,NaN,NaN,NaN,NaN,NaN,NaN,NaN,NaN,NaN,NaN,NaN,NaN,NaN,NaN,NaN,NaN,462,NaN
2022-06-07 00:00:00,NaN,NaN,NaN,NaN,NaN,NaN,NaN,NaN,NaN,NaN,NaN,NaN,NaN,NaN,NaN,NaN,NaN,NaN,NaN,NaN,NaN,NaN,NaN,NaN,NaN,NaN,NaN,519,NaN
2022-06-08 00:00:00,NaN,NaN,NaN,NaN,NaN,NaN,NaN,NaN,NaN,NaN,NaN,NaN,NaN,NaN,NaN,NaN,NaN,NaN,NaN,NaN,NaN,NaN,NaN,NaN,NaN,NaN,NaN,512,NaN
2022-06-09 00:00:00,NaN,NaN,NaN,NaN,NaN,NaN,NaN,NaN,NaN,NaN,NaN,NaN,NaN,NaN,NaN,NaN,NaN,NaN,NaN,NaN,NaN,NaN,NaN,NaN,NaN,NaN,NaN,500,NaN
2022-06-10 00:00:00,NaN,NaN,NaN,NaN,NaN,NaN,NaN,NaN,NaN,NaN,NaN,NaN,NaN,NaN,NaN,NaN,NaN,NaN,NaN,NaN,NaN,NaN,NaN,NaN,NaN,NaN,NaN,537,NaN
2022-06-11 00:00:00,NaN,NaN,NaN,NaN,NaN,NaN,NaN,NaN,NaN,NaN,NaN,NaN,NaN,NaN,NaN,NaN,NaN,NaN,NaN,NaN,NaN,NaN,NaN,NaN,NaN,NaN,NaN,500,NaN
2022-06-12 00:00:00,NaN,NaN,NaN,NaN,NaN,NaN,NaN,NaN,NaN,NaN,NaN,NaN,NaN,NaN,NaN,NaN,NaN,NaN,NaN,NaN,NaN,NaN,NaN,NaN,NaN,NaN,NaN,500,NaN
2022-06-13 00:00:00,NaN,NaN,NaN,NaN,NaN,NaN,NaN,NaN,NaN,NaN,NaN,NaN,NaN,NaN,NaN,NaN,NaN,NaN,NaN,NaN,NaN,NaN,NaN,NaN,NaN,NaN,NaN,500,NaN
2022-06-14 00:00:00,NaN,NaN,NaN,NaN,NaN,NaN,NaN,NaN,NaN,NaN,NaN,NaN,NaN,NaN,NaN,NaN,NaN,NaN,NaN,NaN,NaN,NaN,NaN,NaN,NaN,NaN,NaN,500,NaN
2022-06-15 00:00:00,NaN,NaN,NaN,NaN,NaN,NaN,NaN,NaN,NaN,NaN,NaN,NaN,NaN,NaN,NaN,NaN,NaN,NaN,NaN,NaN,NaN,NaN,NaN,NaN,NaN,NaN,NaN,500,NaN
2022-06-16 00:00:00,NaN,NaN,NaN,NaN,NaN,NaN,NaN,NaN,NaN,NaN,NaN,NaN,NaN,NaN,NaN,NaN,NaN,NaN,NaN,NaN,NaN,NaN,NaN,NaN,NaN,NaN,NaN,500,NaN
2022-06-17 00:00:00,NaN,NaN,NaN,NaN,NaN,NaN,NaN,NaN,NaN,NaN,NaN,NaN,NaN,NaN,NaN,NaN,NaN,NaN,NaN,NaN,NaN,NaN,NaN,NaN,NaN,NaN,NaN,500,NaN
2022-06-18 00:00:00,NaN,NaN,NaN,NaN,NaN,NaN,NaN,NaN,NaN,NaN,NaN,NaN,NaN,NaN,NaN,NaN,NaN,NaN,NaN,NaN,NaN,NaN,NaN,NaN,NaN,NaN,NaN,500,NaN
2022-06-19 00:00:00,NaN,NaN,NaN,NaN,NaN,NaN,NaN,NaN,NaN,NaN,NaN,NaN,NaN,NaN,NaN,NaN,NaN,NaN,NaN,NaN,NaN,NaN,NaN,NaN,NaN,NaN,NaN,500,NaN
2022-06-20 00:00:00,NaN,NaN,NaN,NaN,NaN,NaN,NaN,NaN,NaN,NaN,NaN,NaN,NaN,NaN,NaN,NaN,NaN,NaN,NaN,NaN,NaN,NaN,NaN,NaN,NaN,NaN,NaN,500,NaN
2022-06-21 00:00:00,NaN,NaN,NaN,NaN,NaN,NaN,NaN,NaN,NaN,NaN,NaN,NaN,NaN,NaN,NaN,NaN,NaN,NaN,NaN,NaN,NaN,NaN,NaN,NaN,NaN,NaN,NaN,500,NaN
2022-06-22 00:00:00,NaN,NaN,NaN,NaN,NaN,NaN,NaN,NaN,NaN,NaN,NaN,NaN,NaN,NaN,NaN,NaN,NaN,NaN,NaN,NaN,NaN,NaN,NaN,NaN,NaN,NaN,NaN,500,NaN
2022-06-23 00:00:00,NaN,NaN,NaN,NaN,NaN,NaN,NaN,NaN,NaN,NaN,NaN,NaN,NaN,NaN,NaN,NaN,NaN,NaN,NaN,NaN,NaN,NaN,NaN,NaN,NaN,NaN,NaN,500,NaN
2022-06-24 00:00:00,NaN,NaN,NaN,NaN,NaN,NaN,NaN,NaN,NaN,NaN,NaN,NaN,NaN,NaN,NaN,NaN,NaN,NaN,NaN,NaN,NaN,NaN,NaN,NaN,NaN,NaN,NaN,500,NaN
2022-06-25 00:00:00,NaN,NaN,NaN,NaN,NaN,NaN,NaN,NaN,NaN,NaN,NaN,NaN,NaN,NaN,NaN,NaN,NaN,NaN,NaN,NaN,NaN,NaN,NaN,NaN,NaN,NaN,NaN,500,NaN
2022-06-26 00:00:00,NaN,NaN,NaN,NaN,NaN,NaN,NaN,NaN,NaN,NaN,NaN,NaN,NaN,NaN,NaN,NaN,NaN,NaN,NaN,NaN,NaN,NaN,NaN,NaN,NaN,NaN,NaN,500,NaN
2022-06-27 00:00:00,NaN,NaN,NaN,NaN,NaN,NaN,NaN,NaN,NaN,NaN,NaN,NaN,NaN,NaN,NaN,NaN,NaN,NaN,NaN,NaN,NaN,NaN,NaN,NaN,NaN,NaN,NaN,500,NaN
2022-06-28 00:00:00,NaN,NaN,NaN,NaN,NaN,NaN,NaN,NaN,NaN,NaN,NaN,NaN,NaN,NaN,NaN,NaN,NaN,NaN,NaN,NaN,NaN,NaN,NaN,NaN,NaN,NaN,NaN,500,NaN
2022-06-29 00:00:00,NaN,NaN,NaN,NaN,NaN,NaN,NaN,NaN,NaN,NaN,NaN,NaN,NaN,NaN,NaN,NaN,NaN,NaN,NaN,NaN,NaN,NaN,NaN,NaN,NaN,NaN,NaN,500,NaN
2022-06-30 00:00:00,NaN,NaN,NaN,NaN,NaN,NaN,NaN,NaN,NaN,NaN,NaN,NaN,NaN,NaN,NaN,NaN,NaN,NaN,NaN,NaN,NaN,NaN,NaN,NaN,NaN,NaN,NaN,500,NaN
2022-07-01 00:00:00,NaN,NaN,NaN,NaN,NaN,NaN,NaN,NaN,NaN,NaN,NaN,NaN,NaN,NaN,NaN,NaN,NaN,NaN,NaN,NaN,NaN,NaN,NaN,NaN,NaN,NaN,NaN,500,NaN
2022-10-01 00:00:00,NaN,NaN,NaN,NaN,NaN,NaN,NaN,NaN,NaN,NaN,NaN,NaN,NaN,NaN,NaN,NaN,NaN,NaN,NaN,NaN,NaN,NaN,NaN,NaN,NaN,NaN,NaN,250,NaN
2022-10-02 00:00:00,NaN,NaN,NaN,NaN,NaN,NaN,NaN,NaN,NaN,NaN,NaN,NaN,NaN,NaN,NaN,NaN,NaN,NaN,NaN,NaN,NaN,NaN,NaN,NaN,NaN,NaN,NaN,250,NaN
2022-10-03 00:00:00,NaN,NaN,NaN,NaN,NaN,NaN,NaN,NaN,NaN,NaN,NaN,NaN,NaN,NaN,NaN,NaN,NaN,NaN,NaN,NaN,NaN,NaN,NaN,NaN,NaN,NaN,NaN,250,NaN
2022-10-04 00:00:00,NaN,NaN,NaN,NaN,NaN,NaN,NaN,NaN,NaN,NaN,NaN,NaN,NaN,NaN,NaN,NaN,NaN,NaN,NaN,NaN,NaN,NaN,NaN,NaN,NaN,NaN,NaN,250,NaN
2022-10-05 00:00:00,NaN,NaN,NaN,NaN,NaN,NaN,NaN,NaN,NaN,NaN,NaN,NaN,NaN,NaN,NaN,NaN,NaN,NaN,NaN,NaN,NaN,NaN,NaN,NaN,NaN,NaN,NaN,250,NaN
2022-10-06 00:00:00,NaN,NaN,NaN,NaN,NaN,NaN,NaN,NaN,NaN,NaN,NaN,NaN,NaN,NaN,NaN,NaN,NaN,NaN,NaN,NaN,NaN,NaN,NaN,NaN,NaN,NaN,NaN,250,NaN
2022-10-07 00:00:00,NaN,NaN,NaN,NaN,NaN,NaN,NaN,NaN,NaN,NaN,NaN,NaN,NaN,NaN,NaN,NaN,NaN,NaN,NaN,NaN,NaN,NaN,NaN,NaN,NaN,NaN,NaN,250,NaN
2022-10-08 00:00:00,NaN,NaN,NaN,NaN,NaN,NaN,NaN,NaN,NaN,NaN,NaN,NaN,NaN,NaN,NaN,NaN,NaN,NaN,NaN,NaN,NaN,NaN,NaN,NaN,NaN,NaN,NaN,250,NaN
2022-10-09 00:00:00,3.5,12.635,1.38425,58.11,2.20975,191.6875,2.215125,0.009375,628.24398625,NaN,NaN,NaN,NaN,NaN,NaN,NaN,NaN,0.04,0.246,195.0375,0.04,196.25,3.128375,NaN,NaN,NaN,NaN,250,0.234375
2022-10-10 00:00:00,19.5,12.73625,2.54929166666667,62.8729166666667,2.20558333333333,207.2875,2.215625,0.00925,712.8482375,NaN,NaN,NaN,NaN,NaN,NaN,NaN,NaN,0.113791666666667,0.503583333333333,149.481583333333,0.113791666666667,152.615416666667,43.366375,NaN,NaN,NaN,NaN,250,0.23125
2022-10-11 00:00:00,43.5,12.81375,4.83025,49.6020833333333,2.2025,208.429166666667,2.22179166666667,0.00416666666666667,708.655916666667,NaN,NaN,NaN,NaN,NaN,NaN,NaN,NaN,0.27,0.957208333333333,152.308333333333,0.27,130.065083333333,80.3570833333333,NaN,NaN,NaN,NaN,250,0.104166666666667
2022-10-12 00:00:00,67.5,12.7891666666667,3.95066666666667,54.57125,2.2105,211.616666666667,2.22633333333333,-0.00104166666666667,712.739820833333,NaN,NaN,NaN,NaN,NaN,NaN,NaN,NaN,0.2105,0.700958333333333,152.309375,0.2105,175.663333333333,72.3120833333333,NaN,NaN,NaN,NaN,250,-0.0260416666666668
2022-10-13 00:00:00,91.5,12.8341666666667,2.07820833333333,61.5795833333333,2.219625,203.516666666667,2.22808333333333,-0.00158333333333333,714.515279166667,NaN,NaN,NaN,NaN,NaN,NaN,NaN,NaN,0.1155,0.572208333333333,159.11225,0.1155,138.390833333333,38.2695833333333,NaN,NaN,NaN,NaN,250,-0.0395833333333334
2022-10-14 00:00:00,115.5,12.79625,3.3445,47.0325,2.21416666666667,201.875,2.22745833333333,-0.00241666666666667,710.762491666667,NaN,NaN,NaN,NaN,NaN,NaN,NaN,NaN,0.141208333333333,0.545375,178.682916666667,0.141208333333333,176.55875,53.4682083333333,NaN,NaN,NaN,NaN,250,-0.0604166666666667
2022-10-15 00:00:00,139.5,12.8529166666667,2.96195833333333,55.865,2.21170833333333,206.170833333333,2.22358333333333,0.000666666666666664,712.264354166667,NaN,NaN,NaN,NaN,NaN,NaN,NaN,NaN,0.132166666666667,0.511916666666667,112.577708333333,0.132166666666667,117.860833333333,28.410125,NaN,NaN,NaN,NaN,250,0.0166666666666666
2022-10-16 00:00:00,163.5,12.835,1.00508333333333,72.4945833333333,2.22258333333333,200.6375,2.226625,-0.00125,715.306754166666,NaN,NaN,NaN,NaN,NaN,NaN,NaN,NaN,0.0921666666666667,0.377625,106.11125,0.0921666666666667,34.0054166666667,16.1297916666667,NaN,NaN,NaN,NaN,250,-0.03125
2022-10-17 00:00:00,187.5,12.7995833333333,0.0688333333333329,62.7370833333334,2.22179166666667,207.808333333333,2.22191666666667,0.003875,715.357141666667,NaN,NaN,NaN,NaN,NaN,NaN,NaN,NaN,0.0954166666666666,0.391833333333333,170.94925,0.0954166666666666,151.830416666667,20.9973333333333,NaN,NaN,NaN,NaN,250,0.096875
2022-10-18 00:00:00,211.5,12.78875,0.0360833333333333,53.3658333333333,2.22466666666667,197.470833333333,2.224625,0.000458333333333331,717.1956,NaN,NaN,NaN,NaN,NaN,NaN,NaN,NaN,0.143208333333333,0.476041666666667,192.167916666667,0.143208333333333,176.120833333333,16.8592083333333,NaN,NaN,NaN,NaN,250,0.0114583333333333
2022-10-19 00:00:00,235.5,12.7845833333333,2.13925,46.3704166666667,2.21458333333333,196.5,2.22283333333333,0.00195833333333333,718.246508333333,NaN,NaN,NaN,NaN,NaN,NaN,NaN,NaN,0.237833333333333,0.640375,183.241666666667,0.237833333333333,184.979166666667,18.945625,NaN,NaN,NaN,NaN,250,0.0489583333333333
2022-10-20 00:00:00,259.5,12.7829166666667,3.23579166666667,44.4691666666667,2.20841666666667,203.1,2.22133333333333,0.00425,713.7395625,NaN,NaN,NaN,NaN,NaN,NaN,NaN,NaN,0.179583333333333,0.630916666666667,159.677083333333,0.179583333333333,174.034583333333,49.8509166666667,NaN,NaN,NaN,NaN,250,0.10625
2022-10-21 00:00:00,283.5,12.8158333333333,4.783875,37.6633333333333,2.19975,207.645833333333,2.218875,0.006375,706.617133333333,NaN,NaN,NaN,NaN,NaN,NaN,NaN,NaN,0.248291666666667,0.760958333333333,156.16375,0.248291666666667,161.014,72.0158333333333,NaN,NaN,NaN,NaN,250,0.159375
2022-10-22 00:00:00,307.5,12.8041666666667,5.2125,41.1966666666667,2.20754166666667,205.916666666667,2.22854166666667,-0.00345833333333334,699.1325375,NaN,NaN,NaN,NaN,NaN,NaN,NaN,NaN,0.613458333333333,1.24808333333333,202.277916666667,0.613458333333333,191.77,52.0654583333333,NaN,NaN,NaN,NaN,250,-0.0864583333333334
2022-10-23 00:00:00,331.5,12.81625,-1.15745833333333,82.6166666666667,2.177,236.316666666667,2.172625,0.0150766129032258,694.382729166667,NaN,NaN,NaN,NaN,NaN,NaN,NaN,NaN,0.0907916666666667,0.375458333333333,145.673583333333,0.0907916666666667,38.496875,24.7283333333333,NaN,NaN,NaN,NaN,250,0.376915322580645
2022-10-24 00:00:00,355.5,12.70125,-8.259625,87.0041666666666,2.14279166666667,256.358333333333,2.11004166666667,0.0671451612903226,703.0751375,NaN,NaN,NaN,NaN,NaN,NaN,NaN,NaN,0,0,66.9289166666667,0,0,0,NaN,NaN,NaN,NaN,250,1.67862903225806
2022-10-25 00:00:00,379.5,12.6679166666667,-5.06320833333333,86.4845833333334,2.15991666666667,220.645833333333,2.13970833333333,0.0845282258064516,707.130041666667,NaN,NaN,NaN,NaN,NaN,NaN,NaN,NaN,0,0,133.985208333333,0,0,0,NaN,NaN,NaN,NaN,250,2.11320564516129
2022-10-26 00:00:00,403.5,12.6470833333333,-4.059875,91.025,2.12170833333333,227.6375,2.10583333333333,0.131255208333333,703.93985,NaN,NaN,NaN,NaN,NaN,NaN,NaN,NaN,0,0,101.437916666667,0,0,0,NaN,NaN,NaN,NaN,250,3.28138020833333
2022-10-27 00:00:00,427.5,12.62,-6.25658333333334,91.4625,2.03983333333333,238.7875,2.01625,0.207661458333333,706.606175,NaN,NaN,NaN,NaN,NaN,NaN,NaN,NaN,0,0,84.36,0,0,0,NaN,NaN,NaN,NaN,250,5.19153645833333
2022-10-28 00:00:00,451.5,12.59875,-6.02620833333333,87.85,2.04670833333333,217.2125,2.023875,0.201125,713.9376625,NaN,NaN,NaN,NaN,NaN,NaN,NaN,NaN,0.000208333333333333,0.00558333333333333,161.942083333333,0.000208333333333333,8.3125,0.0347916666666667,NaN,NaN,NaN,NaN,250,5.028125
2022-10-29 00:00:00,475.5,12.6683333333333,-3.62904166666667,72.1166666666666,2.05529166666667,218.6875,2.04145833333333,0.182161458333333,713.040354166667,NaN,NaN,NaN,NaN,NaN,NaN,NaN,NaN,0.0261666666666667,0.0915,180.98,0.0261666666666667,79.4541666666667,2.55304166666667,NaN,NaN,NaN,NaN,250,4.55403645833333
2022-10-30 00:00:00,499.5,12.68875,-3.41,74.6520833333334,2.058875,275.829166666667,2.046,0.174176041666667,710.631091666667,NaN,NaN,NaN,NaN,NaN,NaN,NaN,NaN,0.0636666666666666,0.319875,184.705416666667,0.0636666666666666,166.8375,23.2416666666667,NaN,NaN,NaN,NaN,250,4.35440104166667
2022-10-31 00:00:00,523.5,12.6420833333333,-2.36604166666667,71.095,2.06508333333333,244.079166666667,2.056,0.1671,709.028741666667,NaN,NaN,NaN,NaN,NaN,NaN,NaN,NaN,0.202625,0.713291666666667,163.5175,0.202625,112.634583333333,67.2708333333333,NaN,NaN,NaN,NaN,250,4.1775
2022-11-01 00:00:00,547.5,12.6916666666667,-0.376625,64.8054166666666,2.0675,196.8125,2.065875,0.159166666666667,708.065204166667,NaN,NaN,NaN,NaN,NaN,NaN,NaN,NaN,0.106666666666667,0.374208333333333,175.8575,0.106666666666667,196.61,43.9340833333333,NaN,NaN,NaN,NaN,250,3.97916666666667
2022-11-02 00:00:00,571.5,12.6704166666667,0.25125,54.93625,2.07041666666667,190.154166666667,2.07133333333333,0.153875,704.3085125,NaN,NaN,NaN,NaN,NaN,NaN,NaN,NaN,0.209291666666667,0.694791666666667,176.396625,0.209291666666667,211.427166666667,60.8909583333333,NaN,NaN,NaN,NaN,250,3.846875
2022-11-03 00:00:00,595.5,12.7391666666667,-3.89666666666667,79.1995833333333,2.06675,233.9125,2.05208333333333,0.158625,700.896454166667,NaN,NaN,NaN,NaN,NaN,NaN,NaN,NaN,0.147458333333333,0.498625,82.00175,0.147458333333333,54.0813333333333,21.4165416666667,NaN,NaN,NaN,NaN,250,3.965625
2022-11-04 00:00:00,619.5,12.6079166666667,-9.7525,87.0833333333334,2.01691666666667,236.329166666667,1.98054166666667,0.225666666666667,701.674375,NaN,NaN,NaN,NaN,NaN,NaN,NaN,NaN,0.456708333333333,0.940916666666667,90.4329166666667,0.456708333333333,93.386875,34.0645416666667,NaN,NaN,NaN,NaN,250,5.64166666666667
2022-11-05 00:00:00,643.5,12.58125,-4.49820833333333,90.6416666666667,2.00320833333333,216.108333333333,1.98670833333333,0.239895833333333,670.523794583333,NaN,NaN,NaN,NaN,NaN,NaN,NaN,NaN,0.340875,1.04691666666667,195.934416666667,0.340875,175.705375,67.5741666666667,NaN,NaN,NaN,NaN,250,5.99739583333334
2022-11-06 00:00:00,667.5,12.6029166666667,-4.85454166666667,92.9916666666667,1.88220833333333,213.554166666667,1.86529166666667,0.356125,704.3274875,NaN,NaN,NaN,NaN,NaN,NaN,NaN,NaN,0.095125,0.540958333333333,100.438958333333,0.095125,54.1808333333333,34.8535833333333,NaN,NaN,NaN,NaN,250,8.903125
2022-11-07 00:00:00,691.5,12.6429166666667,-0.579791666666667,85.7566666666667,1.88004166666667,185.416666666667,1.87816666666667,0.346833333333333,706.35515,NaN,NaN,NaN,NaN,NaN,NaN,NaN,NaN,0.261083333333333,0.690916666666667,157.81625,0.261083333333333,175.637916666667,46.180875,NaN,NaN,NaN,NaN,250,8.67083333333333
2022-11-08 00:00:00,715.5,12.67125,1.0815,53.1170833333333,1.90241666666667,180.870833333333,1.90595833333333,0.319041666666667,706.666983333333,NaN,NaN,NaN,NaN,NaN,NaN,NaN,NaN,0.391375,0.944541666666667,177.892,0.391375,230.524583333333,57.8104166666667,NaN,NaN,NaN,NaN,250,7.97604166666667
2022-11-09 00:00:00,739.5,12.6691666666667,-0.582125,58.71875,1.913,197.204166666667,1.91091666666667,0.303547101449275,700.894458333333,NaN,NaN,NaN,NaN,NaN,NaN,NaN,NaN,0.36775,0.985458333333333,135.205583333333,0.36775,151.25375,69.6645833333333,NaN,NaN,NaN,NaN,250,7.58867753623188
2022-11-10 00:00:00,763.5,12.59875,-9.92108333333334,88.5583333333333,1.87166666666667,237.475,1.83745833333333,0.322282608695652,703.131270833333,NaN,NaN,NaN,NaN,NaN,NaN,NaN,NaN,0.294208333333333,0.862166666666667,124.906666666667,0.294208333333333,81.86875,49.1870833333333,NaN,NaN,NaN,NaN,250,8.0570652173913
2022-11-11 00:00:00,787.5,12.5329166666667,-12.7766666666667,85.2125,1.917,224.929166666667,1.871625,0.342920289855072,705.923058333333,NaN,NaN,NaN,NaN,NaN,NaN,NaN,NaN,0.327125,0.818375,116.99,0.327125,67.7245833333333,47.7341666666667,NaN,NaN,NaN,NaN,184,6.30973333333333
2022-11-12 00:00:00,811.5,12.6220833333333,-10.03475,84.11625,1.93129166666667,202.8875,1.89545833333333,0.329541666666667,707.323470833333,NaN,NaN,NaN,NaN,NaN,NaN,NaN,NaN,0.270291666666667,0.596375,178.804166666667,0.270291666666667,182.354166666667,24.3263333333333,NaN,NaN,NaN,NaN,221,7.28287083333333
2022-11-13 00:00:00,835.5,12.60125,-6.8055,73.3879166666667,1.93279166666667,218.9625,1.90854166666667,0.316833333333333,702.848429166667,NaN,NaN,NaN,NaN,NaN,NaN,NaN,NaN,0.102708333333333,0.515166666666667,143.447083333333,0.102708333333333,145.255,40.4840416666667,NaN,NaN,NaN,NaN,246,7.7941
2022-11-14 00:00:00,859.5,12.60625,-11.935,83.9708333333333,1.91095833333333,211.458333333333,1.86883333333333,0.353541666666667,704.44365,NaN,NaN,NaN,NaN,NaN,NaN,NaN,NaN,0.0232083333333333,0.192125,74.363,0.0232083333333333,48.3104166666667,14.4792916666667,NaN,NaN,NaN,NaN,206,7.28295833333333
2022-11-15 00:00:00,883.5,12.57,-13.7795833333333,81.95625,1.91529166666667,225.541666666667,1.86633333333333,0.356833333333333,709.1006125,NaN,NaN,NaN,NaN,NaN,NaN,NaN,NaN,0.139625,0.595708333333333,117.17625,0.139625,44.737375,21.5805833333333,NaN,NaN,NaN,NaN,180,6.423
2022-11-16 00:00:00,907.5,12.5670833333333,-11.7279166666667,80.6475,1.91433333333333,203.779166666667,1.87283333333333,0.352458333333333,712.205491666667,NaN,NaN,NaN,NaN,NaN,NaN,NaN,NaN,0.1845,0.742583333333333,99.4193333333333,0.1845,75.486125,45.7666666666667,NaN,NaN,NaN,NaN,189,6.6614625
2022-11-17 00:00:00,931.5,12.5204166666667,-11.7925,87.0625,1.858,231.820833333333,1.8175,0.399583333333333,708.057175,NaN,NaN,NaN,NaN,NaN,NaN,NaN,NaN,0.102208333333333,0.423916666666667,83.3654583333333,0.102208333333333,43.8706666666667,30.6824583333333,NaN,NaN,NaN,NaN,216,8.631
2022-11-18 00:00:00,955.5,12.4729166666667,-16.92375,83.17875,1.825375,195.958333333333,1.76779166666667,0.456583333333333,706.0477875,NaN,NaN,NaN,NaN,NaN,NaN,NaN,NaN,0.063875,0.278375,116.796666666667,0.063875,57.1808333333333,24.5708333333333,NaN,NaN,NaN,NaN,173,7.89889166666667
2022-11-19 00:00:00,979.5,12.4704166666667,-13.4995833333333,84.01625,1.84404166666667,198.091666666667,1.79791666666667,0.427125,710.2587375,NaN,NaN,NaN,NaN,NaN,NaN,NaN,NaN,0.180833333333333,0.568166666666667,146.917666666667,0.180833333333333,156.212916666667,38.6526666666667,NaN,NaN,NaN,NaN,191,8.1580875
2022-11-20 00:00:00,1003.5,12.5079166666667,-8.88433333333333,68.9845833333333,1.842625,195.6,1.81233333333333,0.412625,711.149441666667,NaN,NaN,NaN,NaN,NaN,NaN,NaN,NaN,0.311208333333333,0.860791666666667,138.971333333333,0.311208333333333,119.32,69.09875,NaN,NaN,NaN,NaN,206,8.500075
2022-11-21 00:00:00,1027.5,12.5258333333333,-7.38491666666667,61.1208333333333,1.849125,183.120833333333,1.824,0.401,711.585654166667,NaN,NaN,NaN,NaN,NaN,NaN,NaN,NaN,0.253291666666667,0.556416666666667,184.011875,0.253291666666667,193.4375,30.9005,NaN,NaN,NaN,NaN,222,8.9022
2022-11-22 00:00:00,1051.5,12.5233333333333,-7.81391666666667,57.2295833333333,1.859625,175.391666666667,1.832625,0.392375,710.545329166667,NaN,NaN,NaN,NaN,NaN,NaN,NaN,NaN,0.265916666666667,0.648833333333333,157.352083333333,0.265916666666667,178.845833333333,35.8354583333333,NaN,NaN,NaN,NaN,230,9.024625
2022-11-23 00:00:00,1075.5,12.5370833333333,-8.0105,70.2404166666667,1.85216666666667,200.058333333333,1.82475,0.3918,705.584433333333,NaN,NaN,NaN,NaN,NaN,NaN,NaN,NaN,0.150125,0.56825,168.3375,0.150125,144.590833333333,40.3009166666667,NaN,NaN,NaN,NaN,230,9.0114
2022-11-24 00:00:00,1099.5,12.5145833333333,-10.1837916666667,89.8166666666667,1.81454166666667,236.258333333333,1.78033333333333,0.419616666666667,713.541754166667,NaN,NaN,NaN,NaN,NaN,NaN,NaN,NaN,0.125541666666667,0.460125,123.145166666667,0.125541666666667,111.74625,11.8264583333333,NaN,NaN,NaN,NaN,213,8.937835
2022-11-25 00:00:00,1123.5,12.4779166666667,-8.57104166666667,90.0083333333333,1.83583333333333,232.191666666667,1.80654166666667,0.418406862745098,715.12505,NaN,NaN,NaN,NaN,NaN,NaN,NaN,NaN,0.335833333333333,0.594708333333333,196.345833333333,0.335833333333333,196.425,2.01016666666667,NaN,NaN,NaN,NaN,200,8.36813725490196
2022-11-26 00:00:00,1147.5,12.5166666666667,-4.417875,79.8529166666667,1.83108333333333,230.483333333333,1.81604166666667,0.422671094244149,706.088466666667,NaN,NaN,NaN,NaN,NaN,NaN,NaN,NaN,0.14475,0.544083333333333,134.900833333333,0.14475,128.8,39.1497083333333,NaN,NaN,NaN,NaN,195,8.24208633776091
2022-11-27 00:00:00,711.608695652174,12.5047826086957,-7.58186956521739,85.2078260869565,1.81713043478261,231.634782608696,1.79173913043478,0.585463709677419,672.726127826087,0.695666666666667,1.46244444444444,-30.0223333333333,-6.28888888888889,-0.3455,-0.766888888888889,-23.7335555555556,-24.5021111111111,0.287130434782609,0.733565217391304,108.656391304348,0.287130434782609,116.245217391304,41.4502608695652,NaN,NaN,NaN,NaN,201,11.7678205645161
2022-11-28 00:00:00,20.5,12.515,-6.65408333333333,76.2479166666667,1.79725,214.245833333333,1.77533333333333,0.689875,694.770825,8.19366666666667,5.15904166666667,-5.317375,-2.65208333333333,727.761909090909,3.03466666666667,-2.66591666666667,0.368708333333333,0.342791666666667,0.957958333333333,91.70575,0.342791666666667,50.192875,40.6179166666667,NaN,NaN,NaN,NaN,213,14.6943375
2022-11-29 00:00:00,44.5,12.4470833333333,-14.4375,85.9875,1.70125,234.625,1.65579166666667,0.8062734375,694.887875,2.326375,8.60329166666667,-0.0222083333333333,-1.17670833333333,3.43244444444444,-6.27725,1.154375,-5.122375,0.153166666666667,0.523541666666667,120.876333333333,0.153166666666667,94.9458333333333,31.4082083333333,NaN,NaN,NaN,NaN,196,15.802959375
2022-11-30 00:00:00,68.5,12.4391666666667,-9.27933333333333,82.9975,1.69995833333333,203.491666666667,1.67083333333333,0.795268229166667,704.61605,6.750625,5.28775,-20.9215833333333,-6.80116666666667,-499.8810625,1.46295833333333,-14.1189166666667,-12.6562916666667,0.15825,0.539166666666667,192.754416666667,0.15825,230.120833333333,58.2716666666667,NaN,NaN,NaN,NaN,197,15.6667841145833
2022-12-01 00:00:00,92.5,12.47125,-3.32945833333333,62.51625,1.71025,188.3375,1.69979166666667,0.765208333333333,701.428341666667,5.11779166666667,4.25241666666667,-30.088875,-9.763125,Inf,0.864625,-20.324,-19.4595416666667,0.396375,1.018,136.252666666667,0.396375,195.327916666667,76.415,NaN,NaN,NaN,NaN,212,16.2224166666667
2022-12-02 00:00:00,116.5,12.455,-8.98470833333333,86.2066666666667,1.66433333333333,240.125,1.63704166666667,0.799590579710145,701.183245833333,2.27866666666667,3.81666666666667,-1.55929166666667,-3.708875,1.12441666666667,-1.53808333333333,2.14891666666667,0.611083333333333,0.630166666666667,1.32916666666667,151.016833333333,0.630166666666667,81.22875,45.94875,NaN,NaN,NaN,NaN,223,17.8308699275362
2022-12-03 00:00:00,140.5,12.42,-9.21391666666667,91.8708333333333,1.66041666666667,232.620833333333,1.63191666666667,0.828237545289855,711.689254166667,3.99266666666667,10.0247083333333,-0.05475,-3.39625,1.95188888888889,-6.03254166666667,3.34116666666667,-2.691125,0.118666666666667,0.505708333333333,161.139458333333,0.118666666666667,145.03625,30.9964166666667,NaN,NaN,NaN,NaN,180,14.9082758152174
2022-12-04 00:00:00,164.5,12.4883333333333,-1.90945833333333,92.4083333333333,1.66220833333333,182.554166666667,1.65654166666667,0.808088541666666,708.27395,2.47683333333333,6.63370833333333,-0.073,-3.97158333333333,-469.619941176471,-4.1575,3.89841666666667,-0.259041666666667,0.161166666666667,0.593,123.474041666667,0.161166666666667,170.365291666667,57.3258333333333,NaN,NaN,NaN,NaN,212,17.1314770833333
2022-12-05 00:00:00,188.5,12.4604166666667,-4.31058333333333,91.9875,1.62883333333333,231.775,1.61608333333333,0.848743902439024,701.278079166667,1.34604166666667,5.37225,-0.012875,-2.02970833333333,Inf,-4.027,2.01683333333333,-2.00958333333333,0.277916666666667,0.87075,92.6490833333333,0.277916666666667,29.3575,41.31875,NaN,NaN,NaN,NaN,222,18.8421146341463
2022-12-06 00:00:00,212.5,12.4245833333333,-9.418375,90.8583333333333,1.51854166666667,246.6875,1.49208333333333,0.943756097560975,702.742966666667,2.365,9.389375,0.010375,-3.43379166666667,2.61236363636364,-7.025,3.44433333333333,-3.58183333333333,0.000875,0.0268333333333333,84.6483333333333,0.000875,3.18541666666667,0.259833333333333,NaN,NaN,NaN,NaN,228,21.5176390243902
2022-12-07 00:00:00,236.5,12.4058333333333,-8.79283333333333,90.925,1.55195833333333,223.404166666667,1.52654166666667,0.941041666666667,707.128775,1.86704166666667,6.66841666666667,-0.365666666666667,-6.53045833333333,3.790625,-4.802125,6.164625,1.36325,0,0,141.725333333333,0,0,0,NaN,NaN,NaN,NaN,200,18.8208333333333
2022-12-08 00:00:00,260.5,12.39875,-11.2062083333333,89.9916666666667,1.52183333333333,205.820833333333,1.49029166666667,0.975166666666667,706.845804166667,2.79854166666667,7.946625,-0.383666666666667,-5.38541666666667,1.91086666666667,-5.14816666666667,5.00141666666667,-0.146208333333333,0,0,147.002916666667,0,0,0,NaN,NaN,NaN,NaN,212,20.6735333333333
2022-12-09 00:00:00,284.5,12.3816666666667,-10.068,82.9445833333333,1.53541666666667,202.858333333333,1.50679166666667,0.958666666666667,705.265833333333,12.646625,12.61275,-3.07654166666667,-5.99966666666667,Inf,0.0354583333333334,2.92275,2.9575,0.00220833333333333,0.0192083333333333,115.563041666667,0.00220833333333333,2.08041666666667,1.8525,NaN,NaN,NaN,NaN,212,20.3237333333333
2022-12-10 00:00:00,308.5,12.3845833333333,-8.24516666666667,76.4341666666667,1.55341666666667,202.141666666667,1.52970833333333,0.935208333333333,706.767566666667,1.44525,3.73091666666667,-1.20141666666667,-8.32579166666667,Inf,-2.28529166666667,7.12470833333333,4.8395,0.156416666666667,0.451708333333333,191.364916666667,0.156416666666667,192.054166666667,49.74,NaN,NaN,NaN,NaN,220,20.5745833333333
2022-12-11 00:00:00,332.5,12.3945833333333,-5.87916666666667,69.1470833333333,1.567,187.791666666667,1.55016666666667,0.914833333333333,703.759258333333,4.37254166666667,3.64958333333333,-12.6613333333333,-8.58145833333333,-1230.23069230769,0.722083333333333,-4.07983333333333,-3.357375,0.308625,0.756041666666667,166.544583333333,0.308625,189.679166666667,41.1859583333333,NaN,NaN,NaN,NaN,228,20.8582
2022-12-12 00:00:00,356.5,12.4370833333333,-6.09983333333333,70.3004166666667,1.58020833333333,190.895833333333,1.56245833333333,0.903333333333334,694.8151,11.4965,7.23966666666667,-20.0029583333333,-7.17845833333333,Inf,4.257625,-12.826,-8.56845833333333,0.284166666666667,0.818125,177.03125,0.284166666666667,132.177916666667,24.04325,NaN,NaN,NaN,NaN,238,21.4993333333333
2022-12-13 00:00:00,380.5,12.36875,-14.0729166666667,86.4791666666667,1.45875,200.595833333333,1.420625,1.043125,692.614670833333,4.83254166666667,12.9124583333333,0.0259166666666667,-1.05833333333333,-886.406111111111,-8.0795,1.08433333333333,-6.99533333333333,0.454833333333333,1.03670833333333,89.5687083333333,0.454833333333333,27.0032916666667,41.43,NaN,NaN,NaN,NaN,209,21.8013125
2022-12-14 00:00:00,404.5,12.3341666666667,-14.0179166666667,88.7791666666667,1.34470833333333,224.533333333333,1.30966666666667,1.15395833333333,697.383266666667,3.48016666666667,10.430625,-0.0163333333333333,-1.16558333333333,3.0365,-6.94875,1.14925,-5.799375,0.622875,1.21745833333333,88.054625,0.622875,24.047375,45.3966666666667,NaN,NaN,NaN,NaN,219,25.2716875
2022-12-15 00:00:00,428.5,12.3191666666667,-16.2054166666667,86.45,1.34241666666667,207.045833333333,1.30183333333333,1.16357007575758,700.072479166667,11.9240833333333,13.1504583333333,-0.839791666666667,-2.52783333333333,0.690214285714286,-1.22670833333333,1.688,0.461333333333333,0.368833333333333,1.09304166666667,79.980625,0.368833333333333,82.1318333333333,37.4791666666667,NaN,NaN,NaN,NaN,215,25.0167566287879
2022-12-16 00:00:00,452.5,12.28875,-18.7016666666667,84.1458333333333,1.36525,245.35,1.31758333333333,1.14287784090909,702.597325,4.89204166666667,12.0760833333333,-0.193791666666667,-4.48254166666667,1.0674,-7.18404166666667,4.28916666666667,-2.89579166666667,0.282375,0.824541666666667,106.194583333333,0.282375,45.7954166666667,43.2891666666667,NaN,NaN,NaN,NaN,225,25.7147514204546
2022-12-17 00:00:00,476.5,12.2958333333333,-15.1475,84.1071666666667,1.38,216.8875,1.34120833333333,1.12534375,702.200108333333,1.85516666666667,5.66170833333333,-0.292041666666667,-7.93741666666667,0.698136363636364,-3.80729166666667,7.644875,3.83775,0.376666666666667,0.854916666666667,112.885375,0.376666666666667,86.9325,39.6568333333333,NaN,NaN,NaN,NaN,225,25.320234375
2022-12-18 00:00:00,500.5,12.3058333333333,-12.5316666666667,90,1.39808333333333,223.2375,1.36554166666667,1.09597222222222,702.134291666667,1.01820833333333,4.07041666666667,-0.404666666666667,-8.94120833333333,0.47447619047619,-3.05270833333333,8.536875,5.48308333333333,0.174666666666667,0.447416666666667,175.5,0.174708333333333,176.016666666667,14.2978333333333,NaN,NaN,NaN,NaN,238,26.0841388888889
2022-12-19 00:00:00,524.5,12.29875,-13.4191666666667,88.4666666666667,1.391375,213.179166666667,1.35679166666667,1.08630215627918,705.468183333333,0.346125,3.29325,-0.495,-8.442375,Inf,-2.947125,7.948125,5.00041666666667,0.0990416666666667,0.440541666666667,148.122083333333,0.0990416666666667,148.033333333333,43.1308333333333,NaN,NaN,NaN,NaN,245,26.6144028288399
2022-12-20 00:00:00,NaN,12.2946666666667,NaN,NaN,1.3724,319.433333333333,1.3442,NaN,709.93122,6.5238,10.6900666666667,-0.452333333333333,-7.62713333333333,Inf,NaN,NaN,NaN,NaN,0.428866666666667,103.1532,0.0793333333333333,137.594666666667,50.6493333333333,NaN,NaN,NaN,NaN,246,NaN
2022-12-21 00:00:00,NaN,NaN,NaN,NaN,NaN,NaN,NaN,NaN,NaN,NaN,NaN,NaN,NaN,NaN,NaN,NaN,NaN,NaN,NaN,NaN,NaN,NaN,NaN,NaN,NaN,NaN,NaN,253,NaN
2022-12-22 00:00:00,NaN,NaN,NaN,NaN,NaN,NaN,NaN,NaN,NaN,NaN,NaN,NaN,NaN,NaN,NaN,NaN,NaN,NaN,NaN,NaN,NaN,NaN,NaN,NaN,NaN,NaN,NaN,239,NaN
2022-12-23 00:00:00,NaN,NaN,NaN,NaN,NaN,NaN,NaN,NaN,NaN,NaN,NaN,NaN,NaN,NaN,NaN,NaN,NaN,NaN,NaN,NaN,NaN,NaN,NaN,NaN,NaN,NaN,NaN,241,NaN
2022-12-24 00:00:00,NaN,NaN,NaN,NaN,NaN,NaN,NaN,NaN,NaN,NaN,NaN,NaN,NaN,NaN,NaN,NaN,NaN,NaN,NaN,NaN,NaN,NaN,NaN,NaN,NaN,NaN,NaN,252,NaN
2022-12-25 00:00:00,NaN,NaN,NaN,NaN,NaN,NaN,NaN,NaN,NaN,NaN,NaN,NaN,NaN,NaN,NaN,NaN,NaN,NaN,NaN,NaN,NaN,NaN,NaN,NaN,NaN,NaN,NaN,262,NaN
2022-12-26 00:00:00,NaN,NaN,NaN,NaN,NaN,NaN,NaN,NaN,NaN,NaN,NaN,NaN,NaN,NaN,NaN,NaN,NaN,NaN,NaN,NaN,NaN,NaN,NaN,NaN,NaN,NaN,NaN,256,NaN
2022-12-27 00:00:00,NaN,NaN,NaN,NaN,NaN,NaN,NaN,NaN,NaN,NaN,NaN,NaN,NaN,NaN,NaN,NaN,NaN,NaN,NaN,NaN,NaN,NaN,NaN,NaN,NaN,NaN,NaN,254,NaN
2022-12-28 00:00:00,NaN,NaN,NaN,NaN,NaN,NaN,NaN,NaN,NaN,NaN,NaN,NaN,NaN,NaN,NaN,NaN,NaN,NaN,NaN,NaN,NaN,NaN,NaN,NaN,NaN,NaN,NaN,250,NaN
2022-12-29 00:00:00,NaN,NaN,NaN,NaN,NaN,NaN,NaN,NaN,NaN,NaN,NaN,NaN,NaN,NaN,NaN,NaN,NaN,NaN,NaN,NaN,NaN,NaN,NaN,NaN,NaN,NaN,NaN,235,NaN
2022-12-30 00:00:00,NaN,NaN,NaN,NaN,NaN,NaN,NaN,NaN,NaN,NaN,NaN,NaN,NaN,NaN,NaN,NaN,NaN,NaN,NaN,NaN,NaN,NaN,NaN,NaN,NaN,NaN,NaN,237,NaN
2022-12-31 00:00:00,NaN,NaN,NaN,NaN,NaN,NaN,NaN,NaN,NaN,NaN,NaN,NaN,NaN,NaN,NaN,NaN,NaN,NaN,NaN,NaN,NaN,NaN,NaN,NaN,NaN,NaN,NaN,222,NaN
2023-01-01 00:00:00,NaN,NaN,NaN,NaN,NaN,NaN,NaN,NaN,NaN,NaN,NaN,NaN,NaN,NaN,NaN,NaN,NaN,NaN,NaN,NaN,NaN,NaN,NaN,NaN,NaN,NaN,NaN,238,NaN
2023-01-02 00:00:00,NaN,NaN,NaN,NaN,NaN,NaN,NaN,NaN,NaN,NaN,NaN,NaN,NaN,NaN,NaN,NaN,NaN,NaN,NaN,NaN,NaN,NaN,NaN,NaN,NaN,NaN,NaN,244,NaN
2023-01-03 00:00:00,NaN,NaN,NaN,NaN,NaN,NaN,NaN,NaN,NaN,NaN,NaN,NaN,NaN,NaN,NaN,NaN,NaN,NaN,NaN,NaN,NaN,NaN,NaN,NaN,NaN,NaN,NaN,240,NaN
2023-01-04 00:00:00,NaN,NaN,NaN,NaN,NaN,NaN,NaN,NaN,NaN,NaN,NaN,NaN,NaN,NaN,NaN,NaN,NaN,NaN,NaN,NaN,NaN,NaN,NaN,NaN,NaN,NaN,NaN,234,NaN
2023-01-05 00:00:00,NaN,NaN,NaN,NaN,NaN,NaN,NaN,NaN,NaN,NaN,NaN,NaN,NaN,NaN,NaN,NaN,NaN,NaN,NaN,NaN,NaN,NaN,NaN,NaN,NaN,NaN,NaN,240,NaN
2023-01-06 00:00:00,NaN,NaN,NaN,NaN,NaN,NaN,NaN,NaN,NaN,NaN,NaN,NaN,NaN,NaN,NaN,NaN,NaN,NaN,NaN,NaN,NaN,NaN,NaN,NaN,NaN,NaN,NaN,252,NaN
2023-01-07 00:00:00,NaN,NaN,NaN,NaN,NaN,NaN,NaN,NaN,NaN,NaN,NaN,NaN,NaN,NaN,NaN,NaN,NaN,NaN,NaN,NaN,NaN,NaN,NaN,NaN,NaN,NaN,NaN,232,NaN
2023-01-08 00:00:00,NaN,NaN,NaN,NaN,NaN,NaN,NaN,NaN,NaN,NaN,NaN,NaN,NaN,NaN,NaN,NaN,NaN,NaN,NaN,NaN,NaN,NaN,NaN,NaN,NaN,NaN,NaN,233,NaN
2023-01-09 00:00:00,NaN,NaN,NaN,NaN,NaN,NaN,NaN,NaN,NaN,NaN,NaN,NaN,NaN,NaN,NaN,NaN,NaN,NaN,NaN,NaN,NaN,NaN,NaN,NaN,NaN,NaN,NaN,242,NaN
2023-01-10 00:00:00,NaN,NaN,NaN,NaN,NaN,NaN,NaN,NaN,NaN,NaN,NaN,NaN,NaN,NaN,NaN,NaN,NaN,NaN,NaN,NaN,NaN,NaN,NaN,NaN,NaN,NaN,NaN,249,NaN
2023-01-11 00:00:00,NaN,NaN,NaN,NaN,NaN,NaN,NaN,NaN,NaN,NaN,NaN,NaN,NaN,NaN,NaN,NaN,NaN,NaN,NaN,NaN,NaN,NaN,NaN,NaN,NaN,NaN,NaN,264,NaN
2023-01-12 00:00:00,NaN,12.6655555555556,NaN,NaN,1.29877777777778,268.033333333333,1.27644444444444,NaN,639.056202222222,2.409,2.98877777777778,-0.512111111111111,-6.80088888888889,0.851,NaN,NaN,NaN,NaN,0.648666666666667,170.653333333333,0.165777777777778,127.817555555556,67.3755555555556,1.89622222222222,-3.81233333333333,-0.508,-5.63833333333333,252,NaN
2023-01-13 00:00:00,20.5,12.8079166666667,-4.636875,93.1875,1.34083333333333,215.5625,1.32929166666667,1.2526768557423,713.539116666667,15.0920833333333,13.23575,-0.400958333333333,-6.688,Inf,1.85720833333333,6.287625,8.144625,0.21075,0.600708333333333,158.203333333333,0.21075,163.269583333333,33.2462083333333,14.6918333333333,6.54725,-0.470166666666667,-6.09955555555556,243,30.4400475945378
2023-01-14 00:00:00,44.5,12.7154166666667,-3.54408333333333,83.6483333333333,1.37475,214.35,1.36579166666667,1.22419642857143,704.257816666667,6.83116666666667,6.61816666666666,-1.462875,-7.01254166666667,Inf,0.212291666666667,5.54933333333333,5.76175,0.26675,0.713208333333333,180.841666666667,0.26675,195.932916666667,53.2801666666667,5.3675,-0.39375,-1.38360869565217,-6.80739130434783,249,30.4824910714286
2023-01-15 00:00:00,68.5,12.7425,-5.36229166666667,88.6179166666667,1.38166666666667,215.320833333333,1.36795833333333,1.23241666666667,694.004529166667,13.1685,10.741625,-1.09008333333333,-4.25770833333333,Inf,2.426875,3.16766666666667,5.59495833333333,0.104125,0.529458333333333,126.6335,0.104125,159.038416666667,32.93475,12.07925,6.48433333333333,-1.027375,-4.19491666666667,254,31.3033833333333
2023-01-16 00:00:00,92.5,12.6108333333333,-8.00791666666667,91.6416666666667,1.32404166666667,260.6625,1.30458333333333,1.27233823529412,695.053845833334,3.18320833333333,7.64516666666667,-0.00191666666666667,-4.81616666666667,801.9438,-4.46191666666667,4.81370833333333,0.351708333333333,0.117708333333333,0.508333333333333,153.440833333333,0.117708333333333,146.773708333333,43.65875,3.18179166666667,2.829125,0.0839166666666667,-4.729875,243,30.9178191176471
2023-01-17 00:00:00,116.5,12.6808333333333,-8.07141666666667,89.6495833333333,1.352125,221.8125,1.33191666666667,1.25922426470588,694.878129166667,5.868125,14.487625,-0.00495833333333333,-4.789375,Inf,-8.6195,4.78491666666667,-3.83425,0.0694583333333333,0.3775,109.724166666667,0.0694583333333333,106.136291666667,19.5496666666667,5.86304166666667,9.69870833333333,0.0837083333333333,-4.701,255,32.11021875
2023-01-18 00:00:00,140.5,12.6258333333333,-11.2670833333333,89.0583333333333,1.28966666666667,193.854166666667,1.26291666666667,1.32666666666667,696.394066666667,5.70379166666667,17.6245833333333,-0.0226666666666667,-2.62458333333333,2.10753846153846,-11.920625,2.60191666666667,-9.31791666666667,0.002125,0.0194583333333333,40.5025,0.002125,1.70458333333333,0.001,5.68054166666667,14.9991666666667,0.0791666666666667,-2.52275,251,33.2993333333333
2023-01-19 00:00:00,164.5,12.5404166666667,-13.2320833333333,86.3,1.29883333333333,190.754166666667,1.26695833333333,1.32254166666667,702.091075,2.757375,6.66679166666667,-0.350791666666667,-7.77045833333333,0.580909090909091,-3.90966666666667,7.41995833333333,3.51004166666667,0,0,118.1055,0,0,0,2.40629166666667,-1.10316666666667,-0.249166666666667,-7.66879166666667,238,31.4764916666667
2023-01-20 00:00:00,188.5,12.6270833333333,-14.6554166666667,81.4545833333333,1.34058333333333,190.883333333333,1.30408333333333,1.28591666666667,703.993920833333,8.89508333333333,13.2122916666667,-0.320416666666667,-6.04695833333333,Inf,-4.31716666666667,5.726125,1.408625,0,0,143.561541666667,0,0,0,8.57504166666667,7.16625,-0.246833333333333,-5.97308333333333,242,31.1191833333333
2023-01-21 00:00:00,212.5,12.7066666666667,-14.7883333333333,83.4966666666667,1.36608333333333,190.229166666667,1.32841666666667,1.26139583333333,704.260079166667,10.4836666666667,14.689375,-0.163083333333333,-3.04675,0.611944444444445,-4.20554166666667,2.88358333333333,-1.32195833333333,0,0,114.35125,0,0,0,10.3209166666667,11.643875,-0.0895,-2.973125,247,31.1564770833333
2023-01-22 00:00:00,236.5,12.59625,-11.709125,88.3333333333333,1.372625,279.929166666667,1.34270833333333,1.244625,700.581675,2.625,6.46116666666667,-0.234416666666667,-6.31983333333333,0.913055555555556,-3.83691666666667,6.08483333333333,2.24845833333333,0,0,138.598333333333,0,0,0,2.39041666666667,0.142458333333333,-0.140625,-6.22558333333333,254,31.613475
2023-01-23 00:00:00,260.5,12.57125,-11.5025416666667,90.1095833333333,1.379625,201.883333333333,1.35008333333333,1.2394375,702.963891666667,2.186125,4.67233333333333,-0.0742083333333333,-6.11595833333333,1.14941176470588,-2.486125,6.0415,3.556,0,0,102.635416666667,0,0,0,2.11183333333333,-1.44358333333333,0.0372916666666667,-6.005,253,31.35776875
2023-01-24 00:00:00,284.5,12.6891666666667,-12.705,83.6079166666667,1.39633333333333,187.491666666667,1.36341666666667,1.22795833333333,703.497404166667,7.878375,13.5453333333333,-0.0572916666666667,-5.648375,Inf,-5.667,5.592,-0.0745416666666666,0,0,64.02725,0,0,0,7.82154166666667,7.896125,0.0405833333333333,-5.55116666666666,260,31.9269166666667
2023-01-25 00:00:00,308.5,12.665,-15.1879166666667,82.0779166666667,1.39825,189.929166666667,1.35891666666667,1.23045833333333,705.315270833333,6.814,16.778125,-0.013875,-3.00383333333333,1.29264705882353,-9.96391666666667,2.99016666666667,-6.97475,0,0,71.3125,0,0,0,6.80004166666667,13.7739583333333,0.0769583333333333,-2.91316666666667,256,31.4997333333333
2023-01-26 00:00:00,332.5,12.52875,-14.44125,86.475,1.38520833333333,191.520833333333,1.34804166666667,1.24191228070175,707.0141125,3.143375,10.499625,-0.0477916666666667,-2.94216666666667,2.41316666666667,-7.355,2.89441666666667,-4.46175,0,0,71.964,0,0,0,3.09641666666667,7.55716666666667,0.0545833333333333,-2.83991666666667,244,30.3026596491228
2023-01-27 00:00:00,356.5,12.5279166666667,-9.77116666666667,92.0208333333333,1.23033333333333,255.254166666667,1.20804166666667,1.34115789473684,701.423429166667,2.64983333333333,12.3305416666667,-0.0712083333333333,-2.24554166666667,-613.056076923077,-9.68025,2.174375,-7.50554166666667,0.0439583333333333,0.213541666666667,46.4795416666667,0.0439583333333333,14.4116666666667,11.5883333333333,2.57845833333333,10.0849583333333,0.02,-2.154375,249,33.3948315789474
2023-01-28 00:00:00,380.5,12.5283333333333,-10.1458333333333,91,1.084625,252.025,1.06433333333333,1.48245065789474,697.9483375,10.26725,16.4855,-0.184125,-2.53516666666667,Inf,-6.2185,2.35095833333333,-3.86775,0.137166666666667,0.55525,47.9983333333333,0.137166666666667,34.4495,32.6430833333333,10.0830833333333,13.9512916666667,-0.0977083333333333,-2.44866666666667,233,34.5411003289474
2023-01-29 00:00:00,404.5,12.51375,-9.62958333333333,92.0416666666667,1.018125,259.2125,0.999958333333333,1.51996428571429,696.620566666667,3.23241666666667,10.2399583333333,-0.107458333333333,-1.378875,2.52990909090898,-7.00695833333333,1.27154166666667,-5.73583333333333,0.204666666666667,0.621583333333333,37.7594583333333,0.204666666666667,25.0024166666667,24.3759583333333,3.125375,8.860875,-0.0285,-1.29995833333333,238,36.17515
2023-01-30 00:00:00,428.5,12.4908333333333,-13.3058333333333,87.8541666666667,0.890208333333333,264.5625,0.86825,1.52853571428571,698.448545833333,5.201,6.22783333333333,-0.114958333333333,-1.85408333333333,1.1245,-1.02733333333333,1.73929166666667,0.711875,0.0955,0.375416666666667,78.2664166666666,0.0955,39.6475,17.2747916666667,5.08608333333333,4.37354166666667,-0.0210833333333333,-1.76025,227,34.6977607142857
2023-01-31 00:00:00,452.5,12.4283333333333,-18.0770833333333,81.3445833333333,0.953875,248.408333333333,0.921791666666667,1.53710714285714,702.868970833333,2.127875,6.49245833333333,-0.290791666666667,-8.63075,0.697428571428572,-4.36491666666667,8.339625,3.974625,0.187041666666667,0.5685,121.065291666667,0.187041666666667,75.7733333333333,50.5848333333333,1.83666666666667,-2.13775,-0.22375,-8.56408333333333,222,34.1237785714286
2023-02-01 00:00:00,476.5,12.4679166666667,-11.778875,86.275,1.0015,277.95,0.979666666666667,1.54567857142857,706.869475,6.58933333333333,15.56025,-0.20675,-7.63404166666667,0.736136363636364,-8.972875,7.42670833333333,-1.54575,0.318083333333333,0.817208333333333,70.2494166666667,0.318083333333333,56.3645833333333,47.5320833333333,6.38170833333333,7.92920833333333,-0.114291666666667,-7.54129166666667,232,35.8597428571429
2023-02-02 00:00:00,500.5,12.46125,-10.8778333333333,86.2608333333333,1.06045833333333,227.404166666667,1.039,1.54621428571429,712.282620833333,1.48745833333333,5.416375,-0.277791666666667,-9.12479166666667,0.702772727272727,-3.92929166666667,8.84620833333333,4.91720833333333,0.16475,0.595958333333333,131.271666666667,0.16475,113.252916666667,54.6156666666667,1.20954166666667,-3.7085,-0.181166666666667,-9.02716666666667,244,37.7276285714286
2023-02-03 00:00:00,524.5,12.46125,-9.60045833333333,83.2804166666667,1.09775,236.175,1.07829166666667,1.5079375,713.695954166667,5.080875,11.075375,-0.3345,-10.135875,0.732636363636364,-5.99379166666667,9.801625,3.807375,0.18175,0.47925,150.090416666667,0.18175,166.2125,26.7218333333333,4.74645833333333,0.938749999999999,-0.258541666666667,-10.0609583333333,250,37.6984375
2023-02-04 00:00:00,548.5,12.45875,-7.54979166666667,75.6033333333333,1.129625,210.954166666667,1.114,1.476,708.905616666666,2.74175,7.10570833333333,-0.43925,-9.29183333333333,0.3575,-4.36429166666667,8.85216666666667,4.48808333333333,0.137208333333333,0.508833333333333,176.18875,0.137208333333333,172.50625,51.1650833333333,2.302,-2.18645833333333,-0.355526315789474,-8.68031578947368,254,37.4904
2023-02-05 00:00:00,572.5,12.5020833333333,-3.944125,63.1079166666667,1.14775,220.85,1.13933333333333,1.451,705.382641666667,16.9594583333333,19.661,-1.819875,-9.08241666666667,0.431222222222222,-2.701875,7.26283333333333,4.56091666666667,0.196666666666667,0.635916666666667,159.357125,0.196666666666667,185.6235,59.9308333333333,15.1370833333333,10.5787083333333,-0.362,-7.19525,263,38.1613
2023-02-06 00:00:00,596.5,12.5095833333333,-9.63075,89.0291666666667,1.13879166666667,245.279166666667,1.11858333333333,1.46223263888889,701.8545625,7.73379166666667,21.7435,-0.135291666666667,-3.95108333333333,1.9273125,-14.0100833333333,3.81575,-10.1945,0.114833333333333,0.46325,73.7379583333333,0.114833333333333,53.5445416666667,26.8769583333333,7.599125,17.794,0.0645,-3.45566666666667,272,39.7727277777778
2023-02-07 00:00:00,620.5,12.4641666666667,-11.7585,89.3583333333333,1.131875,209.154166666667,1.10729166666667,1.48230902777778,708.842170833333,1.628375,5.834,-0.05825,-9.75704166666667,1.69764705882356,-4.20545833333333,9.697375,5.49279166666667,0.0635416666666667,0.3015,136.372083333333,0.0635416666666667,120.36375,41.16275,1.56983333333333,-3.92233333333333,0.0445416666666667,-9.65291666666667,255,37.7988802083333
2023-02-08 00:00:00,644.5,12.51375,-9.680125,86.5645833333333,1.12795833333333,215.758333333333,1.10783333333333,1.48181510416667,706.213158333333,6.90816666666667,17.0680416666667,0.00475,-4.556375,Inf,-10.1596666666667,4.56066666666667,-5.59854166666667,0.250208333333333,0.819791666666667,78.710875,0.250208333333333,52.5201666666667,48.4804166666667,6.913,12.5112083333333,0.0437777777777778,-3.73472222222222,248,36.7490145833333
2023-02-09 00:00:00,668.5,12.4541666666667,-15.0958333333333,84.7608333333333,1.05508333333333,239.720833333333,1.02558333333333,1.5341640625,709.520504166666,5.38645833333333,16.6652916666667,-0.0119166666666667,-6.21779166666667,802.6491,-11.278375,6.2055,-5.07183333333333,0.124375,0.655791666666667,141.09375,0.124375,101.909166666667,39.7816666666667,5.37475,10.4494583333333,0.06925,-6.13670833333333,259,39.73484921875
2023-02-10 00:00:00,692.5,12.46625,-11.5394583333333,86.4916666666667,1.122625,227.495833333333,1.09841666666667,1.49158333333333,712.2258375,2.368625,6.35095833333333,-0.188416666666667,-9.559,422.592,-3.98254166666667,9.37045833333333,5.38745833333333,0.202416666666667,0.514916666666667,174.095416666667,0.202416666666667,174.011666666667,31.1585,2.17991666666667,-3.20825,-0.121625,-9.492375,251,37.4387416666667
2023-02-11 00:00:00,716.5,12.5525,-7.47820833333333,77.3879166666667,1.14,200.404166666667,1.124125,1.465875,709.213558333333,12.9875833333333,13.6442083333333,-13.9497916666667,-10.4128333333333,0.122809523809524,-0.656916666666667,-3.53691666666667,-4.193125,0.272875,0.550416666666667,190.056666666667,0.272875,183.729166666667,12.61075,-0.961291666666667,3.232875,-2.13038461538462,-8.97523076923077,253,37.0866375
2023-02-12 00:00:00,740.5,12.5929166666667,-6.34458333333333,69.4220833333333,1.162125,187.920833333333,1.14845833333333,1.44154166666667,707.1237875,23.3075416666667,15.6377083333333,-27.97,-9.6895,Inf,7.67408333333333,-18.2804583333333,-10.6072916666667,0.212041666666667,0.61125,157.607083333333,0.212041666666667,163.296666666667,35.4684166666667,-4.65629166666667,5.94854166666667,-19.535,-6.22533333333333,262,37.7683916666667
2023-02-13 00:00:00,764.5,12.6233333333333,-6.90525,75.4891666666667,1.18379166666667,179.4625,1.16866666666667,1.42133333333333,700.755091666667,12.6858333333333,9.130375,-23.756625,-9.675625,0.471307692307692,3.55545833333333,-14.0797083333333,-10.5245416666667,0.1505,0.453458333333333,151.3775,0.1505,164.6475,31.8685833333333,-11.0702083333333,-0.544958333333333,-29.4669090909091,-8.48354545454545,262,37.2389333333333
2023-02-14 00:00:00,788.5,12.6770833333333,-10.274125,82.24,1.198625,212.6875,1.17575,1.41496739130435,689.557954166667,8.48695833333333,10.451125,-0.242458333333333,-5.93333333333333,Inf,-1.96433333333333,5.69095833333333,3.72625,0.154666666666667,0.551208333333333,141.433708333333,0.154666666666667,229.6125,45.6901666666667,8.24508333333334,4.518375,-0.171866666666667,-4.89233333333333,275,38.9116032608696
2023-02-15 00:00:00,541.833333333333,13.035,-17.9904166666667,81.73,1.193375,271.679166666667,1.15354166666667,1.40611594202899,580.180708333333,14.9510833333333,28.480875,-0.179916666666667,-3.60420833333333,Inf,-13.5331666666667,3.424375,-10.10875,0.263625,0.738916666666667,119.363208333333,0.263625,60.493625,23.9023333333333,14.7667916666667,24.8782083333333,0.01325,-1.789,269,37.8245188405797
2023-02-16 00:00:00,667.333333333333,12.6691666666667,-18.3358333333333,75.9720833333333,1.20045833333333,226.975,1.159375,1.41445833333333,632.0132375,12.100625,8.51704166666667,-0.921125,-10.0182083333333,Inf,3.58245833333333,9.097625,12.6786666666667,0.124291666666667,0.53325,186.50125,0.124291666666667,197.020833333333,43.0454166666667,11.1784583333333,-1.50104166666667,-1.02794736842105,-9.40357894736842,268,37.9074833333333
2023-02-17 00:00:00,860.5,12.6475,-9.91275,70.20125,1.21441666666667,194.558333333333,1.19208333333333,1.39795833333333,709.404391666667,17.63525,8.79220833333333,-2.11020833333333,-11.5594166666667,0.604769230769231,8.8405,9.449375,18.2915,0.183416666666667,0.558416666666667,159.280416666667,0.183416666666667,177.170833333333,50.24875,15.5239166666667,-2.76733333333333,-0.9845,-8.70266666666667,269,37.6050791666667
2023-02-18 00:00:00,884.5,12.6895833333333,-7.79625,56.0804166666667,1.22045833333333,233.166666666667,1.203,1.38552462121212,703.6509625,17.0608333333333,8.76779166666667,-27.2427916666667,-13.1241666666667,Inf,8.29504166666667,-14.11875,-5.82508333333333,0.183333333333333,0.564208333333333,183.64375,0.183333333333333,183.117916666667,56.2866666666667,-10.1806666666667,-4.35583333333333,NaN,NaN,273,37.8248221590909
2023-02-19 00:00:00,908.5,12.6175,-9.725875,82.9316666666667,1.2,264.729166666667,1.178375,1.41155454545455,701.626045833333,6.83345833333334,8.4955,-4.54358333333334,-3.22620833333333,Inf,-1.66229166666667,-1.31720833333333,-2.97916666666667,0.293083333333333,0.899041666666667,153.573583333333,0.293083333333333,149.284833333333,65.0666666666667,2.289375,5.26983333333333,0.0465,-1.5205,273,38.5354390909091
2023-02-20 00:00:00,932.5,12.5429166666667,-6.52104166666667,87.9066666666667,1.14316666666667,250.358333333333,1.129375,1.46467083333333,702.6252625,9.99908333333333,8.36433333333333,-0.216375,-2.70504166666667,-499.5216875,1.63458333333333,2.48841666666667,4.122875,0.18,0.617625,212.319875,0.18,233.811666666667,59.6045833333333,9.78220833333333,5.65975,NaN,NaN,272,39.8390466666667
2023-02-21 00:00:00,956.5,12.7,-3.65075,77.1833333333333,1.14104166666667,227.7875,1.1335,1.46225308641975,692.496279166667,26.9285,16.876125,-4.55554166666667,-6.69945833333333,-399.81905,10.0529583333333,2.14358333333333,12.1934583333333,0.32075,0.9095,195.948083333333,0.32075,292.276666666667,51.20675,22.3753333333333,10.1781666666667,NaN,NaN,274,40.0657345679012
2023-02-22 00:00:00,980.5,12.7166666666667,-11.3274583333333,87.1804166666666,1.123,224.525,1.09954166666667,1.50822498375569,683.887333333333,9.19333333333333,15.303125,-0.043,-2.09241666666667,-531.943533333333,-6.108875,2.0495,-4.05929166666667,0.217083333333333,0.775375,41.1514583333333,0.217083333333333,41.1922916666667,27.1275,9.151375,13.2104166666667,-0.0473333333333333,-0.8735,272,41.0237195581547
2023-02-23 00:00:00,1004.5,12.6191666666667,-14.2195833333333,79.9370833333333,1.10079166666667,233.0625,1.07166666666667,1.51489692982456,695.478133333333,10.134875,28.850125,-0.0698333333333334,-3.8385,-1330.72141666667,-18.716,3.76858333333333,-14.94675,0.294083333333333,0.854791666666667,106.805916666667,0.294083333333333,35.2177083333333,33.5925,10.06525,25.01125,-0.04225,-0.841416666666667,261,39.5388098684211
2023-02-24 00:00:00,1028.5,12.5525,-11.48875,81.7795833333333,1.10841666666667,225.05,1.08479166666667,1.49854166666667,702.964983333333,6.238125,19.3421666666667,-0.03575,-5.58170833333333,-613.114076923077,-13.1046666666667,5.545875,-7.55829166666667,0.270208333333333,0.798708333333333,114.300416666667,0.270208333333333,67.6155833333333,53.8820833333333,6.20233333333333,13.76075,-0.0628,-5.7358,265,39.7113541666667
2023-02-25 00:00:00,1052.5,12.6045833333333,-6.65908333333333,81.42875,1.11525,232.054166666667,1.101625,1.48875,706.603170833333,5.78054166666667,14.40525,-0.10475,-6.45620833333333,Inf,-8.624375,6.35116666666667,-2.27208333333333,0.227625,0.790791666666667,167.674208333333,0.227625,106.8525,40.6940833333333,5.67504166666667,7.94891666666667,-0.116,-2.681,268,39.8985
2023-02-26 00:00:00,1076.5,12.7104166666667,-5.86645833333333,79.0379166666667,1.12666666666667,216.908333333333,1.11458333333333,1.47408333333333,697.781675,16.0188333333333,18.2311666666667,-0.648583333333333,-8.78770833333333,400.1975,-2.2105,8.139125,5.92820833333333,0.225916666666667,0.702833333333333,199.075833333333,0.225916666666667,195.592083333333,45.9865,15.3682916666667,9.442,NaN,NaN,272,40.0950666666667
2023-02-27 00:00:00,1100.5,12.7929166666667,-8.56883333333333,78.6320833333333,1.13408333333333,218.5875,1.11604166666667,1.47520833333333,697.737975,17.1860416666667,23.410375,-0.0470833333333333,-4.91491666666667,Inf,-6.22475,4.86841666666667,-1.35683333333333,0.237458333333333,0.754125,139.546291666667,0.237458333333333,121.971666666667,43.9820833333333,17.139875,18.4939166666667,NaN,NaN,276,40.71575
2023-02-28 00:00:00,1124.5,12.70375,-11.2783333333333,84.6683333333334,1.10625,216.383333333333,1.08308333333333,1.49839583333333,693.913445833333,6.45683333333333,15.4659166666667,0.0210416666666667,-2.40995833333333,1.20541176470588,-9.009,2.43095833333333,-6.57858333333333,0.424083333333333,1.10725,55.8572083333333,0.424083333333333,29.1436666666667,47.7779166666667,6.47725,13.0561666666667,NaN,NaN,277,41.5055645833333
2023-03-01 00:00:00,1148.5,12.6516666666667,-12.5533333333333,85.0683333333333,1.114875,215.6,1.08891666666667,1.50504166666667,696.060695833333,7.614125,20.69625,-0.0230416666666667,-4.048875,2.0172,-13.079875,4.02625,-9.05470833333333,0.10975,0.457833333333333,127.45525,0.10975,122.13875,20.752,7.59041666666667,16.646875,-0.0326666666666667,-3.51077777777778,276,41.53915
2023-03-02 00:00:00,1172.5,12.6991666666667,-9.9995,81.3741666666667,1.08566666666667,271.1,1.06575,1.55725,697.611529166667,9.585,17.70175,-0.113208333333333,-9.97420833333333,Inf,-8.118375,9.86104166666667,1.74325,0.178458333333333,0.559291666666667,128.154833333333,0.178458333333333,77.7974583333333,43.908625,9.47154166666667,7.72629166666667,NaN,NaN,274,42.66865
2023-03-03 00:00:00,1196.5,12.7783333333333,-10.22575,85.7954166666667,1.033625,238.091666666667,1.01391666666667,1.6145,697.2567125,7.21529166666667,20.7250416666667,-0.0875416666666666,-4.74645833333333,Inf,-13.5086666666667,4.65895833333333,-8.84875,0.156875,0.583833333333333,87.9121666666666,0.156875,129.612083333333,48.9583333333333,7.128125,15.9775,NaN,NaN,273,44.07585
2023-03-04 00:00:00,1220.5,12.8620833333333,-9.18320833333333,72.0283333333333,1.003,199.0875,0.986083333333333,1.60258333333333,698.881104166667,11.2332083333333,26.065375,-0.322416666666667,-6.632875,Inf,-14.8309166666667,6.31016666666667,-8.52120833333333,0.191041666666667,0.610875,181.995416666667,0.191041666666667,143.205125,53.736375,10.9109166666667,19.4287916666667,0.014,-6.526,259,41.5069083333333
2023-03-05 00:00:00,1244.5,12.8220833333333,-8.44916666666666,84.8458333333333,1.00970833333333,231.479166666667,0.994125,1.58533333333333,697.852504166667,10.5328333333333,18.0149166666667,-0.1495,-3.19029166666667,1.2445,-7.480875,3.040875,-4.43970833333333,0.291666666666667,0.7665,152.744083333333,0.291666666666667,94.1184583333333,31.4584583333333,10.383375,14.8224583333333,NaN,NaN,268,42.4869333333333
2023-03-06 00:00:00,1268.5,12.7979166666667,-9.86075,84.1658333333333,0.956041666666667,233.804166666667,0.938583333333333,1.6351875,701.990016666667,35.7758333333333,21.9865,-12.5597083333333,-7.695875,Inf,13.7903333333333,-4.86366666666667,8.925375,0.1355,0.437458333333333,156.720791666667,0.1355,103.3875,26.2157916666667,23.2125833333333,14.2881666666667,NaN,NaN,259,42.35135625
2023-03-07 00:00:00,1292.5,12.9508333333333,-10.33,80.335,1.01166666666667,202.9375,0.992208333333333,1.59479166666667,703.504991666667,45.519625,23.580875,-27.1039583333333,-9.814625,0.443,21.9405416666667,-17.2902916666667,4.646875,0.16775,0.580625,153.4175,0.16775,119.95625,36.6117916666667,18.4142083333333,13.7667916666667,NaN,NaN,258,41.145625
2023-03-08 00:00:00,1316.5,13.1545833333333,-7.928,65.2308333333333,1.04545833333333,192.683333333333,1.03008333333333,1.56027430555556,703.228516666667,46.558375,30.9797916666667,-16.801125,-8.29720833333333,Inf,15.5789583333333,-8.50491666666667,7.07441666666667,0.242166666666667,0.776083333333333,144.981375,0.242166666666667,163.475833333333,54.1695833333333,29.7603333333333,22.6832083333333,-9.91675,-2.205,262,40.8791868055556
2023-03-09 00:00:00,1340.5,13.085,-8.749625,78.9979166666667,1.04745833333333,261.716666666667,1.03054166666667,1.55051388888889,705.374058333333,17.5766666666667,23.8947916666667,-0.939125,-6.705375,0.794941176470588,-6.32045833333333,5.76641666666667,-0.553833333333333,0.245666666666667,0.766916666666667,130.712333333333,0.245666666666667,71.9425,48.5904166666667,16.63725,17.1905,NaN,NaN,271,42.0189263888889
2023-03-10 00:00:00,1364.5,12.9241666666667,-2.95866666666667,75.4520833333333,1.047625,212.425,1.04191666666667,1.54760243055556,701.495079166667,23.8339166666667,22.4463333333333,-0.310541666666667,-4.83895833333333,Inf,1.38795833333333,4.5285,5.91654166666667,0.343875,0.954375,191.625083333333,0.343875,220.406958333333,46.0141666666667,23.5239583333333,17.612125,NaN,NaN,277,42.8685873263889
2023-03-11 00:00:00,1388.5,12.8720833333333,-6.295875,82.6066666666667,1.01341666666667,206.733333333333,1.00158333333333,1.57825520833333,699.697379166667,24.7032916666667,27.1200833333333,-0.315583333333333,-7.26866666666667,Inf,-2.418875,6.953375,4.53395833333333,0.235708333333333,0.757541666666667,151.205708333333,0.235708333333333,153.5185,59.8975,24.3852916666667,19.853875,NaN,NaN,276,43.55984375
2023-03-12 00:00:00,1412.5,13.14,-7.12079166666667,84.4983333333333,1.012375,227.483333333333,0.999041666666666,1.57912365591398,703.940241666667,19.1743333333333,25.3546666666667,-0.026875,-5.40279166666667,Inf,-6.180875,5.37625,-0.804958333333333,0.103041666666667,0.551708333333333,146.6175,0.103041666666667,85.169125,47.8541666666667,19.1495833333333,19.9524583333333,NaN,NaN,265,41.8467768817204
2023-03-13 00:00:00,1436.5,13.1320833333333,-5.126875,77.9029166666667,1.03616666666667,206.066666666667,1.026625,1.56116801075269,705.877279166667,50.6847083333333,37.278125,-12.656125,-7.44670833333333,NaN,13.4112916666667,-5.20933333333333,8.20154166666667,0.282375,0.853416666666667,127.893541666667,0.282375,105.553833333333,48.8283333333333,38.025375,29.8314583333333,NaN,NaN,271,42.3076530913979
2023-03-14 00:00:00,1460.5,13.0358333333333,-2.79720833333333,69.87625,1.05925,191.291666666667,1.05375,1.53625,705.421704166667,45.90075,25.785125,-26.4469166666667,-10.4703333333333,Inf,20.116875,-15.97675,4.142125,0.216416666666667,0.702291666666667,193.997916666667,0.216416666666667,276.76625,58.6279166666667,19.45725,15.3169583333333,NaN,NaN,270,41.47875
2023-03-15 00:00:00,1484.5,13.0545833333333,-0.630833333333333,82.4829166666667,1.06229166666667,198.954166666667,1.06104166666667,1.53,700.9747,36.2915416666667,25.455375,-3.76408333333333,-5.48425,471.254117647059,10.8424166666667,1.72025,12.5623333333333,0.23875,0.720958333333333,169.693,0.23875,225.17575,29.017875,32.5360416666667,19.9714583333333,NaN,NaN,266,40.698
2023-03-16 00:00:00,1508.5,13.0566666666667,-11.73225,85.0741666666667,1.03291666666667,233.120833333333,1.010375,1.57941666666667,702.884179166667,15.626625,30.91875,0.1455,-4.34158333333333,501.51725,-15.294,4.48729166666667,-10.8072083333333,0.01725,0.230458333333333,101.312916666667,0.01725,27.8529166666667,4.1495,15.7722916666667,26.5819583333333,0.201,-6.74,254,40.1171833333333
2023-03-17 00:00:00,1532.5,13.0325,-18.9633333333333,76.3258333333333,1.0475,225.883333333333,1.01004166666667,1.58,706.454004166667,28.3206666666667,29.2083333333333,-0.3495,-10.4071666666667,Inf,-0.883791666666666,10.0586666666667,9.17491666666667,0,0,147.162208333333,0,0,0,27.974125,18.7996666666667,-0.145,-5.7744,253,39.974
2023-03-18 00:00:00,1556.5,13.0658333333333,-16.39075,64.9595833333333,1.06154166666667,203.420833333333,1.02895833333333,1.561,709.618516666667,36.0945416666667,29.8819166666667,-18.085,-10.8682083333333,0.709727272727273,6.21291666666667,-7.21720833333333,-1.00641666666667,0.104833333333333,0.410208333333333,159.907333333333,0.104833333333333,75.4554166666667,18.2300416666667,18.0080416666667,19.0140416666667,-5.9825,-7.13858333333333,262,40.8982
2023-03-19 00:00:00,1580.5,13.0945833333333,-10.8614166666667,65.2129166666667,1.064875,189.116666666667,1.043375,1.546625,705.820491666667,58.2853333333333,33.0794166666667,-25.4770833333333,-11.6854166666667,Inf,25.2012083333333,-13.7920833333333,11.4119583333333,0.195083333333333,0.561458333333333,181.52125,0.195083333333333,153.267916666667,43.7860416666667,32.80375,21.3937083333333,-29.6171428571429,-7.92128571428571,267,41.2948875
2023-03-20 00:00:00,1604.5,12.9816666666667,-5.89691666666667,85.7454166666667,1.021125,216.629166666667,1.01008333333333,1.57185784313725,698.540395833333,21.0437083333333,22.1737916666667,-2.047,-4.57633333333333,1143.56928571429,-1.13116666666667,2.52983333333333,1.39770833333333,0.0777083333333333,0.339166666666667,89.799875,0.0777083333333333,97.3320833333333,18.0904583333333,18.99575,17.597375,NaN,NaN,271,42.5973475490196
2023-03-21 00:00:00,1628.5,12.8466666666667,-7.28175,88.03375,0.852791666666667,243.1625,0.841333333333333,1.73585049019608,698.561133333333,13.222625,33.3063333333333,-0.523541666666667,-5.89879166666667,573.433857142857,-20.087875,5.376125,-14.7111666666667,0.0953333333333333,0.409458333333333,159.928166666667,0.0953333333333333,47.0122916666667,24.7589166666667,12.6999583333333,27.41475,NaN,NaN,266,46.1736230392157
2023-03-22 00:00:00,1652.5,12.78625,-4.79475,94.05,0.734458333333333,240.9625,0.728041666666667,1.85883333333333,698.673416666667,5.10345833333333,18.0137916666667,-0.01775,-2.798125,-663.57475,-12.9105833333333,2.77979166666667,-10.130625,0.0635833333333333,0.23475,66.20975,0.0635833333333333,9.8375,12.4341666666667,5.085375,15.213375,NaN,NaN,262,48.7014333333334
2023-03-23 00:00:00,1676.5,12.8654166666667,-7.16358333333333,87.6870833333333,0.666,207.808333333333,0.657291666666667,1.93283333333333,702.499970833333,31.76775,37.841375,-1.972375,-5.90395833333333,1.42,-6.076375,3.93133333333333,-2.14454166666667,0.071125,0.330291666666667,121.512708333333,0.071125,20.0708333333333,12.8752083333333,29.7937083333333,31.9385,NaN,NaN,231,44.64845
2023-03-24 00:00:00,1700.5,13.0983333333333,-8.33983333333333,84.9525,0.703041666666667,210.520833333333,0.692208333333333,1.90875520833333,699.499554166667,36.1920416666667,47.9672083333333,-4.24520833333333,-6.76254166666666,1.20815384615385,-11.7764166666667,2.517125,-9.25925,0.190416666666667,0.62,103.947666666667,0.190416666666667,61.1620833333333,30.9707916666667,31.9442083333333,41.20175,NaN,NaN,236,45.0466229166667
2023-03-25 00:00:00,1724.5,13.1275,-15.04,82.0008333333333,0.665,207.5875,0.646416666666667,1.93997395833333,698.0197625,17.47525,46.1834583333333,-0.004,-7.31370833333333,3.02216666666667,-28.7063333333333,7.30954166666667,-21.3939166666667,0.382458333333333,0.899041666666667,163.784166666667,0.382458333333333,108.980041666667,47.8708333333333,17.4705,38.868,NaN,NaN,233,45.2013932291667
2023-03-26 00:00:00,1748.5,13.4504166666667,-14.7979166666667,77.1825,0.715416666666667,187.8625,0.695583333333333,1.89441666666667,700.438441666667,13.1866666666667,37.7259166666667,-0.154875,-7.581875,2.89218181818182,-24.53775,7.42754166666667,-17.1085833333333,0.0947083333333333,0.356541666666667,89.738,0.0947083333333333,70.8116666666667,22.8516666666667,13.0309583333333,30.1405833333333,-0.3465,-5.703,245,46.4132083333333
2023-03-27 00:00:00,1772.5,12.9729166666667,-15.3141666666667,79.7341666666667,0.744916666666667,213.520833333333,0.723708333333334,1.86629166666667,705.034629166667,9.62633333333333,35.7402083333333,-0.161041666666667,-5.96758333333333,-Inf,-26.11575,5.80620833333333,-20.3100416666667,0.141,0.486208333333333,85.3654166666667,0.141,25.87,23.9325,9.464375,29.7682083333333,NaN,NaN,256,47.7770666666667
2023-03-28 00:00:00,1796.5,13.0658333333333,-10.469625,70.0108333333333,0.752125,224.783333333333,0.737333333333333,1.8525,707.7763125,44.8145416666667,42.7204583333333,-15.82075,-12.0770416666667,Inf,2.09379166666666,-3.74375,-1.648625,0.167583333333333,0.567375,160.76625,0.167583333333333,158.669166666667,52.53375,28.9952083333333,30.6437916666667,-0.4095,-8.196,257,47.60925
2023-03-29 00:00:00,1820.5,13.3104166666667,-2.091,60.2025,0.767166666666666,224.520833333333,0.764125,1.82675,703.488291666667,58.5838333333333,38.9154166666667,-29.3433333333333,-14.3475,0.556733333333333,19.6610416666667,-14.9970833333333,4.66691666666667,0.26775,0.694083333333333,169.778625,0.26775,241.7375,47.9789166666667,29.2303333333333,24.56475,NaN,NaN,265,48.408875
2023-03-30 00:00:00,1844.5,13.26125,-3.24720833333333,70.4591666666667,0.767875,223.320833333333,0.763458333333333,1.80887971698113,696.487429166667,55.7131666666667,34.7217083333333,-19.6349166666667,-10.54475,0.722615384615384,20.9905416666667,-9.09025,11.897125,0.264666666666667,0.789958333333333,129.721666666667,0.264666666666667,165.177625,41.3584583333333,36.0784166666667,24.1738333333333,NaN,NaN,269,48.6588643867925
2023-03-31 00:00:00,1868.5,12.89375,-9.17141666666667,91.6291666666667,0.66125,275.2,0.65,1.83832075471698,698.861479166667,10.1532916666667,27.7835,0.0135416666666667,-2.77908333333333,2.66833333333333,-17.6290416666667,2.79279166666667,-14.836125,0.242666666666667,0.810291666666667,159.664375,0.242666666666667,237.793333333333,63.2204166666667,10.1668333333333,25.0052083333333,NaN,NaN,269,49.4508283018868
2023-04-01 00:00:00,1892.5,13.1566666666667,-4.99520833333333,84.245,0.638833333333333,239.970833333333,0.633166666666667,1.87834119496855,705.691854166667,72.4049583333333,51.1829166666667,-22.5329583333333,-9.14870833333333,1.10492307692308,21.2375416666667,-13.3857916666667,7.85483333333333,0.22225,0.731708333333333,209.414166666667,0.22225,254.958333333333,68.4095833333333,49.8886666666667,42.0350416666667,NaN,NaN,270,50.715212264151
2023-04-02 00:00:00,1916.5,13.2391666666667,-2.587875,71.0825,0.73025,196.975,0.726791666666667,1.86329166666667,701.1973875,29.8015,21.5971666666667,-14.0897083333333,-7.96,Inf,8.20216666666667,-6.12954166666667,2.07275,0.253791666666667,0.862375,184.525708333333,0.253791666666667,154.073166666667,69.2126666666667,15.709875,13.6376666666667,NaN,NaN,289,53.8491291666667
2023-04-03 00:00:00,1940.5,13.40875,0.370375,60.3070833333333,0.761583333333333,193.433333333333,0.762041666666667,1.82941666666667,693.642829166667,69.7305,43.5974583333333,-20.0036666666667,-11.8140416666667,-499.3943125,26.1290833333333,-8.19033333333333,17.9395833333333,0.4735,1.16654166666667,133.303791666667,0.4735,207.255916666667,57.5945833333333,49.7252083333333,31.7862916666667,NaN,NaN,294,53.78485
2023-04-04 00:00:00,1964.5,12.8708333333333,-11.6620416666667,86.6625,0.522541666666667,227.991666666667,0.511666666666667,2.07452083333333,690.841420833333,15.7160416666667,30.1752083333333,-0.0914583333333333,-3.15,-Inf,-14.4605,3.05858333333333,-11.4009583333333,0.116166666666667,0.441041666666667,54.60625,0.116166666666667,34.67,17.04125,15.626125,27.0264166666667,NaN,NaN,306,63.4803375
2023-04-05 00:00:00,1988.5,12.8075,-14.3783333333333,81.6866666666667,0.48425,245.8125,0.471333333333333,2.11475,701.7898,14.0384583333333,52.6084166666666,-0.03975,-8.22341666666667,Inf,-38.5671666666667,8.184,-30.3855416666667,0.174958333333333,0.520208333333333,94.5065,0.174958333333333,43.897625,22.1401666666667,13.9987083333333,44.38675,NaN,NaN,286,60.48185
2023-04-06 00:00:00,2012.5,13.0954166666667,-12.22425,78.8775,0.530083333333333,219.833333333333,0.518083333333333,2.0709375,708.995708333333,50.0405,52.989875,-19.3985,-10.355375,0.9954,-2.95695833333333,-9.04275,-11.9954166666667,0.267916666666667,0.715875,150.320833333333,0.267916666666667,116.825833333333,39.6019583333334,30.642375,42.63625,NaN,NaN,285,59.02171875
2023-04-07 00:00:00,2036.5,13.26,-6.19195833333333,72.1525,0.575666666666667,196.2,0.568916666666667,2.02108333333333,710.1552,65.9506666666667,47.7054166666667,-35.1804166666667,-14.5330416666667,0.734631578947368,18.2399166666667,-20.64375,-2.40258333333333,0.284791666666667,0.748541666666667,176.653333333333,0.284791666666667,203.366666666667,32.2264166666667,30.76875,33.16975,NaN,NaN,281,56.7924416666667
2023-04-08 00:00:00,2060.5,13.47875,-1.671625,70.6891666666667,0.605583333333333,190.341666666667,0.603791666666667,1.98620833333333,709.338108333333,53.9135416666667,37.249875,-18.81775,-10.7049583333333,0.8470625,16.6582916666667,-8.11220833333333,8.546375,0.244416666666667,0.746,148.021333333333,0.244416666666667,124.50625,42.424125,35.0864166666667,26.5471666666667,NaN,NaN,300,59.58625
2023-04-09 00:00:00,2084.5,13.3895833333333,-1.16183333333333,69.8070833333333,0.630791666666667,186.754166666667,0.6295,1.9605,713.9355625,79.5051666666667,51.251875,-29.4189583333333,-13.9160833333333,Inf,28.2398333333333,-15.50275,12.7350833333333,0.3035,0.844333333333333,103.506791666667,0.3035,90.4989166666667,59.7854166666667,50.076875,37.3321666666667,NaN,NaN,301,59.01105
2023-04-10 00:00:00,2108.5,13.28,0.784125,66.6916666666667,0.674,183.958333333333,0.674958333333333,1.91504166666667,717.079083333333,74.5382083333333,41.494,-34.0541666666667,-16.531625,Inf,33.06075,-17.522125,15.5375833333333,0.311375,0.66775,170.06375,0.311375,171.3875,32.4683333333333,40.495375,24.9626666666667,NaN,NaN,316,60.5153166666666
2023-04-11 00:00:00,2132.5,13.2429166666667,2.92591666666667,59.53875,0.721833333333333,187.791666666667,0.72575,1.86425,713.505166666667,78.2328333333333,41.9255833333333,-36.0891666666667,-18.9605416666667,0.4972,36.298375,-17.1296666666667,19.1669166666667,0.453333333333333,0.792958333333333,160.430666666667,0.453333333333333,184.520833333333,33.3227083333333,42.1347083333333,22.9655833333333,-37.34,-31.44,331,61.706675
2023-04-12 00:00:00,2156.5,13.27875,3.722,62.4041666666667,0.766458333333333,192.841666666667,0.771666666666667,1.81845833333333,707.10435,78.5450833333333,42.70075,-31.47625,-18.5352916666667,Inf,35.8253333333333,-12.940375,22.8877916666667,0.452,0.878916666666666,197.907083333333,0.452,196.341666666667,47.3534583333333,47.0519166666667,24.1637083333333,-28.5033333333333,-24.605,354,64.373425
2023-04-13 00:00:00,2180.5,13.4191666666667,3.10766666666667,61.2570833333333,0.814541666666667,188.995833333333,0.819041666666667,1.77292447916667,699.4201875,80.3730416666667,45.5475833333333,-28.22875,-16.03675,Inf,34.8242083333333,-12.1938333333333,22.6345416666667,0.313958333333333,0.9235,145.144833333333,0.313958333333333,186.277666666667,66.815,52.1422916666667,29.5095,-23.2755833333333,-7.52041666666667,365,64.7117434895833
2023-04-14 00:00:00,2204.5,13.2908333333333,-3.486,89.7516666666667,0.688333333333333,230.720833333333,0.684208333333333,1.94309635416667,698.994175,26.569375,31.624,-2.98170833333333,-4.04754166666667,NaN,-5.05683333333333,1.06579166666667,-3.99070833333333,0.127791666666667,0.509083333333333,58.2047916666667,0.127791666666667,55.2704166666667,23.6117083333333,23.5893333333333,27.5803333333333,-3.31938095238095,-4.14847619047619,355,68.9799205729167
2023-04-15 00:00:00,2228.5,13.1554166666667,-8.44204166666667,86.5191666666667,0.564583333333333,219.916666666667,0.555791666666667,2.03104166666667,707.4192125,18.167375,45.06375,0.0425833333333333,-6.59958333333333,1.95286666666658,-26.8974583333333,6.64229166666666,-20.254625,0.418125,0.971708333333333,62.2016666666667,0.418125,62.0804583333333,31.9725,18.210875,38.45825,0.1528,-6.75293333333333,319,64.7902291666667
2023-04-16 00:00:00,2252.5,13.2745833333333,-3.96358333333333,71.30875,0.633958333333333,192.529166666667,0.629375,1.960625,711.440866666666,74.0274583333333,54.4153333333333,-20.1843333333333,-12.6585,0.640238095238095,19.6306666666667,-7.52595833333333,12.10525,0.287708333333333,0.777125,143.185,0.287708333333333,156.687916666667,55.7161666666667,53.8665,41.7552083333333,-9.27871428571429,-10.2842857142857,324,63.52425
2023-04-17 00:00:00,2276.5,13.3595833333333,0.474958333333333,59.0879166666667,0.712541666666667,195.058333333333,0.713291666666667,1.87670833333333,706.069516666667,88.6235833333333,50.66975,-38.2320833333333,-18.174,0.602055555555556,37.9327083333333,-20.0604583333333,17.8754583333333,0.318666666666667,0.763208333333333,158.284166666667,0.318666666666667,150.91975,46.66675,50.381375,32.4943333333333,-32.5577777777778,-11.4877777777778,339,63.6204125
2023-04-18 00:00:00,2300.5,13.4095833333333,1.447875,59.2475,0.768291666666667,194.0875,0.77025,1.82,699.234183333333,98.0945416666667,52.2177083333333,-31.74375,-16.63275,Inf,45.8997083333333,-15.1117083333333,30.786875,0.365125,0.952708333333333,178.7025,0.365125,177.143958333333,52.3440833333333,66.3554583333333,35.5844583333333,-30.7733333333333,-10.5683333333333,356,64.792
2023-04-19 00:00:00,2324.5,13.1529166666667,-6.58783333333333,86.96375,0.737875,221.441666666667,0.728958333333333,1.85808333333333,700.134129166667,20.5374166666667,37.1950416666667,-0.354916666666667,-3.900375,Inf,-16.6534166666667,3.54525,-13.108125,0.183875,0.638833333333333,78.8859166666667,0.183875,27.2985833333333,26.0042083333333,20.1855416666667,33.292125,0.0448333333333333,-0.453666666666667,361,67.0768083333333
2023-04-20 00:00:00,2348.5,13.1208333333333,-10.78,77.5933333333333,0.72425,196.229166666667,0.709833333333333,1.88025,705.72505,27.7997083333333,50.8219583333333,0.109958333333333,-7.41204166666666,1.0834,-23.0221666666667,7.52166666666667,-15.4992916666667,0.280041666666667,0.81725,82.4,0.280041666666667,126.672416666667,47.8045833333333,27.9082916666667,43.4095,0.0639,-6.8217,357,67.124925
2023-04-21 00:00:00,2372.5,12.8891666666667,-9.20033333333333,85.3858333333333,0.717291666666667,192.516666666667,0.704875,1.884203125,706.674070833333,12.82275,26.5293333333333,-0.00475,-4.7645,1.40578947368421,-13.704625,4.75929166666667,-8.94504166666667,0.283208333333333,0.903875,169.713916666667,0.283208333333333,170.208625,46.9529166666667,12.8184166666667,21.7609583333333,0.056,-6.12483333333333,359,67.6428921875
2023-04-22 00:00:00,2396.5,13.2025,-7.32020833333333,82.6404166666667,0.666291666666667,225.8625,0.657333333333333,1.92769270833333,706.313883333333,56.9374166666667,67.188625,-2.91641666666667,-7.04641666666667,Inf,-10.2514166666667,4.13016666666667,-6.12175,0.118833333333333,0.449,86.0291666666667,0.118833333333333,53.5604166666667,18.1536666666667,54.0187083333333,60.1409166666667,0.0639,-1.8576,369,71.1318609375
2023-04-23 00:00:00,2420.5,13.4691666666667,-5.27041666666667,72.8570833333333,0.705333333333333,194.254166666667,0.698458333333333,1.89145833333333,705.4471875,96.7223333333333,62.3052083333334,-19.3799583333333,-8.89041666666667,Inf,34.4112083333333,-10.4901666666667,23.9246666666667,0.164958333333333,0.624625,141.265625,0.164958333333333,101.749583333333,31.8416666666667,77.3324166666667,53.4089583333333,-0.008,-1.225,362,68.4707916666667
2023-04-24 00:00:00,2444.5,13.5258333333333,-1.23816666666667,70.17625,0.732375,188.633333333333,0.73075,1.85983333333333,703.909770833333,86.9402083333333,53.6248333333333,-29.146,-12.3604166666667,Inf,33.309625,-16.7854166666667,16.5225,0.185208333333333,0.62125,141.523708333333,0.185208333333333,109.3625,35.406375,57.7855833333333,41.2635,-27.98125,-8.23875,375,69.74375
2023-04-25 00:00:00,2468.5,13.3670833333333,-1.64216666666667,84.6358333333333,0.699166666666667,217.325,0.697041666666667,1.8925,703.2248625,41.55725,39.9042083333333,-5.37583333333333,-4.51245833333333,1.036,1.65008333333333,-0.863291666666667,0.78675,0.222083333333333,0.760375,63.1305416666667,0.222083333333333,42.3937916666667,23.810625,36.1802083333333,35.3906666666667,NaN,NaN,405,76.64625
2023-04-26 00:00:00,2492.5,13.4445833333333,-0.864791666666667,83.1216666666667,0.662458333333333,194.65,0.6615,1.928125,708.727583333333,73.6183333333333,54.0485,-18.7752916666667,-8.55891666666667,Inf,19.5699583333333,-10.2172083333333,9.35575,0.165666666666667,0.693208333333333,87.120125,0.165666666666667,89.9608333333334,29.2465,54.84575,45.4882083333333,-0.134,-9.045,395,76.1609375
2023-04-27 00:00:00,2516.5,13.4633333333333,-0.486708333333333,75.3341666666667,0.697166666666667,192.525,0.696625,1.897625,706.108641666667,75.2589583333334,46.0119583333333,-21.1300416666667,-10.7665416666667,-665.934083333333,29.2478333333333,-10.3625,18.879875,0.405333333333333,1.06416666666667,125.509583333333,0.405333333333333,105.38625,56.4363333333333,54.1295833333333,35.248375,NaN,NaN,404,76.66405
2023-04-28 00:00:00,2540.5,13.365,-4.4365,82.13625,0.63375,205.466666666667,0.628625,1.945,711.2345875,66.5969583333333,68.972625,-18.5062916666667,-8.47045833333333,1.50385714285714,-2.37141666666666,-10.0357083333333,-12.415125,0.250166666666667,0.843833333333333,126.098333333333,0.250166666666667,120.28625,44.1754583333333,48.0877916666667,60.498625,NaN,NaN,395,76.8275
2023-04-29 00:00:00,2564.5,13.4141666666667,1.14475,67.98875,0.696125,184.825,0.697666666666667,1.89216666666667,712.984745833333,98.5392083333333,57.2645833333333,-34.0670833333333,-16.5757083333333,0.547933333333333,41.2756666666667,-17.492625,23.785875,0.282,0.839416666666667,164.459583333333,0.282,164.579166666667,46.1636666666667,64.4674166666667,40.689375,NaN,NaN,416,78.7141333333334
2023-04-30 00:00:00,2588.5,13.44375,2.13666666666667,61.8308333333333,0.734375,188.345833333333,0.737291666666667,1.852875,710.001325,88.426375,48.0454166666666,-34.01375,-17.064875,Inf,40.3800833333333,-16.9482916666667,23.4285833333333,0.286166666666667,0.913458333333333,181.513333333333,0.286166666666667,165.1125,32.6804166666667,54.411875,30.9813333333333,NaN,NaN,431,79.8589125
2023-05-01 00:00:00,2612.5,13.4004166666667,2.658375,65.6829166666667,0.761375,191.058333333333,0.764875,1.825125,708.000825,86.1685833333334,44.881125,-29.0133333333333,-18.2695416666667,0.0125,41.2862916666667,-10.7434583333333,30.546375,0.349041666666667,0.87875,167.334833333333,0.349041666666667,175.41625,26.45525,57.150125,26.6079583333333,NaN,NaN,441,80.4880125
2023-05-02 00:00:00,2636.5,13.4708333333333,1.71004166666667,77.7408333333333,0.793625,190.05,0.796166666666667,1.79383333333333,708.926683333333,54.9055,31.190625,-17.1933333333333,-12.1292083333333,Inf,23.7152083333333,-5.06425,18.6519583333333,0.316541666666667,0.692375,174.88125,0.316541666666667,185.91,19.0274166666667,37.7125416666667,19.0624166666667,NaN,NaN,451,80.9018833333333
2023-05-03 00:00:00,2660.5,13.48375,2.93554166666667,66.9966666666667,0.823166666666667,188.083333333333,0.8275,1.7625,709.345425,113.626916666667,53.3906666666667,-27.9391666666667,-17.4359583333333,0.136636363636364,60.235125,-10.5037083333333,49.7313333333333,0.279541666666667,0.716333333333333,185.340416666667,0.279541666666667,176.695833333333,29.4109166666667,85.68525,35.9537916666667,NaN,NaN,445,78.43125
2023-05-04 00:00:00,2684.5,13.46875,0.825666666666667,85.515,0.848125,197.458333333333,0.849333333333333,1.74058333333333,706.370616666667,60.3772916666667,33.0510833333333,-15.6853333333333,-7.97954166666667,Inf,27.3245833333333,-7.70441666666667,19.6178333333333,0.126541666666667,0.533291666666667,186.319166666667,0.126541666666667,163.529166666667,19.2727916666667,44.6876666666667,25.0684166666667,NaN,NaN,447,77.804075
2023-05-05 00:00:00,2708.5,13.4883333333333,1.69191666666667,68.13,0.868708333333333,193.275,0.871375,1.71904166666667,705.5867,97.5736666666667,48.308,-25.84375,-14.047875,Inf,49.2567916666667,-11.7955416666667,37.4623333333333,0.223291666666667,0.653666666666667,164.669541666667,0.223291666666667,193.051041666667,39.224125,71.7205416666666,34.2597083333333,NaN,NaN,450,77.356875
2023-05-06 00:00:00,2732.5,13.5291666666667,0.940333333333334,67.7795833333333,0.886083333333333,195.345833333333,0.8875,1.69891666666667,706.426554166667,87.6755,53.7152916666667,-21.5315416666667,-10.4049583333333,Inf,33.972875,-11.1265833333333,22.841,0.233958333333333,0.6565,154.761958333333,0.233958333333333,175.478125,42.8075833333333,66.148125,43.308875,NaN,NaN,441,74.922225
2023-05-07 00:00:00,2756.5,13.5791666666667,0.741083333333333,82.83875,0.895875,199.029166666667,0.897166666666667,1.6940078125,708.293525,88.246875,52.90475,-11.1656666666667,-7.33504166666667,Inf,35.341625,-3.830125,31.5131666666667,0.144875,0.536666666666667,131.644666666667,0.144875,169.930875,33.611625,77.0830833333333,45.5705833333334,NaN,NaN,448,75.89155
2023-05-08 00:00:00,2780.5,13.45375,1.643875,75.8795833333333,0.888708333333334,219.95,0.891458333333333,1.6969296875,709.392625,73.866125,46.1730833333333,-12.982125,-11.9102916666667,Inf,27.696375,-1.071125,26.6223333333333,0.188375,0.5375,164.642083333333,0.188375,167.301666666667,33.6742916666667,60.8809166666667,34.263125,NaN,NaN,445,75.51337109375
2023-05-09 00:00:00,2804.5,13.4079166666667,3.370375,60.2225,0.921583333333333,202.15,0.927208333333334,1.66316666666667,709.2185625,101.174125,47.1920833333333,-32.1191666666667,-18.1710833333333,0.273739130434783,53.99,-13.946625,40.0399583333333,0.366041666666667,0.768,155.988333333333,0.366041666666667,169.108333333333,31.802125,69.064,29.0185833333333,NaN,NaN,436,72.5140666666667
2023-05-10 00:00:00,2828.5,13.45,2.64570833333333,78.7241666666666,0.955666666666667,182.945833333333,0.960291666666667,1.63008333333333,707.444970833333,103.708916666667,47.6432083333333,-22.8065833333333,-15.3460833333333,Inf,56.0689166666667,-7.460875,48.6097916666667,0.30625,0.789583333333333,203.08,0.30625,199.748333333333,30.9429166666667,80.9072083333333,32.3015416666667,NaN,NaN,446,72.7017166666667
2023-05-11 00:00:00,2852.5,13.4704166666667,1.19075,97.3,0.975708333333333,192,0.977875,1.612,705.507475,31.3894166666667,17.2473333333333,-0.742458333333333,-4.58129166666667,-532.726866666667,14.1460833333333,3.838375,17.98225,0.113958333333333,0.467583333333333,75.5237916666667,0.113958333333333,35.7066666666667,12.5184583333333,30.6513333333333,12.6672083333333,NaN,NaN,448,72.2176
2023-05-12 00:00:00,2876.5,13.5641666666667,0.618458333333333,97.8333333333334,0.980875,209.508333333333,0.981958333333333,1.60354166666667,710.883933333333,45.7821666666667,36.3385416666667,-0.7615,-3.779,-532.2878,9.44945833333333,3.01766666666667,12.4667916666667,0.1205,0.45425,52.7435833333333,0.1205,27.565,13.179875,45.0246666666667,32.5624583333333,NaN,NaN,450,72.159375
2023-05-13 00:00:00,2900.5,13.58125,1.88083333333333,91.8483333333334,0.989958333333333,186.7875,0.993375,1.5838125,714.8896875,80.9467916666667,42.2374583333333,-6.91858333333333,-9.43320833333333,0.51675,38.7162083333333,2.51495833333333,41.2300833333333,0.21475,0.767166666666667,66.0150416666667,0.21475,43.10125,21.245375,74.0251666666667,32.8015,NaN,NaN,431,68.26231875
2023-05-14 00:00:00,2924.5,13.5266666666667,3.12466666666667,89.1004166666667,1.03645833333333,186.6375,1.042375,1.547625,718.388954166667,62.2363333333333,29.4677083333333,-5.05670833333333,-12.6263333333333,0.423666666666667,32.767375,7.56995833333333,40.3325833333333,0.161875,0.612708333333333,90.6467083333333,0.161875,48.6725,26.7214583333333,57.1775,16.8371666666667,NaN,NaN,440,68.0955
2023-05-15 00:00:00,2948.5,13.4258333333333,2.59420833333333,89.6570833333333,1.06883333333333,200.458333333333,1.07379166666667,1.51734895833333,718.957495833333,81.9556666666667,36.3097083333333,-9.347125,-11.6407083333333,Inf,45.6412916666667,2.293875,47.9361666666667,0.237208333333333,0.649041666666667,174.9125,0.237208333333333,162.08875,18.1656666666667,72.6037083333333,24.6700833333333,NaN,NaN,443,67.2185588541667
2023-05-16 00:00:00,2972.5,13.46875,2.727125,86.68375,1.10304166666667,208.1375,1.10845833333333,1.481484375,715.774658333333,80.80375,36.3725833333333,-10.5597083333333,-10.8781666666667,Inf,44.4321666666667,0.319000000000001,44.7530416666667,0.294291666666667,0.71575,185.4375,0.294291666666667,175.5375,23.45925,70.2408333333334,25.495375,NaN,NaN,453,67.1112421875
2023-05-17 00:00:00,2996.5,13.4954166666667,3.62045833333333,75.1575,1.1435,197.920833333333,1.15079166666667,1.43975,712.2811625,96.870375,37.7513333333333,-14.55025,-16.738125,Inf,59.1250833333333,2.18775,61.30975,0.343041666666667,0.825416666666667,192.825,0.343041666666667,183.5125,23.4904166666667,82.3175,21.01275,NaN,NaN,449,64.644775
2023-05-18 00:00:00,3020.5,13.4820833333333,2.98883333333333,85.7325,1.17454166666667,205.058333333333,1.181,1.409375,711.350154166667,81.8465416666667,32.8445833333333,-5.94270833333333,-12.7291666666667,-420.819105263158,49.0011666666667,6.785875,55.7885416666667,0.196625,0.5605,149.970416666667,0.196625,136.005,19.8724583333333,75.9049583333333,20.1185416666667,NaN,NaN,448,63.14
2023-05-19 00:00:00,3044.5,13.5066666666667,2.60641666666667,89.7975,1.20808333333333,199.108333333333,1.21370833333333,1.3785,715.313266666667,71.6022916666667,30.8244166666667,-8.01720833333333,-11.5717916666667,Inf,40.7782083333333,3.55566666666667,44.329625,0.183291666666667,0.51225,117.289916666667,0.183291666666667,72.1254166666667,15.9715,63.5849166666667,19.2555833333333,NaN,NaN,449,61.89465
2023-05-20 00:00:00,3068.5,13.57,2.88229166666667,83.6866666666667,1.233875,191.591666666667,1.24029166666667,1.35029166666667,715.861341666667,72.4718333333333,31.5352083333333,-15.7672916666667,-12.2103333333333,Inf,40.9316666666667,-3.55854166666667,37.3725416666667,0.29,0.733333333333333,187.608333333333,0.29,184.404166666667,17.8155,56.705875,19.326125,NaN,NaN,448,60.4930666666666
2023-05-21 00:00:00,3092.5,13.4725,3.42266666666667,73.1491666666667,1.25766666666667,193.666666666667,1.2655,1.32504166666667,714.631066666666,93.4853333333333,37.9772916666667,-23.7804166666667,-17.2472916666667,Inf,55.5073333333333,-6.53504166666667,48.9728333333333,0.249666666666667,0.691083333333333,180.612416666667,0.249666666666667,142.854583333333,27.9265416666667,69.7045,20.729875,NaN,NaN,443,58.6993458333333
2023-05-22 00:00:00,3116.5,13.47875,3.72358333333333,72.63375,1.28870833333333,219.616666666667,1.2975,1.29333333333333,712.143075,107.165208333333,41.3229166666667,-26.56075,-18.29975,-0.20835,65.8444583333333,-8.26166666666666,57.5840416666667,0.393,0.806208333333333,182.695833333333,0.393,181.933333333333,19.7767916666667,80.6137916666667,23.0235833333333,NaN,NaN,459,59.364
2023-05-23 00:00:00,3140.5,13.49875,3.34679166666667,84.7533333333333,1.31645833333333,219.970833333333,1.3245,1.26620833333333,712.246379166667,83.6190833333333,31.620125,-21.592625,-14.1503333333333,-0.254818181818182,51.9995416666667,-7.44091666666667,44.5606666666667,0.322625,0.691583333333333,192.820833333333,0.322625,155.433333333333,12.3115416666667,62.0210833333333,17.464,NaN,NaN,455,57.6124791666667
2023-05-24 00:00:00,3164.5,13.4916666666667,2.55966666666667,90.9358333333333,1.34208333333333,203.325,1.34829166666667,1.24208333333333,711.8582,66.7241666666667,25.7075416666667,-11.9067083333333,-10.6109583333333,-0.0222000000000001,41.0152916666667,-1.29625,39.7194166666667,0.269458333333333,0.623791666666667,183.785416666667,0.269458333333333,175.404583333333,17.2827083333333,54.812125,15.0968333333333,NaN,NaN,463,57.5084583333333
2023-05-25 00:00:00,3188.5,13.47,3.41291666666667,86.3770833333333,1.36191666666667,192.85,1.37029166666667,1.22004166666667,710.448791666667,88.569625,30.4112916666667,-10.3639583333333,-13.1014583333333,Inf,58.158,2.73708333333333,60.898375,0.399625,0.793875,180.255833333333,0.399625,160.541666666667,14.5808333333333,78.2085416666667,17.3090833333333,NaN,NaN,458,55.8779083333334
2023-05-26 00:00:00,3212.5,13.45375,2.94725,80.8083333333333,1.38183333333333,198.7625,1.389375,1.20058333333333,710.4615,84.8520833333333,26.0138333333333,-14.9207916666667,-12.630375,0.07705,58.8343333333333,-2.29204166666667,56.5434166666667,0.366333333333333,0.711458333333333,201.1,0.366333333333333,173.904166666667,17.2192083333333,69.929125,13.3878333333333,NaN,NaN,457,54.8666583333333
2023-05-27 00:00:00,3236.5,13.4766666666667,3.90529166666667,72.9845833333333,1.39758333333333,204.033333333333,1.40745833333333,1.18258333333333,709.643175,96.6019583333334,31.5185,-21.6590416666667,-16.9024583333333,Inf,65.0808333333333,-4.75679166666667,60.3262916666667,0.37925,0.835666666666667,186.587083333333,0.37925,189.2125,23.6145833333333,74.9385416666667,14.6191666666667,NaN,NaN,453,53.571025
2023-05-28 00:00:00,3260.5,13.4416666666667,3.40929166666667,74.03375,1.42620833333333,198.55,1.43504166666667,1.15495833333333,710.492204166667,89.0088333333333,31.561375,-26.5567916666667,-14.5597083333333,-0.0681818181818182,57.4530416666667,-11.9985,45.4532083333333,0.304625,0.803958333333333,184.4625,0.304625,182.425,29.3920416666667,62.45375,16.9986666666667,NaN,NaN,456,52.6661
2023-05-29 00:00:00,3284.5,13.40125,3.80016666666667,72.0054166666667,1.46091666666667,202.566666666667,1.47091666666667,1.12019791666667,711.23275,109.149625,37.066125,-27.1804166666667,-17.4389583333333,-0.203681818181818,72.11325,-9.73995833333333,62.3722916666667,0.428,0.836375,188.795833333333,0.428,187.566666666667,23.126,81.9895416666667,19.621875,NaN,NaN,455,50.9690052083333
2023-05-30 00:00:00,3308.5,13.4308333333333,3.87683333333333,68.4270833333333,1.489375,219.05,1.499875,1.08623958333333,710.962191666667,67.1655416666667,23.2117083333333,-27.1895833333333,-16.11025,-0.082,43.9505833333333,-11.07925,32.8725,0.406625,0.861833333333333,191.353333333333,0.406625,186.191666666667,18.2514583333333,39.975,7.10370833333333,NaN,NaN,461,50.0756447916667
2023-05-31 00:00:00,3332.5,13.49,4.27504166666667,71.8275,1.516625,185.0875,1.52833333333333,1.061625,709.250929166667,102.493916666667,32.7684583333333,-23.1256666666667,-19.0060833333333,Inf,69.7225,-4.12004166666667,65.6014166666667,0.345208333333333,0.774666666666667,198.408333333333,0.345208333333333,181.054166666667,27.0936666666667,79.3635,13.7620833333333,NaN,NaN,453,48.0916125
2023-06-01 00:00:00,3356.5,13.6391666666667,2.49791666666667,91.8075,1.551,187.4625,1.55804166666667,1.03225,707.3875,69.9497083333333,24.8575416666667,-6.87466666666667,-10.126,Inf,45.0942083333333,3.25108333333333,48.3475833333333,0.1685,0.527041666666667,178.320833333333,0.1685,159.5975,20.7040416666667,63.075625,14.7305416666667,NaN,NaN,445,45.935125
2023-06-02 00:00:00,3380.5,13.5604166666667,2.13516666666667,97.2291666666666,1.581,196.970833333333,1.58720833333333,1.00279166666667,708.568416666667,75.199375,26.80575,-3.26716666666667,-9.10054166666667,0.1355625,48.395375,5.83333333333333,54.2245416666667,0.054625,0.271541666666667,158.166541666667,0.054625,104.100833333333,25.7684583333333,71.93075,17.7049166666667,NaN,NaN,443,44.4236708333333
2023-06-03 00:00:00,3404.5,13.58125,2.52166666666667,95.7791666666667,1.606,196.558333333333,1.61325,0.976,711.416075,55.2195416666667,19.4174166666667,-4.96570833333333,-9.16345833333333,Inf,35.7996666666667,4.19854166666667,39.9935,0.122041666666667,0.431291666666667,173.664583333333,0.122041666666667,151.3,7.68220833333334,50.2515416666667,10.2538333333333,NaN,NaN,452,44.1152
2023-06-04 00:00:00,3428.5,13.5041666666667,2.715875,98.6458333333334,1.629875,203.529166666667,1.637875,0.953333333333333,713.7178625,42.4735833333333,14.7061666666667,-3.62158333333333,-10.1047916666667,0.203411764705882,27.7647083333333,6.48391666666667,34.2494583333333,0.0502916666666667,0.190041666666667,161.065,0.0502916666666667,66.12375,1.80666666666667,38.85175,4.60116666666667,NaN,NaN,454,43.2813333333333
2023-06-05 00:00:00,3452.5,13.47,3.76316666666667,92.16375,1.64825,203.670833333333,1.65945833333333,0.930791666666667,714.020391666667,82.6190833333333,25.4315416666667,-14.7054166666667,-12.9176666666667,363.461227272727,57.1865833333333,-1.78833333333333,55.4030416666667,0.178625,0.629083333333333,153.7475,0.178625,142.584166666667,19.543,67.9167083333333,12.5120833333333,NaN,NaN,464,43.1887333333334
2023-06-06 00:00:00,3476.5,13.35125,4.57370833333333,84.4554166666667,1.677125,194.508333333333,1.69104166666667,0.899791666666667,712.8480125,99.7181666666666,31.1622083333333,-22.2390416666667,-17.3710416666667,-0.0833809523809524,68.558625,-4.86741666666666,63.6982916666667,0.319083333333333,0.77475,164.462083333333,0.319083333333333,170.585,17.8974166666667,77.4795,13.793,NaN,NaN,456,41.0305
2023-06-07 00:00:00,3500.5,13.3675,4.36625,87.2645833333333,1.70829166666667,208.275,1.72183333333333,0.86825,711.652225,72.3433333333333,20.4939166666667,-12.9336666666667,-15.5405416666667,-380.997,51.8475,2.60608333333333,54.4549583333333,0.205416666666667,0.592125,169.314583333333,0.205416666666667,185.28125,21.063,59.4094166666667,4.95325,NaN,NaN,450,39.07125
2023-06-08 00:00:00,3524.5,13.5208333333333,4.86058333333333,90.4604166666667,1.740625,202.416666666667,1.75604166666667,0.833583333333333,712.085375,94.428375,29.9882083333333,-12.6879166666667,-16.2459583333333,-841.866210526316,64.4301666666667,3.55783333333333,67.98775,0.186416666666667,0.565916666666667,172.382083333333,0.186416666666667,150.81,18.75275,81.7401666666667,13.7434166666667,NaN,NaN,452,37.6779666666666
2023-06-09 00:00:00,3548.5,13.42875,5.959,73.875,1.778625,198.991666666667,1.79783333333333,0.792541666666667,712.440616666667,95.0567083333333,27.66075,-15.7197083333333,-21.8636666666667,0.26925,67.4172083333333,6.14279166666667,73.5629583333333,0.309916666666667,0.722291666666667,174.704166666667,0.309916666666667,191.655416666667,24.8372916666667,79.3439583333333,5.79120833333333,NaN,NaN,455,36.0606458333333
2023-06-10 00:00:00,3572.5,13.4729166666667,5.17958333333333,74.13875,1.820375,227.341666666667,1.837375,0.752489583333333,711.244741666667,94.340875,24.1267916666667,-27.49625,-19.2203333333333,Inf,70.20925,-8.275875,61.938625,0.287208333333333,0.729083333333333,168.04325,0.287208333333333,164.61375,26.4435,66.8409166666667,4.904375,NaN,NaN,450,33.86203125
2023-06-11 00:00:00,3596.5,13.4195833333333,4.95104166666667,82.1145833333334,1.85416666666667,261.175,1.870875,0.706552083333333,711.37225,94.093375,26.9672083333333,-21.4280833333333,-18.538,0.1255625,67.1358333333333,-2.88945833333334,64.2498333333333,0.235541666666667,0.744375,138.844291666667,0.235541666666667,98.2249583333333,24.042875,72.6787083333333,8.43204166666667,NaN,NaN,450,31.79484375
2023-06-12 00:00:00,3620.5,13.3908333333333,2.94275,95.6466666666667,1.89595833333333,196.908333333333,1.90620833333333,0.683458333333333,710.243195833333,48.4540833333333,13.7243333333333,-7.33095833333334,-8.40470833333333,0.254842105263158,34.7266666666667,1.07304166666667,35.80025,0.0609166666666667,0.371541666666667,116.478333333333,0.0609166666666667,89.1029166666667,17.1664166666667,41.1192916666667,5.319,NaN,NaN,450,30.755625
2023-06-13 00:00:00,3644.5,13.4458333333333,2.43216666666667,98.0666666666667,1.91770833333333,206.495833333333,1.92629166666667,0.664680555555556,709.874825,37.511,11.5112916666667,-8.30879166666667,-7.42116666666667,-444.186166666667,26.0040833333333,-0.887291666666667,25.1139583333333,0.0445,0.314833333333333,107.721916666667,0.0445,82.84,6.25679166666667,29.2039166666667,4.08933333333333,NaN,NaN,450,29.910625
2023-06-14 00:00:00,3668.5,13.40125,5.03470833333333,87.5658333333333,1.93683333333333,226.7875,1.9545,0.626486111111111,708.9157625,106.317666666667,27.6112083333333,-14.1657083333333,-15.47625,-0.0803888888888889,78.69675,1.31166666666667,80.011625,0.129291666666667,0.534208333333333,129.509166666667,0.129291666666667,120.964291666667,47.5913333333333,92.1537083333333,12.1409166666667,NaN,NaN,450,28.191875
2023-06-15 00:00:00,3692.5,13.4233333333333,5.02125,91.62125,1.98583333333333,213.908333333333,2.00404166666667,0.58585119047619,708.6755375,74.9522916666667,20.7565833333333,-5.43954166666667,-16.3045416666667,-Inf,54.19725,10.865,65.0600833333333,0.0834166666666667,0.478583333333333,108.605458333333,0.0834166666666667,73.191625,32.330375,69.5074583333333,4.45054166666667,NaN,NaN,450,26.3633035714286
2023-06-16 00:00:00,3716.5,13.5020833333333,4.6395,86.0820833333333,2.02775,243.65,2.04483333333333,0.53564880952381,712.151629166667,97.1459583333333,25.3714166666667,-14.5742083333333,-15.1251666666667,0.195375,71.7762083333333,0.550291666666667,72.331125,0.071875,0.4485,109.708958333333,0.071875,64.14,23.71525,82.5750416666667,10.243375,NaN,NaN,450,24.1041964285714
2023-06-17 00:00:00,3740.5,13.5279166666667,4.64445833333333,79.4658333333333,2.07008333333333,205.625,2.087625,0.503458333333333,711.3517375,86.7398333333333,23.7720416666667,-16.3601666666667,-15.2302083333333,-470.313294117647,62.9779166666667,-1.12966666666667,61.8384583333333,0.1595,0.654291666666667,136.594916666667,0.1595,97.25,30.4850416666667,70.3857916666667,8.54104166666667,NaN,NaN,450,22.655625
2023-06-18 00:00:00,3764.5,13.31875,7.26429166666667,71.7583333333333,2.09279166666667,217.45,2.12041666666667,0.468958333333333,709.013775,58.5093333333333,13.4123333333333,-23.0820833333333,-22.5267916666667,Inf,45.1005,-0.556125,44.5473333333333,0.210083333333333,0.702166666666667,169.894833333333,0.210083333333333,153.1,46.4892916666667,35.430125,-9.11420833333333,NaN,NaN,450,21.103125
2023-06-19 00:00:00,3788.5,13.2920833333333,11.4776666666667,43.2975,2.13520833333333,215.095833333333,2.1795,0.4095,709.334166666667,144.802208333333,30.766375,-39.775,-36.74375,0.336833333333333,114.033291666667,-3.02854166666667,110.978833333333,0.372,0.869333333333334,132.216291666667,0.372,228.538333333333,51.2063333333333,105.016541666667,-5.9825,-39.6016666666667,-29.445,450,18.4275
2023-06-20 00:00:00,3812.5,13.28375,10.4872916666667,40.7520833333333,2.20116666666667,210.833333333333,2.24295833333333,0.347208333333333,712.298475,125.777916666667,27.2948333333333,-38.4995833333333,-32.3379166666667,0.215833333333333,98.4929166666667,-6.161625,92.3270416666667,0.293916666666667,0.713333333333333,175.339708333333,0.293916666666667,210.66575,36.0720833333333,87.2895,-5.04045833333333,-39.3655555555556,-30.7544444444444,450,15.624375
2023-06-21 00:00:00,3836.5,13.3479166666667,10.8906666666667,58.3583333333333,2.26595833333333,215.8125,2.310625,0.279375,713.670204166667,129.488958333333,22.72675,-29.963,-31.7758333333333,-0.0575555555555556,106.777583333333,1.81325,108.562833333333,0.285583333333333,0.778708333333333,141.850375,0.285583333333333,135.795916666667,27.6659583333333,99.543,-9.05079166666667,-25.2855384615385,-16.8986153846154,450,12.571875
2023-06-22 00:00:00,3860.5,13.3125,9.985875,70.3983333333333,2.35170833333333,209.8125,2.39391666666667,0.196,712.860516666667,118.53625,20.2632916666667,-28.5013333333333,-27.2777916666667,-Inf,98.2550833333333,-1.221,97.0353333333333,0.242583333333333,0.706708333333333,140.368875,0.242583333333333,101.155333333333,24.4291666666667,90.0238333333333,-7.01720833333333,-19.0191666666667,-12.6323333333333,450,8.82
2023-06-23 00:00:00,3884.5,13.2779166666667,9.66054166666667,47.2329166666667,2.42316666666667,211.3375,2.46529166666667,0.125583333333333,710.701325,152.642291666667,23.365625,-43.23875,-23.4007083333333,-0.0230952380952381,129.233083333333,-19.83675,109.385666666667,0.416791666666667,0.92925,168.408333333333,0.416791666666667,166.192791666667,38.2520833333333,109.3945,-0.0370416666666647,-30.9377777777778,-3.64088888888889,450,5.65125
2023-06-24 00:00:00,3908.5,13.3141666666667,7.76575,45.8570833333333,2.4975,208.675,2.53275,0.0588333333333333,713.708408333334,139.011416666667,20.7280833333333,-41.9845833333333,-15.239125,Inf,118.249541666667,-26.7445833333333,91.5367916666667,0.320375,0.894041666666667,151.580541666667,0.320375,102.507083333333,48.28725,97.0095833333333,5.49125,-38.18,-20.61,450,2.6475
2023-06-25 00:00:00,3932.5,13.31625,10.0339166666667,46.4466666666667,2.54208333333333,204.258333333333,2.58808333333333,0.00237499999999999,715.17925,155.529791666667,19.5869166666667,-42.4158333333333,-17.492625,0.04125,135.940166666667,-24.9225,111.015166666667,0.325875,0.809416666666667,153.224583333333,0.325875,94.3904166666667,31.8848333333333,113.082791666667,2.09033333333333,NaN,NaN,450,0.106875
2023-06-26 00:00:00,3956.5,13.275,12.100125,31.92875,2.56058333333333,193.570833333333,2.616125,-0.0256666666666667,713.2812875,152.026958333333,17.8912916666667,-46.2604166666667,-16.3748333333333,-0.0845,134.096083333333,-29.8870833333333,104.203708333333,0.381458333333333,0.885708333333333,161.622458333333,0.381458333333333,216.731625,33.02925,105.764875,1.51720833333333,NaN,NaN,450,-1.155
2023-06-27 00:00:00,3980.5,13.2958333333333,13.42,34.4625,2.557,194.3625,2.61875,-0.029125,710.588858333333,144.864,15.4312083333333,-41.603875,-12.224375,Inf,129.411541666667,-29.3806666666667,100.025625,0.454166666666667,1.03520833333333,187.839416666667,0.454166666666667,191.399208333333,47.79175,103.253,3.20741666666667,NaN,NaN,450,-1.310625
2023-06-28 00:00:00,4004.5,13.2733333333333,10.8267083333333,40.6129166666667,2.56983333333333,196.9375,2.61970833333333,-0.0292916666666667,712.121195833333,146.589916666667,14.8987916666667,-43.7208333333333,-5.20504166666667,-0.134181818181818,131.666958333333,-38.5170833333333,93.1647083333333,0.375708333333333,0.811083333333333,139.463666666667,0.375708333333333,203.962125,29.2893333333333,102.856916666667,9.694375,NaN,NaN,450,-1.318125
2023-06-29 00:00:00,4028.5,13.31,11.310375,55.2325,2.5685,208.175,2.62058333333333,-0.0300833333333334,713.306025,141.905208333333,14.879375,-35.5247916666667,-1.95820833333333,NaN,127.029875,-33.566,93.4410833333333,0.30975,0.827708333333333,165.5125,0.30975,61.354125,28.509375,106.356375,12.9177083333333,NaN,NaN,450,-1.35375
2023-06-30 00:00:00,4052.5,13.2658333333333,5.545375,87.2483333333333,2.58175,208.275,2.60758333333333,-0.0166666666666667,714.843883333333,36.7352083333333,4.55791666666667,-15.5279583333333,0.838125,-0.117666666666667,32.1812083333333,-16.36725,15.8140416666667,0.154416666666667,0.53425,106.266833333333,0.154416666666667,104.581291666667,19.9190833333333,21.2059166666667,5.39575,NaN,NaN,450,-0.75
2023-07-01 00:00:00,4076.5,13.3375,8.178375,75.5416666666667,2.57045833333333,204.495833333333,2.60825,-0.0185416666666667,716.661525,126.259166666667,13.509,-26.4590416666667,-1.31695833333333,Inf,112.759041666667,-25.142125,87.6140416666667,0.32475,0.91,126.481333333333,0.32475,131.266666666667,30.1629583333333,99.808125,12.1905,NaN,NaN,450,-0.834375
2023-07-02 00:00:00,4100.5,13.30375,10.465,65.3416666666667,2.56629166666667,210.845833333333,2.61445833333333,-0.0250441176470588,716.1485,125.953625,13.8464583333333,-31.2622083333333,-3.0465,-0.0188,112.079041666667,-28.2162083333333,83.8687916666667,0.243708333333333,0.834791666666666,166.545833333333,0.243708333333333,142.51625,32.4984166666667,94.6714583333333,10.799625,NaN,NaN,NaN,NaN
2023-07-03 00:00:00,4124.5,13.3183333333333,11.28825,52.0441666666667,2.55425,238.9125,2.60595833333333,-0.0175020780051151,715.806333333333,144.153541666667,14.9362083333333,-39.3158333333333,-3.57933333333333,-363.733318181818,129.195458333333,-35.7345833333333,93.463,0.350041666666667,0.9245,164.173333333333,0.350041666666667,139.196583333333,30.61825,104.807958333333,11.3555833333333,NaN,NaN,NaN,NaN
2023-07-04 00:00:00,4148.5,13.2816666666667,10.4140416666667,71.0720833333333,2.54916666666667,230.95,2.59704166666667,-0.0152282608695652,715.258533333333,116.1565,13.7304166666667,-21.0225833333333,1.06220833333333,-470.548117647059,102.387458333333,-22.0861666666667,80.3244583333333,0.203208333333333,0.764375,131.954166666667,0.203208333333333,91.9845833333333,28.4954583333333,95.1297083333334,14.7931666666667,NaN,NaN,NaN,NaN
2023-07-05 00:00:00,4172.5,13.3066666666667,10.2915416666667,77.54125,2.551875,226.983333333333,2.59920833333333,-0.0103036684782609,715.2283375,113.768083333333,12.3567083333333,-19.6632083333333,0.0584999999999999,0.168538461538462,101.388916666667,-19.7216666666667,81.6725,0.260875,0.877458333333333,105.179583333333,0.260875,93.7004166666667,35.6035833333333,94.0789166666667,12.415875,NaN,NaN,NaN,NaN
2023-07-06 00:00:00,4196.5,13.32875,8.06441666666667,86.5391666666667,2.55975,220.541666666667,2.59704166666667,-0.00796354166666667,714.7049,107.433458333333,10.836,-15.49775,2.62920833333333,0.171461538461538,96.6044583333334,-18.127375,78.4774166666667,0.156125,0.703166666666667,133.302125,0.156125,166.490791666667,31.5589166666667,91.9403333333333,13.4649583333333,NaN,NaN,NaN,NaN
2023-07-07 00:00:00,4220.5,13.235,8.86720833333333,78.1275,2.55454166666667,212.795833333333,2.59533333333333,-0.0055,713.356658333333,121.655041666667,12.8266666666667,-25.3389583333333,0.602625,-Inf,108.80475,-25.941125,82.8895833333333,0.178625,0.667375,113.811666666667,0.178625,118.04375,29.78775,96.3056666666667,13.4282916666667,-26.435,-3.748,NaN,NaN
2023-07-08 00:00:00,4244.5,13.3266666666667,8.88508333333333,76.7208333333333,2.55020833333333,204.3375,2.591125,0.000208333333333329,713.228175,113.571916666667,11.9648333333333,-23.1225,0.283833333333333,-0.142555555555556,101.625416666667,-23.405,78.2164166666667,0.193291666666667,0.758916666666667,147.897083333333,0.193291666666667,134.843333333333,26.165125,90.4664583333333,12.2492916666667,-17.9666666666667,-1.15733333333333,NaN,NaN
2023-07-09 00:00:00,4268.5,13.2879166666667,10.8404583333333,66.0379166666667,2.5385,212.166666666667,2.58795833333333,0.000208333333333333,714.999458333333,102.096833333333,11.6599583333333,-31.29875,-3.478,-0.0644736842105263,90.4395416666667,-27.8225,62.6344583333333,0.224083333333333,0.697041666666667,138.375833333333,0.224083333333333,153.415833333333,31.3846666666667,70.833,8.18216666666667,-20.18,1.836,NaN,NaN
2023-07-10 00:00:00,4292.5,13.2925,12.0125833333333,55.3708333333333,2.53220833333333,222.479166666667,2.58675,0.00390277777777778,715.596116666667,118.581708333333,13.2820416666667,-36.2420833333333,-5.174375,-0.0902727272727273,105.264583333333,-31.0691666666667,74.2155,0.390708333333333,0.91025,156.12175,0.390708333333333,139.20375,33.0088333333333,82.3103333333333,8.108,-25.17,-6.753,NaN,NaN
2023-07-11 00:00:00,4316.5,13.23875,13.9985416666667,41.2454166666667,2.51454166666667,239.05,2.57783333333333,0.00555555555555555,715.9408,127.023125,15.3575416666667,-43.3370833333333,-7.44045833333333,-0.0705238095238096,111.618541666667,-35.8954166666667,75.7697916666666,0.364708333333333,0.913833333333333,153.772083333333,0.364708333333333,124.69625,47.2329166666667,83.6537916666667,7.91820833333333,-32.895,-8.818,NaN,NaN
2023-07-12 00:00:00,4340.5,13.26125,13.903875,43.2375,2.51625,228.304166666667,2.57908333333333,0.00786458333333333,716.126383333333,92.4894583333333,11.6761666666667,-36.5179166666667,-7.86466666666667,0.1585,80.8215833333333,-28.6552083333333,52.158875,0.386083333333333,0.940166666666667,197.14375,0.386083333333333,142.325416666667,36.560125,55.9764583333333,3.81129166666667,NaN,NaN,NaN,NaN
2023-07-13 00:00:00,4364.5,13.26375,13.9222083333333,47.0054166666667,2.505625,228.333333333333,2.568375,0.0210520833333333,715.685354166667,112.788041666667,12.9075833333333,-37.7820833333333,-6.96775,-0.00975,99.8831666666667,-30.8158333333333,69.06725,0.356166666666667,0.946083333333333,178.229166666667,0.356166666666667,140.050833333333,32.3240416666667,75.0095416666667,5.93979166666667,NaN,NaN,NaN,NaN
2023-07-14 00:00:00,4388.5,13.2445833333333,12.114875,49.81625,2.51195833333333,221.383333333333,2.56666666666667,0.0230104166666667,716.116333333333,108.673958333333,12.8182916666667,-34.5129166666667,-4.58145833333333,-0.0408,95.85725,-29.93125,65.9447916666667,0.332458333333333,0.972708333333333,143.042916666667,0.332458333333333,148.894166666667,34.36025,74.1965833333333,8.23579166666667,NaN,NaN,NaN,NaN
2023-07-15 00:00:00,4412.5,13.2820833333333,11.4632083333333,53.1716666666667,2.50545833333333,231.654166666667,2.557,0.0307682291666667,717.924616666667,129.388125,14.38175,-39.2041666666667,-4.143875,-0.0252272727272727,114.956041666667,-35.0595833333333,79.926,0.326416666666667,0.837708333333333,142.837083333333,0.326416666666667,145.681666666667,32.9306666666667,90.1565416666667,10.2375416666667,NaN,NaN,NaN,NaN
2023-07-16 00:00:00,4436.5,13.2595833333333,13.203,44.6733333333333,2.49783333333333,231.1375,2.55704166666667,0.0337421875,718.666004166667,117.331875,13.9009583333333,-41.1308333333333,-6.706,Inf,103.433875,-34.4245833333333,69.0335416666667,0.313916666666667,0.852166666666667,139.087,0.313916666666667,133.833333333333,41.3005833333333,76.2256666666667,7.19391666666667,NaN,NaN,NaN,NaN
2023-07-17 00:00:00,4460.5,13.2345833333333,15.7314166666667,42.5970833333333,2.483875,223.145833333333,2.55395833333333,0.034,718.153891666667,126.003041666667,14.262,-41.39125,-9.469375,-0.0271,111.7325,-31.9220833333333,79.8041666666667,0.365625,0.935333333333333,187.677916666667,0.365625,148.947916666667,39.0114583333333,84.603625,4.79333333333333,NaN,NaN,NaN,NaN
2023-07-18 00:00:00,4484.5,13.27625,14.5141666666667,49.275,2.481125,219.729166666667,2.54604166666667,0.04075,718.099008333333,83.22625,10.118875,-29.4675,-7.03745833333333,NaN,73.10825,-22.4295833333333,50.6752916666667,0.319166666666667,0.901958333333334,151.418666666667,0.319166666666667,134.209583333333,41.1999583333333,53.764,3.08245833333333,NaN,NaN,NaN,NaN
2023-07-19 00:00:00,4508.5,13.3208333333333,13.1604166666667,65.2683333333333,2.49133333333333,236.566666666667,2.55066666666667,0.0395815217391304,719.688129166666,70.7423333333333,8.621125,-23.78825,-4.90575,Inf,62.12275,-18.8822083333333,43.23925,0.110333333333333,0.55075,157.268083333333,0.110333333333333,130.36875,36.109375,46.9504166666667,3.715875,NaN,NaN,NaN,NaN
2023-07-20 00:00:00,4532.5,13.2983333333333,11.3888333333333,83.2645833333333,2.4905,235.2,2.54166666666667,0.0470434782608696,719.442783333333,84.052,10.976875,-15.729625,-0.813916666666667,533.370066666667,73.0734166666667,-14.9155,58.1625833333333,0.229208333333333,0.731166666666667,120.981291666667,0.229208333333333,83.2075,34.2554166666667,68.3237083333333,10.1633333333333,NaN,NaN,NaN,NaN
2023-07-21 00:00:00,4556.5,13.2758333333333,9.05779166666667,78.6970833333333,2.48216666666667,254.029166666667,2.52279166666667,0.0580172413793103,719.80625,103.887541666667,13.88525,-24.1825833333333,-0.588458333333333,-381.006285714286,90.0007083333333,-23.5945416666667,66.405,0.271541666666667,0.796625,157.53625,0.271541666666667,160.076666666667,28.531125,79.7020833333333,13.2967916666667,NaN,NaN,NaN,NaN
2023-07-22 00:00:00,4580.5,13.285,12.2107916666667,57.1045833333333,2.48425,226.558333333333,2.53866666666667,0.0512327586206897,719.261545833333,117.197416666667,14.31525,-37.07625,-7.02504166666667,-0.0598947368421053,102.898875,-30.0508333333333,72.8516666666667,0.416291666666667,1.00616666666667,146.792083333333,0.416291666666667,152.76125,32.5567083333333,80.1369583333333,7.29208333333333,NaN,NaN,NaN,NaN
2023-07-23 00:00:00,4604.5,13.2329166666667,13.4402083333333,52.6091666666667,2.479875,244.591666666667,2.53975,0.0536293859649123,719.594445833333,103.367625,12.6590833333333,-31.6804166666667,-7.12075,-0.0422222222222222,90.7064166666667,-24.5583333333333,66.1449583333333,0.361458333333333,0.76375,156.223333333333,0.361458333333333,161.0325,29.415375,71.68425,5.54,NaN,NaN,NaN,NaN
2023-07-24 00:00:00,4628.5,13.2608333333333,15.9297083333333,50.3845833333333,2.45720833333333,255.4375,2.52745833333333,0.0573561212814645,720.145429166667,119.129833333333,13.0338333333333,-35.145,-10.226,Inf,106.098583333333,-24.91875,81.1704583333333,0.316958333333333,0.807416666666667,178.715416666667,0.316958333333333,161.435,33.070875,83.961375,2.80783333333333,NaN,NaN,NaN,NaN
2023-07-25 00:00:00,4652.5,13.23375,15.069375,52.5245833333333,2.46020833333333,254.5,2.52683333333333,0.0623894927536232,719.609583333333,80.6182916666667,11.565875,-30.7545416666667,-7.33220833333333,0.096,69.05225,-23.4222083333333,45.63525,0.321666666666667,0.813333333333333,160.048291666667,0.321666666666667,140.22475,38.560875,49.8640833333333,4.23366666666667,NaN,NaN,NaN,NaN
2023-07-26 00:00:00,4676.5,13.23625,13.7855833333333,57.7858333333333,2.46145833333333,246.825,2.52245833333333,0.0661885964912281,719.244554166667,63.7781666666667,7.30525,-30.09625,-7.40541666666667,799.94335,56.4772083333333,-22.6908333333333,33.7849583333333,0.311875,0.846541666666666,189.885416666667,0.311875,159.69275,32.2733333333333,33.6856666666667,-0.100708333333333,NaN,NaN,NaN,NaN
2023-07-27 00:00:00,4700.5,13.30625,13.5001666666667,58.1691666666667,2.468,233.983333333333,2.52783333333333,0.0619979977116705,718.379016666667,78.4660833333333,9.38554166666667,-33.6995833333333,-7.48054166666667,-0.0663333333333333,69.0755416666667,-26.2191666666667,42.8605416666667,0.223041666666667,0.692208333333333,166.027083333333,0.223041666666667,136.659583333333,29.0546666666667,44.7631666666667,1.90495833333333,NaN,NaN,NaN,NaN
2023-07-28 00:00:00,4724.5,13.21875,13.8644583333333,59.42,2.46475,244.804166666667,2.52595833333333,0.0574384057971014,719.202204166667,91.85775,11.8774583333333,-29.782,-6.71695833333333,-0.00323529411764705,79.982125,-23.0646666666667,56.9162916666667,0.222208333333333,0.773625,141.974833333333,0.222208333333333,146.1125,31.7756666666667,62.0784166666667,5.16033333333333,NaN,NaN,NaN,NaN
2023-07-29 00:00:00,4748.5,13.2495833333333,14.2975,55.6770833333333,2.46433333333333,235.420833333333,2.527375,0.0544973958333333,720.4601,82.7290416666667,11.0205833333333,-31.2008333333333,-8.079125,Inf,71.7109166666667,-23.1233333333333,48.5847916666667,0.311041666666667,0.780291666666666,171.112083333333,0.311041666666667,167.17625,23.312,51.5260416666667,2.94208333333333,NaN,NaN,NaN,NaN
2023-07-30 00:00:00,4772.5,13.2558333333333,13.220125,72.8108333333333,2.454,247.483333333333,2.51216666666667,0.0503924851190476,720.114358333333,88.1976666666667,12.0153333333333,-23.335,-3.53608333333333,0.0267333333333333,76.1876666666667,-19.7995416666667,56.3860833333333,0.193416666666667,0.566666666666667,153.131666666667,0.193416666666667,146.677916666667,26.4999583333333,64.8715833333333,8.47966666666666,NaN,NaN,NaN,NaN
2023-07-31 00:00:00,4796.5,13.1575,11.4025,91.2208333333333,2.493875,237.204166666667,2.54533333333333,0.0434642857142857,719.4182375,58.3390416666666,7.02845833333333,-9.86929166666667,0.1635,0.0335625,51.30725,-10.0330416666667,41.2776666666667,0.15625,0.570875,152.259583333333,0.15625,148.415,11.2646666666667,48.4694583333333,7.19120833333333,NaN,NaN,NaN,NaN
2023-08-01 00:00:00,4820.5,13.3025,11.8008333333333,87.7141666666667,2.482625,240.575,2.53566666666667,0.0387265625,718.593441666667,63.8704166666666,9.08158333333333,-15.3976666666667,-0.803333333333334,Inf,54.783375,-14.5951666666667,40.1880833333333,0.108625,0.51175,136.958333333333,0.108625,121.340416666667,30.42425,48.47175,8.27879166666667,NaN,NaN,NaN,NaN
2023-08-02 00:00:00,4844.5,13.2204166666667,10.3604166666667,97.1875,2.48204166666667,247.979166666667,2.52866666666667,0.03715625,717.797620833333,39.96525,6.0225,-10.6666666666667,1.23329166666667,-1066.38253333333,33.9407083333333,-11.8991666666667,22.0415,0.0365833333333333,0.309208333333333,116.3875,0.0365833333333333,125.597083333333,16.5540416666667,29.2962083333333,7.25566666666667,NaN,NaN,NaN,NaN
2023-08-03 00:00:00,4868.5,13.25625,9.584625,93.5125,2.48170833333333,270.645833333333,2.52475,0.03625625,716.560858333333,78.496,9.68333333333333,-16.2299583333333,1.015,-841.99552631579,68.8142083333333,-17.2439166666667,51.5635,0.125208333333333,0.508583333333333,103.299416666667,0.125208333333333,101.50625,34.3444166666667,62.261625,10.698625,-14.5340909090909,1.78327272727273,NaN,NaN
2023-08-04 00:00:00,4892,12.8826086956522,9.64030434782609,76.92,2.49995652173913,261.595652173913,2.54352173913043,0.0352776041666667,686.973234782609,42.2812173913043,7.32626086956522,-24.0989130434783,-2.21808695652174,-0.20585,34.9543043478261,-21.8808695652174,13.0743913043478,0.188739130434783,0.625217391304348,141.206956521739,0.188739130434783,139.084782608696,40.3196956521739,18.1851739130435,5.10839130434782,-15.24,3.021,NaN,NaN
2023-08-05 00:00:00,4915.5,12.7229166666667,10.4422916666667,67.8866666666667,2.50754166666667,217.2,2.55470833333333,0.0355833333333333,717.386845833333,83.309625,12.708625,-33.083,-3.88466666666667,-0.147263157894737,70.6006666666667,-29.198375,41.4071666666667,0.235291666666667,0.742125,167.454583333333,0.235291666666667,141.115833333333,35.5240416666667,50.2263333333333,8.82191666666667,NaN,NaN,NaN,NaN
2023-08-06 00:00:00,4939.5,12.7666666666667,9.14970833333333,83.7375,2.49625,235.654166666667,2.53741666666667,0.0454583333333334,717.322266666667,69.6671666666667,10.1470833333333,-20.0762083333333,0.317291666666667,-0.0371875,59.5267083333333,-20.3944583333333,39.1300416666667,0.193166666666667,0.738583333333333,97.86125,0.193166666666667,86.2920833333333,25.2023333333333,49.5967916666667,10.4635,NaN,NaN,NaN,NaN
2023-08-07 00:00:00,4963.5,12.69875,7.86154166666667,77.1404166666667,2.51129166666667,215.679166666667,2.547125,0.0439070512820513,716.2485,31.398625,5.47904166666667,-24.1522916666667,-0.8145,Inf,25.918875,-23.3379166666667,2.58341666666667,0.161333333333333,0.620875,145.454833333333,0.161333333333333,135.709958333333,30.752125,7.24975,4.66391666666667,NaN,NaN,NaN,NaN
2023-08-08 00:00:00,4987.5,12.7958333333333,9.428625,66.4554166666667,2.50970833333333,223.525,2.55233333333333,0.0410929487179487,714.0713875,64.9915,8.887625,-28.1395833333333,-4.1565,-0.301888888888889,56.104,-23.9829166666667,32.1262916666667,0.258583333333333,0.80825,114.397916666667,0.258583333333333,122.315833333333,34.3511666666667,36.8589583333333,4.7305,NaN,NaN,NaN,NaN
2023-08-09 00:00:00,5011.5,12.8166666666667,9.96245833333333,61.3729166666666,2.49929166666667,217.75,2.54425,0.0467791666666667,713.507433333333,98.172375,12.9917083333333,-38.2075,-4.99504166666667,Inf,85.2010833333333,-33.2120833333333,51.9725416666667,0.268708333333333,0.737416666666667,115.754875,0.268708333333333,82.5857083333333,48.5632083333333,59.9533333333333,7.99545833333334,NaN,NaN,NaN,NaN
2023-08-10 00:00:00,5035.5,12.7616666666667,12.413875,53.53125,2.52225,257.404166666667,2.5785,0.0493833333333333,713.350733333333,89.9984583333333,11.7019583333333,-34.3775,-8.01408333333333,Inf,78.2648333333333,-26.3645833333333,51.9191666666667,0.300041666666667,0.890041666666667,149.476166666667,0.300041666666667,147.662416666667,57.0029166666667,55.6004166666667,3.68995833333333,NaN,NaN,NaN,NaN
2023-08-11 00:00:00,5059.5,12.7870833333333,12.2474583333333,63.8129166666667,2.480375,233.316666666667,2.53525,0.053946568627451,715.571041666667,78.8653333333333,11.62475,-28.2599583333333,-5.65179166666667,Inf,67.2424583333333,-22.6075833333333,44.6282916666667,0.185708333333333,0.70925,139.310416666667,0.185708333333333,129.716666666667,38.31525,50.6079166666667,5.97225,NaN,NaN,NaN,NaN
2023-08-12 00:00:00,5083.5,12.8591666666667,12.3504583333333,64.115,2.47916666666667,233.791666666667,2.53454166666667,0.0552867647058824,716.517758333333,65.680625,9.25345833333333,-25.7154166666667,-5.74720833333333,-0.0187222222222222,56.4282083333333,-19.9675,36.458,0.156541666666667,0.5825,145.416583333333,0.156541666666667,142.688333333333,27.409625,39.9620833333333,3.50566666666667,NaN,NaN,NaN,NaN
2023-08-13 00:00:00,5107.5,12.7920833333333,9.16016666666667,74.695,2.499625,269.441666666667,2.54091666666667,0.0563529411764706,717.4308,53.4724166666667,9.08820833333334,-30.4366666666667,-2.00366666666667,-0.0987,44.383875,-28.4316666666667,15.9525833333333,0.216291666666667,0.7605,129.871125,0.216291666666667,94.7033333333334,25.883,23.032875,7.08425,NaN,NaN,NaN,NaN
2023-08-14 00:00:00,5131.5,12.8845833333333,8.53520833333333,60.8658333333333,2.47875,255.0375,2.51658333333333,0.0704705882352941,720.102475,85.2072083333333,12.5685416666667,-41.4233333333333,-5.35720833333333,-0.0555,72.6742916666667,-36.0666666666667,36.58925,0.214583333333333,0.608791666666667,142.232083333333,0.214583333333333,102.319583333333,22.0774166666667,43.8040833333333,7.21104166666667,NaN,NaN,NaN,NaN
2023-08-15 00:00:00,5155.5,12.8783333333333,12.0009166666667,49.3375,2.47766666666667,264.966666666667,2.530875,0.0785548489666137,720.5881875,80.6633333333333,12.3781666666667,-39.7566666666667,-9.12995833333333,Inf,68.2903333333333,-30.6266666666667,37.679,0.298541666666667,0.832458333333333,169.347916666667,0.298541666666667,153.3275,31.599,40.9227916666667,3.24929166666667,NaN,NaN,NaN,NaN
2023-08-16 00:00:00,5179.5,12.8295833333333,13.7705833333333,53.9270833333333,2.45216666666667,265.0125,2.51283333333333,0.0776216216216216,718.813333333333,61.9207083333333,9.39366666666666,-33.36375,-9.536375,-0.150636363636364,52.52825,-23.8280416666667,28.6969166666667,0.322208333333333,0.806375,160.009583333333,0.322208333333333,148.310833333333,36.402625,28.559625,-0.142916666666667,NaN,NaN,NaN,NaN
2023-08-17 00:00:00,5203.5,12.8579166666667,14.7510833333333,51.2904166666667,2.45229166666667,264.966666666667,2.517125,0.0763243243243243,717.753416666667,63.0700416666667,9.36129166666667,-30.3291666666667,-10.1939166666667,-Inf,53.7054583333333,-20.1369166666667,33.5752083333333,0.299416666666667,0.720333333333333,157.821375,0.299416666666667,162.966791666667,28.848875,32.74,-0.831666666666667,NaN,NaN,NaN,NaN
2023-08-18 00:00:00,5227.5,12.8133333333333,12.43625,77.1141666666666,2.46404166666667,282.804166666667,2.51925,0.075027027027027,716.295445833333,32.559125,5.50704166666667,-22.2895416666667,-3.86270833333333,Inf,27.0502916666667,-18.426875,8.62329166666667,0.156208333333333,0.570041666666667,147.47925,0.156208333333333,153.23625,36.947625,10.2679583333333,1.64475,NaN,NaN,NaN,NaN
2023-08-19 00:00:00,5251.5,12.8620833333333,13.1204583333333,71.5370833333333,2.44775,266.158333333333,2.5055,0.0737297297297297,717.722604166667,75.7560833333333,10.898375,-23.275,-5.78933333333333,Inf,64.8595416666667,-17.4846666666667,47.367125,0.170166666666667,0.642041666666667,145.738125,0.170166666666667,119.646208333333,35.6372083333333,52.4769583333333,5.10866666666667,NaN,NaN,NaN,NaN
2023-08-20 00:00:00,5275.5,12.9241666666667,14.5368333333333,60.4304166666667,2.43995833333333,272.7375,2.50354166666667,0.0724324324324324,718.651320833333,81.5535833333333,11.6376666666667,-37.47125,-9.203375,-0.06345,69.9344166666667,-28.26625,41.6737916666667,0.212416666666667,0.632458333333333,131.920041666667,0.212416666666667,151.025166666667,29.357375,44.1044166666667,2.43329166666667,NaN,NaN,NaN,NaN
2023-08-21 00:00:00,5299.5,12.8758333333333,14.1412083333333,45.3579166666667,2.42875,317.708333333333,2.490375,0.0711351351351351,719.87545,79.818375,11.070875,-37.17125,-9.97616666666667,Inf,68.7265416666667,-27.1960416666667,41.542875,0.426416666666667,0.861916666666667,182.797083333333,0.426416666666667,169.91,24.703625,42.6242083333333,1.09354166666667,NaN,NaN,NaN,NaN
2023-08-22 00:00:00,5323.5,12.9520833333333,14.3558333333333,51.9179166666667,2.448,270.9375,2.511375,0.0698378378378378,720.005775,71.3939583333333,9.46558333333333,-32.4170833333333,-8.44691666666667,Inf,61.9302916666667,-23.9691666666667,37.96525,0.269916666666667,0.707625,210.729166666667,0.269916666666667,197.09,27.342,38.9816666666667,1.01795833333333,NaN,NaN,NaN,NaN
2023-08-23 00:00:00,5347.5,12.88375,12.3787916666667,70.2366666666667,2.46025,249.5125,2.51520833333333,0.0691980373230373,719.356620833333,52.743375,8.70675,-21.9042083333333,-3.614,-0.0391666666666667,44.034375,-18.2910416666667,25.7485416666667,0.216208333333333,0.6265,163.99375,0.216208333333333,141.874833333333,27.2034583333333,30.8367916666667,5.09341666666667,NaN,NaN,NaN,NaN
2023-08-24 00:00:00,5371.5,12.8516666666667,10.7745833333333,91.8025,2.47904166666667,259.570833333333,2.527375,0.0702394957983193,718.1244625,34.2532916666667,4.86375,-7.07366666666667,0.64125,0.146,29.38725,-7.715,21.6713333333333,0.0352083333333333,0.209166666666667,134.874166666667,0.0352083333333333,83.1883333333333,8.11954166666667,27.1728333333333,5.505,NaN,NaN,NaN,NaN
2023-08-25 00:00:00,5395.5,12.75875,8.82170833333334,98.1458333333333,2.49370833333333,241.720833333333,2.533625,0.0712478991596639,719.279925,20.9256666666667,2.57233333333333,-2.78020833333333,1.91729166666667,Inf,18.3537916666667,-4.69754166666667,13.6560833333333,0.029625,0.182458333333333,87.2475,0.029625,18.6704166666667,6.29470833333333,18.145875,4.48904166666667,NaN,NaN,NaN,NaN
2023-08-26 00:00:00,5419.5,12.8829166666667,10.9133333333333,87.0266666666667,2.477625,263.966666666667,2.526375,0.0722563025210084,718.913304166667,74.1822916666667,9.71170833333333,-23.1849166666667,-2.21991666666667,-0.000789473684210498,64.47025,-20.9638333333333,43.4983333333333,0.108125,0.382541666666667,133.879583333333,0.108125,97.9179166666667,22.0844583333333,50.9905416666667,7.49220833333333,NaN,NaN,NaN,NaN
2023-08-27 00:00:00,5443.5,12.93875,11.0574166666667,79.67875,2.46595833333333,271.083333333333,2.51525,0.0732647058823529,718.520191666667,58.3910833333333,7.737375,-24.68225,-3.47908333333333,Inf,50.652,-21.2031666666667,29.452875,0.226333333333333,0.7345,134.325416666667,0.226333333333333,140.97875,25.0115,33.705875,4.25758333333333,NaN,NaN,NaN,NaN
2023-08-28 00:00:00,5467.5,12.9066666666667,9.64191666666667,80.9766666666667,2.475,245.345833333333,2.51829166666667,0.0665252745835176,718.899795833333,53.1201666666667,7.87045833333333,-22.2578333333333,-1.47570833333333,444.238222222222,45.242875,-20.7812916666667,24.4625833333333,0.186791666666667,0.601916666666667,145.527083333333,0.186791666666667,90.8479166666667,20.869,30.8636666666667,6.394875,NaN,NaN,NaN,NaN
2023-08-29 00:00:00,5491.5,12.9066666666667,8.582875,72.6083333333333,2.470375,262.245833333333,2.50854166666667,0.0583026315789474,719.412670833333,67.3830833333333,9.4275,-32.8475,-3.668875,-0.289318181818182,57.945125,-29.17875,28.775875,0.202208333333333,0.566833333333333,173.759166666667,0.202208333333333,150.656666666667,19.1245,34.534125,5.75825,NaN,NaN,NaN,NaN
2023-08-30 00:00:00,5515.5,12.8804166666667,12.125375,58.0795833333333,2.475875,230.466666666667,2.529875,0.0605833333333334,716.012608333333,58.1328333333333,8.22270833333333,-34.4233333333333,-8.40908333333333,-0.139588235294118,49.907625,-26.01375,23.8900416666667,0.283166666666667,0.708833333333333,167.935416666667,0.283166666666667,168.765833333333,36.4864583333333,23.708625,-0.186500000000001,NaN,NaN,NaN,NaN
2023-08-31 00:00:00,5539.5,12.8945833333333,13.3432916666667,44.8729166666667,2.46575,240.4375,2.52495833333333,0.0665,714.237566666667,60.2102083333333,8.2525,-38.1558333333333,-10.9207083333333,-0.0131111111111111,51.9545,-27.2358333333333,24.7213333333333,0.310208333333333,0.756625,166.415833333333,0.310208333333333,152.885,42.9402916666667,22.0525,-2.66820833333333,NaN,NaN,NaN,NaN
2023-09-01 00:00:00,5563.5,12.9520833333333,12.9755416666667,57.6058333333333,2.4705,230.7,2.52825,0.0613333333333333,716.065704166666,52.7681666666667,7.59575,-28.0953333333333,-7.85375,Inf,45.1745,-20.241625,24.9296666666667,0.253166666666667,0.704583333333333,176.512083333333,0.253166666666667,155.466583333333,30.5491666666667,24.670625,-0.257875,NaN,NaN,NaN,NaN
2023-09-02 00:00:00,5587.5,13.0333333333333,11.0337083333333,73.8554166666667,2.48658333333333,268.1875,2.536,0.062125,718.047479166667,62.1740416666667,8.475125,-27.3625,-3.430125,-0.376318181818182,53.697,-23.9311666666667,29.759375,0.264958333333333,0.655291666666667,171.168333333333,0.264958333333333,170.200958333333,21.0155,34.81025,5.04491666666667,NaN,NaN,NaN,NaN
2023-09-03 00:00:00,5611.5,12.8845833333333,9.925875,85.02625,2.483,273.941666666667,2.52758333333333,0.0561666666666667,715.4795625,41.7899166666667,6.07879166666666,-19.0989166666667,-1.24929166666667,Inf,35.7115416666667,-17.8500416666667,17.8622916666667,0.1385,0.491625,130.771041666667,0.1385,152.823625,28.461,22.694,4.8285,NaN,NaN,NaN,NaN
2023-09-04 00:00:00,5635.5,12.8945833333333,7.69429166666667,83.09,2.49720833333333,259.9125,2.53208333333333,0.0544583333333333,709.699095833333,40.3552083333333,6.28370833333333,-18.4835833333333,0.259291666666667,-0.318315789473684,34.0725416666667,-18.743,15.3280416666667,0.239333333333333,0.785041666666667,105.109,0.239333333333333,138.565083333333,60.9533333333333,21.8689583333333,6.54270833333333,NaN,NaN,NaN,NaN
2023-09-05 00:00:00,5659.5,12.9645833333333,7.22854166666667,73.0308333333333,2.48933333333333,270.45,2.52191666666667,0.0650972222222222,713.51695,57.4912083333333,8.299375,-35.0808333333333,-2.642625,Inf,49.19,-32.4375,16.75025,0.182666666666667,0.620833333333333,150.666666666667,0.182666666666667,118.246416666667,40.8177083333333,22.4053333333333,5.65708333333333,NaN,NaN,NaN,NaN
2023-09-06 00:00:00,5683.5,12.9066666666667,10.237,55.9008333333333,2.483125,247.033333333333,2.52916666666667,0.0588402777777778,715.526308333333,57.5501666666667,8.18616666666667,-37.5320833333333,-7.7525,0.110666666666667,49.36825,-29.77875,19.5907083333333,0.260416666666667,0.754291666666667,186.677916666667,0.260416666666667,160.22625,42.0032083333333,20.0193333333333,0.432458333333334,NaN,NaN,NaN,NaN
2023-09-07 00:00:00,5707.5,12.8925,10.003,44.3108333333333,2.48191666666667,254.104166666667,2.526875,0.0647557471264368,716.544279166667,58.216625,8.04666666666667,-40.81,-8.75141666666667,Inf,50.174,-32.0579166666667,18.1186666666667,0.371583333333333,0.888958333333333,156.0275,0.371583333333333,149.107916666667,38.9663333333333,17.4117083333333,-0.704708333333334,NaN,NaN,NaN,NaN
2023-09-08 00:00:00,5731.5,12.895,8.730875,46.76875,2.48308333333333,265.166666666667,2.52208333333333,0.0632586206896552,718.509116666667,51.513875,7.138625,-39.11,-8.129,-0.310695652173913,44.374625,-30.9820833333333,13.397,0.389,0.877583333333333,161.93375,0.389,158.207375,31.80325,12.4063333333333,-0.99175,NaN,NaN,NaN,NaN
2023-09-09 00:00:00,5755.5,12.9179166666667,10.2672916666667,46.4554166666667,2.47979166666667,249.058333333333,2.52583333333333,0.0606106321839081,719.119183333333,43.0628333333333,6.40654166666667,-33.1220833333333,-8.80695833333333,-0.369933333333333,36.657125,-24.3153333333333,12.33725,0.246125,0.761083333333334,169.91375,0.246125,155.991666666667,34.1839583333333,9.9375,-2.40066666666667,NaN,NaN,NaN,NaN
2023-09-10 00:00:00,5779.5,12.9995833333333,7.87858333333333,73.6579166666667,2.49804166666667,237.333333333333,2.533875,0.0526642156862745,717.402308333333,39.9852916666667,5.690625,-15.3613333333333,-1.29404166666667,-Inf,34.2879583333333,-14.0680416666667,20.2255,0.0955,0.558916666666667,109.17,0.0955,93.8795833333334,22.7607083333333,24.6161666666667,4.39683333333333,NaN,NaN,NaN,NaN
2023-09-11 00:00:00,5803.5,12.9966666666667,4.60179166666667,85.6583333333333,2.52804166666667,252.979166666667,2.54908333333333,0.038394342872284,716.395604166667,32.548875,5.3875,-24.793,0.93475,-0.171681818181818,27.1663333333333,-25.72925,1.43358333333333,0.08125,0.367583333333333,130.386666666667,0.08125,73.52875,18.5432083333333,7.753125,6.32179166666667,NaN,NaN,NaN,NaN
2023-09-12 00:00:00,5827.5,12.915,4.871,66.82875,2.527,238.033333333333,2.54920833333333,0.0361081081081081,714.737075,60.6752083333333,7.07891666666667,-36.7029166666667,-4.07320833333333,-Inf,53.5985416666667,-32.6283333333333,20.9697083333333,0.282875,0.698708333333333,166.42325,0.282875,162.230416666667,23.2555833333333,23.97225,3.005375,NaN,NaN,NaN,NaN
2023-09-13 00:00:00,5851.5,12.9595833333333,5.94816666666667,69.7804166666667,2.52008333333333,239.770833333333,2.54704166666667,0.0361962719298246,712.952416666667,39.4334583333333,5.07195833333333,-25.8483333333333,-3.57720833333333,-Inf,34.3558333333333,-22.2712083333333,12.0843333333333,0.302166666666667,0.752083333333333,145.5475,0.302166666666667,178.712083333333,25.0786666666667,13.581,1.493625,NaN,NaN,NaN,NaN
2023-09-14 00:00:00,5875.5,12.8070833333333,4.23529166666667,90.83,2.50304166666667,270.475,2.522375,0.0422828947368421,714.01565,24.5651666666667,3.53983333333333,-8.11675,1.4025,-0.0183333333333333,21.02525,-9.518625,11.50075,0.093375,0.277958333333333,111.597083333333,0.093375,90.0420833333333,6.318625,16.4470416666667,4.94266666666667,NaN,NaN,NaN,NaN
2023-09-15 00:00:00,5899.5,13.03,3.85325,88.0320833333333,2.51916666666667,228.491666666667,2.536625,0.0471477272727273,716.078820833333,66.4052083333333,7.16908333333333,-20.701125,1.23575,420.939631578947,59.238375,-21.9375,37.3025416666667,0.120458333333333,0.455916666666667,100.209,0.120458333333333,55.4425,18.5472083333333,45.7011666666667,8.404875,NaN,NaN,NaN,NaN
2023-09-16 00:00:00,5923.5,12.8945833333333,4.158125,72.4854166666667,2.515,261.883333333333,2.53366666666667,0.0479981060606061,717.409304166667,58.023875,6.178625,-38.46125,-4.14029166666667,-0.465818181818182,51.8512083333333,-34.32,17.5312083333333,0.277125,0.6065,173.081083333333,0.277125,191.279166666667,18.927625,19.56975,2.03870833333333,NaN,NaN,NaN,NaN
2023-09-17 00:00:00,5947.5,12.8745833333333,6.775875,63.43625,2.510375,235.870833333333,2.54104166666667,0.0441666666666667,716.659783333333,57.760625,6.22533333333333,-35.9766666666667,-6.94525,Inf,51.524875,-29.03125,22.4998333333333,0.297041666666667,0.666416666666667,189.7525,0.297041666666667,161.425,34.05,21.776625,-0.720083333333333,NaN,NaN,NaN,NaN
2023-09-18 00:00:00,5971.5,13.0195833333333,6.93720833333333,68.69875,2.51141666666667,225.358333333333,2.54291666666667,0.0457916666666667,713.852704166667,57.9043333333333,7.05333333333333,-28.21375,-3.91233333333333,Inf,50.848625,-24.301875,26.547125,0.127375,0.5185,141.152083333333,0.127375,135.389041666667,42.10225,29.6916666666667,3.14154166666667,NaN,NaN,NaN,NaN
2023-09-19 00:00:00,5995.5,12.8625,5.16041666666667,80.8083333333334,2.52041666666667,224.629166666667,2.54395833333333,0.0407005208333333,712.397758333333,23.355,4.61154166666667,-22.8093333333333,-1.34458333333333,-571.413714285714,18.7436666666667,-21.4655,-2.71916666666667,0.140125,0.583541666666667,123.085791666667,0.140125,126.352083333333,38.542625,0.544333333333331,3.26775,NaN,NaN,NaN,NaN
2023-09-20 00:00:00,6019.5,12.8208333333333,4.506625,84.4354166666667,2.52391666666667,233.55,2.54454166666667,0.0402161458333333,711.184541666667,23.2512083333333,3.91583333333333,-21.82,-1.15670833333333,-0.174470588235294,19.3358333333333,-20.6645833333333,-1.32879166666667,0.172583333333333,0.524041666666667,155.829583333333,0.172583333333333,158.854583333333,20.0396666666667,1.43575,2.75970833333333,NaN,NaN,NaN,NaN
2023-09-21 00:00:00,6043.5,12.9654166666667,5.66683333333333,68.9458333333333,2.52229166666667,234.6,2.54820833333333,0.0372194444444444,710.803570833333,52.6501666666667,6.04858333333333,-30.4270833333333,-4.12104166666667,-0.265736842105263,46.602125,-26.3079166666667,20.2894166666667,0.21575,0.677208333333333,149.234583333333,0.21575,188.1125,29.241,22.2237083333333,1.928,-40.87,-11.74475,NaN,NaN
2023-09-22 00:00:00,6067.5,12.8970833333333,5.75879166666667,55.4220833333333,2.51695833333333,238.4625,2.54320833333333,0.0428271241830065,710.321375,57.9510416666666,6.58458333333333,-34.515,-5.670625,Inf,51.3500416666667,-28.8433333333333,22.5084166666667,0.331875,0.870291666666667,153.840041666667,0.331875,188.761625,54.1465416666667,23.4224166666667,0.912666666666667,NaN,NaN,NaN,NaN
2023-09-23 00:00:00,6091.5,12.8475,3.13795833333333,55.80875,2.50508333333333,261.045833333333,2.51933333333333,0.0437205882352941,711.405829166667,49.719625,5.786375,-37.2772083333333,-3.66475,Inf,43.9395416666667,-33.6125,10.33175,0.25975,0.781,159.838333333333,0.25975,175.812916666667,65.7570833333333,12.454625,2.12216666666667,NaN,NaN,NaN,NaN
2023-09-24 00:00:00,6115.5,12.8166666666667,3.5095,50.0379166666667,2.51483333333333,250.641666666667,2.53070833333333,0.0512686051693405,714.609979166667,50.200625,5.5055,-40.41125,-6.11370833333333,Inf,44.6820416666667,-34.2966666666667,10.3812916666667,0.249041666666667,0.677666666666667,165.834583333333,0.249041666666667,145.620416666667,38.45375,9.77458333333333,-0.609083333333334,NaN,NaN,NaN,NaN
2023-09-25 00:00:00,6139.5,12.8016666666667,4.73041666666667,50.5629166666667,2.4815,316.679166666667,2.50254166666667,0.0567673796791444,717.953766666667,49.723375,4.99329166666667,-38.0820833333333,-8.11520833333333,-0.293782608695652,44.7275833333333,-29.9675,14.76075,0.261708333333333,0.612166666666667,171.632916666667,0.261708333333333,166.504166666667,20.9086666666667,11.6409583333333,-3.12191666666667,NaN,NaN,NaN,NaN
2023-09-26 00:00:00,6163.5,12.8016666666667,6.149,49.7308333333333,2.509375,257.691666666667,2.53675,0.0527887700534759,717.046166666667,48.99975,4.73841666666666,-37.4279166666667,-9.343875,Inf,44.2536666666667,-28.08375,16.1734583333333,0.368083333333333,0.695958333333333,179.526541666667,0.368083333333333,180.608791666667,24.6239166666667,11.567,-4.60558333333333,NaN,NaN,NaN,NaN
2023-09-27 00:00:00,6187.5,12.7916666666667,7.723,46.8591666666667,2.47970833333333,288.9125,2.514625,0.0488101604278075,714.472120833333,45.1919166666667,4.80216666666667,-38.0595833333333,-10.5799583333333,Inf,40.3912916666667,-27.47875,12.9088333333333,0.284166666666667,0.659541666666667,161.0345,0.284166666666667,158.720833333333,33.7518333333333,7.13045833333333,-5.77766666666667,NaN,NaN,NaN,NaN
2023-09-28 00:00:00,6211.5,12.7991666666667,9.39845833333333,41.5879166666667,2.45025,260.8125,2.491625,0.044831550802139,711.562129166667,44.3605833333333,4.74891666666667,-37.7533333333333,-11.9812083333333,NaN,39.6160416666667,-25.7720833333333,13.8410416666667,0.236083333333333,0.603375,179.03875,0.236083333333333,176.9125,32.612125,6.6075,-7.233625,NaN,NaN,NaN,NaN
2023-09-29 00:00:00,6235.5,12.9408333333333,8.25829166666666,43.9058333333333,2.48941666666667,288.933333333333,2.52654166666667,0.0408529411764706,711.005425,41.4964166666667,5.64558333333333,-38.1025,-8.81154166666667,Inf,35.8547083333333,-29.2908333333333,6.55708333333333,0.258291666666667,0.691458333333333,173.491041666667,0.258291666666667,163.58625,39.2226666666667,3.38929166666667,-3.16604166666667,NaN,NaN,NaN,NaN
2023-09-30 00:00:00,6259.5,12.9129166666667,7.82445833333333,49.5995833333333,2.42891666666667,261.6375,2.463,0.0368743315508021,711.019579166667,47.9385416666667,5.53295833333333,-34.3929166666667,-8.20841666666667,-0.1795,42.4045,-26.185,16.2211666666667,0.340833333333333,0.810666666666667,197.657083333333,0.340833333333333,200.601208333333,29.5166666666667,13.5451666666667,-2.67508333333333,NaN,NaN,NaN,NaN
2023-10-01 00:00:00,6283.5,12.88375,8.07383333333333,55.4641666666667,2.4295,297.529166666667,2.46475,0.0328957219251337,710.123275,23.3597083333333,3.66595833333333,-31.2029166666667,-7.45470833333333,-0.0341875,19.6955416666667,-23.7463333333333,-4.0545,0.21475,0.628,194.6485,0.21475,202.575,31.316375,-7.83983333333333,-3.78875,NaN,NaN,250,0.822393048128342
2023-10-02 00:00:00,6307.5,12.8458333333333,4.58920833333333,77.7995833333333,2.534125,242.191666666667,2.55479166666667,0.0224142156862745,709.5563375,38.0853333333333,4.59283333333333,-22.0932916666667,-2.191625,-0.472904761904762,33.4929166666667,-19.9025,13.592625,0.20675,0.588541666666667,160.696416666667,0.20675,137.292833333333,28.2471666666667,15.9915,2.40133333333333,NaN,NaN,250,0.560355392156863
2023-10-03 00:00:00,6331.5,12.9116666666667,1.07358333333333,80.3220833333333,2.54479166666667,229.05,2.549625,0.010379347826087,707.8672875,27.7429166666667,4.09254166666667,-15.4228333333333,1.717625,Inf,23.650625,-17.142125,6.51354166666667,0.181083333333333,0.648416666666667,140.74275,0.181083333333333,99.50125,52.9745833333333,12.3234583333333,5.81045833333333,NaN,NaN,250,0.259483695652174
2023-10-04 00:00:00,6355.5,12.8854166666667,2.461,71.9970833333334,2.51625,263.670833333333,2.52741666666667,0.0411232837528604,711.746991666667,38.2664583333333,3.43804166666667,-24.3746666666667,-2.343,Inf,34.82925,-22.032125,12.7983333333333,0.321958333333333,0.868875,82.0001666666667,0.321958333333333,33.6129166666667,41.0662916666667,13.8958333333333,1.094625,NaN,NaN,250,1.02808209382151
2023-10-05 00:00:00,6379.5,12.8004166666667,2.99395833333333,72.2695833333333,2.50366666666667,277.6,2.51725,0.127517543859649,716.463029166667,40.9320833333333,3.444375,-27.7662916666667,-3.50625,Inf,37.4843333333333,-24.2599166666667,13.22825,0.211291666666667,0.716375,107.79525,0.211291666666667,104.392916666667,40.7189166666667,13.164125,-0.0614166666666665,NaN,NaN,250,3.18793859649123
2023-10-06 00:00:00,6403.5,12.8675,2.58329166666667,73.7270833333333,2.44908333333333,236.570833333333,2.46058333333333,0.230675438596491,717.585416666667,43.2426666666667,3.8195,-28.2761666666667,-3.13904166666667,0.0504210526315789,39.4280416666667,-25.136625,14.288125,0.105791666666667,0.495375,146.58125,0.105791666666667,143.63375,19.913125,14.964875,0.679708333333333,NaN,NaN,250,5.76688596491228
2023-10-07 00:00:00,6427.5,12.76375,3.83083333333333,61.5708333333333,2.23729166666667,205.3125,2.25395833333333,0.209837719298246,716.8229875,35.309375,3.36095833333333,-36.9795833333333,-7.36795833333333,Inf,31.9487916666667,-29.6125,2.333,0.263458333333333,0.663083333333333,163.835416666667,0.263458333333333,173.933333333333,24.1539166666667,-1.67458333333333,-4.00766666666667,NaN,NaN,250,5.24594298245614
2023-10-08 00:00:00,6451.5,12.7566666666667,3.94641666666667,55.5629166666667,2.44041666666667,197.483333333333,2.45804166666667,0.04975,715.0322,30.5828333333333,3.457125,-37.3458333333333,-7.72108333333333,-0.251894736842105,27.1247083333333,-29.6241666666667,-2.49783333333333,0.243541666666667,0.6735,167.573333333333,0.243541666666667,177.795833333333,24.6810416666667,-6.76383333333333,-4.26341666666667,NaN,NaN,250,1.24375
2023-10-09 00:00:00,6475.5,12.765,3.67670833333333,52.09625,2.54679166666667,206.220833333333,2.56333333333333,0.00857516339869281,711.193716666667,28.6939166666667,3.46195833333333,-36.6475,-7.253375,Inf,25.2321666666667,-29.3954166666667,-4.163375,0.28625,0.685666666666667,162.626666666667,0.28625,162.77875,30.6472916666667,-7.95520833333334,-3.79120833333333,NaN,NaN,250,0.21437908496732
2023-10-10 00:00:00,6499.5,12.8116666666667,3.32291666666667,48.4254166666667,2.49858333333333,218.45,2.513,0.00313316993464052,706.335670833333,23.3545416666667,3.42204166666667,-32.1491666666667,-6.39533333333333,-0.228318181818182,19.93375,-25.7530833333333,-5.821125,0.260916666666667,0.694375,171.03375,0.260916666666667,161.655416666667,28.0849166666667,-8.795375,-2.97308333333333,NaN,NaN,250,0.0783292483660131
2023-10-11 00:00:00,6523.5,12.8458333333333,3.62145833333333,71.97,2.56491666666667,216.991666666667,2.58179166666667,0.0129151785714286,698.983820833333,21.7554583333333,3.68545833333333,-15.8281666666667,-3.22058333333333,Inf,18.0705416666667,-12.6086666666667,5.46320833333333,0.208833333333333,0.6875,103.809291666667,0.208833333333333,45.1145833333333,42.81375,5.92866666666667,0.465208333333333,NaN,NaN,250,0.322879464285714
2023-10-12 00:00:00,6547.5,12.6425,-2.64720833333333,95.2208333333333,2.453625,235.679166666667,2.44204166666667,0.170142935463659,698.613279166667,4.88183333333333,9.63970833333333,-0.00808333333333333,-0.1035,NaN,-4.758875,0.0954166666666666,-4.66291666666667,0.134166666666667,0.470625,51.9295833333333,0.134166666666667,25.359375,21.5234166666667,4.873375,9.536875,NaN,NaN,250,4.25357338659148
2023-10-13 00:00:00,6571.5,12.7629166666667,-4.95058333333333,94.45,2.40475,264.6125,2.382875,0.197087719298246,709.859808333333,7.61454166666667,13.3641666666667,0.011375,-5.51341666666667,1.6621875,-5.74979166666667,5.52483333333333,-0.225375,0,0,83.523875,0,0,0,7.62770833333333,7.85166666666667,NaN,NaN,250,4.92719298245614
2023-10-14 00:00:00,6595.5,12.9204166666667,-2.05645833333333,91.8583333333333,2.418625,227.425,2.40966666666667,0.183573529411765,713.869204166667,25.5299166666667,16.381625,-11.2614583333333,-3.79554166666667,Inf,9.14795833333333,-7.46525,1.681375,0.102833333333333,0.306041666666667,139.423666666667,0.102833333333333,68.18,20.5806666666667,14.26275,12.58675,NaN,NaN,250,4.58933823529412
2023-10-15 00:00:00,6619.5,12.86125,-0.801791666666667,92.25,2.43616666666667,223.925,2.43254166666667,0.157718137254902,718.364070833333,21.2148333333333,7.66675,-28.4866666666667,-5.88341666666667,Inf,13.5455416666667,-22.6029166666667,-9.058,0.299125,0.680916666666667,183.57625,0.299125,160.234583333333,24.1525416666667,-7.27508333333333,1.78366666666667,NaN,NaN,250,3.94295343137255
2023-10-16 00:00:00,6643.5,12.7729166666667,1.66145833333333,79.9804166666667,2.45316666666667,206.745833333333,2.46054166666667,0.129125,717.914608333333,22.8830833333333,6.15691666666667,-25.4204166666667,-9.12933333333333,-0.486136363636364,16.7241666666667,-16.2915416666667,0.431666666666668,0.359166666666667,0.700958333333333,189.066666666667,0.359166666666667,188.9875,11.0810833333333,-2.53995833333333,-2.97245833333333,NaN,NaN,250,3.228125
2023-10-17 00:00:00,6667.5,12.8166666666667,4.358875,64.745,2.4665,206.466666666667,2.48595833333333,0.103666666666667,713.121925,24.8599583333333,7.716375,-30.63875,-14.3769166666667,Inf,17.1439583333333,-16.261,0.884041666666667,0.306125,0.747625,186.708333333333,0.306125,187.520833333333,41.25625,-5.77904166666667,-6.65995833333333,NaN,NaN,250,2.59166666666667
2023-10-18 00:00:00,6691.5,12.7908333333333,4.2645,65.0341666666666,2.48791666666667,197.516666666667,2.50725,0.0827916666666667,713.919195833333,19.70875,6.82341666666667,-33.8054166666667,-12.9018333333333,0.150153846153846,12.883875,-20.9037083333333,-8.01895833333333,0.303625,0.807041666666667,164.221,0.303625,156.968666666667,64.0870833333333,-14.0981666666667,-6.07791666666667,NaN,NaN,250,2.06979166666667
2023-10-19 00:00:00,6715.5,12.7220833333333,5.63525,60.055,2.50208333333333,206.483333333333,2.52766666666667,0.063,716.817,15.9811666666667,4.97691666666667,-35.6820833333333,-15.5,0.360583333333333,11.0034583333333,-20.1829583333333,-9.179,0.311291666666667,0.885416666666667,152.715,0.311291666666667,135.594583333333,65.6329166666667,-19.697625,-10.5225416666667,NaN,NaN,250,1.575
2023-10-20 00:00:00,6739.5,12.7133333333333,5.12825,49.4845833333333,2.52141666666667,202.829166666667,2.54491666666667,0.0463333333333333,715.493216666666,15.0230416666667,4.49116666666667,-37.2245833333333,-15.602,-0.114176470588235,10.533375,-21.623,-11.0892916666667,0.332875,0.737208333333333,189.85125,0.332875,170.8175,39.3515833333333,-22.2029166666667,-11.111125,NaN,NaN,250,1.15833333333333
2023-10-21 00:00:00,6763.5,12.7658333333333,4.238625,56.34,2.54016666666667,205.258333333333,2.55945833333333,0.0307916666666667,711.894508333333,16.790875,5.11645833333333,-30.108875,-14.0752916666667,-533.4948,11.6729166666667,-16.033875,-4.35908333333333,0.270291666666667,0.701791666666666,179.219166666667,0.270291666666667,185.720833333333,17.497625,-13.3213333333333,-8.95866666666667,NaN,NaN,250,0.769791666666667
2023-10-22 00:00:00,6787.5,12.7329166666667,3.050625,60.8683333333333,2.56083333333333,211.866666666667,2.57483333333333,0.014875,708.6062875,13.4369166666667,4.37675,-32.50875,-9.7425,Inf,9.06116666666667,-22.765,-13.7052083333333,0.307083333333333,0.731625,178.221666666667,0.307083333333333,171.73375,26.3868333333333,-19.0720833333333,-5.36629166666667,NaN,NaN,250,0.371875
2023-10-23 00:00:00,6811.5,12.70875,4.51025,51.37125,2.55733333333333,192.6125,2.57825,0.0132,706.012758333334,15.58075,3.74375,-32.2870833333333,-12.9880833333333,0.112923076923077,11.83575,-19.2995833333333,-7.462,0.351916666666667,0.760333333333333,160.646416666667,0.351916666666667,169.068041666667,34.4522916666667,-16.7058333333333,-9.244125,NaN,NaN,250,0.33
2023-10-24 00:00:00,6835.5,12.8591666666667,3.07558333333333,57.9679166666667,2.566,197.7,2.58045833333333,0.0105,707.178554166667,20.6070833333333,5.86779166666667,-32.7375,-9.18804166666667,-0.40225,14.7399166666667,-23.5504166666667,-8.81075,0.150208333333333,0.528,137.697375,0.150208333333333,151.097708333333,30.1065,-12.1302083333333,-3.320375,NaN,NaN,250,0.2625
2023-10-25 00:00:00,6859.5,12.7579166666667,2.67866666666667,58.7366666666667,2.573875,206.729166666667,2.58633333333333,0.00204166666666667,707.053208333334,10.64875,3.53620833333333,-35.77375,-8.29404166666667,Inf,7.112625,-27.4804166666667,-20.3682083333333,0.218375,0.622041666666667,165.462083333333,0.218375,148.909625,38.6539583333333,-25.1245833333333,-4.75745833333333,NaN,NaN,250,0.0510416666666666
2023-10-26 00:00:00,6883.5,12.7845833333333,1.28529166666667,62.0645833333333,2.49270833333333,224.65,2.49954166666667,0.00159868421052631,705.016316666667,17.6167083333333,4.583,-23.20725,-7.97925,-Inf,13.0352083333333,-15.2280833333333,-2.19454166666667,0.496,1.07816666666667,127.975583333333,0.496,243.11375,54.7908333333333,-5.591125,-3.397375,NaN,NaN,250,0.0399671052631579
2023-10-27 00:00:00,6907.5,12.8341666666667,-0.638083333333333,78.1091666666667,2.51491666666667,276.25,2.51204166666667,0.0276842105263158,707.692191666667,20.609125,10.415375,-6.4015,-1.85583333333333,Inf,10.1935,-4.546,5.648,0.231833333333333,0.731125,173.665416666667,0.231833333333333,167.6,51.2933333333333,14.20875,8.55945833333333,NaN,NaN,250,0.692105263157894
2023-10-28 00:00:00,6931.5,12.6120833333333,-4.56145833333333,92.5958333333333,2.37820833333333,247.666666666667,2.359,0.120868146929825,705.7108625,3.738,10.076375,-0.137583333333333,-0.765791666666667,1.63,-6.338625,0.628291666666667,-5.7095,0.0065,0.072,47.51875,0.0065,10.1666666666667,3.14545833333333,3.60095833333333,9.31070833333333,NaN,NaN,250,3.02170367324561
2023-10-29 00:00:00,6955.5,12.6841666666667,-12.5166666666667,85.33125,2.30841666666667,229.345833333333,2.25483333333333,0.159890625,709.664425,4.17929166666667,10.422125,-0.0204583333333333,-3.81725,1.76516666666667,-6.24375,3.79741666666667,-2.44616666666667,0.0325416666666667,0.198916666666667,107.137708333333,0.0325416666666667,27.7339166666667,14.4747083333333,4.15891666666667,6.60525,NaN,NaN,250,3.997265625
2023-10-30 00:00:00,6979.5,12.66375,-11.77875,76.75625,2.407625,264.025,2.35433333333333,0.148141025641026,711.7084125,1.591625,5.51504166666667,-0.156333333333333,-6.338375,1.5381875,-3.92304166666667,6.18133333333334,2.25866666666667,0.213625,0.639,92.4053333333334,0.213625,102.88875,49.2725833333333,1.43533333333333,-0.823708333333333,NaN,NaN,250,3.70352564102564
2023-10-31 00:00:00,7003.5,12.69625,-7.201625,73.9804166666667,2.50716666666667,219.304166666667,2.47375,0.127733974358974,713.575441666667,2.3035,5.70745833333333,-0.695708333333333,-6.19079166666667,Inf,-3.40325,5.49504166666667,2.091375,0.366416666666667,0.829291666666667,113.641666666667,0.366416666666667,105.605416666667,49.9375,1.607875,-0.483833333333334,NaN,NaN,250,3.19334935897436
2023-11-01 00:00:00,7027.5,12.8016666666667,-2.955,69.7595833333333,2.47366666666667,196.9375,2.45991666666667,0.129916666666667,712.090058333333,16.4152083333333,10.508,-15.4345,-6.315,0.104705882352941,5.9085,-9.11908333333333,-3.20975,0.18025,0.561541666666667,136.411416666667,0.18025,150.483333333333,57.9958333333333,0.982416666666665,4.19233333333333,NaN,NaN,250,3.24791666666667
2023-11-02 00:00:00,7051.5,12.8308333333333,-0.9615,60.9191666666667,2.465,192.529166666667,2.46058333333333,0.129375,711.3691,14.1302916666667,8.05954166666667,-26.6572083333333,-7.355125,Inf,6.07083333333333,-19.3031666666667,-13.2337916666667,0.266958333333333,0.821541666666667,157.897625,0.266958333333333,144.49775,68.86875,-12.5287916666667,0.70475,NaN,NaN,250,3.234375
2023-11-03 00:00:00,7075.5,12.79375,1.01395833333333,68.1170833333334,2.46091666666667,197.983333333333,2.4655,0.124458333333333,712.039316666667,10.76475,5.86641666666667,-29.5399583333333,-7.96029166666667,Inf,4.89770833333333,-21.5795416666667,-16.682625,0.17275,0.606166666666667,171.6175,0.17275,210.220833333333,77.1833333333334,-18.7750416666667,-2.09308333333333,NaN,NaN,250,3.11145833333333
2023-11-04 00:00:00,7099.5,12.6958333333333,1.07575,63.7695833333333,2.46375,198.166666666667,2.468625,0.121333333333333,713.724970833333,7.34929166666667,4.54470833333333,-34.2375,-9.20775,Inf,2.80420833333333,-25.03,-22.2254166666667,0.290208333333333,0.786916666666667,181.169541666667,0.290208333333333,166.473583333333,53.8808333333333,-26.8883333333333,-4.66216666666667,NaN,NaN,250,3.03333333333333
2023-11-05 00:00:00,7123.5,12.7716666666667,3.26804166666667,51.7595833333333,2.46425,202.8875,2.47883333333333,0.11125,709.320058333333,15.584,7.25770833333333,-31.0770833333333,-12.2721666666667,Inf,8.32591666666667,-18.8039166666667,-10.4785416666667,0.314375,0.902041666666667,159.785625,0.314375,154.285,75.6466666666667,-15.4925416666667,-5.01425,NaN,NaN,250,2.78125
2023-11-06 00:00:00,7147.5,12.8325,3.20375,49.93,2.48095833333333,200.0625,2.4955,0.0944583333333334,707.1100375,18.0865833333333,7.82891666666667,-21.3941666666667,-11.8615,Inf,10.2594166666667,-9.533875,0.726666666666667,0.319,0.90825,193.738916666667,0.319,127.766125,72.68375,-3.306,-4.033375,NaN,NaN,250,2.36145833333333
2023-11-07 00:00:00,7171.5,12.8958333333333,3.844,49.53375,2.49358333333333,217.5875,2.51116666666667,0.0828409863945578,704.125254166667,26.2192083333333,10.2562916666667,-19.073125,-12.5282083333333,NaN,15.9662916666667,-6.54583333333333,9.419625,0.503125,1.180875,124.108541666667,0.503125,101.183083333333,57.66,7.14883333333333,-2.27208333333333,NaN,NaN,250,2.07102465986395
2023-11-08 00:00:00,7195.5,12.8120833333333,-5.23758333333333,88.535,2.43758333333333,238.4875,2.41408333333333,0.0972244897959184,707.580395833333,7.61204166666667,13.4058333333333,-0.0192916666666667,-2.21979166666667,Inf,-5.79370833333333,2.200375,-3.59358333333333,0.0402083333333333,0.209625,51.971375,0.0402083333333333,17.9354166666667,5.650125,7.592875,11.1867916666667,NaN,NaN,250,2.43061224489796
2023-11-09 00:00:00,7219.5,12.6504166666667,-7.82883333333333,79.1754166666667,2.51058333333333,241.708333333333,2.47425,0.11372619047619,710.860441666667,1.77895833333333,4.208875,-0.199541666666667,-4.30395833333333,0.705736842105263,-2.42954166666667,4.10454166666667,1.675125,0.0855833333333333,0.408083333333333,110.597833333333,0.0855833333333333,108.352916666667,25.8971666666667,1.57945833333333,-0.0957500000000001,NaN,NaN,250,2.84315476190476
2023-11-10 00:00:00,7243.5,12.6941666666667,-7.149125,61.9575,2.50866666666667,197.483333333333,2.475375,0.11425,709.411125,3.73891666666667,6.72404166666667,-0.767291666666666,-5.46391666666667,Inf,-2.98466666666667,4.69679166666667,1.71233333333333,0.198958333333333,0.635375,157.511083333333,0.198958333333333,137.71375,49.0467083333333,2.97145833333333,1.259125,NaN,NaN,250,2.85625
2023-11-11 00:00:00,7267.5,12.7233333333333,-4.19654166666667,52.8491666666667,2.49695833333333,195.0875,2.47770833333333,0.112166666666667,710.175254166667,11.5620416666667,7.62591666666667,-17.531,-6.29454166666667,-0.359578947368421,3.93533333333333,-11.236375,-7.30141666666667,0.207083333333333,0.762791666666666,159.499,0.207083333333333,132.25625,69.22625,-5.96879166666667,1.33175,NaN,NaN,250,2.80416666666667
2023-11-12 00:00:00,7291.5,12.61,-2.71291666666667,49.75875,2.49558333333333,193.758333333333,2.48295833333333,0.107166666666667,715.116266666667,4.53408333333333,3.74045833333333,-35.065,-7.89170833333333,0.0155,0.794,-27.1741666666667,-26.38,0.239875,0.647,153.905,0.239875,161.5825,31.4376666666667,-30.5308333333333,-4.151125,NaN,NaN,218,2.33623333333333
2023-11-13 00:00:00,4266.33333333333,12.66,-0.506375,46.46125,2.48675,199.745833333333,2.48433333333333,0.105708333333333,714.465166666667,7.79391666666667,4.81979166666667,-34.50375,-10.008625,Inf,2.97416666666667,-24.4941666666667,-21.5210833333333,0.306041666666667,0.694208333333334,182.67875,0.306041666666667,172.45,41.6993333333333,-26.709125,-5.18916666666667,NaN,NaN,240,2.537
2023-11-14 00:00:00,21.5,12.5995833333333,0.791791666666667,42.6045833333333,2.492,220.525,2.4955,0.095745,711.913258333333,4.108625,3.50491666666667,-38.2254166666667,-11.11125,Inf,0.603625,-27.1145833333333,-26.5091666666667,0.14675,0.577833333333333,164.65125,0.14675,187.786666666667,69.4495833333333,-34.1170833333333,-7.60729166666667,NaN,NaN,266,2.546817
2023-11-15 00:00:00,45.5,12.6258333333333,0.43925,45.0595833333333,2.49883333333333,248.1,2.50058333333333,0.0909633333333333,712.262116666667,7.57708333333333,4.63366666666667,-34.8129166666667,-10.1609583333333,0.1575,2.94316666666667,-24.6529166666667,-21.7085416666667,0.136958333333333,0.492708333333333,179.599583333333,0.136958333333333,176.4125,50.993,-27.2351666666667,-5.52695833333333,NaN,NaN,292,2.65612933333333
2023-11-16 00:00:00,69.5,12.6170833333333,0.974958333333334,74.9370833333333,2.47016666666667,214.270833333333,2.47454166666667,0.101895833333333,707.606041666667,6.39791666666667,6.495875,-11.946125,-4.65645833333333,Inf,-0.0984166666666667,-7.28825,-7.38729166666667,0.248458333333333,0.786416666666667,148.729333333333,0.248458333333333,140.820958333333,56.9325,-5.54804166666667,1.83883333333333,NaN,NaN,318,3.2402875
2023-11-17 00:00:00,93.5,12.60875,-0.904166666666666,81.9904166666667,2.468875,203.616666666667,2.46466666666667,0.125333333333333,710.498358333333,5.10029166666667,4.63820833333333,-1.46533333333333,-4.91804166666667,Inf,0.462875,3.45266666666667,3.916,0.202041666666667,0.70575,147.287875,0.202041666666667,203.643291666667,63.7458333333333,3.63554166666667,-0.280166666666667,NaN,NaN,255,3.196
2023-11-18 00:00:00,117.5,12.7383333333333,-0.499,71.4645833333333,2.45054166666667,247.829166666667,2.44816666666667,0.144467069892473,708.168720833333,16.3008333333333,8.629125,-15.7631666666667,-6.17320833333333,NaN,7.67154166666667,-9.589625,-1.91858333333333,0.121083333333333,0.463583333333333,155.983666666667,0.121083333333333,106.107166666667,46.0129166666667,0.538708333333334,2.455375,NaN,NaN,346,4.99856061827957
2023-11-19 00:00:00,141.5,12.76875,-2.76945833333333,90.2104166666667,2.408875,281.9625,2.39670833333333,0.189540322580645,702.2951625,6.1925,10.11075,-0.160625,-2.18495833333333,0.599470588235294,-3.9185,2.0245,-1.89379166666667,0.09925,0.480041666666667,62.6099583333333,0.09925,50.657125,20.6332916666667,6.031625,7.92525,NaN,NaN,211,3.99930080645161
2023-11-20 00:00:00,165.5,12.58875,-5.305125,93.6291666666667,2.32383333333333,246.325,2.301125,0.234888440860215,710.6920125,3.38179166666667,9.33129166666667,-0.0187083333333333,-1.354375,668.23575,-5.94958333333333,1.33554166666667,-4.614125,0.156208333333333,0.565833333333334,48.95625,0.156208333333333,48.7266666666667,18.8218333333333,3.362875,7.976875,NaN,NaN,212,4.97963494623656
2023-11-21 00:00:00,189.5,12.5516666666667,-6.87633333333333,92.9791666666667,2.366625,231.620833333333,2.33658333333333,0.24725,717.695733333333,1.033125,3.12904166666667,-0.0760833333333333,-5.152125,Inf,-2.0965,5.07608333333333,2.97975,0.0529166666666667,0.275791666666667,131.276833333333,0.0529166666666667,138.163333333333,30.2082916666667,0.957125,-2.02266666666667,NaN,NaN,199,4.920275
2023-11-22 00:00:00,213.5,12.6066666666667,-3.108,85.8991666666667,2.37429166666667,209.583333333333,2.36066666666667,0.229333333333333,712.963579166667,3.94829166666667,7.9695,-0.194958333333333,-4.490125,Inf,-4.02104166666667,4.29575,0.274416666666667,0.163208333333333,0.511708333333333,164.358333333333,0.163208333333333,164.5875,38.8145,3.75354166666667,3.47991666666667,NaN,NaN,200,4.58666666666667
2023-11-23 00:00:00,237.5,12.76875,-6.731375,87.5816666666667,2.401375,200.7125,2.37158333333333,0.219102459016393,705.592804166667,9.20741666666667,9.77720833333333,-0.179041666666667,-2.70816666666667,NaN,-0.57,2.52908333333333,1.95945833333333,0.113916666666667,0.45375,94.3925,0.113916666666667,66.6966666666667,7.06725,9.02783333333333,7.06883333333333,NaN,NaN,302,6.61689426229508
2023-11-24 00:00:00,261.5,12.7254166666667,-12.9908333333333,87.6291666666667,2.39641666666667,242.933333333333,2.33854166666667,0.230885245901639,702.473191666667,7.124875,12.8220416666667,-0.0211666666666667,-0.238208333333333,1.72044444444444,-5.697125,0.217083333333333,-5.480625,0.00470833333333333,0.0392083333333333,47.4329166666667,0.00470833333333333,3.09916666666667,0.00391666666666667,7.104,12.5839166666667,NaN,NaN,303,6.99582295081967
2023-11-25 00:00:00,285.5,12.6683333333333,-12.115,86.875,2.34658333333333,235.775,2.29420833333333,0.25055737704918,702.133658333333,5.27695833333333,11.6588333333333,-0.0131666666666667,-2.08879166666667,668.134,-6.38195833333333,2.07558333333333,-4.30666666666667,0.021125,0.14975,86.150375,0.021125,14.9915,12.44875,5.263375,9.57058333333333,NaN,NaN,261,6.53954754098361
2023-11-26 00:00:00,309.5,12.5470833333333,-12.7983333333333,83.8416666666667,2.235125,229.83625,2.18245833333333,0.26678825136612,707.231579166667,0.741625,3.16145833333333,-0.196666666666667,-6.6,0.555772727272727,-2.419625,6.40279166666667,3.98304166666667,0.105416666666667,0.479041666666667,91.1105416666667,0.105416666666667,105.075625,53.9504166666667,0.545,-3.43795833333333,NaN,NaN,230,6.13612978142077
2023-11-27 00:00:00,333.5,12.5395833333333,-11.4149166666667,78.0516666666667,2.38270833333333,216.858333333333,2.332375,0.25825,709.865670833333,0.579875,3.04779166666667,-0.289541666666667,-6.938375,348.477,-2.46783333333333,6.64883333333333,4.18133333333333,0.151833333333333,0.569458333333333,128.838583333333,0.151833333333333,108.982791666667,62.3116666666667,0.290416666666667,-3.89075,NaN,NaN,244,6.3013
2023-11-28 00:00:00,357.5,12.5316666666667,-7.16779166666667,60.6433333333333,2.36591666666667,209.766666666667,2.334625,0.25525,712.024575,-0.231625,3.38495833333333,-0.549708333333333,-8.68829166666667,0.577590909090909,-3.61645833333333,8.13925,4.52254166666667,0.288,0.7325,134.188416666667,0.288,146.462083333333,58.9258333333333,-0.781291666666667,-5.30370833333333,NaN,NaN,257,6.559925
2023-11-29 00:00:00,381.5,12.6175,-6.69970833333333,57.8679166666667,2.37079166666667,219.679166666667,2.34129166666667,0.24875,705.611270833333,4.91125,7.913625,-1.648125,-6.52075,0.113347826086957,-3.0025,4.87216666666667,1.86966666666667,0.175958333333333,0.516833333333333,182.05875,0.175958333333333,183.0625,33.2407916666667,3.263375,1.39345833333333,NaN,NaN,308,7.6615
2023-11-30 00:00:00,405.5,12.7058333333333,-6.42833333333333,68.7683333333333,2.36741666666667,210.329166666667,2.33941666666667,0.247083333333333,698.962370833333,15.358,8.93708333333333,-4.745625,-3.74570833333333,-0.131590909090909,6.4195,-1.00070833333333,5.41908333333333,0.0670833333333333,0.359791666666667,105.924041666667,0.0670833333333333,91.215,16.679625,10.6115416666667,5.19170833333333,NaN,NaN,338,8.35141666666667
2023-12-01 00:00:00,429.5,12.5845833333333,-8.85391666666667,87.2041666666667,2.343625,229.541666666667,2.305375,0.35260775862069,697.649245833333,5.308875,8.64875,-0.0176666666666667,-2.01783333333333,1.10605263157895,-3.34108333333333,2.000125,-1.34020833333333,0.0460416666666667,0.293291666666667,89.9808333333333,0.0460416666666667,39.2579166666667,18.0899166666667,5.29095833333333,6.630875,NaN,NaN,298,10.5077112068965
2023-12-02 00:00:00,453.5,12.5245833333333,-10.98,89.0541666666667,2.107375,260.354166666667,2.06475,0.520814655172414,698.833841666667,2.1805,5.97058333333333,-0.00241666666666667,-0.388375,2.65075,-3.79041666666667,0.385958333333333,-3.40458333333333,0.188791666666667,0.722375,120.534541666667,0.188791666666667,129.938125,49.5508333333333,2.17808333333333,5.58304166666667,NaN,NaN,268,13.9578327586207
2023-12-03 00:00:00,477.5,12.5154166666667,-8.29458333333333,92.875,1.85008333333333,234.35,1.82220833333333,0.630528975095786,700.8038875,3.18370833333333,9.12483333333333,-0.102291666666667,-0.555458333333333,-Inf,-5.94125,0.453083333333334,-5.48820833333333,0.3685,1.09641666666667,139.401833333333,0.3685,174.108,65.20125,3.08175,8.56920833333333,NaN,NaN,280,17.654811302682
2023-12-04 00:00:00,501.5,12.63625,-3.98675,94.3833333333333,1.92079166666667,236.958333333333,1.90658333333333,0.544689376876877,708.986158333333,13.4827083333333,8.32320833333333,-2.63516666666667,-2.40933333333333,Inf,5.16025,-0.22575,4.93420833333333,0.297833333333333,0.823333333333333,108.091208333333,0.297833333333333,204.203666666667,65.3158333333333,10.847375,5.91395833333333,NaN,NaN,214,11.6563526651652
2023-12-05 00:00:00,525.5,12.54625,-4.09333333333333,90.5166666666667,2.09175,240.254166666667,2.07591666666667,0.502192567567568,715.543241666667,4.06108333333333,4.18083333333333,-5.38554166666667,-6.16633333333333,0.0338181818181818,-0.119541666666667,0.779958333333334,0.660583333333334,0.355166666666667,0.837208333333333,159.538333333333,0.355166666666667,168.91875,55.16625,-1.32416666666667,-1.98479166666667,NaN,NaN,215,10.7971402027027
2023-12-06 00:00:00,549.5,12.51625,-2.708625,84.0691666666667,2.125625,233.866666666667,2.11495833333333,0.475041666666667,712.9575125,1.917875,3.590375,-9.40054166666667,-7.73170833333333,0.151529411764706,-1.67245833333333,-1.66791666666667,-3.340125,0.356041666666667,0.748541666666667,170.09125,0.356041666666667,161.204166666667,54.0241666666666,-7.482875,-4.14233333333333,NaN,NaN,217,10.3084041666667
2023-12-07 00:00:00,573.5,12.55375,-3.282125,78.7675,2.05983333333333,232.879166666667,2.04791666666667,0.466017210144928,702.2107875,9.98366666666667,6.18045833333333,-12.6509166666667,-4.90795833333333,0.427625,3.80329166666667,-7.74341666666667,-3.941125,0.492916666666667,1.19033333333333,117.02875,0.492916666666667,149.768666666667,59.8591666666667,-2.668,1.27291666666667,NaN,NaN,218,10.1591751811594
2023-12-08 00:00:00,597.5,12.5095833333333,-9.42616666666667,88.7379166666667,1.938875,245.470833333333,1.90491666666667,0.496972826086957,699.755104166666,2.563125,6.32620833333333,-0.0679166666666667,-3.72025,-Inf,-3.7635,3.65204166666667,-0.110916666666667,0.0576666666666667,0.321875,133.402958333333,0.0576666666666667,97.801875,31.778,2.49525,2.60604166666667,NaN,NaN,244,12.1261369565217
2023-12-09 00:00:00,621.5,12.5583333333333,-13.3141666666667,84.8270833333333,2.05429166666667,268.2625,2.0035,0.531668478260869,709.067425,4.08395833333333,11.8394583333333,0.004125,-3.476625,-613.487384615385,-7.754875,3.4805,-4.27533333333333,0.154166666666667,0.393458333333333,105.289791666667,0.154166666666667,11.76,15.05875,4.088125,8.3625,NaN,NaN,253,13.4512125
2023-12-10 00:00:00,645.5,12.525,-8.972125,86.5866666666667,2.046375,261.070833333333,2.01229166666667,0.566364130434783,708.7881875,2.06358333333333,7.10316666666667,-0.124708333333333,-1.92116666666667,-1998.3571875,-5.04058333333333,1.79633333333333,-3.24329166666667,0.249583333333333,0.70925,221.93475,0.249583333333333,230.501625,68.9620833333333,1.93895833333333,5.18279166666667,NaN,NaN,255,14.442285326087
2023-12-11 00:00:00,669.5,12.5383333333333,-4.70966666666667,90.9979166666667,2.01729166666667,243.679166666667,1.99979166666667,0.590660093167702,708.454979166666,3.00983333333333,7.83366666666667,-0.175,-3.91841666666667,-2664.54616666667,-4.82491666666667,3.74329166666667,-1.08179166666667,0.125541666666667,0.503041666666667,106.405791666667,0.125541666666667,73.51375,37.1962083333333,2.83454166666667,3.916125,NaN,NaN,191,11.2816077795031
2023-12-12 00:00:00,693.5,12.5604166666667,-7.9425,89.2583333333333,1.83404166666667,270.7375,1.80891666666667,0.572171428571429,708.599741666667,4.166375,7.13795833333333,-0.746916666666667,-4.64008333333333,-Inf,-2.97208333333333,3.89325,0.921208333333333,0.110333333333333,0.251791666666667,99.2858333333333,0.110333333333333,68.65625,4.06570833333333,3.41966666666667,2.49845833333333,NaN,NaN,192,10.9856914285714
2023-12-13 00:00:00,717.5,12.53875,-8.627125,88.4645833333333,2.071375,222.9375,2.03820833333333,0.551837962962963,711.5117875,3.85545833333333,5.307375,-4.61345833333333,-5.695125,Inf,-1.45141666666667,1.08108333333333,-0.370166666666667,0.107916666666667,0.308916666666667,183.9125,0.107916666666667,158.541666666667,5.12216666666667,-0.757666666666667,-0.38775,NaN,NaN,211,11.6437810185185
2023-12-14 00:00:00,741.5,12.5208333333333,-8.02479166666667,88.86125,2.0745,229.120833333333,2.04379166666667,0.545870370370371,710.122979166667,4.70970833333333,4.59579166666667,-21.5305833333333,-6.02925,-Inf,0.113416666666667,-15.5004166666667,-15.387125,0.233916666666667,0.649291666666667,169.389583333333,0.233916666666667,160.67,23.8610833333333,-16.8205833333333,-1.43325,NaN,NaN,233,12.7187796296296
2023-12-15 00:00:00,765.5,12.49875,-8.18795833333333,82.2895833333333,2.092375,241.070833333333,2.06079166666667,0.5261875,714.0136625,3.74245833333333,4.29583333333333,-33.2283333333333,-7.9555,Inf,-0.553958333333333,-25.2716666666667,-25.8258333333333,0.143708333333333,0.522041666666667,155.650833333333,0.143708333333333,158.536666666667,47.216375,-29.4847083333333,-3.659,NaN,NaN,241,12.68111875
2023-12-16 00:00:00,789.5,12.5075,-4.55970833333333,62.8391666666667,2.07395833333333,207.570833333333,2.05641666666667,0.530979166666667,712.753958333333,7.370875,6.19454166666667,-33.2766666666667,-9.12383333333333,Inf,1.177,-24.1533333333333,-22.97675,0.278333333333333,0.754291666666667,153.049166666667,0.278333333333333,179.827625,77.9366666666667,-25.9075833333333,-2.92975,NaN,NaN,242,12.8496958333333
2023-12-17 00:00:00,813.5,12.465,-4.88645833333333,55.7995833333333,2.083625,192.025,2.064875,0.525125,712.635329166667,3.049375,3.84720833333333,-35.22625,-9.41995833333333,Inf,-0.797958333333333,-25.8054166666667,-26.60375,0.285541666666667,0.748666666666666,172.874166666667,0.285541666666667,183.104791666667,56.452625,-32.1783333333333,-5.57325,NaN,NaN,244,12.81305
2023-12-18 00:00:00,837.5,12.5608333333333,-4.02370833333333,54.3245833333333,2.087625,192.566666666667,2.07191666666667,0.518083333333333,711.040079166667,13.575,8.303875,-32.295,-10.0156666666667,-0.166428571428572,5.27391666666666,-22.2795833333333,-17.0050416666667,0.2455,0.647833333333333,166.432083333333,0.2455,182.675,42.33375,-18.7164166666667,-1.71191666666667,NaN,NaN,245,12.6930416666667
2023-12-19 00:00:00,861.5,12.5208333333333,-2.67433333333333,61.39875,2.08858333333333,191.783333333333,2.07820833333333,0.511791666666667,706.960620833333,6.77054166666667,4.62008333333333,-31.4575,-9.804375,Inf,2.15020833333333,-21.6545833333333,-19.5032916666667,0.114708333333333,0.454666666666667,166.558041666667,0.114708333333333,171.327125,56.4325416666667,-24.6875,-5.18329166666667,NaN,NaN,246,12.590075
2023-12-20 00:00:00,885.5,12.61,-2.34645833333333,72.7916666666667,2.09516666666667,181.05,2.08608333333333,0.503916666666667,708.871479166667,16.2934166666667,8.69375,-20.2675416666667,-6.363625,Inf,7.59758333333333,-13.9047083333333,-6.3065,0.1055,0.451875,154.307916666667,0.1055,155.283333333333,32.001125,-3.97508333333333,2.33141666666667,NaN,NaN,246,12.39635
2023-12-21 00:00:00,909.5,12.6025,-2.70283333333333,80.91625,2.10529166666667,188.729166666667,2.09491666666667,0.495333333333334,711.256954166667,15.1118333333333,8.37520833333333,-13.3856666666667,-3.920375,Inf,6.73704166666667,-9.46466666666667,-2.728875,0.148708333333333,0.66,127.714125,0.148708333333333,80.4425,39.119625,1.727375,4.455125,NaN,NaN,247,12.2347333333333
2023-12-22 00:00:00,933.5,12.4870833333333,-4.50008333333333,79.0920833333333,2.11779166666667,186.795833333333,2.10020833333333,0.489875,709.16985,4.19770833333333,3.695625,-31.7454166666667,-7.06325,Inf,0.502291666666666,-24.6808333333333,-24.18,0.172125,0.558583333333333,133.7,0.172125,123.224708333333,47.3066666666667,-27.5470833333333,-3.36758333333333,NaN,NaN,255,12.4918125
2023-12-23 00:00:00,957.5,12.5854166666667,-4.07679166666667,89.4083333333333,2.07866666666667,206.191666666667,2.063125,0.525375,700.945758333333,11.5501666666667,9.31429166666667,-2.84845833333333,-3.02908333333333,0.5966,2.23666666666667,0.180791666666667,2.41783333333333,0.0482083333333333,0.271875,102.92875,0.0482083333333333,65.915,6.69370833333333,8.70270833333333,6.284875,NaN,NaN,280,14.7105
2023-12-24 00:00:00,981.5,12.4754166666667,-12.67425,87.2458333333334,1.96083333333333,212.0625,1.91475,0.675833333333333,703.276441666667,4.61,10.770125,0.032875,-2.64966666666667,-886.606222222222,-6.16033333333333,2.68254166666667,-3.47708333333333,0.0670416666666667,0.199,59.2661666666667,0.0670416666666667,7.28475,5.94833333333333,4.642625,8.12054166666667,NaN,NaN,241,16.2875833333333
2023-12-25 00:00:00,1005.5,12.45,-16.1495833333333,82.8779166666667,1.99204166666667,215.175,1.93220833333333,0.657666666666667,703.459783333333,5.09908333333333,11.1428333333333,0.00645833333333333,-3.57458333333333,Inf,-6.04320833333333,3.581,-2.46254166666667,0.247666666666667,0.655875,92.6783333333333,0.247666666666667,70.8102083333333,40.03125,5.1055,7.568,NaN,NaN,248,16.3101333333333
2023-12-26 00:00:00,1029.5,12.4408333333333,-13.0795833333333,85.5458333333333,1.995625,223.4375,1.94716666666667,0.641629901960784,704.364770833333,5.48170833333333,11.312375,-0.0517083333333333,-0.566625,-Inf,-5.83016666666667,0.514958333333333,-5.31554166666667,0.1485,0.550458333333333,97.8573333333333,0.1485,81.0344166666667,46.2020833333333,5.42970833333333,10.7457083333333,NaN,NaN,294,18.8639191176471
2023-12-27 00:00:00,1053.5,12.4320833333333,-10.5822916666667,88.7,1.98558333333333,189.804166666667,1.9465,0.642328431372549,709.014416666667,3.30270833333333,6.11391666666667,-0.0633333333333333,-6.10466666666667,Inf,-2.81175,6.04170833333333,3.23058333333333,0.053625,0.3205,123.130958333333,0.053625,127.28875,34.613375,3.23908333333333,0.00904166666666721,NaN,NaN,249,15.9939779411765
2023-12-28 00:00:00,1077.5,12.42125,-11.2978333333333,85.75,2.00745833333333,185.891666666667,1.9655,0.6245,711.316795833333,1.264125,2.40741666666667,-0.0565833333333333,-8.25475,0.834545454545454,-1.14275,8.19741666666667,7.055375,0.267083333333333,0.566041666666667,181.820833333333,0.267083333333333,181.433333333333,2.88429166666667,1.207625,-5.84825,NaN,NaN,250,15.6125
2023-12-29 00:00:00,1101.5,12.4158333333333,-9.98075,82.6220833333333,2.01583333333333,171.754166666667,1.97858333333333,0.611416666666667,712.830754166667,1.39016666666667,2.94354166666667,-0.145,-7.52775,0.8639375,-1.55258333333333,7.383125,5.83133333333333,0.23875,0.666041666666667,171.04875,0.23875,176.779166666667,26.416625,1.24516666666667,-4.58591666666667,NaN,NaN,251,15.3465583333333
2023-12-30 00:00:00,1125.5,12.4095833333333,-7.02504166666667,77.6345833333333,2.01466666666667,183.870833333333,1.98854166666667,0.601458333333333,709.629879166666,0.700208333333333,3.07208333333333,-0.609041666666667,-8.03608333333333,0.0928636363636364,-2.37183333333333,7.42695833333333,5.05533333333333,0.189541666666667,0.52975,164.596666666667,0.189583333333333,157.54875,51.9010416666667,0.0912083333333332,-4.96375,NaN,NaN,251,15.0966041666667
2023-12-31 00:00:00,1149.5,12.4116666666667,-8.04783333333333,77.9166666666667,2.02558333333333,192.416666666667,1.995625,0.594375,708.043541666667,9.481125,6.55366666666667,-1.72966666666667,-6.67845833333333,Inf,2.92841666666667,4.94875,7.87754166666667,0.132541666666667,0.368,191.658333333333,0.132541666666667,176.2375,5.55045833333333,7.75133333333333,-0.125458333333333,NaN,NaN,272,16.167
2024-01-01 00:00:00,1173.5,12.4675,-6.86620833333334,78.2941666666667,2.028125,192.070833333333,2.00229166666667,0.587708333333333,709.620366666667,13.30375,7.97345833333333,-14.0927916666667,-6.770375,Inf,5.33095833333333,-7.32133333333333,-1.99075,0.098875,0.424125,175.3725,0.098875,163.804583333333,25.4228333333333,-0.790500000000002,1.20179166666667,NaN,NaN,279,16.3970625
2024-01-02 00:00:00,1197.5,12.4104166666667,-9.70225,75.9775,2.04454166666667,191.7375,2.00779166666667,0.582208333333333,709.037466666667,2.771375,2.95920833333333,-31.45375,-5.97183333333333,0.140277777777778,-0.187916666666667,-25.48125,-25.67,0.25625,0.656916666666667,140.914625,0.25625,143.13,39.0846666666667,-28.68125,-3.01245833333333,NaN,NaN,279,16.2436125
2024-01-03 00:00:00,1221.5,12.415,-9.55179166666667,70.6845833333334,2.04825,191.504166666667,2.01225,0.577958333333333,705.572233333333,4.7325,3.95775,-32.0225,-7.24775,Inf,0.774708333333333,-24.7766666666667,-24.0016666666667,0.164375,0.557625,147.7575,0.164375,166.099583333333,47.4302083333333,-27.2916666666667,-3.29,NaN,NaN,280,16.1828333333333
2024-01-04 00:00:00,1245.5,12.5445833333333,-8.61229166666667,76.7345833333333,2.04608333333333,191.516666666667,2.01341666666667,0.576599358974359,701.073845833333,16.3825833333333,8.86575,-10.6697916666667,-3.95933333333333,0.467882352941177,7.5155,-6.70979166666667,0.805416666666667,0.0755416666666667,0.421416666666667,135.325416666667,0.0755416666666667,112.830833333333,14.2490416666667,5.71208333333333,4.90741666666667,NaN,NaN,281,16.2024419871795
2024-01-05 00:00:00,1269.5,12.5116666666667,-10.7454166666667,88.0875,1.98541666666667,245.116666666667,1.946125,0.631942307692308,700.1656,9.96395833333333,13.2221666666667,-0.0202083333333333,-1.785375,-Inf,-3.25875,1.76516666666667,-1.49370833333333,0.153958333333333,0.512833333333333,71.0365,0.153958333333333,42.7052083333333,19.0345833333333,9.94329166666667,11.4372916666667,NaN,NaN,250,15.7985576923077
2024-01-06 00:00:00,1293.5,12.4054166666667,-14.1895833333333,84.6083333333333,1.96129166666667,223.183333333333,1.909625,0.654041666666667,698.716958333333,2.10845833333333,5.10533333333334,-0.0850416666666667,-6.1755,1.6822,-2.99708333333333,6.09004166666667,3.093125,0.202333333333333,0.644333333333333,136.644083333333,0.202333333333333,98.855,36.2140416666667,2.023875,-1.069625,NaN,NaN,250,16.3510416666667
2024-01-07 00:00:00,1317.5,12.455,-12.7375,83.1779166666667,2.00516666666667,222.7875,1.95795833333333,0.634125,692.441741666667,4.13833333333333,9.52475,-0.116916666666667,-3.80608333333333,-Inf,-5.386625,3.68895833333333,-1.69754166666667,0.038625,0.219083333333333,120.379375,0.038625,64.4358333333333,14.3989166666667,4.02125,5.71904166666666,NaN,NaN,241,15.2824125
2024-01-08 00:00:00,1341.5,12.4720833333333,-15.6929166666667,83.85125,1.99275,243,1.93479166666667,0.649333333333333,697.270270833333,4.33666666666667,12.4129583333333,-0.0317916666666667,-2.51729166666667,-Inf,-8.076875,2.485625,-5.591125,0.154625,0.541833333333333,76.7491666666667,0.154625,61.1758333333333,18.7126666666667,4.30425,9.89533333333333,NaN,NaN,246,15.9736
2024-01-09 00:00:00,1365.5,12.3966666666667,-14.01125,85.4291666666667,1.93225,205.383333333333,1.88166666666667,0.668078638497652,696.936270833333,2.33958333333333,7.56091666666667,-0.0720833333333333,-2.6845,2.14754545454545,-5.22183333333333,2.61233333333333,-2.609875,0.572333333333333,1.16166666666667,125.570041666667,0.572333333333333,92.5259583333333,45.6045833333333,2.26720833333333,4.87683333333333,NaN,NaN,263,17.5704681924883
2024-01-10 00:00:00,1389.5,12.375,-13.7420833333333,86.8791666666667,1.84204166666667,252.808333333333,1.795125,0.704781690140845,690.510795833333,3.22041666666667,8.66058333333333,-0.0812083333333333,-1.32758333333333,Inf,-5.43983333333333,1.24620833333333,-4.19366666666667,0.207166666666667,0.78525,78.2325,0.207166666666667,54.8491666666667,38.2368333333333,3.13858333333333,7.333,NaN,NaN,239,16.8442823943662
2024-01-11 00:00:00,1413.5,12.3741666666667,-15.3254166666667,84.0325,1.83029166666667,268.045833333333,1.77816666666667,0.753795774647887,689.791466666667,4.06016666666667,11.3838333333333,-0.064625,-3.32920833333333,Inf,-7.323875,3.26445833333333,-4.06016666666667,0.133333333333333,0.443458333333333,53.80575,0.133333333333333,18.6149583333333,19.0483333333333,3.99516666666667,8.055,NaN,NaN,236,17.7895802816901
2024-01-12 00:00:00,1437.5,12.3683333333333,-15.9179166666667,85.725,1.82166666666667,240.166666666667,1.767625,0.811052230046948,690.845091666667,1.81416666666667,7.38420833333333,-0.0405833333333333,-0.0621666666666666,668.898666666667,-5.57033333333333,0.0214166666666667,-5.54875,0.430708333333333,1.10820833333333,87.1625,0.430708333333333,48.095,53.0833333333333,1.77354166666667,7.32170833333333,NaN,NaN,254,20.6007266431925
2024-01-13 00:00:00,1461.5,12.3620833333333,-14.8216666666667,87.0416666666666,1.65733333333333,209,1.611625,0.971333333333333,692.413816666667,7.53483333333333,9.94791666666667,-0.105583333333333,-1.31175,0.704294117647059,-2.413125,1.20645833333333,-1.2065,0.566083333333333,1.442875,163.556666666667,0.566083333333333,125.620458333333,71.2508333333333,7.429125,8.635875,NaN,NaN,223,21.6607333333333
2024-01-14 00:00:00,1485.5,12.3570833333333,-9.44870833333333,92.5958333333334,1.27691666666667,251.741666666667,1.25458333333333,1.29765046296296,694.072629166667,3.07729166666667,8.1045,-0.047,-1.63716666666667,Inf,-5.02658333333333,1.58995833333333,-3.43641666666667,0.0768333333333333,0.31775,97.70275,0.0768333333333333,33.2229166666667,21.4984583333333,3.03083333333333,6.46679166666667,NaN,NaN,199,25.823244212963
2024-01-15 00:00:00,1509.5,12.3516666666667,-18.88,83.7629166666667,1.261375,245.408333333333,1.21658333333333,1.32613425925926,697.638204166667,3.11420833333333,11.0059583333333,0.095125,-4.01708333333333,Inf,-7.89170833333333,4.112125,-3.7795,0.352125,1.06154166666667,118.268333333333,0.352125,61.5404166666667,45.6225,3.20979166666667,6.98958333333333,NaN,NaN,169,22.4116689814815
2024-01-16 00:00:00,1533.5,12.3445833333333,-17.1354166666667,85.5475,1.40208333333333,240.595833333333,1.3575,1.2325,700.801925,2.63408333333333,11.397875,-0.125833333333333,-6.97841666666667,421.952421052632,-8.76366666666667,6.85270833333333,-1.91091666666667,0.268958333333333,0.704958333333333,144.327583333333,0.268958333333333,159.119708333333,54.75125,2.50808333333333,4.41929166666667,NaN,NaN,196,24.157
2024-01-17 00:00:00,1557.5,12.3420833333333,-8.63575,93.2208333333333,1.425875,241.154166666667,1.40316666666667,1.19054166666667,698.87405,1.21429166666667,5.811625,-0.124125,-3.2555,-469.472470588235,-4.59775,3.13133333333333,-1.46575,0.150958333333333,0.608125,127.412916666667,0.150958333333333,136.776333333333,48.4195833333333,1.09004166666667,2.55641666666667,NaN,NaN,203,24.1679958333333
2024-01-18 00:00:00,1581.5,12.3366666666667,-7.13154166666667,94.4958333333333,1.25595833333333,273.8,1.23966666666667,1.25177214714715,703.800491666667,1.46,6.354125,-0.197,-2.69379166666667,-2131.16586666667,-4.8945,2.49691666666667,-2.397125,0.200291666666667,0.724375,77.5450416666667,0.200291666666667,80.4404166666666,48.3358333333333,1.26295833333333,3.661125,NaN,NaN,187,23.4081391516516
2024-01-19 00:00:00,1605.5,12.3654166666667,-5.969375,95.1416666666667,1.12879166666667,229.0125,1.11554166666667,1.22244594594595,708.884233333333,6.77608333333334,18.2104583333333,-0.6225,-4.6045,-398.8706,-11.4329583333333,3.982125,-7.45054166666667,0.277583333333333,0.754625,85.905,0.277583333333333,33.5170833333333,40.0579166666667,6.153875,13.6041666666667,NaN,NaN,201,24.5711635135135
2024-01-20 00:00:00,1629.5,12.46875,-3.85770833333333,96.325,0,0,0,1.18071621621622,705.922283333333,7.94191666666666,10.209375,-1.392625,-5.32766666666667,0.438166666666667,-2.26833333333333,3.93483333333333,1.66670833333333,0.143958333333333,0.508041666666667,190.367958333333,0.143958333333333,185.233208333333,34.4795416666667,6.54925,4.88233333333333,NaN,NaN,209,24.6769689189189
2024-01-21 00:00:00,1653.5,12.4941666666667,-3.57483333333333,94.7958333333333,0,0,0,1.13898648648649,701.579079166667,14.6919166666667,11.6245833333333,-2.62058333333333,-3.06091666666667,-940.783294117647,3.06795833333333,0.440166666666667,3.507875,0.156416666666667,0.609916666666667,136.218625,0.156416666666667,119.638875,43.7915,12.0712083333333,8.56316666666667,NaN,NaN,209,23.8048175675676
2024-01-22 00:00:00,1047.125,12.5454166666667,-5.50433333333333,91.975,0.573875,86.8125,0.565333333333333,1.09728753753754,675.524627083333,21.7550416666667,13.70875,-2.56479166666667,-4.09875,-614.852,8.043375,1.53395833333333,9.57758333333333,0.0989583333333333,0.446166666666667,91.0854166666667,0.0989583333333333,102.037083333333,23.379,19.18775,9.61008333333334,NaN,NaN,226,24.7986983483483
2024-01-23 00:00:00,20.5,12.5395833333333,-8.38395833333333,89.9854166666667,1.54970833333333,289.091666666667,1.5255,1.06384935897436,703.678566666667,16.0541666666667,11.2965416666667,-4.334375,-4.47795833333333,Inf,4.75691666666667,0.143625,4.90108333333333,0.137416666666667,0.372541666666667,177.833333333333,0.137416666666667,183.504166666667,10.9560416666667,11.7193333333333,6.81904166666667,-3.888125,-3.728375,227,24.149380448718
2024-01-24 00:00:00,44.5,12.5795833333333,-6.62154166666667,90.4954166666667,1.57754166666667,243.041666666667,1.55808333333333,1.04485897435897,704.898333333333,21.77675,14.4819166666667,-1.40491666666667,-3.65633333333333,0.461571428571429,7.29525,2.25170833333333,9.545875,0.0703333333333333,0.370083333333333,130.283166666667,0.0703333333333333,106.464583333333,16.0090416666667,20.3726666666667,10.8255416666667,Inf,Inf,246,25.7035307692308
2024-01-25 00:00:00,68.5,12.5729166666667,-8.20875,87.5441666666667,1.57195833333333,259.004166666667,1.54804166666667,1.04004495614035,704.409133333333,12.399625,11.2196666666667,-0.327,-6.853875,Inf,1.18004166666667,6.526625,7.70695833333334,0.12225,0.464666666666667,135.341416666667,0.12225,109.817916666667,36.8105,12.0722083333333,4.36533333333333,-0.2438,-8.4933,247,25.6891104166667
2024-01-26 00:00:00,92.5,12.6116666666667,-9.71558333333333,85.5354166666667,1.59575,268.316666666667,1.566875,1.03131578947368,709.131975,22.9659583333333,16.5323333333333,-0.2415,-3.94370833333333,Inf,6.43604166666667,3.702375,10.1391666666667,0.0548333333333333,0.356875,139.470125,0.0548333333333333,102.025833333333,15.7692083333333,22.724875,12.5883333333333,-0.2712,-5.9272,248,25.5766315789474
2024-01-27 00:00:00,116.5,12.5170833333333,-8.80208333333333,85.53125,1.59970833333333,249.5125,1.57375,1.02199342105263,713.814920833333,2.86854166666667,4.63879166666667,-0.244041666666667,-6.84604166666667,0.320529411764706,-1.77020833333333,6.60220833333333,4.83179166666667,0.205583333333333,0.667041666666667,162.053416666667,0.205583333333333,163.14375,55.08375,2.62429166666667,-2.20716666666667,0.371,-9.74,249,25.4476361842105
2024-01-28 00:00:00,140.5,12.5458333333333,-4.83470833333333,88.3675,1.59395833333333,218.245833333333,1.57979166666667,1.01020833333333,716.155254166667,10.38675,8.66008333333333,-0.327958333333333,-6.17916666666667,0.290166666666667,1.72654166666667,5.85166666666667,7.57758333333333,0.260333333333333,0.757541666666667,146.98375,0.260333333333333,115.410416666667,50.4577916666667,10.0582083333333,2.48095833333333,Inf,Inf,250,25.2552083333333
2024-01-29 00:00:00,164.5,12.5116666666667,-3.815,90.4166666666666,1.60804166666667,197.954166666667,1.59679166666667,0.993208333333333,716.039666666667,6.418625,5.70525,-0.299375,-6.29291666666667,0.488928571428571,0.713583333333334,5.99225,6.70604166666667,0.145375,0.454208333333333,190.265833333333,0.145375,160.360833333333,34.70625,6.11925,-0.587666666666667,-444.0715,-448.687166666667,255,25.3268125
2024-01-30 00:00:00,188.5,12.46875,-5.56975,82.7554166666667,1.62454166666667,183.779166666667,1.60770833333333,0.982291666666667,713.994920833333,4.88204166666667,4.85716666666667,-1.373875,-8.19225,0.247470588235294,0.0242916666666668,6.81904166666667,6.84283333333333,0.275541666666667,0.538916666666667,188.245833333333,0.275541666666667,190.058333333333,5.712625,3.50720833333333,-3.33483333333333,Inf,Inf,256,25.1466666666667
2024-01-31 00:00:00,212.5,12.465,-4.740875,78.68625,1.631375,191.420833333333,1.617125,0.972875,710.679004166666,6.50958333333333,5.31808333333333,-12.72825,-8.85654166666667,-0.00418750000000002,1.19108333333333,-3.871625,-2.67954166666667,0.322083333333333,0.645458333333333,147.485833333333,0.322083333333333,182.7125,35.2185416666667,-6.219625,-3.53883333333333,Inf,Inf,257,25.0028875
2024-02-01 00:00:00,236.5,12.4566666666667,-4.38425,81.46125,1.64008333333333,194.245833333333,1.626875,0.963125,705.304691666667,5.68520833333333,4.55633333333333,-26.9104166666667,-7.37608333333333,533.582533333333,1.12891666666667,-19.5352916666667,-18.405375,0.174583333333333,0.542083333333333,167.1375,0.174583333333333,177.070833333333,45.144375,-21.224875,-2.81854166666667,Inf,Inf,258,24.848625
2024-02-02 00:00:00,260.5,12.5945833333333,-4.825125,79.165,1.65075,187.4375,1.636,0.954083333333334,696.9369125,27.5827083333333,16.106375,-15.88475,-5.66283333333333,0.0426000000000082,11.4805416666667,-10.2228333333333,1.25783333333333,0.13625,0.5655,153.310041666667,0.13625,176.275416666667,18.951125,11.7046666666667,10.4440833333333,-23.1328571428571,-11.8428571428571,280,26.7143333333333
2024-02-03 00:00:00,284.5,12.5245833333333,-5.88191666666667,91.9708333333333,1.61,224.1625,1.59258333333333,0.974057291666667,694.377075,5.48429166666667,7.88091666666667,-0.446208333333333,-1.878125,-798.4699,-2.39625,1.431875,-0.964458333333333,0.049625,0.327166666666667,74.3416666666667,0.049625,32.23125,14.9172083333333,5.038,6.00291666666667,NaN,NaN,281,27.3710098958333
2024-02-04 00:00:00,308.5,12.4720833333333,-10.7925,87.9333333333333,1.54733333333333,264.945833333333,1.51641666666667,1.0105625,703.990075,3.17054166666667,8.75345833333333,0.00495833333333333,-7.6785,NaN,-5.5825,7.6835,2.100875,0.0977083333333334,0.451541666666667,129.084833333333,0.0977083333333334,99.8441666666667,32.5717916666667,3.17575,1.07429166666667,NaN,NaN,240,24.2535
2024-02-05 00:00:00,332.5,12.4741666666667,-5.53820833333333,84.2929166666666,1.55191666666667,234.216666666667,1.53604166666667,1.040609375,707.420629166667,1.48608333333333,6.52779166666667,-0.217166666666667,-6.08704166666667,0.4714,-5.04125,5.87029166666667,0.828416666666667,0.20375,0.479375,180.367916666667,0.20375,182.67625,38.2604166666667,1.26941666666667,0.440875,NaN,NaN,241,25.0786859375
2024-02-06 00:00:00,356.5,12.5770833333333,-2.57295833333333,72.8883333333333,1.56295833333333,192.35,1.55554166666667,1.03454166666667,704.0926875,15.5934166666667,12.8707916666667,-9.71166666666667,-8.21329166666667,Inf,2.72391666666667,-1.49816666666667,1.22595833333333,0.216666666666667,0.641708333333333,196.316666666667,0.216666666666667,191.9,26.8312916666667,5.88183333333334,4.65783333333334,-24.6566666666667,-11.0766666666667,237,24.5186375
2024-02-07 00:00:00,380.5,12.6279166666667,-5.37,85.5775,1.54391666666667,219.066666666667,1.52854166666667,1.06025,693.9041375,9.40408333333333,15.472875,-4.499625,-5.81804166666667,Inf,-6.06904166666667,1.31829166666667,-4.75029166666667,0.187625,0.647458333333333,181.62375,0.187625,217.191666666667,46.0929166666667,4.90441666666667,9.65483333333333,NaN,NaN,257,27.248425
2024-02-08 00:00:00,404.5,12.5895833333333,-8.55404166666666,89.8541666666667,1.46966666666667,242.7,1.446375,1.1235625,696.149670833333,5.67616666666667,17.1755416666667,0.00625,-5.11283333333333,-2459.16561538462,-11.5006666666667,5.11879166666667,-6.38229166666667,0.181833333333333,0.612416666666666,168.403,0.181833333333333,243.6325,55.5091666666667,5.68325,12.065375,NaN,NaN,243,27.30256875
2024-02-09 00:00:00,428.5,12.62625,-11.95925,85.2508333333333,1.487875,226.279166666667,1.45466666666667,1.13058333333333,699.2229375,5.98216666666666,16.2264166666667,-0.0265,-5.44841666666667,-Inf,-10.2454583333333,5.4225,-4.82341666666667,0.0544583333333333,0.342583333333333,110.024583333333,0.0544583333333333,104.19,11.2637916666667,5.95491666666667,10.7807916666667,NaN,NaN,254,28.7168166666667
2024-02-10 00:00:00,452.5,12.5729166666667,-14.25125,85.3591666666667,1.47508333333333,211.479166666667,1.436125,1.154625,700.827658333333,4.708875,14.174375,-0.166958333333333,-4.58341666666667,-Inf,-9.465375,4.416125,-5.049125,0.0177916666666667,0.0905,128.4625,0.0177916666666667,23.8275,3.050625,4.54191666666667,9.59133333333333,NaN,NaN,246,28.403775
2024-02-11 00:00:00,476.5,12.5433333333333,-14.2104166666667,86.3291666666667,1.478125,234.375,1.439125,1.149375,704.199,3.04720833333333,6.54333333333333,-1.44670833333333,-6.402125,501.0049375,-3.496625,4.95583333333333,1.45916666666667,0.0578333333333333,0.272166666666667,138.379875,0.0578333333333333,122.20875,36.3034166666667,1.59983333333333,0.140625,NaN,NaN,250,28.734375
2024-02-12 00:00:00,500.5,12.6329166666667,-9.03579166666667,86.1654166666667,1.49954166666667,226.620833333333,1.47445833333333,1.11746875,704.887616666667,10.9135416666667,15.1617083333333,-1.46633333333333,-5.21604166666667,Inf,-4.248,3.75004166666667,-0.497458333333333,0.179541666666667,0.61225,152.033916666667,0.179541666666667,95.4967916666667,49.4179166666667,9.44729166666667,9.94516666666667,NaN,NaN,258,28.83069375
2024-02-13 00:00:00,524.5,12.6416666666667,-7.87191666666667,78.5029166666666,1.51495833333333,223.029166666667,1.492875,1.09659375,704.3308,9.964125,8.32070833333333,-1.31970833333333,-5.83783333333333,0.182380952380952,1.64308333333333,4.51795833333333,6.16033333333333,0.17425,0.565125,139.10625,0.17425,157.342041666667,45.737,8.64454166666667,2.48358333333333,NaN,NaN,262,28.73075625
2024-02-14 00:00:00,548.5,12.5625,-7.36291666666667,87.5866666666667,1.48208333333333,216.166666666667,1.46208333333333,1.11891666666667,703.258770833333,4.57329166666667,8.76154166666666,-0.300375,-2.39270833333333,Inf,-4.18825,2.09229166666667,-2.09608333333333,0.15375,0.607625,129.011833333333,0.15375,114.329666666667,54.3975,4.2725,6.36945833333333,NaN,NaN,271,30.3226416666667
2024-02-15 00:00:00,572.5,12.6095833333333,-5.63066666666667,84.57875,1.431,240.516666666667,1.41620833333333,1.16049152542373,704.684295833333,7.616375,9.83379166666667,-0.313708333333333,-2.961,0.7028,-2.216125,2.647125,0.430333333333333,0.216541666666667,0.718416666666667,142.913,0.216541666666667,121.38825,51.7266666666667,7.30325,6.87258333333333,NaN,NaN,262,30.4048779661017
2024-02-16 00:00:00,596.5,12.4741666666667,-8.85879166666667,89.6916666666667,1.37229166666667,254.579166666667,1.34979166666667,1.20116949152542,704.523904166667,7.49670833333333,11.1654166666667,-0.689833333333333,-2.07741666666667,-940.183705882353,-3.66925,1.387625,-2.282125,0.108333333333333,0.506458333333333,82.629375,0.108333333333333,58.5045833333333,36.133625,6.807375,9.08766666666667,NaN,NaN,252,30.2694711864407
2024-02-17 00:00:00,620.5,12.51875,-14.4383333333333,84.4095833333333,1.38670833333333,221.475,1.3495,1.22888064971751,707.703883333333,7.420375,7.50570833333333,-0.0225,-8.51920833333333,Inf,-0.0841666666666667,8.49666666666667,8.41229166666667,0.0846666666666667,0.326958333333333,151.003333333333,0.0846666666666667,139.117916666667,20.9194166666667,7.40029166666667,-1.01429166666667,NaN,NaN,262,32.1966730225989
2024-02-18 00:00:00,644.5,12.6745833333333,-10.1547083333333,82.3058333333333,1.416,218.275,1.38920833333333,1.20635069444444,704.130720833333,13.04875,22.7089166666667,-0.100375,-6.17358333333333,1.70745454545455,-9.66075,6.07295833333334,-3.58795833333333,0.251708333333333,0.723625,141.084583333333,0.251708333333333,141.853333333333,35.878125,12.9485,16.5357916666667,NaN,NaN,271,32.6921038194445
2024-02-19 00:00:00,668.5,12.6708333333333,-5.80083333333333,77.3241666666667,1.01329166666667,207.423333333333,1.0045,1.23985156724347,706.32445,6.67416666666667,11.585875,-0.181458333333333,-9.167875,-841.101894736842,-4.91158333333333,8.98675,4.075125,0.151125,0.563166666666667,155.66375,0.151125,190.195833333333,68.8479166666667,6.49279166666667,2.41879166666667,NaN,NaN,267,33.1040368454007
2024-02-20 00:00:00,692.5,12.6366666666667,-2.23395833333333,87.5783333333333,1.31616666666667,249.754166666667,1.31070833333333,1.27104280510018,708.81425,5.12075,12.2079166666667,-0.119625,-3.27791666666667,842.716157894737,-7.08704166666667,3.15820833333333,-3.929125,0.211083333333333,0.743541666666667,76.1582916666666,0.211083333333333,25.76875,40.4554166666667,5.00104166666667,8.92958333333333,NaN,NaN,268,34.0639471766849
2024-02-21 00:00:00,716.5,12.67625,-3.318375,81.7025,1.33725,278.945833333333,1.329125,1.29670400728597,705.101754166667,16.0602916666667,17.5249166666667,-1.13445833333333,-4.545375,0.7000625,-1.46345833333333,3.41133333333333,1.94820833333333,0.1455,0.586833333333333,124.162,0.1455,115.872125,52.095,14.9302916666667,12.9794166666667,NaN,NaN,259,33.5846337887067
2024-02-22 00:00:00,740.5,12.7016666666667,-6.45454166666667,91.11625,1.13529166666667,254.320833333333,1.12175,1.44152083333333,707.334520833333,7.31108333333334,22.699375,-0.217125,-4.74970833333333,-612.917153846154,-15.3899166666667,4.53220833333333,-10.8580833333333,0.0563333333333333,0.221041666666667,53.9697916666667,0.0563333333333333,32.57375,13.8365416666667,7.09370833333333,17.9512083333333,NaN,NaN,244,35.1731083333333
2024-02-23 00:00:00,764.5,12.7133333333333,-9.2545,88.2770833333333,1.15595833333333,245.216666666667,1.13641666666667,1.44364583333333,709.6877,13.1895833333333,14.9072083333333,-10.8762083333333,-6.844625,Inf,-1.71904166666667,-4.03166666666667,-5.74933333333333,0.193791666666667,0.626875,135.172083333333,0.193791666666667,70.2920833333333,50.4895833333333,2.31145833333333,8.06179166666667,NaN,NaN,247,35.6580520833333
2024-02-24 00:00:00,788.5,12.7233333333333,-7.368125,74.9654166666667,1.21691666666667,228.879166666667,1.20045833333333,1.38922916666667,708.25815,23.26,12.757875,-27.27,-9.35166666666667,Inf,10.5068333333333,-17.9175,-7.412375,0.225416666666667,0.549666666666667,185.38125,0.225416666666667,198.7125,38.4725,-4.00770833333333,3.40345833333333,NaN,NaN,257,35.7031895833333
2024-02-25 00:00:00,812.5,12.7133333333333,-5.11325,64.1395833333333,1.25429166666667,212.104166666667,1.242375,1.347625,705.9738125,24.1875,12.1394166666667,-36.3508333333333,-11.66875,Inf,12.0467916666667,-24.6816666666667,-12.6324583333333,0.2345,0.722875,187.650833333333,0.2345,192.054166666667,50.94,-12.1654166666667,0.47125,NaN,NaN,261,35.1730125
2024-02-26 00:00:00,836.5,12.7683333333333,-2.83783333333333,68.4208333333333,1.278875,251.266666666667,1.27216666666667,1.31783333333333,699.3182125,28.0535833333333,17.1959166666667,-16.26925,-7.53333333333333,NaN,10.8552916666667,-8.73566666666667,2.1195,0.381708333333333,1.15854166666667,128.055333333333,0.381708333333333,119.197083333333,72.6220833333333,11.78175,9.66283333333333,NaN,NaN,258,34.0001
2024-02-27 00:00:00,860.5,12.6245833333333,-11.1666666666667,82.3825,1.22920833333333,210.545833333333,1.20408333333333,1.38183333333333,694.446916666667,5.90391666666667,14.79525,-2.40175,-3.32579166666667,2.26518181818182,-8.89195833333333,0.923666666666667,-7.96825,0.438083333333333,1.11483333333333,125.226375,0.438083333333333,60.1635,52.8879166666667,3.50166666666667,11.4693333333333,NaN,NaN,269,37.1713166666667
2024-02-28 00:00:00,884.5,12.6370833333333,-12.337875,84.185,1.2155,202.566666666667,1.18766666666667,1.40229166666667,704.679670833333,5.56566666666667,15.07675,-0.0879166666666667,-8.35733333333333,1.45488235294118,-9.50870833333333,8.26966666666667,-1.23916666666667,0.296,0.740666666666666,166.999958333333,0.296,243.812333333333,63.5083333333334,5.47741666666667,6.71833333333333,NaN,NaN,263,36.8802708333333
2024-02-29 00:00:00,908.5,12.6916666666667,-5.70283333333333,68.4983333333333,1.23733333333333,200.745833333333,1.22429166666667,1.36570833333333,704.853958333333,6.54575,15.1259166666667,-0.851541666666667,-11.22125,1.36295238095238,-8.58325,10.36975,1.78645833333333,0.21175,0.605125,175.744166666667,0.21175,185.070833333333,62.3833333333333,5.69404166666667,3.90675,NaN,NaN,251,34.2792791666667
2024-03-01 00:00:00,932.5,12.7216666666667,-3.06404166666667,62.3966666666667,1.26120833333333,188.570833333333,1.25395833333333,1.33604166666667,703.123195833333,18.4909583333333,16.845875,-17.3366666666667,-10.9020833333333,Inf,1.642875,-6.434375,-4.79129166666667,0.250541666666667,0.673083333333333,165.145583333333,0.250541666666667,264.754166666667,60.7170833333333,1.15141666666667,5.942625,NaN,NaN,254,33.9354583333333
2024-03-02 00:00:00,956.5,12.81125,-1.49620833333333,59.5975,1.27675,192.716666666667,1.27316666666667,1.317875,697.453858333333,44.6218333333333,22.6410416666667,-29.2050416666667,-12.0399166666667,NaN,21.9757916666667,-17.16375,4.81316666666667,0.61075,1.31783333333333,124.223125,0.61075,254.055,56.5241666666667,15.415,10.6014583333333,NaN,NaN,258,34.001175
2024-03-03 00:00:00,980.5,12.7275,-10.475625,88.7041666666667,1.162375,228.241666666667,1.13991666666667,1.4473125,694.559391666667,5.69004166666667,23.8009583333333,0.0105833333333333,-2.58625,3.69407692307692,-18.1068333333333,2.59691666666667,-15.511,0.2805,0.825666666666667,97.5179166666666,0.2805,41.9734166666667,30.5678333333333,5.700125,21.2113333333333,NaN,NaN,266,38.4985125
2024-03-04 00:00:00,1004.5,12.6525,-10.75975,88.6916666666667,1.03833333333333,224.879166666667,1.01745833333333,1.56060080645161,699.424866666667,8.17529166666667,21.5250833333333,-0.160916666666667,-2.09204166666667,3.34145454545455,-13.351375,1.931125,-11.4196666666667,0.133875,0.511291666666667,71.4726666666666,0.133875,28.7220833333333,17.975,8.014625,19.4341666666667,NaN,NaN,247,38.5468399193548
2024-03-05 00:00:00,1028.5,12.69875,-7.52125,90.57875,0.844,257.933333333333,0.832375,1.67210455069124,703.174070833333,20.4951666666667,26.4406666666667,-0.27275,-4.54958333333333,500.999,-5.94925,4.27729166666667,-1.67141666666667,0.0967916666666667,0.549958333333333,95.1707083333333,0.0967916666666667,49.7614166666667,35.3214583333333,20.221,21.892,NaN,NaN,213,35.6158269297235
2024-03-06 00:00:00,1052.5,12.6875,-6.26045833333334,91.0708333333333,0.904208333333334,250.320833333333,0.893583333333333,1.67082142857143,701.629366666667,15.8365833333333,25.3777916666667,-0.1335,-7.56145833333333,421.908578947368,-9.54583333333333,7.42791666666667,-2.11716666666667,0.122833333333333,0.423875,133.800416666667,0.122833333333333,147.50025,35.6289166666667,15.7015,17.8215,NaN,NaN,233,38.9301392857143
2024-03-07 00:00:00,1076.5,12.77,-7.31,86.6708333333333,0.979458333333333,228.658333333333,0.966375,1.62343154761905,699.980595833333,14.9175416666667,29.97075,-0.0205,-7.33320833333333,1.9463125,-15.0564583333333,7.31295833333333,-7.74383333333333,0.0588333333333333,0.327625,112.122916666667,0.0588333333333333,82.6458333333333,11.201375,14.8972916666667,22.641125,NaN,NaN,244,39.6117297619048
2024-03-08 00:00:00,1100.5,12.88625,-9.957625,85.5625,0.995416666666667,204.854166666667,0.977,1.60458333333333,705.4749125,16.8794583333333,30.2330416666667,0.112208333333333,-6.64604166666667,NaN,-13.352,6.75729166666667,-6.59425,0.143291666666667,0.481875,96.2175,0.143291666666667,66.9095833333333,14.9060833333333,16.9942916666667,23.5874583333333,NaN,NaN,223,35.7822083333334
2024-03-09 00:00:00,1124.5,12.8391666666667,-11.0682916666667,78.60875,1.05375,204.429166666667,1.032,1.558,708.717954166667,30.782625,23.3190833333333,-16.653625,-10.7085416666667,0.265285714285714,7.46033333333333,-5.944125,1.52041666666667,0.158041666666667,0.518,175.29125,0.158041666666667,172.075,38.02125,14.1286666666667,12.610125,NaN,NaN,249,38.7942
2024-03-10 00:00:00,1148.5,12.8725,-6.58204166666667,71.8191666666667,1.082,190.183333333333,1.06891666666667,1.52120833333333,708.40225,42.2560833333333,23.2243333333333,-37.9108333333333,-12.4733333333333,Inf,19.034875,-25.4375,-6.402375,0.205166666666667,0.537625,166.799625,0.205166666666667,170.895833333333,40.2453333333333,4.34233333333333,10.7516666666667,NaN,NaN,242,36.8132416666667
2024-03-11 00:00:00,1172.5,12.9079166666667,-3.9995,69.5841666666667,1.10333333333333,198.216666666667,1.09508333333333,1.49561111111111,705.793,38.4164583333333,21.8055,-25.3027083333333,-10.6122916666667,0.299882352941176,16.609375,-14.6895,1.92391666666667,0.276125,0.680875,124.703875,0.276125,162.8475,40.823125,13.1119166666667,11.19275,NaN,NaN,264,39.4841333333333
2024-03-12 00:00:00,1196.5,12.9583333333333,-3.32754166666667,85.3204166666667,0.973208333333333,221.753333333333,0.967958333333333,1.55838634823848,703.5816375,32.6205,29.465875,-6.78020833333333,-6.43479166666667,-998.908375,3.15358333333333,-0.344958333333333,2.80854166666667,0.176791666666667,0.60325,100.635625,0.176791666666667,96.7015416666667,48.2387916666667,25.8404583333333,23.028875,NaN,NaN,246,38.3363041666667
2024-03-13 00:00:00,1220.5,12.9158333333333,-4.34179166666667,89.0870833333333,0.958583333333333,248.0125,0.950916666666667,1.66058587398374,700.171666666667,14.7175416666667,26.5471666666667,-0.0334166666666667,-3.85883333333333,-1844.38607692308,-11.8267083333333,3.82525,-8.00108333333333,0.082125,0.432333333333333,64.912,0.082125,43.2591666666667,16.8830416666667,14.684,22.6815833333333,NaN,NaN,250,41.5146468495935
2024-03-14 00:00:00,1244.5,12.705,-7.34358333333333,92.4166666666667,0.705083333333333,244.179166666667,0.695375,1.892875,705.9331375,9.94479166666667,32.9861666666667,0.056,-2.14404166666667,3.34590909090909,-23.0448333333333,2.19995833333333,-20.8462083333333,0,0,58.444,0,0,0,10.0000833333333,30.8502916666667,NaN,NaN,210,39.750375
2024-03-15 00:00:00,1268.5,12.8329166666667,-6.88979166666667,90.1404166666667,0.718041666666667,214.570833333333,0.708875,1.87904166666667,709.094370833333,49.012875,29.6517916666667,-15.6511666666667,-8.16658333333333,1.5466,19.372375,-7.48391666666667,11.8819583333333,0.0374583333333333,0.19125,137.053208333333,0.0374583333333333,37.9304166666667,9.04266666666667,33.3610833333333,21.4795,NaN,NaN,211,39.6477791666667
2024-03-16 00:00:00,1292.5,12.9708333333333,-8.29004166666667,83.4175,0.806583333333333,207.054166666667,0.794291666666667,1.79329166666667,708.7864625,58.2172083333333,31.8117083333333,-24.5832916666667,-7.85183333333334,-444.031888888889,26.3975,-16.732375,9.666875,0.24175,0.786875,122.159166666667,0.24175,109.105,30.523,33.627875,23.96225,NaN,NaN,233,41.7836958333333
2024-03-17 00:00:00,1316.5,13.1620833333333,-5.93541666666667,82.2195833333333,0.850291666666667,195.783333333333,0.841041666666667,1.74895833333333,709.9578875,55.9436666666667,34.1856666666667,-16.4833333333333,-5.70316666666667,Inf,21.75575,-10.7800833333333,10.9747916666667,0.148208333333333,0.531125,88.2139583333333,0.148208333333333,61.6841666666667,17.5911666666667,39.4625,28.482875,NaN,NaN,245,42.8494791666667
2024-03-18 00:00:00,1340.5,12.9504166666667,-6.50458333333333,78.1058333333333,0.890333333333333,205.120833333333,0.879458333333333,1.71035416666667,711.9795,53.6215,28.1650833333333,-33.2695833333333,-10.9268333333333,Inf,25.45725,-22.3416666666667,3.119,0.351458333333333,0.707666666666667,174.582083333333,0.351458333333333,176.675,19.03,20.3514166666667,17.237,NaN,NaN,260,44.4692083333333
2024-03-19 00:00:00,1364.5,12.9408333333333,-4.95829166666667,72.9204166666667,0.927208333333333,224.725,0.918541666666666,1.67263888888889,709.2870125,53.8407916666667,27.6662083333333,-36.1429166666667,-12.1259583333333,0.210434782608696,26.1753333333333,-24.0175,2.155875,0.273041666666667,0.662083333333333,173.083333333333,0.273041666666667,179.558333333333,21.1495416666667,17.6976666666667,15.5414166666667,NaN,NaN,270,45.16125
2024-03-20 00:00:00,1388.5,12.9458333333333,-4.44025,71.1954166666667,0.954625,199.995833333333,0.946625,1.64348611111111,707.0495875,55.9382916666667,27.842375,-35.9479166666667,-11.9762916666667,0.2804,28.0922083333333,-23.9725,4.12375,0.25,0.76375,164.944416666667,0.25,167.122916666667,37.1862083333333,19.9893333333333,15.8690416666667,NaN,NaN,281,46.1819597222222
2024-03-21 00:00:00,1412.5,12.9991666666667,-1.926875,72.4708333333333,0.976333333333333,182.204166666667,0.972833333333333,1.614375,706.229479166667,59.141375,29.0926666666667,-30.7230833333333,-11.682,0.2216,30.0509583333333,-19.042625,11.0125,0.288375,0.887583333333334,138.150791666667,0.288375,123.763291666667,67.3729166666667,28.4212083333333,17.4127083333333,NaN,NaN,278,44.879625
2024-03-22 00:00:00,1436.5,13.08375,-2.73325,69.1991666666667,1.00116666666667,199.933333333333,0.996208333333333,1.58958333333333,708.021879166667,62.448875,31.15,-15.0302083333333,-11.5243333333333,Inf,31.2972083333333,-3.50516666666667,27.7942083333333,0.227875,0.647,130.955583333333,0.227875,132.427291666667,52.024125,47.424875,19.6252916666667,NaN,NaN,276,43.8725
2024-03-23 00:00:00,1460.5,13.0854166666667,-0.817583333333333,68.3608333333333,1.01779166666667,196.425,1.01629166666667,1.57489791666667,701.1329,37.091,22.5657083333333,-22.0807916666667,-9.16779166666667,0.41,14.5240416666667,-12.9114166666667,1.61029166666667,0.261291666666667,0.751083333333333,181.5545,0.261291666666667,232.5675,55.185,15.0107083333333,13.3998333333333,NaN,NaN,281,44.2546314583333
2024-03-24 00:00:00,1484.5,13.1804166666667,-3.42241666666667,74.3866666666667,1.01320833333333,240.783333333333,1.00691666666667,1.58212291666667,690.5178125,57.0547916666666,31.894875,-10.8105,-8.184375,0.814666666666667,25.162125,-2.62654166666667,22.53225,0.278125,0.809458333333333,74.5820416666667,0.278125,105.510208333333,46.3270833333333,46.2487083333333,23.7050833333333,NaN,NaN,301,47.6218997916667
2024-03-25 00:00:00,1508.5,13.2241666666667,-11.2479583333333,82.2045833333333,0.96825,220.125,0.947958333333333,1.64119117647059,693.635816666667,26.7592916666667,44.257625,-8.48320833333333,-6.76570833333333,1.24458823529412,-17.4959583333333,-1.71741666666667,-19.21325,0.08775,0.38875,92.8139583333333,0.08775,70.0183333333333,16.3379583333333,18.27575,37.489375,NaN,NaN,287,47.1021867647059
2024-03-26 00:00:00,1532.5,13.2591666666667,-9.34654166666667,82.09,0.981791666666667,237.754166666667,0.96475,1.62846160130719,697.346066666667,47.3917916666667,33.8794583333333,-3.00016666666667,-5.54983333333333,Inf,13.516,2.54954166666667,16.0674583333333,0.22675,0.64825,55.9200416666667,0.22675,52.7986666666667,34.8409166666667,44.3972083333333,28.3275416666667,NaN,NaN,292,47.5510787581699
2024-03-27 00:00:00,1556.5,13.09,-7.83383333333333,81.41875,0.828708333333333,222.8875,0.816583333333333,1.66955555555556,703.720470833333,42.9479583333333,38.5336666666667,-13.39375,-6.24170833333333,500.6946875,4.40320833333333,-7.15191666666667,-2.74258333333333,0.31625,0.752166666666667,135.890416666667,0.31625,110.458333333333,36.0128333333333,29.5542916666667,32.2986666666667,NaN,NaN,273,45.5788666666667
2024-03-28 00:00:00,1580.5,13.2245833333333,-3.56579166666667,71.6241666666667,0.93125,211.791666666667,0.925,1.66825,704.2796375,50.7155,32.5910416666667,-21.1311666666667,-9.20508333333333,Inf,18.1272083333333,-11.9254166666667,6.20229166666667,0.237333333333333,0.662416666666667,183.181916666667,0.237333333333333,186.679708333333,39.7548333333333,29.5846666666667,23.3846666666667,NaN,NaN,275,45.876875
2024-03-29 00:00:00,1604.5,13.11375,-3.69891666666667,91.4958333333333,0.855041666666667,248.425,0.849041666666667,1.70789655172414,701.642904166667,12.376,29.492625,0.00433333333333334,-3.58158333333333,-1497.7436875,-17.111,3.58625,-13.5252083333333,0.100666666666667,0.440666666666667,92.2518333333334,0.100666666666667,22.3396666666667,15.141,12.3806666666667,25.9069583333333,NaN,NaN,280,47.8211034482759
2024-03-30 00:00:00,1628.5,12.9233333333333,-1.99558333333333,86.7254166666667,0.841791666666666,213.558333333333,0.83875,1.74827011494253,701.6323875,12.5544166666667,29.0227916666667,-4.063375,-3.74433333333333,Inf,-16.4681666666667,-0.319208333333333,-16.7870416666667,0.254333333333333,0.789416666666667,98.0425,0.254333333333333,75.7027083333333,43.315375,8.49045833333334,25.2809583333333,NaN,NaN,259,45.2801959770115
2024-03-31 00:00:00,1652.5,13.2158333333333,-1.33516666666667,79.0495833333334,0.884,206.254166666667,0.881958333333333,1.70854166666667,698.4393125,71.3417916666667,49.90275,-9.65504166666666,-6.637625,0.677875,21.4414166666667,-3.01829166666667,18.422125,0.233125,0.7445,96.8843333333333,0.233125,127.264916666667,39.38625,61.6935833333333,43.270625,NaN,NaN,255,43.5678125
2024-04-01 00:00:00,1676.5,13.0941666666667,-4.76929166666667,78.5458333333333,0.92825,221.4375,0.920083333333333,1.66895833333333,700.534379166667,53.2762083333333,40.3097916666667,-8.5735,-6.091875,Inf,12.9662083333333,-2.481125,10.487125,0.241666666666667,0.904833333333333,80.2589583333333,0.241666666666667,83.4982083333333,41.7054583333333,44.695375,34.2144166666667,NaN,NaN,288,48.066
2024-04-02 00:00:00,1700.5,13.16875,-5.22279166666667,71.87875,0.950875,200.833333333333,0.941583333333333,1.64841666666667,709.875254166667,65.0825833333333,39.06775,-20.4985833333333,-9.54304166666667,0.6205,26.003875,-10.9549166666667,15.0506666666667,0.224458333333333,0.769458333333333,169.761625,0.224458333333333,119.27,44.3162916666667,44.5764583333333,29.526875,NaN,NaN,282,46.48535
2024-04-03 00:00:00,1724.5,13.1579166666667,-1.12383333333333,69.5245833333333,0.964208333333333,190.366666666667,0.962208333333333,1.62779166666667,711.109283333334,65.1554583333333,36.0585833333333,-37.5295833333333,-13.7534583333333,Inf,29.08925,-23.775,5.312,0.176125,0.662125,155.195833333333,0.176125,139.340416666667,47.776,27.6165833333333,22.3017083333333,NaN,NaN,287,46.7176208333333
2024-04-04 00:00:00,1748.5,13.2879166666667,-0.5415,61.5708333333333,0.979625,193.733333333333,0.978625,1.6045,707.1241125,70.7236666666667,38.3268333333333,-36.125,-14.9722916666667,0.173210526315789,32.3850833333333,-21.1529166666667,11.231375,0.273125,0.665833333333333,179.8875,0.273125,196.733333333333,31.32525,34.586625,23.3562916666667,NaN,NaN,306,49.0977
2024-04-05 00:00:00,1772.5,13.2429166666667,2.10279166666667,55.67875,1.00691666666667,196.404166666667,1.01070833333333,1.578125,701.204491666667,69.9195,37.5745833333333,-30.7633333333333,-16.1715833333333,0.664642857142878,32.3575833333333,-14.5920833333333,17.768375,0.33725,0.8965,201.451666666667,0.33725,214.13125,42.7462916666667,39.1677916666667,21.397375,NaN,NaN,316,49.86875
2024-04-06 00:00:00,1796.5,12.7233333333333,-6.66545833333333,86.8975,0.937791666666667,235.6625,0.926458333333333,1.656125,694.711258333333,8.231125,23.233125,-3.48791666666667,-3.2205,Inf,-15.0019583333333,-0.267625,-15.269625,0.348666666666667,0.905083333333333,205.478208333333,0.348666666666667,239.119083333333,60.73875,4.743125,20.0132083333333,NaN,NaN,326,53.989675
2024-04-07 00:00:00,1820.5,13.0770833333333,-8.62154166666667,84.9675,0.927833333333334,225.475,0.91325,1.67008333333333,699.850341666667,27.382,47.2858333333333,-9.58041666666667,-4.635,1.65376923076923,-19.9047083333333,-4.94604166666667,-24.8495,0.383833333333333,0.927583333333333,156.159166666667,0.383833333333333,260.950416666667,63.8141666666667,17.799625,42.6524583333333,NaN,NaN,328,54.7787333333333
2024-04-08 00:00:00,1844.5,13.2429166666667,-7.76104166666667,67.2175,0.962541666666667,193.2875,0.94875,1.64125,704.35865,59.4475416666666,36.500125,-29.1777916666667,-9.27554166666667,Inf,22.9498333333333,-19.9002916666667,3.04695833333333,0.212291666666667,0.698541666666667,136.871625,0.212291666666667,81.7452916666667,44.2509166666667,30.27575,27.2195833333333,NaN,NaN,338,55.47425
2024-04-09 00:00:00,1868.5,13.25,-4.96841666666667,63.76125,0.978208333333333,192.875,0.969125,1.62129166666667,706.849820833333,77.597,43.3445833333333,-32.1514166666667,-10.7793333333333,Inf,34.246125,-21.37225,12.8722083333333,0.286166666666667,0.818916666666667,120.823083333333,0.286166666666667,78.9608333333334,44.1044583333333,45.4465416666667,32.565375,NaN,NaN,355,57.5558541666667
2024-04-10 00:00:00,1892.5,13.41,-3.91320833333333,85.9341666666667,0.913333333333333,239.445833333333,0.906708333333333,1.67141666666667,709.2060875,51.5445416666667,51.5147916666667,-1.94554166666667,-5.176625,-469.467235294118,0.0300416666666675,3.231125,3.26054166666667,0.207875,0.78075,133.334875,0.207875,82.6608333333333,35.9136666666667,49.599,46.3364583333333,NaN,NaN,328,54.8224666666667
2024-04-11 00:00:00,1916.5,13.2495833333333,-4.10895833333333,66.6404166666667,0.948458333333334,191.7,0.941291666666667,1.648625,709.974925,78.2737916666667,44.3715,-22.83375,-11.9615416666667,Inf,33.9161666666667,-10.8723333333333,23.0463333333333,0.241333333333333,0.680958333333333,162.675,0.241333333333333,134.168083333333,41.67075,55.431875,32.402875,NaN,NaN,316,52.09655
2024-04-12 00:00:00,1940.5,13.2208333333333,1.44483333333333,57.32625,0.970416666666667,183.4625,0.973041666666667,1.617,710.655025,77.023875,40.2893333333333,-37.1033333333333,-18.0610416666667,0.663285714285714,36.74575,-19.0423333333333,17.7058333333333,0.32675,0.738791666666667,182.153333333333,0.32675,175.433333333333,36.0730416666667,39.936875,22.2288333333333,NaN,NaN,354,57.2418
2024-04-13 00:00:00,1964.5,13.3104166666667,2.42316666666667,60.2095833333333,1.0045,186.4625,1.00895833333333,1.58104166666667,710.593216666667,83.9297083333333,41.5860416666667,-32.7145833333333,-17.0443333333333,0.317176470588235,42.3360416666667,-15.66925,26.6656666666667,0.378875,0.885541666666667,153.515416666667,0.378875,170.7,33.1771666666667,51.201375,24.5360416666667,NaN,NaN,357,56.4431875
2024-04-14 00:00:00,1988.5,13.2358333333333,1.63320833333333,59.9220833333333,1.04495833333333,190.495833333333,1.04808333333333,1.54179166666667,709.2447625,81.0312916666667,38.531625,-35.445,-16.8068333333333,347.738130434783,42.4892916666667,-18.6390416666667,23.8512083333333,0.372625,0.809375,181.537708333333,0.372625,191.37625,27.880875,45.5619166666667,21.7309583333333,NaN,NaN,394,60.7465916666667
2024-04-15 00:00:00,2012.5,13.05125,-1.08425,71.9554166666667,1.01029166666667,204.495833333333,1.00845833333333,1.581375,701.156904166667,29.1099166666667,15.3856666666667,-18.9768333333333,-8.05104166666667,-443.935166666667,13.7282083333333,-10.9252916666667,2.80279166666667,0.295791666666667,0.765625,115.776541666667,0.295791666666667,112.371666666667,23.6194583333333,10.1359166666667,7.33245833333334,NaN,NaN,385,60.8829375
2024-04-16 00:00:00,2036.5,12.99875,-1.582625,94.9375,0.696125,218.041666666667,0.694041666666667,1.894375,703.709154166667,31.18825,36.5441666666667,-9.31825,-2.61266666666667,Inf,-5.34995833333333,-6.70566666666667,-12.0514166666667,0.300708333333333,0.984958333333333,153.918166666667,0.300708333333333,114.729625,51.7658333333333,21.8744166666667,33.9285833333333,NaN,NaN,311,58.9150625
2024-04-17 00:00:00,2060.5,13.3170833333333,0.031875,93.4333333333333,0.7605,197.175,0.760541666666667,1.82983333333333,706.554670833333,36.4019166666667,25.398875,-6.78566666666666,-5.15104166666667,Inf,11.0022083333333,-1.63470833333333,9.368375,0.110875,0.649916666666667,105.088625,0.110875,131.951458333333,44.1625,29.6132916666667,20.2479166666667,0.3895,-0.484,303,55.44395
2024-04-18 00:00:00,2084.5,13.47375,-1.632875,80.7066666666667,0.810541666666667,190.091666666667,0.807958333333333,1.78166666666667,707.786545833333,60.0457916666667,49.142375,-10.7994166666667,-4.018875,-Inf,10.907875,-6.78066666666667,4.12695833333333,0.166083333333333,0.553291666666667,62.593,0.166083333333333,23.2191666666667,23.0519583333333,49.25525,45.1226666666667,-4.98211111111111,-0.168722222222222,330,58.795
2024-04-19 00:00:00,2108.5,13.5029166666667,-3.70516666666667,82.7175,0.851791666666667,188.75,0.846,1.74458333333333,708.292966666667,47.6313333333333,33.3996666666667,-9.62433333333333,-3.51620833333333,Inf,14.2335416666667,-6.10791666666667,8.12616666666667,0.212458333333333,0.607625,101.674,0.212458333333333,74.6804166666667,21.3646666666667,38.007,29.883375,-9.72516666666667,-2.6755,327,57.047875
2024-04-20 00:00:00,2132.5,13.3308333333333,-3.436375,84.5833333333333,0.83725,225.129166666667,0.831791666666667,1.75619362745098,710.117433333333,45.534875,34.9310833333333,-2.46995833333333,-3.60429166666667,-940.473235294118,10.6054583333333,1.13425,11.7392083333333,0.125458333333333,0.560791666666667,89.2685833333334,0.125458333333333,69.9804166666667,24.28025,43.0675416666667,31.3265416666667,-3.379,-5.375625,341,59.8862026960784
2024-04-21 00:00:00,2156.5,13.4045833333333,-2.515875,64.245,0.858125,220.291666666667,0.854041666666666,1.73572303921569,711.961108333333,97.633375,54.8408333333333,-24.7057916666667,-13.2845,Inf,42.7992083333333,-11.422375,31.376,0.380625,0.877583333333333,200.515,0.380625,141.981833333333,35.7040833333333,72.9304583333333,41.5569166666667,-50.862,-32.089,332,57.6260049019608
2024-04-22 00:00:00,2180.5,13.4241666666667,3.50420833333333,60.20125,0.88625,207.516666666667,0.891833333333333,1.69829166666667,707.548966666667,65.2165833333333,36.7376666666667,-26.1904166666667,-17.1660833333333,-Inf,28.469,-9.02525,19.440875,0.372416666666667,1.02145833333333,189.42125,0.372416666666667,173.85375,60.6879166666667,39.0237083333333,19.58125,-28.3714285714286,-17.86,358,60.7988416666667
2024-04-23 00:00:00,2204.5,13.3041666666667,2.50266666666667,73.8616666666667,0.920375,199.4375,0.924541666666667,1.6655,709.357904166667,70.1956666666667,35.966875,-20.6677083333333,-12.8703333333333,-571.128214285714,34.2351666666667,-7.79729166666667,26.436625,0.221333333333333,0.714,151.803291666667,0.221333333333333,128.58,40.2240833333333,49.5315416666667,23.0940416666667,-25.612,-23.7087,365,60.79075
2024-04-24 00:00:00,2228.5,13.3258333333333,2.15945833333333,79.5845833333333,0.955916666666667,197.333333333333,0.959708333333333,1.63154166666667,709.392041666667,79.6299166666667,39.0140833333333,-16.71075,-11.9956666666667,-940.751294117647,40.6205,-4.71254166666667,35.9058333333333,0.263291666666667,0.67125,190.170833333333,0.263291666666667,173.1625,19.125375,62.917875,27.011375,-16.9483333333333,-14.8435,386,62.9775083333333
2024-04-25 00:00:00,2252.5,13.3345833333333,2.83708333333333,66.8445833333333,0.98425,191.3,0.989333333333333,1.60266666666667,703.838416666667,72.0784166666667,35.4987083333333,-21.6808333333333,-14.68125,0.4825,36.5773333333333,-7.00083333333333,29.5791666666667,0.276583333333333,0.870541666666667,135.002916666667,0.276583333333333,140.736666666667,45.4681666666667,50.3999583333334,20.8156666666667,NaN,NaN,391,62.6642666666667
2024-04-26 00:00:00,2276.5,13.3775,0.774583333333334,86.6333333333333,0.987791666666667,210.7,0.98925,1.60558333333333,699.589179166667,65.5962083333333,42.2124583333333,-5.81966666666667,-6.90466666666667,-998.9899375,23.37625,1.08554166666667,24.4623333333333,0.125666666666667,0.5185,70.7569166666666,0.125666666666667,98.894375,39.3241666666667,59.7739166666667,35.31125,NaN,NaN,402,64.54445
2024-04-27 00:00:00,2300.5,13.2008333333333,-2.48470833333333,92.0541666666667,0.796375,221.270833333333,0.792666666666667,1.7645625,701.808341666666,47.939875,53.102,-3.66354166666667,-3.4385,-1880.52052941176,-5.160625,-0.225458333333333,-5.38041666666667,0.18,0.442916666666667,78.9954583333333,0.18,26.105,16.4516666666667,44.2829583333333,49.6675416666667,NaN,NaN,371,65.46526875
2024-04-28 00:00:00,2324.5,13.4079166666667,-2.01029166666667,89.6329166666667,0.817041666666667,221.191666666667,0.814041666666667,1.776375,704.305420833333,59.77375,45.2967083333333,-1.01345833333333,-5.058125,Inf,14.47625,4.045125,18.523,0.150791666666667,0.681083333333333,107.22825,0.150791666666667,80.8825,41.2579166666667,58.763,40.2450416666667,NaN,NaN,363,64.4824125
2024-04-29 00:00:00,2348.5,13.3641666666667,-0.160666666666667,80.7579166666666,0.844916666666667,219.166666666667,0.844708333333333,1.745625,705.718733333333,81.1183333333333,53.481625,-15.3725,-8.19933333333333,Inf,27.6374166666667,-7.17220833333333,20.4707916666667,0.235,0.781,125.217375,0.235,118.87425,60.2666666666667,65.7537916666667,45.2797083333334,NaN,NaN,365,63.7153125
2024-04-30 00:00:00,2372.5,13.1158333333333,0.190791666666667,81.1029166666667,0.836083333333333,209.9375,0.836375,1.74670833333333,704.830366666667,66.6288333333333,58.287625,-17.8411666666667,-6.68604166666667,534.637333333333,8.34458333333333,-11.1567083333333,-2.81533333333333,0.333166666666667,0.924416666666667,136.631375,0.333166666666667,101.915833333333,45.6800416666667,48.7828333333333,51.6024166666667,-9.09025,-6.31191666666667,382,66.7242583333333
2024-05-01 00:00:00,2396.5,13.3054166666667,-0.439416666666667,83.32375,0.841458333333333,222.116666666667,0.840916666666667,1.7401875,703.681320833333,26.1772916666667,26.2106666666667,-2.69516666666667,-4.73008333333333,Inf,-0.0317083333333341,2.03420833333333,2.00075,0.135791666666667,0.686708333333333,138.598541666667,0.135791666666667,110.90725,34.676375,23.4812083333333,21.4785833333333,-2.6047,-5.9354,396,68.911425
2024-05-02 00:00:00,2420.5,13.3754166666667,-4.06429166666667,64.58,0.834875,240.4,0.828541666666667,1.761875,705.1004125,47.899125,55.793375,-10.377125,-8.99583333333333,1.06227777777778,-7.89770833333333,-1.38145833333333,-9.27916666666667,0.248958333333333,0.764,147.457083333333,0.248958333333333,100.450833333333,44.41425,37.5227083333333,46.8065833333333,NaN,NaN,372,65.54175
2024-05-03 00:00:00,2444.5,13.4091666666667,-0.0136666666666666,65.2825,0.85725,226.275,0.857208333333333,1.74025357142857,705.056366666667,54.1309166666667,34.601125,-13.1841666666667,-10.39175,471.006176470588,19.5360416666667,-2.79204166666667,16.7414583333333,0.311666666666667,0.898875,147.811916666667,0.311666666666667,126.882375,54.2175,40.9543333333333,24.2095,NaN,NaN,378,65.781585
2024-05-04 00:00:00,2468.5,13.35,-1.37729166666667,65.1479166666667,0.882166666666667,248.466666666667,0.879791666666667,1.70804404761905,707.3991375,110.320291666667,57.80675,-19.3202916666667,-14.1457083333333,Inf,52.5049166666667,-5.17529166666667,47.3374166666667,0.244666666666667,0.736791666666667,176.277083333333,0.244666666666667,183.128708333333,30.6469583333333,90.9982916666667,43.6606666666667,NaN,NaN,399,68.1509575
2024-05-05 00:00:00,2492.5,13.3716666666667,2.82904166666667,66.0041666666667,0.918583333333333,230.883333333333,0.923208333333333,1.66570238095238,701.604433333333,97.4356666666666,48.7104583333333,-24.2444166666667,-17.3485,0.200764705882353,48.7204166666667,-6.89770833333333,41.82625,0.30625,0.748,188.881416666667,0.30625,201.766666666667,34.2107916666667,73.1927916666667,31.3604583333333,NaN,NaN,406,67.6275166666667
2024-05-06 00:00:00,2516.5,12.7333333333333,-3.88675,91.0416666666666,0.8105,240.733333333333,0.805,1.726775,695.3452,9.830875,38.9095,-3.03291666666667,-3.68383333333333,-Inf,-29.08075,0.650958333333333,-28.4289583333333,0.274458333333333,0.839,205.398625,0.274458333333333,255.628041666667,52.4460833333333,6.79745833333333,35.2268333333333,NaN,NaN,390,67.344225
2024-05-07 00:00:00,2540.5,12.7658333333333,-5.68191666666667,92.0416666666667,0.752166666666667,251.591666666667,0.744291666666667,1.7983,697.3332125,23.7930833333333,44.0489583333333,-1.32816666666667,-3.07291666666667,-997.896,-20.2535833333333,1.74483333333333,-18.508875,0.429708333333333,1.179125,95.0310833333333,0.429708333333333,72.318875,63.1075,22.4670833333333,40.974875,-0.974285714285714,-4.27428571428571,391,70.31353
2024-05-08 00:00:00,2564.5,13.2783333333333,-5.9685,86.63125,0.778666666666667,228.066666666667,0.770083333333333,1.82017745098039,701.3330875,41.270375,67.5174583333333,-2.164875,-4.9985,-1598.72895,-26.2335,2.83354166666667,-23.3992916666667,0.400708333333333,0.890291666666667,140.829416666667,0.400708333333333,187.081916666667,43.99375,39.107875,62.511125,0.3475,-9.4865,384,69.8948141176471
2024-05-09 00:00:00,2588.5,13.4729166666667,-3.58770833333333,84.3520833333333,0.774583333333334,246.6,0.76925,1.80820588235294,709.8147625,42.5325833333333,47.7468333333333,-6.91883333333333,-5.0405,0.943277777777778,-5.21916666666667,-1.878625,-7.099375,0.209875,0.632375,101.911333333333,0.209875,63.1418333333333,21.9681666666667,35.6115416666667,42.7097083333333,NaN,NaN,383,69.2542852941177
2024-05-10 00:00:00,2612.5,13.5841666666667,-0.707291666666667,80.82375,0.811291666666667,202.358333333333,0.810375,1.77966666666667,712.837854166667,78.660625,51.3034583333333,-19.6337083333333,-8.211375,-399.6247,27.36125,-11.422125,15.9389166666667,0.17125,0.563333333333333,87.4861666666667,0.17125,24.5366666666667,27.9265,59.0267916666667,43.091625,NaN,NaN,398,70.8307333333334
2024-05-11 00:00:00,2636.5,13.3975,-0.744625000000001,78.2316666666667,0.859416666666667,198.133333333333,0.858125,1.731375,708.623020833333,75.7765,44.2194166666667,-23.9570416666667,-11.0742916666667,0.1558,31.5614583333333,-12.8825833333333,18.68225,0.157791666666667,0.559416666666667,174.912083333333,0.157791666666667,135.15,24.0182083333333,51.81475,33.1423333333333,-48.95,-41.54,413,71.5057875
2024-05-12 00:00:00,2660.5,13.2391666666667,1.27620833333333,79.21625,0.873916666666667,195.991666666667,0.875875,1.71404166666667,707.446841666667,66.233125,37.7905833333333,-16.9476666666667,-9.59075,0.278368421052632,28.4447916666667,-7.35591666666666,21.088625,0.2635,0.833583333333333,154.539791666667,0.2635,95.2779166666667,23.7079583333333,49.2872916666667,28.1992916666667,-22.4766666666667,-17.6283333333333,430,73.7037916666667
2024-05-13 00:00:00,2684.5,13.3470833333333,2.9115,73.8608333333333,0.884833333333333,207.304166666667,0.889541666666667,1.70266666666667,709.3341375,89.3761666666667,46.138875,-14.8155416666667,-14.3813333333333,Inf,43.2417916666667,-0.434041666666667,42.805,0.385583333333333,1.029875,174.808333333333,0.385583333333333,178.4,26.1052916666667,74.564375,31.7599583333333,-38.165,-37.59,396,67.4256
2024-05-14 00:00:00,2708.5,13.3616666666667,3.15054166666667,76.7254166666667,0.919125,209.483333333333,0.924333333333334,1.66561931818182,708.220304166667,109.326583333333,53.94725,-19.4276666666667,-13.7564583333333,0.724357142857143,55.381875,-5.67166666666667,49.707875,0.25675,0.68075,191.158333333333,0.25675,170.849166666667,38.438125,89.9034583333333,40.192,-51.8333333333333,-48.4066666666667,402,66.9578965909091
2024-05-15 00:00:00,2732.5,13.3720833333333,1.4605,85.8570833333333,0.947041666666667,254.508333333333,0.949583333333333,1.63410984848485,708.542741666667,59.5372083333333,40.4631666666667,-10.08225,-8.45033333333333,-469.847294117647,19.07675,-1.632625,17.4428333333333,0.0823333333333333,0.366791666666667,136.713541666667,0.0823333333333333,95.4929166666667,22.87275,49.456375,32.018625,-1.959,-0.763,413,67.4887367424242
2024-05-16 00:00:00,2756.5,13.3520833333333,2.18291666666667,68.2833333333333,0.972125,188.875,0.975833333333333,1.61441666666667,708.5186125,105.632166666667,48.0260833333333,-35.1266666666667,-15.5787916666667,0.118181818181818,57.5982916666667,-19.5462083333333,38.0543333333333,0.269,0.717041666666667,190.755416666667,0.269,169.394166666667,31.0387083333333,70.50225,32.449125,-59.68,-62.46,412,66.5139666666667
2024-05-17 00:00:00,2780.5,13.3370833333333,4.19208333333333,65.6241666666667,1.00125,192.745833333333,1.009,1.58116666666667,706.96965,117.274916666667,49.189875,-29.6577916666667,-19.365125,Inf,68.1012916666667,-10.292375,57.8025416666667,0.395666666666667,0.951583333333333,170.603333333333,0.395666666666667,176.616666666667,53.3375833333333,87.62625,29.8221666666667,NaN,NaN,415,65.6184166666667
2024-05-18 00:00:00,2804.5,13.4008333333333,4.17529166666667,65.265,1.04679166666667,194.070833333333,1.05466666666667,1.53529166666667,709.745241666667,111.410791666667,45.5549583333333,-27.6159166666667,-18.16025,0.234764705882353,65.8572083333333,-9.45575,56.403625,0.45225,0.93975,172.259166666667,0.45225,182.820833333333,39.2570833333333,83.7927916666666,27.3955,NaN,NaN,398,61.1046083333333
2024-05-19 00:00:00,2828.5,13.2241666666667,2.90179166666667,84.4079166666667,1.08608333333333,187.3,1.09191666666667,1.49854166666667,708.138720833333,68.0231666666667,29.357875,-14.825,-9.95233333333333,Inf,38.6652916666667,-4.874,33.7921666666667,0.321291666666667,0.876625,168.615,0.321291666666667,197.925,45.331125,53.1977083333333,19.4037083333333,NaN,NaN,407,60.9906458333333
2024-05-20 00:00:00,2852.5,13.46375,3.86070833333333,72.2654166666667,1.11541666666667,188.858333333333,1.12341666666667,1.46708333333333,705.6665625,120.84775,50.1239166666667,-22.0625833333333,-17.90175,0.331375,70.722875,-4.16008333333333,66.56675,0.259708333333333,0.769458333333333,168.632916666667,0.259708333333333,162.785416666667,39.7825833333333,98.7858333333333,32.2149166666667,NaN,NaN,423,62.057625
2024-05-21 00:00:00,2876.5,13.2958333333333,-1.50108333333333,84.72875,1.14704166666667,227.058333333333,1.14379166666667,1.43742708333333,705.3166125,51.2980416666667,34.1483333333333,-4.14854166666667,-3.66354166666667,0.47055,17.1516666666667,-0.484666666666666,16.664,0.212,0.744958333333333,132.455375,0.212,129.615208333333,43.5291666666667,47.146125,30.4836666666667,NaN,NaN,443,63.6780197916667
2024-05-22 00:00:00,2900.5,13.42125,0.393291666666667,61.9570833333333,1.12745833333333,217.220833333333,1.128375,1.43555208333333,706.553120833333,111.790833333333,54.928375,-18.8174583333333,-13.3060416666667,Inf,56.8697083333333,-5.51183333333333,51.3574583333333,0.241375,0.677208333333333,174.529458333333,0.241375,226.516666666667,57.0625,92.9770416666667,41.6214166666667,NaN,NaN,395,56.7043072916667
2024-05-23 00:00:00,2924.5,13.2675,1.601625,67.1354166666666,1.16583333333333,206.479166666667,1.169125,1.42255921052632,703.4222875,77.58625,28.726375,-20.3103333333333,-13.5570833333333,Inf,48.8589166666667,-6.75154166666666,42.1045,0.318041666666667,0.957541666666666,149.965666666667,0.318041666666667,136.965833333333,67.5291666666667,57.275875,15.1707916666667,NaN,NaN,396,56.3333447368421
2024-05-24 00:00:00,2948.5,13.3695833333333,0.686333333333333,62.3933333333333,1.18133333333333,227.891666666667,1.18283333333333,1.39964912280702,706.401725,122.963791666667,54.870125,-16.865,-14.1936666666667,Inf,68.0898333333333,-2.67270833333333,65.4210416666667,0.245625,0.727916666666667,174.138583333333,0.245625,147.301666666667,50.8040416666667,106.098458333333,40.6744583333333,NaN,NaN,409,57.245649122807
2024-05-25 00:00:00,2972.5,13.2345833333333,2.06441666666667,81.0141666666667,1.20066666666667,195.429166666667,1.20516666666667,1.38420833333333,703.358270833333,67.096125,27.8634166666667,-13.0292083333333,-8.17945833333333,Inf,39.2361666666667,-4.84975,34.387875,0.212791666666667,0.656958333333333,163.562708333333,0.212791666666667,161.70875,51.1645833333333,54.0705,19.6820833333333,NaN,NaN,416,57.5830666666667
2024-05-26 00:00:00,2996.5,13.2945833333333,1.35845833333333,83.0775,1.15633333333333,230.191666666667,1.15916666666667,1.4295,707.7549375,86.242625,55.611,-14.7847916666667,-7.63070833333333,1.415,30.635125,-7.15508333333333,23.4741666666667,0.177833333333333,0.511583333333333,162.009916666667,0.177833333333333,57.601375,42.60625,71.4596666666667,47.977375,NaN,NaN,412,58.8954
2024-05-27 00:00:00,3020.5,13.37,3.985,64.0329166666667,1.19045833333333,219.416666666667,1.199,1.39095833333333,714.064566666666,134.618541666667,56.806,-38.2258333333333,-19.039625,Inf,77.8142083333333,-19.1881666666667,58.631125,0.261,0.796125,166.712916666667,0.261,153.133333333333,49.6692083333333,96.3785833333333,37.7634166666667,NaN,NaN,406,56.4729083333333
2024-05-28 00:00:00,3044.5,13.4054166666667,3.75566666666667,65.51125,1.22891666666667,190.154166666667,1.23716666666667,1.35354166666667,715.9427625,139.4595,51.6310833333333,-32.7007916666667,-20.56325,-0.104545454545455,87.838625,-12.1374166666667,75.7034583333333,0.415458333333333,0.837791666666666,177.068333333333,0.415458333333333,176.982083333333,20.157875,106.753083333333,31.0621666666667,NaN,NaN,435,58.8790625
2024-05-29 00:00:00,3068.5,13.2570833333333,3.13454166666667,72.8370833333333,1.25275,190.766666666667,1.25975,1.333,712.6516875,47.828,20.9322916666667,-21.3725416666667,-13.025375,-0.14205,26.9000416666667,-8.34779166666666,18.5467083333333,0.436375,0.807041666666667,195.451666666667,0.436375,180.15,21.0832916666667,26.4600833333333,7.91020833333333,NaN,NaN,442,58.9186
2024-05-30 00:00:00,3092.5,13.3566666666667,4.609125,65.7675,1.26591666666667,199.179166666667,1.27666666666667,1.31454166666667,711.836741666667,136.37225,50.9600833333333,-34.0266666666667,-20.95,0.0341,85.3944583333333,-13.077625,72.318375,0.360041666666667,0.907625,159.0125,0.360041666666667,179.091666666667,34.3582083333333,102.337791666667,30.0042916666667,NaN,NaN,422,55.4736583333334
2024-05-31 00:00:00,3116.5,13.4358333333333,3.98670833333333,65.3,1.309875,204.895833333333,1.31929166666667,1.27079166666667,712.0634,134.17725,49.21125,-34.42625,-19.6663333333333,-Inf,84.9853333333333,-14.7602083333333,70.2235,0.368458333333333,0.836833333333333,170.379583333333,0.368458333333333,164.3375,31.2787083333333,99.751,29.539875,NaN,NaN,480,60.998
2024-06-01 00:00:00,3140.5,13.2179166666667,4.66475,69.8416666666667,1.35479166666667,201.570833333333,1.36608333333333,1.22470833333333,711.311179166667,120.942875,42.7104166666667,-26.9829583333333,-19.6452083333333,-Inf,78.233,-7.33633333333333,70.8972083333333,0.426541666666667,0.923,190.004166666667,0.426541666666667,168.920833333333,27.1025,93.9585833333333,23.0628333333333,NaN,NaN,480,58.786
2024-06-02 00:00:00,3164.5,13.24,4.14979166666667,78.2775,1.38945833333333,206.091666666667,1.39995833333333,1.19054166666667,708.992879166667,91.7203333333334,30.1357916666667,-20.6104166666667,-15.9765416666667,Inf,61.5831666666667,-4.63441666666666,56.95275,0.472583333333333,1.01129166666667,168.924958333333,0.472583333333333,173.370833333333,25.3394583333333,71.110375,14.158625,NaN,NaN,480,57.146
2024-06-03 00:00:00,3188.5,13.4570833333333,4.91620833333333,77.3229166666667,1.4195,205.654166666667,1.43220833333333,1.15775,707.748629166667,60.535125,22.843,-9.196,-17.2235,-Inf,37.6999583333333,8.027375,45.72525,0.387166666666667,0.905541666666667,164.717916666667,0.387166666666667,173.1625,39.514625,51.3530416666667,5.62120833333333,NaN,NaN,480,55.572
2024-06-04 00:00:00,3212.5,13.4320833333333,5.55566666666667,73.5333333333333,1.47279166666667,208.395833333333,1.48783333333333,1.10370833333333,708.419916666667,117.380791666667,41.905,-20.8051666666667,-20.9222916666667,-Inf,75.4969166666667,0.117083333333332,75.6215416666667,0.3715,0.945708333333333,165.4975,0.3715,221.719458333333,70.805,96.5928333333334,20.9784166666667,NaN,NaN,480,52.978
2024-06-05 00:00:00,3236.5,13.30625,7.66470833333333,66.19125,1.51741666666667,192.125,1.5385,1.05175,713.063458333333,143.149708333333,45.4509166666667,-33.135,-28.9368333333333,0.515357142857143,97.6975416666667,-4.200125,93.502125,0.455125,1.00433333333333,173.822125,0.455125,134.03375,66.7608333333333,110.020333333333,16.5173333333333,NaN,NaN,480,50.484
2024-06-06 00:00:00,3260.5,13.3379166666667,8.35008333333333,60.3929166666667,1.57033333333333,197.075,1.59404166666667,0.998208333333333,715.798758333333,139.827,43.2927083333333,-33.61,-32.2315416666667,Inf,96.534875,-1.37966666666667,95.1599583333333,0.427708333333333,0.87725,160.734,0.427708333333333,165.26875,28.23625,106.22625,11.0655,NaN,NaN,480,47.914
2024-06-07 00:00:00,3284.5,13.3275,7.89316666666667,69.0033333333333,1.61808333333333,202.216666666667,1.64104166666667,0.948833333333333,713.521633333333,118.878,34.9777916666667,-24.8652083333333,-29.5435416666667,Inf,83.9037083333333,4.67883333333333,88.5813333333333,0.439666666666667,1.03441666666667,158.902166666667,0.439666666666667,170.579166666667,35.6140833333333,94.0155416666666,5.433625,NaN,NaN,480,45.544
2024-06-08 00:00:00,3308.5,13.4120833333333,7.83966666666667,76.2916666666667,1.67345833333333,204.441666666667,1.69720833333333,0.893083333333333,712.887220833333,102.70375,30.0317916666667,-16.9452083333333,-28.0305833333333,Inf,72.66725,11.085125,83.7554166666667,0.390958333333333,0.977125,144.827833333333,0.390958333333333,166.954166666667,30.4504166666667,85.7516666666667,2.00016666666667,NaN,NaN,480,42.868
2024-06-09 00:00:00,3332.5,13.51125,8.81475,71.9875,1.72425,203.0125,1.75166666666667,0.838333333333333,714.183895833333,112.309083333333,32.45675,-24.46825,-31.9908333333333,Inf,79.86025,7.52291666666667,87.38825,0.302333333333333,0.803291666666667,165.302083333333,0.302333333333333,143.177916666667,33.8541666666667,87.8585416666667,0.468333333333335,NaN,NaN,480,40.24
2024-06-10 00:00:00,3356.5,13.43,8.5585,73.5570833333333,1.78483333333333,212.129166666667,1.81254166666667,0.7775,713.393233333334,104.505458333333,28.6732916666667,-13.9306666666667,-28.313875,0.276214285714286,75.8289583333333,14.3835833333333,90.2099166666667,0.298291666666667,0.840083333333333,157.453375,0.298291666666667,161.3025,27.4138333333333,90.5701666666667,0.359666666666667,NaN,NaN,480,37.32
2024-06-11 00:00:00,3380.5,13.32625,9.46720833333333,58.87625,1.847,199.433333333333,1.87858333333333,0.711458333333333,714.376554166667,142.71925,36.7302083333333,-36.2508333333333,-33.2610416666667,Inf,105.981333333333,-2.98879166666667,102.988375,0.336833333333333,0.873,160.315166666667,0.336833333333333,148.200833333333,37.64525,106.457625,3.47729166666667,NaN,NaN,480,34.15
2024-06-12 00:00:00,3404.5,13.2629166666667,11.8157083333333,54.0008333333333,1.91325,198.608333333333,1.95420833333333,0.635708333333333,715.173241666667,133.279833333333,33.2010416666667,-30.4236666666667,-39.7758333333333,NaN,100.08525,9.351,109.436958333333,0.436083333333333,1.01891666666667,149.60875,0.436083333333333,130.006666666667,42.0525416666667,102.880416666667,-6.57325,NaN,NaN,480,30.514
2024-06-13 00:00:00,3428.5,13.27375,12.4844166666667,54.2129166666667,1.98504166666667,203.695833333333,2.02954166666667,0.560791666666667,716.236645833333,150.092333333333,34.344375,-32.7564166666667,-42.2410416666667,Inf,115.769291666667,9.484375,125.245291666667,0.382166666666667,1.00066666666667,147.639166666667,0.382166666666667,145.555416666667,34.592875,117.368708333333,-7.8995,NaN,NaN,480,26.918
2024-06-14 00:00:00,3452.5,13.3083333333333,9.847625,70.15625,2.056625,201.729166666667,2.09345833333333,0.497541666666667,714.9106875,87.034125,19.7159583333333,-18.83025,-30.4895833333333,-Inf,67.3230833333333,11.6599583333333,78.97275,0.185208333333333,0.687458333333333,152.393,0.185208333333333,144.652083333333,39.297625,68.201,-10.7739583333333,NaN,NaN,480,23.882
2024-06-15 00:00:00,3476.5,13.1395833333333,10.4117083333333,60.3645833333333,2.1085,208.433333333333,2.14816666666667,0.441,711.427279166667,119.233125,24.2117083333333,-29.5791666666667,-32.2468333333333,Inf,95.039125,2.66941666666667,97.712125,0.271875,0.832875,158.9025,0.271875,150.268375,45.787625,89.65,-8.038,NaN,NaN,480,21.168
2024-06-16 00:00:00,3500.5,13.08375,12.2855833333333,43.0604166666667,2.16929166666667,200.616666666667,2.21741666666667,0.372791666666667,708.482083333333,145.595875,25.1729583333333,-37.32875,-37.617375,Inf,120.433125,0.288458333333332,120.712125,0.367333333333333,0.891625,170.269375,0.367333333333333,229.4375,35.3593333333333,108.278125,-12.44375,NaN,NaN,480,17.894
2024-06-17 00:00:00,3524.5,13.0633333333333,13.899875,30.62,2.24933333333333,204.108333333333,2.30566666666667,0.284958333333333,703.8630875,146.592125,25.961125,-41.6241666666667,-40.01875,Inf,120.59325,-1.604625,119.011208333333,0.5135,1.10920833333333,196.463333333333,0.5135,218.535375,57.9966666666667,104.927333333333,-14.059375,NaN,NaN,480,13.678
2024-06-18 00:00:00,3548.5,13.1466666666667,5.98425,50.9075,2.34816666666667,217.183333333333,2.37354166666667,0.216583333333333,707.562345833333,143.836083333333,22.9580833333333,-36.1879166666667,-15.8872916666667,Inf,120.869958333333,-20.3001666666667,100.570333333333,0.307666666666667,0.833208333333333,107.167291666667,0.307666666666667,110.973083333333,39.2804583333333,107.670166666667,7.07283333333333,NaN,NaN,480,10.396
2024-06-19 00:00:00,3572.5,13.1304166666667,6.07208333333333,73.4304166666667,2.38833333333333,202.1625,2.41454166666667,0.175416666666667,713.134904166667,60.0686666666667,11.6174166666667,-18.3365416666667,-12.9305416666667,Inf,48.4478333333333,-5.40654166666667,43.041875,0.131666666666667,0.586083333333333,140.776583333333,0.131666666666667,123.4585,18.283125,41.726375,-1.31283333333333,NaN,NaN,480,8.42
2024-06-20 00:00:00,3596.5,13.0904166666667,9.26420833333333,82.7858333333333,2.42945833333333,196.283333333333,2.47008333333333,0.119875,715.628466666667,103.000083333333,13.765875,-17.1307916666667,-14.9040416666667,Inf,89.23175,-2.22545833333333,87.0076666666667,0.179916666666667,0.600541666666667,196.209458333333,0.179916666666667,186.624791666667,27.5242083333333,85.8689166666667,-1.1375,NaN,NaN,480,5.754
2024-06-21 00:00:00,3620.5,13.1283333333333,10.505125,75.57375,2.49645833333333,188.516666666667,2.54391666666667,0.0460833333333333,714.751283333333,107.016375,13.548375,-21.872125,-15.5364166666667,Inf,93.4675,-6.33675,87.1332083333333,0.235875,0.686,188.777583333333,0.235875,181.136708333333,40.10175,85.13825,-1.98804166666667,NaN,NaN,480,2.212
2024-06-22 00:00:00,3644.5,13.1120833333333,9.69116666666667,70.3325,2.54991666666667,197.2625,2.59454166666667,-0.00445833333333334,716.8251625,130.868416666667,13.002,-28.13375,-9.50354166666667,-0.14505,117.851291666667,-18.6317083333333,99.2180833333333,0.168416666666667,0.638291666666667,181.377416666667,0.168416666666667,128.3635,34.1555833333333,102.719416666667,3.498375,NaN,NaN,480,-0.214
2024-06-23 00:00:00,3668.5,13.0929166666667,12.9212083333333,58.0879166666667,2.54120833333333,201.658333333333,2.60016666666667,-0.00950000000000001,717.256466666667,140.815583333333,13.2112916666667,-37.4333333333333,-10.8893333333333,-0.0868421052631579,127.629416666667,-26.54375,101.099458333333,0.241666666666667,0.669625,142.084416666667,0.241666666666667,128.619,29.037625,103.415291666667,2.32045833333333,NaN,NaN,480,-0.456
2024-06-24 00:00:00,3692.5,13.0491666666667,12.753625,63.4370833333333,2.538,198.7125,2.59633333333333,-0.00645833333333334,716.015583333333,115.964666666667,11.8976666666667,-31.885375,-5.86395833333334,Inf,104.069833333333,-26.0215,78.04425,0.244291666666667,0.669458333333333,158.30675,0.244291666666667,145.132083333333,31.1495,84.0758333333334,6.03345833333334,NaN,NaN,480,-0.31
2024-06-25 00:00:00,3716.5,13.0420833333333,12.1189583333333,68.57,2.53858333333333,212.583333333333,2.59404166666667,-0.00404166666666667,717.002008333333,117.332333333333,11.3065833333333,-31.2150833333333,-5.160375,-0.459333333333333,106.029,-26.0540416666667,79.9766666666667,0.258833333333333,0.773208333333333,137.757041666667,0.258875,173.780833333333,30.976125,86.12225,6.14608333333333,NaN,NaN,480,-0.194
2024-06-26 00:00:00,3740.5,13.0304166666667,11.217375,80.16375,2.54208333333333,202,2.59345833333333,-0.00416666666666667,716.912979166667,108.37525,9.60966666666666,-19.023125,-2.50466666666667,-0.225047619047619,98.7679166666667,-16.5194166666667,82.2505,0.203833333333333,0.61375,142.586666666667,0.203833333333333,141.247083333333,21.3172083333333,89.350125,7.105125,NaN,NaN,480,-0.2
2024-06-27 00:00:00,3764.5,13.0245833333333,12.0240833333333,76.34625,2.53291666666667,208.6125,2.58766666666667,0.00220833333333333,712.038516666667,120.877833333333,11.6279583333333,-19.7645416666667,-1.09570833333333,-0.0238125,109.244166666667,-18.66825,90.5790416666667,0.215166666666667,0.715833333333333,134.253083333333,0.215166666666667,152.519541666667,47.4415416666667,101.115291666667,10.5317083333333,NaN,NaN,480,0.106
2024-06-28 00:00:00,3788.5,13.0833333333333,10.2975416666667,82.4379166666667,2.52558333333333,232.395833333333,2.57254166666667,0.0104583333333333,711.1171,141.442958333333,13.407375,-23.4528333333333,1.63216666666667,-0.222166666666667,128.036625,-25.0843333333333,102.951541666667,0.190208333333333,0.647791666666667,154.925791666667,0.190208333333333,187.125,50.2505833333333,117.987833333333,15.0392083333333,NaN,NaN,480,0.502
2024-06-29 00:00:00,3812.5,12.9925,10.0582083333333,78.4558333333333,2.526,232.35,2.57166666666667,0.0135,717.008033333333,104.577708333333,10.9352916666667,-24.6775416666667,0.0374166666666664,Inf,93.6344583333333,-24.7153333333333,68.922,0.123458333333333,0.558208333333333,153.237083333333,0.123458333333333,129.17625,26.5970416666667,79.896375,10.9716666666667,NaN,NaN,480,0.648
2024-06-30 00:00:00,3836.5,13.1133333333333,12.057625,77.91375,2.51558333333333,218.208333333333,2.570375,0.0207083333333333,717.632941666667,59.6945833333333,7.19341666666667,-17.3274166666667,-2.67458333333333,0.0854375,52.50375,-14.651375,37.8529166666667,0.175416666666667,0.564583333333333,175.238083333333,0.175416666666667,186.991666666667,29.6750416666667,42.3649583333333,4.51929166666667,NaN,NaN,480,0.994
2024-07-01 00:00:00,3860.5,13.0570833333333,10.7955833333333,84.5233333333333,2.50945833333333,221.108333333333,2.5585,0.0293541666666667,713.936720833333,82.8261666666667,8.65079166666667,-16.5427083333333,-0.0390833333333333,NaN,74.172,-16.5030833333333,57.6711666666667,0.230416666666667,0.75225,187.984583333333,0.230416666666667,159.74575,34.7537083333333,66.2816666666667,8.61183333333333,NaN,NaN,480,1.409
2024-07-02 00:00:00,3884.5,13.07875,8.30754166666667,74.3725,2.51791666666667,214.604166666667,2.555625,0.0322291666666667,713.6491375,131.413791666667,14.7360833333333,-29.199875,1.481375,-0.0525789473684211,116.673666666667,-30.6817916666667,85.97175,0.200916666666667,0.652583333333333,149.324416666667,0.200916666666667,174.133333333333,39.9759166666667,102.228333333333,16.2191666666667,NaN,NaN,NaN,NaN
2024-07-03 00:00:00,3908.5,13.0416666666667,10.235125,49.5283333333333,2.52629166666667,224.620833333333,2.572875,0.0176458333333333,685.108239166667,132.156666666667,15.5855833333333,-42.995,-3.89616666666667,-0.234454545454545,116.559416666667,-39.1008333333333,77.4850833333333,0.240875,0.524208333333333,128.542666666667,0.240875,99.2439166666667,24.027125,89.1775,11.6917916666667,NaN,NaN,NaN,NaN
2024-07-04 00:00:00,3932.5,13.0179166666667,8.85066666666667,49.9895833333333,2.542375,239.266666666667,2.58283333333333,0.00615972222222221,716.598595833333,147.364083333333,15.8066666666667,-44.0866666666667,-2.08354166666667,-0.0406363636363636,131.529625,-42.0054166666667,89.5280416666667,0.003125,0.08325,164.26625,0.003125,20.8289583333333,5.17175,103.271375,13.72625,NaN,NaN,NaN,NaN
2024-07-05 00:00:00,3956.5,13.02125,7.42420833333333,55.2520833333333,2.55054166666667,232.529166666667,2.58454166666667,0.000194444444444441,717.421133333333,144.162875,16.0306666666667,-42.1679166666667,-0.330208333333333,Inf,128.15725,-41.8379166666667,86.29575,0.00395833333333333,0.117875,179.927833333333,0.00395833333333333,24.6929166666667,4.02366666666667,102.007833333333,15.6991666666667,NaN,NaN,NaN,NaN
2024-07-06 00:00:00,3980.5,13.0729166666667,11.13025,41.92875,2.52479166666667,235.695833333333,2.575375,0.00989622641509434,714.4861,125.515416666667,14.15525,-36.41125,-4.978125,0.0741111111111111,111.346041666667,-31.43375,79.915125,0.00354166666666667,0.096375,148.793875,0.00354166666666667,32.0983333333333,6.15833333333333,89.074375,9.17683333333333,NaN,NaN,NaN,NaN
2024-07-07 00:00:00,4004.5,12.9908333333333,7.66425,69.1766666666667,2.52591666666667,243.545833333333,2.56091666666667,0.0284622641509434,714.726075,84.7953333333333,11.0407083333333,-25.235375,0.590041666666667,-0.00354545454545454,73.7589583333333,-25.8258333333333,47.9320416666667,4.16666666666667e-05,0.00225,119.278958333333,4.16666666666667e-05,2.97458333333333,0.301875,59.5628333333333,11.6299583333333,NaN,NaN,NaN,NaN
2024-07-08 00:00:00,4028.5,13.0933333333333,7.8925,57.1141666666667,2.52491666666667,229.916666666667,2.56066666666667,0.0284331761006289,716.207483333333,120.89975,14.142875,-39.0466666666667,-2.672875,-0.150227272727273,106.771125,-36.3729166666667,70.3950416666667,4.16666666666667e-05,0.00204166666666667,182.22125,4.16666666666667e-05,0.710833333333333,0.156166666666667,81.8611666666667,11.4700416666667,NaN,NaN,NaN,NaN
2024-07-09 00:00:00,4052.5,13.1258333333333,9.33333333333333,59.21625,2.5285,220.825,2.57095833333333,0.01975,717.444820833333,69.3298333333333,9.85854166666667,-28.31975,-3.26866666666667,-Inf,59.4710833333333,-25.05025,34.418,0.001125,0.0280416666666667,144.142375,0.001125,6.46583333333333,1.024625,41.01175,6.59008333333334,NaN,NaN,NaN,NaN
2024-07-10 00:00:00,4076.5,13.03625,10.6411666666667,56.1629166666667,2.51941666666667,221.8,2.56741666666667,0.0208828125,718.9066625,121.67375,13.1830416666667,-32.8225,-4.55475,-0.171380952380952,108.494291666667,-28.2672083333333,80.2051666666667,0.000666666666666667,0.0232083333333333,130.066708333333,0.000666666666666667,15.7616666666667,1.04395833333333,88.8289583333333,8.62791666666667,NaN,NaN,NaN,NaN
2024-07-11 00:00:00,4100.5,13.0325,12.9074583333333,51.4054166666667,2.49966666666667,223.329166666667,2.55745833333333,0.0347213541666667,718.477529166667,68.394,9.00625,-29.5653333333333,-7.7315,-0.0571304347826087,59.3932083333333,-21.8347083333333,37.5566666666667,0.00116666666666667,0.0504166666666667,178.0875,0.00116666666666667,20.2380833333333,0.799291666666667,38.830125,1.27541666666667,NaN,NaN,NaN,NaN
2024-07-12 00:00:00,4124.5,12.9929166666667,14.5715416666667,41.4116666666667,2.48533333333333,229.995833333333,2.55025,0.0404270833333333,718.452720833334,126.163625,15.5598333333333,-42.58875,-9.63916666666667,-0.0894285714285714,110.601166666667,-32.9491666666667,77.641875,0.009125,0.196083333333333,172.709083333333,0.009125,59.84,6.795875,83.6002916666667,5.92175,NaN,NaN,NaN,NaN
2024-07-13 00:00:00,4148.5,12.9841666666667,15.731125,35.9720833333333,2.475625,224.554166666667,2.54529166666667,0.0456979166666667,720.1500625,116.61525,14.370375,-41.4025,-10.599125,NaN,102.242666666667,-30.8033333333333,71.4344583333333,0.006125,0.101125,175.285833333333,0.006125,27.8166666666667,3.939875,75.221875,3.77083333333334,NaN,NaN,NaN,NaN
2024-07-14 00:00:00,4172.5,12.9983333333333,13.7535416666667,59.3454166666667,2.47429166666667,219.783333333333,2.53541666666667,0.050875,719.9396,109.154458333333,12.4620833333333,-28.6675,-6.13983333333333,-0.09365,96.6977916666667,-22.5272916666667,74.1642916666667,0.000833333333333333,0.0352083333333333,170.122916666667,0.000833333333333333,24.6083333333333,2.02466666666667,80.491125,6.32204166666666,NaN,NaN,NaN,NaN
2024-07-15 00:00:00,4196.5,13.0854166666667,12.6145833333333,75.4775,2.48670833333333,230.416666666667,2.54333333333333,0.0467083333333334,718.108770833333,102.540375,12.293125,-16.4932916666667,-3.3235,-0.100882352941176,90.25825,-13.1700833333333,77.089,0.001625,0.0404583333333333,166.81325,0.001625,26.8920833333333,2.060375,86.0579583333334,8.96891666666667,NaN,NaN,NaN,NaN
2024-07-16 00:00:00,4220.5,13.0354166666667,11.6843333333333,69.14375,2.48675,213.741666666667,2.53920833333333,0.0518333333333333,717.864091666667,76.30425,8.43995833333333,-23.38525,-3.89391666666667,0.112888888888889,67.8594166666666,-19.4909166666667,48.3667916666667,0.000833333333333333,0.0265416666666667,174.146291666667,0.000833333333333333,15.1833333333333,0.707083333333333,52.91825,4.54570833333333,NaN,NaN,NaN,NaN
2024-07-17 00:00:00,4244.5,12.995,9.77745833333333,79.7404166666667,2.503,239.875,2.54720833333333,0.036078125,719.480733333333,81.8137083333333,9.87925,-19.1940416666667,-3.17433333333333,0.104909090909091,71.9372083333333,-16.020625,55.91775,0,0.000125,166.741416666667,0,8.2625,0,62.6174166666667,6.704125,NaN,NaN,NaN,NaN
2024-07-18 00:00:00,4268.5,13.0558333333333,11.419,68.8233333333333,2.50245833333333,239.141666666667,2.55370833333333,0.0416961805555556,719.582295833333,78.9507083333333,11.109625,-25.7775,-5.16808333333333,-0.324545454545455,67.8315833333333,-20.61,47.2248333333333,0.00120833333333333,0.0411666666666667,170.0775,0.00120833333333333,11.7425,1.566875,53.1717916666667,5.94191666666667,NaN,NaN,NaN,NaN
2024-07-19 00:00:00,4292.5,12.9441666666667,11.3277083333333,75.44,2.47975,250.741666666667,2.53058333333333,0.0503715277777778,719.7057875,97.1606666666667,12.867875,-20.2002916666667,-1.74020833333333,-0.0996,84.301375,-18.4585833333333,65.8414166666667,0.00141666666666667,0.046625,154.443166666667,0.00141666666666667,16.8250833333333,1.96720833333333,76.965375,11.126625,NaN,NaN,NaN,NaN
2024-07-20 00:00:00,4316.5,13.0204166666667,11.5692083333333,64.6733333333333,2.479625,246.2,2.53116666666667,0.05165,720.144754166667,121.440208333333,14.7152916666667,-27.9587083333333,-4.43145833333333,-0.0103333333333333,106.717333333333,-23.5258333333333,83.1813333333333,0.001,0.0442083333333333,119.886041666667,0.001,20.3579166666667,2.01779166666667,93.4872083333333,10.2832083333333,NaN,NaN,NaN,NaN
2024-07-21 00:00:00,4340.5,13.0033333333333,8.11233333333333,85.13875,2.50441666666667,236.375,2.541125,0.0476,719.5305625,53.4045,7.32583333333333,-18.9108333333333,1.0995,-0.0358421052631579,46.0739583333333,-20.0103333333333,26.0659583333333,0,0,174.48375,0,0,0,34.4935416666667,8.42495833333333,NaN,NaN,NaN,NaN
2024-07-22 00:00:00,4364.5,13.1404166666667,8.595125,71.9120833333333,2.49475,261.720833333333,2.53325,0.0386435185185185,718.395583333333,119.165708333333,14.8607083333333,-26.259125,-1.93733333333333,-0.205090909090909,104.315083333333,-24.3225,79.98675,0,0.000791666666666667,155.026583333333,0,28.9291666666667,0.681666666666667,92.9016666666667,12.9221666666667,NaN,NaN,NaN,NaN
2024-07-23 00:00:00,4388.5,13.0816666666667,11.129,59.5129166666667,2.477375,249.883333333333,2.52683333333333,0.040820987654321,718.997679166667,100.690375,13.0974166666667,-39.3154166666667,-6.23458333333333,-0.126,87.5902083333334,-33.08125,54.511,0,0,179.318666666667,0,0,0,61.3767083333333,6.86383333333333,NaN,NaN,NaN,NaN
2024-07-24 00:00:00,4412.5,13.1391666666667,11.773875,63.3629166666667,2.47245833333333,252.383333333333,2.52479166666667,0.0423024691358025,721.344075,67.7863333333333,8.99166666666667,-29.9766666666667,-5.68516666666667,Inf,58.7857916666667,-24.2908333333333,34.5001666666667,0,0,189.402916666667,0,0,0,37.80625,3.30529166666667,NaN,NaN,NaN,NaN
2024-07-25 00:00:00,4436.5,13.0820833333333,14.313375,50.5033333333334,2.484625,261.854166666667,2.54816666666667,0.0436913580246914,720.080241666667,114.382375,13.9557083333333,-37.65,-9.66575,-0.056,100.41925,-27.9845833333333,72.4275833333333,0.00116666666666667,0.0361666666666667,159.3775,0.00116666666666667,18.9333333333333,0.879166666666667,76.7159583333333,4.2895,NaN,NaN,NaN,NaN
2024-07-26 00:00:00,4460.5,13.1575,13.25375,65.5625,2.46979166666667,234.6875,2.52875,0.0536333333333333,716.454095833333,78.412125,10.981,-27.7179166666667,-4.782625,Inf,67.4335833333333,-22.9350833333333,44.4973333333333,0.00025,0.012625,115.074333333333,0.00025,37.3793333333333,1.21658333333333,50.6924166666667,6.19804166666667,NaN,NaN,NaN,NaN
2024-07-27 00:00:00,4484.5,12.9895833333333,12.1665833333333,72.83375,2.4805,260.466666666667,2.53491666666667,0.0542416666666667,713.335758333333,95.646,13.4496666666667,-24.1224583333333,-1.96008333333333,Inf,82.1997916666667,-22.160875,60.0252916666666,0.00175,0.0512083333333333,185.456375,0.00175,74.1929166666667,2.57179166666667,71.494625,11.4889166666667,NaN,NaN,NaN,NaN
2024-07-28 00:00:00,4508.5,13.0375,11.0224166666667,65.0875,2.4855,226.8875,2.53479166666667,0.05459375,713.481741666667,109.060291666667,14.171875,-29.8334166666667,-4.6725,-0.126727272727273,94.8844166666667,-25.161125,69.7389583333333,0.00166666666666667,0.0364583333333333,171.601916666667,0.00166666666666667,39.1966666666667,2.36758333333333,79.2234583333333,9.50116666666666,NaN,NaN,NaN,NaN
2024-07-29 00:00:00,4532.5,13.0116666666667,13.03,38.4975,2.47795833333333,212.445833333333,2.53579166666667,0.0554479166666667,715.409916666667,105.173166666667,14.1918333333333,-43.7908333333333,-9.55820833333333,Inf,90.9942083333333,-34.23375,56.7735416666667,0.00216666666666667,0.0611666666666667,155.415,0.00216666666666667,25.325,4.23833333333333,61.4161666666667,4.633375,NaN,NaN,NaN,NaN
2024-07-30 00:00:00,4556.5,13.035,13.61875,35.5979166666667,2.47179166666667,210.95,2.53225,0.058875,715.0803,106.523291666667,14.1649583333333,-42.5183333333333,-9.69145833333333,Inf,92.3383333333333,-32.8279166666667,59.5238333333333,0.002375,0.0519166666666667,166.824583333333,0.002375,34.3516666666667,4.15879166666667,64.009875,4.47433333333333,NaN,NaN,NaN,NaN
2024-07-31 00:00:00,4580.5,13.0308333333333,12.122125,39.6108333333333,2.47154166666667,214.5625,2.52520833333333,0.065328125,717.221725,98.734125,14.11575,-43.0525,-7.88241666666667,-0.0153333333333333,84.6179166666666,-35.1704166666667,49.4599583333333,0.0025,0.0526666666666667,193.465416666667,0.0025,20.7779166666667,3.94383333333333,55.6883333333333,6.2325,NaN,NaN,NaN,NaN
2024-08-01 00:00:00,4604.5,13.0316666666667,13.7509166666667,40.9320833333333,2.464,218.5875,2.52454166666667,0.0649635416666667,721.096875,97.580875,13.8650833333333,-41.6670833333333,-9.82579166666667,-0.152545454545455,83.7010833333333,-31.84125,51.85575,0.000625,0.0249583333333333,182.39125,0.000625,20.94125,0.67175,55.894375,4.04204166666667,NaN,NaN,NaN,NaN
2024-08-02 00:00:00,4628.5,13.0775,15.2627916666667,42.7495833333333,2.45683333333333,211.495833333333,2.52404166666667,0.0664166666666667,722.046754166667,101.585791666667,13.9222083333333,-39.81875,-10.3859583333333,-Inf,87.6682916666667,-29.4333333333333,58.2287083333333,0.000875,0.0233333333333333,142.86,0.000875,45.7416666666667,2.13079166666667,61.7544583333333,3.5365,NaN,NaN,NaN,NaN
2024-08-03 00:00:00,4652.5,13.0529166666667,14.7372083333333,45.7579166666667,2.45425,218.354166666667,2.51925,0.0734166666666666,720.4127875,88.4995416666667,12.5668333333333,-37.9670833333333,-8.72708333333333,-0.177954545454545,75.9355416666667,-29.2404166666667,46.699125,0.000125,0.00708333333333333,178.7685,0.000125,3.64,0.0095,50.53575,3.839125,NaN,NaN,NaN,NaN
2024-08-04 00:00:00,4676.5,13.0729166666667,15.0727083333333,53.1508333333333,2.450375,214.970833333333,2.516875,0.074125,718.351920833334,70.40825,9.719625,-28.5833333333333,-8.14204166666667,-Inf,60.68875,-20.4411666666667,40.2481666666667,0.000125,0.00645833333333333,158.033083333333,0.000125,25.2404166666667,0.685916666666667,41.8212916666667,1.57675,NaN,NaN,NaN,NaN
2024-08-05 00:00:00,4700.5,13.0733333333333,14.93125,59.25125,2.44708333333333,233.829166666667,2.51275,0.077054347826087,719.404783333333,63.71175,10.161875,-26.8013333333333,-6.20041666666667,Inf,53.5510833333333,-20.6002916666667,32.9558333333333,0,0,185.624583333333,0,0,0,36.9105833333333,3.96175,NaN,NaN,NaN,NaN
2024-08-06 00:00:00,4724.5,13.1145833333333,15.2375,53.50625,2.453,240.379166666667,2.52025,0.0724211423699915,719.512879166667,75.0053333333333,11.4080833333333,-32.89625,-7.48270833333333,-Inf,63.5965416666667,-25.4122083333333,38.1811666666667,0,0.000541666666666667,162.080833333333,0,7.9,0,42.10675,3.924875,NaN,NaN,NaN,NaN
2024-08-07 00:00:00,4748.5,13,13.0475,63.9929166666667,2.459,223.066666666667,2.51675,0.0711078431372549,717.842441666667,67.2273333333333,9.58695833333334,-21.984125,-3.50416666666667,-0.1262,57.6397083333333,-18.4807083333333,39.1550833333333,0.001375,0.0455416666666667,181.65125,0.001375,21.9254166666667,2.0505,45.2502916666667,6.08254166666666,NaN,NaN,NaN,NaN
2024-08-08 00:00:00,4772.5,13.1054166666667,11.5299166666667,70.79625,2.47708333333333,224.904166666667,2.52841666666667,0.0585625,717.021841666667,71.6207916666667,10.4198333333333,-22.91575,-2.65366666666667,Inf,61.2007083333333,-20.2629166666667,40.9345,0.000375,0.0172083333333333,86.3435416666667,0.000375,25.2833333333333,0.76275,48.7045,7.76583333333333,NaN,NaN,NaN,NaN
2024-08-09 00:00:00,4796.5,13.0145833333333,9.51716666666667,83.8675,2.483875,245.054166666667,2.52658333333333,0.05325,717.206829166667,67.8219166666667,8.66804166666667,-13.094875,0.411666666666667,Inf,59.1480416666667,-13.50575,45.6371666666667,0.000625,0.0275833333333333,168.010541666667,0.000625,7.99083333333333,0.0939166666666667,54.719625,9.07908333333333,NaN,NaN,NaN,NaN
2024-08-10 00:00:00,4820.5,13.0033333333333,9.22445833333334,87.3429166666667,2.49795833333333,214.0625,2.53954166666667,0.050875,717.337429166667,67.14825,9.47383333333333,-11.8095833333333,-0.249791666666667,-0.0154117647058823,57.6747916666667,-11.55975,46.116375,0.000708333333333333,0.0171666666666667,163.909166666667,0.000708333333333333,9.53833333333333,1.10270833333333,55.3378333333333,9.22445833333333,NaN,NaN,NaN,NaN
2024-08-11 00:00:00,4844.5,12.985,8.98441666666667,92.7604166666667,2.50716666666667,215.525,2.54783333333333,0.0420833333333333,716.647841666667,79.0023333333334,10.0905833333333,-7.38541666666667,0.5515,Inf,68.9104583333333,-7.93775,60.9765833333333,0.000666666666666667,0.028125,184.439583333333,0.000666666666666667,16.0341666666667,1.83375,71.6236666666667,10.6417916666667,NaN,NaN,NaN,NaN
2024-08-12 00:00:00,4868.5,13.0495833333333,11.1500833333333,77.495,2.49675,220.204166666667,2.54695833333333,0.041625,716.712525,68.3629583333333,9.469375,-20.628125,-3.19666666666667,-0.0235,58.8937916666667,-17.4330416666667,41.45675,0.000166666666666667,0.009875,151.99875,0.000166666666666667,9.56291666666667,0,47.7296666666667,6.27325,NaN,NaN,NaN,NaN
2024-08-13 00:00:00,4892.5,13.0225,9.36216666666667,91.31375,2.492125,229.825,2.534375,0.0596875,715.3349125,42.890375,6.10604166666667,-2.46270833333333,1.47608333333333,-0.007125,36.779375,-3.93845833333333,32.845,0.000416666666666667,0.020375,155.870416666667,0.000416666666666667,31.7364166666667,0.772166666666667,40.4249583333333,7.58266666666667,NaN,NaN,NaN,NaN
2024-08-14 00:00:00,4916.5,13.0054166666667,9.07170833333333,85.205,2.489,253.425,2.529875,0.0635279411764706,716.294520833333,67.782,9.35229166666667,-10.9458333333333,0.0255000000000001,NaN,58.429875,-10.9708333333333,47.4603333333333,0.000291666666666667,0.0164166666666667,167.6775,0.000291666666666667,46.5254166666667,1.776375,56.8358333333333,9.378,NaN,NaN,NaN,NaN
2024-08-15 00:00:00,4940.5,13.0995833333333,7.52516666666667,89.3329166666667,2.49233333333333,238.8,2.52629166666667,0.0598764705882353,717.1386625,58.7732083333334,8.35745833333333,-10.6505416666667,0.271916666666667,-0.427571428571429,50.4132916666667,-10.9215416666667,39.4955416666667,0.000125,0.00729166666666667,163.709166666667,0.000125,7.40733333333333,0.2065,48.1217083333333,8.62858333333334,NaN,NaN,NaN,NaN
2024-08-16 00:00:00,4964.5,13.0141666666667,10.8499583333333,66.06375,2.474375,244.9375,2.52275,0.0562058823529412,717.346408333333,75.619375,10.893125,-25.336375,-5.54766666666667,0.0945882352941177,64.7485,-19.7890833333333,44.9626666666666,0.00145833333333333,0.03675,166.87625,0.00145833333333333,49.5183333333333,4.10404166666667,50.3045833333333,5.34341666666667,-34.56,-8.35,NaN,NaN
2024-08-17 00:00:00,4988.5,13.0779166666667,13.0134166666667,61.10875,2.46920833333333,256.775,2.52720833333333,0.0552063725490196,718.501629166666,73.7207083333333,10.45025,-28.7005416666667,-7.617625,-0.0606111111111111,63.268875,-21.08325,42.188125,0.00133333333333333,0.0344166666666667,149.198125,0.00133333333333333,23.1354166666667,2.125125,45.0187083333333,2.83354166666667,NaN,NaN,NaN,NaN
2024-08-18 00:00:00,5012.5,13.0683333333333,12.03675,75.4975,2.47516666666667,243.1125,2.52883333333333,0.0636,719.146766666667,80.038375,9.925625,-19.1939166666667,-4.0065,Inf,70.1122083333333,-15.1879583333333,54.9229166666667,0.000708333333333333,0.0154583333333333,137.8195,0.000708333333333333,28.5566666666667,1.18195833333333,60.8499583333333,5.918875,NaN,NaN,NaN,NaN
2024-08-19 00:00:00,5036.5,12.9266666666667,11.1517083333333,86.0116666666667,2.475625,241.895833333333,2.525375,0.0535833333333333,719.700370833333,50.1910416666666,7.01054166666667,-9.68958333333333,-0.973083333333334,-0.167944444444444,43.18125,-8.717125,34.465375,0,0,182.265541666667,0,0,0,40.509125,6.037375,NaN,NaN,NaN,NaN
2024-08-20 00:00:00,5060.5,13.00375,11.17525,75.0408333333333,2.49658333333333,222.991666666667,2.54675,0.0479166666666667,719.9899,72.3940833333333,10.5203333333333,-22.595125,-4.14795833333333,-0.213863636363636,61.8929166666667,-18.4477083333333,43.447875,0.000291666666666667,0.0165,184.73375,0.000291666666666667,30.4741666666667,0.879583333333333,49.798875,6.37320833333333,NaN,NaN,NaN,NaN
2024-08-21 00:00:00,5084.5,13.05625,11.3080833333333,75.5041666666667,2.48604166666667,242.054166666667,2.53675,0.0574375,718.5511625,46.4446666666667,8.20620833333333,-17.2982083333333,-2.90591666666667,Inf,38.2348333333333,-14.3920416666667,23.8470416666667,0.000958333333333333,0.05575,142.438916666667,0.000958333333333333,10.6595833333333,0.1645,29.151,5.3005,NaN,NaN,NaN,NaN
2024-08-22 00:00:00,5108.5,13.0075,9.772,89.78375,2.476,254.0625,2.519875,0.0704803921568627,717.046775,39.3374166666667,5.42245833333333,-6.302875,0.721083333333333,Inf,33.9072083333333,-7.0245,26.88775,0,0,166.137,0,0,0,33.0304583333333,6.14366666666667,NaN,NaN,NaN,NaN
2024-08-23 00:00:00,5132.5,13.0479166666667,10.0564166666667,84.8,2.48829166666667,242.7,2.53370833333333,0.0581770152505447,715.700420833333,55.4325416666667,7.69095833333333,-13.8505,0.146083333333333,Inf,47.7449583333333,-13.9975416666667,33.7442083333333,0.00141666666666667,0.04375,158.70875,0.00141666666666667,74.09925,2.76516666666667,41.5817083333333,7.83683333333333,NaN,NaN,NaN,NaN
2024-08-24 00:00:00,5156.5,12.9554166666667,11.2866666666667,72.1316666666667,2.49679166666667,236.5,2.54770833333333,0.0424504357298475,716.0901,75.6354583333333,9.423375,-27.3593333333333,-3.71020833333333,0.179416666666667,66.2045833333333,-23.6484583333333,42.5629583333333,0.009375,0.107166666666667,159.2015,0.009375,125.463333333333,7.29541666666667,48.2829166666667,5.713375,-36.34,-8.61,NaN,NaN
2024-08-25 00:00:00,5180.5,12.96625,9.347375,81.92625,2.50766666666667,235.2125,2.55025,0.0450294117647059,718.469229166667,36.4074583333333,5.89629166666667,-13.4959166666667,-0.525125,0.0195333333333333,30.5093333333333,-12.9713333333333,17.5363333333333,0.000958333333333333,0.032625,144.075791666667,0.000958333333333333,61.3108333333333,3.351875,22.91275,5.370625,NaN,NaN,NaN,NaN
2024-08-26 00:00:00,5204.5,13.04,8.05804166666667,85.1170833333333,2.50479166666667,224.3375,2.54129166666667,0.0524669117647059,719.058875,45.66325,7.39883333333333,-15.3199166666667,1.146,-0.0742352941176471,38.264375,-16.4667916666667,21.7969583333333,0.000708333333333333,0.0305,150.56,0.000708333333333333,47.21875,2.21091666666667,30.3422916666667,8.54520833333333,NaN,NaN,NaN,NaN
2024-08-27 00:00:00,5228.5,12.9995833333333,8.68129166666667,65.7454166666667,2.50404166666667,250.895833333333,2.54295833333333,0.0557207207207207,718.971841666666,66.6990416666667,9.09870833333333,-37.0925,-4.885,-0.224727272727273,57.5901666666667,-32.20875,25.3984583333333,0.000458333333333333,0.0303333333333333,170.567083333333,0.000458333333333333,19.0523333333333,0.202708333333333,29.614,4.214125,-38.48,-6.9195,NaN,NaN
2024-08-28 00:00:00,5252.5,13.0104166666667,12.2263333333333,51.3316666666667,2.48325,248.533333333333,2.53775,0.0508209459459459,715.9542125,70.2030833333333,9.46554166666666,-37.7233333333333,-9.05929166666667,420.787052631579,60.7477916666667,-28.6629166666667,32.065875,0.00154166666666667,0.0506666666666667,161.269166666667,0.00154166666666667,50.8766666666667,4.06958333333333,32.467875,0.405291666666666,NaN,NaN,NaN,NaN
2024-08-29 00:00:00,5276.5,13.045,10.1204166666667,53.0166666666667,2.49108333333333,240.229166666667,2.53654166666667,0.055,716.551354166667,57.4062083333333,8.09004166666667,-37.28375,-6.84133333333333,-0.104619047619048,49.3114583333333,-30.4433333333333,18.8675833333333,0.000666666666666667,0.0244166666666667,165.835958333333,0.000666666666666667,17.0854166666667,0.690458333333333,20.1272916666667,1.24929166666667,NaN,NaN,NaN,NaN
2024-08-30 00:00:00,5300.5,12.9716666666667,8.55220833333333,55.7370833333333,2.49216666666667,239.879166666667,2.53025,0.0569873188405797,719.683020833333,67.77325,9.03395833333333,-40.1729166666667,-6.31008333333333,Inf,58.7631666666667,-33.8625,24.8619583333333,0.000125,0.00733333333333333,164.593333333333,0.000125,2.21875,0,27.5897916666667,2.723375,NaN,NaN,NaN,NaN
2024-08-31 00:00:00,5324.5,12.9816666666667,9.66154166666667,46.9920833333333,2.48458333333333,243.0625,2.52733333333333,0.0581684782608696,720.206391666667,64.069125,8.87608333333334,-40.2591666666667,-8.38379166666667,Inf,55.1915416666667,-31.8775,23.3046666666667,4.16666666666667e-05,0.003625,172.849208333333,4.16666666666667e-05,1.54583333333333,0.394,23.7991666666667,0.492875,NaN,NaN,NaN,NaN
2024-09-01 00:00:00,5348.5,12.9729166666667,10.2064166666667,52.73125,2.48191666666667,265.3875,2.5275,0.064282504180602,720.213091666667,64.221,8.87808333333333,-38.82625,-7.5865,Inf,55.3652083333333,-31.23875,24.117875,0.00075,0.0279166666666667,187.012625,0.00075,41.0525,1.27820833333333,25.408125,1.29095833333333,NaN,NaN,NaN,NaN
2024-09-02 00:00:00,5372.5,12.9908333333333,9.862375,62.61375,2.482125,289.945833333333,2.52641666666667,0.0561762820512821,718.951808333333,62.798625,9.140875,-25.0174166666667,-4.48604166666667,Inf,53.657875,-20.5299583333333,33.1270833333333,0.000416666666666667,0.017875,163.307125,0.000416666666666667,23.245,1.45604166666667,37.7805416666667,4.65454166666667,NaN,NaN,NaN,NaN
2024-09-03 00:00:00,5396.5,13.0270833333333,10.9599166666667,58.2233333333333,2.46870833333333,283.720833333333,2.51733333333333,0.0486378205128205,718.015908333333,52.4952916666667,7.00316666666667,-31.6866666666667,-7.64091666666667,Inf,45.4908333333333,-24.0466666666667,21.4462916666667,4.16666666666667e-05,0.00266666666666667,155.704583333333,4.16666666666667e-05,3.25958333333333,0,20.8078333333333,-0.637666666666667,NaN,NaN,NaN,NaN
2024-09-04 00:00:00,5420.5,12.98125,7.83029166666667,82.3579166666667,2.51441666666667,234.433333333333,2.55008333333333,0.0421631054131054,719.410679166667,66.4330833333333,7.78170833333333,-13.974375,-0.359458333333333,Inf,58.6349583333333,-13.6155416666667,45.02,0.000125,0.00645833333333333,121.475458333333,0.000125,3.74416666666667,0.51,52.442125,7.42195833333333,NaN,NaN,NaN,NaN
2024-09-05 00:00:00,5444.5,13.0004166666667,4.52554166666667,91.5,2.52620833333333,257.316666666667,2.54704166666667,0.0453333333333333,722.2918125,45.0049166666667,6.085875,-17.7555,2.84645833333333,-0.279318181818182,38.9192083333333,-20.602375,18.3204166666667,0,0,171.830208333333,0,0,0,27.249375,8.93179166666667,NaN,NaN,NaN,NaN
2024-09-06 00:00:00,5468.5,12.9720833333333,6.76420833333334,70.4445833333333,2.53741666666667,305.858333333333,2.56816666666667,0.0506666666666667,721.3349625,53.3517916666667,7.75766666666667,-35.735,-4.35133333333333,-0.280363636363636,45.5968333333333,-31.3841666666667,14.20775,4.16666666666667e-05,0.00333333333333333,169.3685,4.16666666666667e-05,0.864583333333333,0.000125,17.61475,3.40616666666667,NaN,NaN,NaN,NaN
2024-09-07 00:00:00,5492.5,12.9825,8.47654166666667,61.2408333333333,2.50125,255.675,2.53941666666667,0.0503344907407407,718.467516666667,50.7120833333333,7.72104166666667,-34.945,-6.52408333333333,Inf,42.9932083333333,-28.4204166666667,14.5730416666667,0,0,180.45625,0,0,0,15.7708333333333,1.19733333333333,NaN,NaN,NaN,NaN
2024-09-08 00:00:00,5516.5,13.0391666666667,8.96158333333333,59.5008333333334,2.4995,236.970833333333,2.53995833333333,0.04884375,717.0661,48.4734583333333,6.91158333333333,-31.92625,-6.18470833333333,-0.262409090909091,41.5606666666667,-25.7404166666667,15.8230416666667,0.000666666666666667,0.0160416666666667,171.740416666667,0.000666666666666667,15.3495833333333,1.08508333333333,16.5504583333333,0.726333333333333,NaN,NaN,NaN,NaN
2024-09-09 00:00:00,5540.5,13.0195833333333,9.33879166666667,69.1866666666667,2.50308333333333,232.454166666667,2.54529166666667,0.0480026041666667,716.759195833334,38.2462916666667,6.52895833333333,-22.9765833333333,-4.43658333333333,Inf,31.7185416666667,-18.5399583333333,13.1721666666667,4.16666666666667e-05,0.00220833333333333,156.872083333333,4.16666666666667e-05,31.2083333333333,0.546416666666667,15.2690833333333,2.09195833333333,NaN,NaN,NaN,NaN
2024-09-10 00:00:00,5564.5,13.0266666666667,9.02645833333333,70.4416666666667,2.505875,243.566666666667,2.54670833333333,0.0389765625,715.431183333334,41.939875,6.08758333333333,-21.7729166666667,-4.034375,-0.336,35.8555833333333,-17.7387916666667,18.1176666666667,0.000416666666666667,0.0234166666666667,176.068333333333,0.000416666666666667,15.3941666666667,0,20.1650416666667,2.05320833333333,NaN,NaN,NaN,NaN
2024-09-11 00:00:00,5588.5,12.9645833333333,7.31979166666667,77.2341666666667,2.51920833333333,209.895833333333,2.5525,0.0367083333333333,711.288591666667,56.1877083333333,6.98533333333333,-21.5735833333333,-1.04295833333333,-0.284952380952381,49.1991666666667,-20.5310833333333,28.6684583333333,8.33333333333333e-05,0.00420833333333333,161.563583333333,8.33333333333333e-05,1.13083333333333,0,34.611125,5.94220833333333,NaN,NaN,NaN,NaN
2024-09-12 00:00:00,5612.5,12.9575,10.2730416666667,48.8670833333333,2.509375,216.341666666667,2.55591666666667,0.03325,706.592704166667,59.1398333333333,7.06695833333333,-37.1120833333333,-8.77604166666667,Inf,52.0722083333333,-28.33625,23.7382083333333,0.007375,0.105333333333333,158.078791666667,0.007375,45.18,8.5035,22.030875,-1.70916666666667,NaN,NaN,NaN,NaN
2024-09-13 00:00:00,5636.5,12.9916666666667,7.067625,52.3529166666667,2.52054166666667,210.333333333333,2.55283333333333,0.0362083333333333,711.132708333333,46.431875,6.42529166666667,-32.9658333333333,-4.78666666666667,Inf,40.0043333333333,-28.1779166666667,11.8280833333333,0.001375,0.0397916666666667,178.7315,0.001375,36.9025,2.89979166666667,13.4642083333333,1.63904166666667,NaN,NaN,NaN,NaN
2024-09-14 00:00:00,5660.5,12.9833333333333,8.54558333333333,47.2445833333333,2.51575,219.745833333333,2.55458333333333,0.0294270833333333,713.886525,56.6004166666667,7.12595833333333,-38.5695833333333,-7.70858333333333,NaN,49.47075,-30.8620833333333,18.6104166666667,0.000541666666666667,0.0201666666666667,160.13,0.000541666666666667,27.567625,1.55829166666667,18.0262083333333,-0.583,NaN,NaN,NaN,NaN
2024-09-15 00:00:00,5684.5,12.95125,6.54320833333333,68.7166666666667,2.52825,226.383333333333,2.55804166666667,0.0307395833333333,713.676275,27.256375,4.90358333333333,-19.5907083333333,-3.12420833333333,Inf,22.3539583333333,-16.4665,5.89141666666667,0.000166666666666667,0.00845833333333333,159.057291666667,0.000166666666666667,13.9208333333333,0.467083333333333,7.66629166666667,1.779,NaN,NaN,NaN,NaN
2024-09-16 00:00:00,5708.5,13.07625,7.87704166666667,69.74625,2.51558333333333,226.016666666667,2.55133333333333,0.0413125,711.876758333333,39.3215833333333,5.56625,-24.5990416666667,-4.14133333333333,-0.2755,33.76,-20.4594583333333,13.2962916666667,0,8.33333333333333e-05,189.675833333333,0,3.63333333333333,0,14.7215416666667,1.42470833333333,NaN,NaN,NaN,NaN
2024-09-17 00:00:00,5732.5,12.9241666666667,7.4675,73.0445833333333,2.52366666666667,213.8375,2.557875,0.0305833333333334,708.3482125,25.94975,4.414875,-24.7870833333333,-3.01133333333333,0.022,21.5362083333333,-21.77675,-0.237708333333334,0.00129166666666667,0.062625,174.216666666667,0.00129166666666667,83.1047083333333,3.28504166666667,1.167875,1.40404166666667,NaN,NaN,NaN,NaN
2024-09-18 00:00:00,5756.5,12.9129166666667,6.01983333333333,53.96875,2.5235,219.1625,2.551,0.0370386178861789,708.4282,53.2992916666667,6.169,-38.56375,-5.733625,-0.333105263157895,47.1315416666667,-32.83125,14.2955,0.002875,0.0707083333333333,183.144583333333,0.002875,105.717416666667,5.78508333333333,14.7347916666667,0.43575,NaN,NaN,NaN,NaN
2024-09-19 00:00:00,5780.5,12.9170833333333,7.13004166666667,48.83,2.52029166666667,268.254166666667,2.55279166666667,0.0372926829268293,711.834016666667,54.2399166666667,5.968,-38.6470833333333,-7.71654166666667,Inf,48.2728333333333,-30.9304166666667,17.3400416666667,0.000916666666666667,0.0385,172.467416666667,0.000916666666666667,12.353875,2.093,15.598,-1.74970833333333,NaN,NaN,NaN,NaN
2024-09-20 00:00:00,5804.5,12.9045833333333,8.92429166666667,45.8954166666667,2.510125,229.3875,2.55058333333333,0.0367103658536585,711.291770833333,52.7362916666667,5.9025,-38.74,-9.77608333333333,Inf,46.8330416666667,-28.96375,17.8679583333333,0.001375,0.051125,195.615,0.001375,50.5058333333333,3.23908333333333,13.995125,-3.87370833333333,NaN,NaN,NaN,NaN
2024-09-21 00:00:00,5828.5,12.9220833333333,4.93583333333333,65.73375,2.53625,237.3375,2.55895833333333,0.0316666666666667,712.4044,50.924625,5.44220833333333,-24.6892916666667,-3.06920833333333,Inf,45.483,-21.6209583333333,23.8638333333333,0.001,0.0294166666666667,128.256166666667,0.001,29.69625,0.954875,26.2360833333333,2.37320833333333,NaN,NaN,NaN,NaN
2024-09-22 00:00:00,5852.5,13.0920833333333,3.79529166666667,89.5283333333333,2.54404166666667,261.5875,2.56145833333333,0.0242331081081081,713.198054166667,41.8762083333333,5.31391666666667,-16.922375,1.02745833333333,-0.305714285714286,36.567,-17.95025,18.617125,0,0,146.419583333333,0,0,0,24.9569166666667,6.34091666666667,NaN,NaN,NaN,NaN
2024-09-23 00:00:00,5876.5,13.0141666666667,5.162625,71.10375,2.528,260.966666666667,2.55154166666667,0.0303918918918919,712.86875,50.8140833333333,5.66779166666667,-31.415,-4.14491666666667,Inf,45.1426666666667,-27.2708333333333,17.8730416666667,0.000208333333333333,0.012125,155.759833333333,0.000208333333333333,21.7041666666667,0.53675,19.3945,1.522875,NaN,NaN,NaN,NaN
2024-09-24 00:00:00,5900.5,12.8958333333333,6.57341666666667,63.49125,2.529,226.791666666667,2.55908333333333,0.0293459302325581,714.84495,46.9440416666667,4.62629166666667,-35.4325,-6.96329166666667,-0.467095238095238,42.3204166666667,-28.46875,13.8511666666667,0,0,169.232916666667,0,0,0,11.5141666666667,-2.33725,NaN,NaN,NaN,NaN
2024-09-25 00:00:00,5924.5,12.85375,9.43170833333333,57.3195833333333,2.51791666666667,249.895833333333,2.56070833333333,0.02875,715.726179166667,47.0084166666667,4.39525,-36.3966666666667,-11.1894583333333,-0.150421052631579,42.6165,-25.20625,17.407625,8.33333333333333e-05,0.006,187.5775,8.33333333333333e-05,4.1675,0.703333333333333,10.6132083333333,-6.79316666666667,NaN,NaN,NaN,NaN
2024-09-26 00:00:00,5948.5,12.9029166666667,10.1288333333333,49.4304166666667,2.50425,255.633333333333,2.55016666666667,0.0297374031007752,715.715195833333,48.3470416666667,4.65495833333333,-35.3654166666667,-10.5831666666667,-0.254842105263158,43.695875,-24.7820833333333,18.9149166666667,0.001625,0.0550416666666667,184.875416666667,0.001625,22.5929166666667,2.3275,12.98225,-5.928625,NaN,NaN,NaN,NaN
2024-09-27 00:00:00,5972.5,13.0441666666667,9.21970833333333,52.5454166666667,2.5025,297.1125,2.54420833333333,0.02255,717.856520833333,34.3605833333333,4.18358333333333,-27.5116666666667,-7.48670833333333,Inf,30.1815833333333,-20.024125,10.1537083333333,0,0,168.456583333333,0,0,0,6.85129166666667,-3.303,NaN,NaN,NaN,NaN
2024-09-28 00:00:00,5996.5,12.9275,8.80029166666667,57.6633333333333,2.526625,244.654166666667,2.56675,0.0137416666666667,718.569875,39.3339166666667,4.20183333333333,-33.4170833333333,-8.37654166666667,-0.4135,35.13175,-25.04125,10.09,0,0,195.7125,0,0,0,5.91258333333333,-4.17533333333333,NaN,NaN,NaN,NaN
2024-09-29 00:00:00,6020.5,12.89,9.32979166666667,54.8091666666667,2.54816666666667,207.425,2.59095833333333,-0.000125000000000007,716.9770625,38.8231666666667,4.03620833333333,-33.9395833333333,-8.96029166666667,-0.490454545454545,34.78225,-24.9766666666667,9.804125,4.16666666666667e-05,0.00270833333333333,185.849583333333,4.16666666666667e-05,0.99,0.804583333333333,4.88216666666666,-4.92379166666667,NaN,NaN,NaN,NaN
2024-09-30 00:00:00,6044.5,12.85875,9.48320833333334,44.6058333333333,2.53595833333333,220.2,2.57933333333333,0.00589705882352941,716.822795833333,36.9715833333333,3.929375,-38.25625,-9.91745833333333,Inf,33.0445416666667,-28.3383333333333,4.70483333333334,0.000458333333333333,0.023125,176.273666666667,0.000458333333333333,31.8066666666667,1.68625,-1.28504166666667,-5.98783333333333,NaN,NaN,NaN,NaN
2024-10-01 00:00:00,6068.5,12.8375,8.38229166666667,36.9095833333333,2.53658333333333,230.758333333333,2.57491666666667,0.0156654411764706,718.378079166666,36.8481666666667,4.24729166666667,-39.41625,-10.1419583333333,Inf,32.6025,-29.275,3.32245833333333,0.001125,0.0317916666666667,176.154583333333,0.001125,48.5341666666667,3.19916666666667,-2.57083333333333,-5.89329166666667,NaN,NaN,250,0.391636029411765
2024-10-02 00:00:00,6092.5,12.84,9.03208333333333,33.72375,2.54679166666667,225.0375,2.58829166666667,0.00444117647058823,714.666145833333,36.9260416666667,4.03745833333333,-41.1704166666667,-11.268,-0.12315,32.8932083333333,-29.9016666666667,2.98929166666667,0.000916666666666667,0.0252083333333333,151.55375,0.000916666666666667,35.780125,3.64170833333333,-4.24295833333333,-7.23079166666667,NaN,NaN,250,0.111029411764706
2024-10-03 00:00:00,6116.5,12.85125,7.69154166666667,38.9375,2.550125,217.5375,2.58558333333333,0.00210049019607843,713.985933333333,39.4374166666667,3.833625,-39.9820833333333,-9.58666666666667,NaN,35.6048333333333,-30.3954166666667,5.20983333333333,0.000375,0.0157083333333333,128.24275,0.000375,17.4366666666667,0.874583333333333,-0.544124999999998,-5.75404166666667,NaN,NaN,250,0.0525122549019608
2024-10-04 00:00:00,6140.5,12.8270833333333,7.98041666666667,40.0079166666667,2.55125,212.0125,2.587875,0.00183333333333334,716.5269125,37.7025833333333,3.590125,-39.2791666666667,-10.843125,Inf,34.1129583333333,-28.4366666666667,5.678875,0.000541666666666667,0.0185833333333333,172.755416666667,0.000541666666666667,29.9129166666667,1.01883333333333,-1.57833333333333,-7.25375,NaN,NaN,250,0.0458333333333334
2024-10-05 00:00:00,6164.5,12.84125,9.61908333333333,31.2404166666667,2.542625,210.25,2.58695833333333,0.002625,715.433775,37.7965,3.51608333333333,-41.9133333333333,-12.2013333333333,Inf,34.2814583333333,-29.7145833333333,4.56829166666667,0.00520833333333333,0.141125,160.696375,0.00520833333333333,128.260291666667,9.9605,-4.122125,-8.68516666666667,NaN,NaN,250,0.0656250000000001
2024-10-06 00:00:00,6188.5,12.9625,6.005125,48.2841666666667,2.56004166666667,212.483333333333,2.58766666666667,0.00216666666666667,718.828608333333,36.8499583333333,3.41366666666667,-37.4904166666667,-7.47583333333333,-0.216857142857143,33.4348333333333,-30.0133333333333,3.42679166666667,0,0,186.755,0,0,0,-0.641874999999999,-4.06266666666667,NaN,NaN,250,0.0541666666666667
2024-10-07 00:00:00,6212.5,12.8525,4.38791666666667,49.3854166666667,2.56729166666667,226.4125,2.58745833333333,0.00118489583333333,717.1848375,34.1054583333333,3.08029166666667,-38.1679166666667,-6.84345833333333,-0.12147619047619,31.031,-31.32375,-0.297125,0.000458333333333333,0.0264166666666667,187.458333333333,0.000458333333333333,14.7708333333333,8.33333333333333e-05,-4.058375,-3.76416666666667,NaN,NaN,250,0.0296223958333334
2024-10-08 00:00:00,6236.5,12.8733333333333,4.8005,49.5841666666666,2.5645,236.520833333333,2.58645833333333,0.0023984375,715.3546875,19.3789166666667,3.098125,-33.33875,-6.25133333333333,-0.210772727272727,16.280375,-27.08625,-10.8089583333333,0.000166666666666667,0.00933333333333333,174.16625,0.000166666666666667,5.31458333333333,0.64,-13.9615416666667,-3.153,NaN,NaN,250,0.0599609375000001
2024-10-09 00:00:00,6260.5,12.96125,4.624875,53.3895833333333,2.56645833333333,240.054166666667,2.58770833333333,0.00226973684210526,716.550333333333,35.1187083333333,4.14408333333333,-31.2320833333333,-4.986125,Inf,30.97975,-26.245,4.733,0,0,173.750666666667,0,0,0,3.88991666666667,-0.84175,NaN,NaN,250,0.0567434210526316
2024-10-10 00:00:00,6284.5,12.85875,6.322,49.28625,2.57495833333333,225.4625,2.604125,-0.0138114035087719,717.4573625,29.82525,3.26316666666667,-32.88,-7.96333333333333,-0.0541904761904762,26.56225,-24.9166666666667,1.64845833333333,0.00145833333333333,0.0647083333333333,176.194166666667,0.00145833333333333,20.9034166666667,1.00541666666667,-3.05641666666667,-4.701125,NaN,NaN,250,-0.345285087719298
2024-10-11 00:00:00,6308.5,12.9883333333333,6.27491666666667,47.42,2.57675,225.658333333333,2.60604166666667,-0.015625,718.032645833333,37.1180416666667,4.29495833333333,-31.31,-5.79325,Inf,32.8185833333333,-25.5183333333333,7.301,0.000583333333333333,0.02575,174.73525,0.000583333333333333,3.76708333333333,1.35458333333333,5.803375,-1.49820833333333,NaN,NaN,250,-0.390625
2024-10-12 00:00:00,6332.5,12.9629166666667,6.57883333333333,47.2375,2.58204166666667,208.2125,2.612625,-0.0212916666666667,717.460383333333,28.5231666666667,3.66945833333333,-28.2645833333333,-6.23354166666666,-0.0347368421052631,24.8454166666667,-22.0303333333333,2.81945833333333,0.000458333333333333,0.0195833333333333,172.464125,0.000458333333333333,1.79,1.05583333333333,0.256249999999999,-2.564375,NaN,NaN,250,-0.532291666666667
2024-10-13 00:00:00,6356.5,12.8608333333333,5.43841666666667,49.7708333333333,2.5805,223.8625,2.605625,-0.0154583333333333,717.538141666666,25.5202916666667,2.79429166666667,-32.8733333333333,-6.89379166666667,Inf,22.7246666666667,-25.9795833333333,-3.253375,0.000708333333333333,0.029375,182.126666666667,0.000708333333333333,4.58666666666667,0.0836666666666667,-7.35579166666666,-4.09945833333333,NaN,NaN,250,-0.386458333333334
2024-10-14 00:00:00,6380.5,12.8258333333333,5.35854166666667,55.2820833333333,2.58920833333333,209.9875,2.61416666666667,-0.0240833333333333,717.397941666667,24.1080833333333,2.810125,-33.56625,-6.84491666666667,-0.223727272727273,21.2937916666667,-26.72125,-5.426125,0.000375,0.0204583333333333,169.188416666667,0.000375,25.6141666666667,0.960541666666667,-9.45795833333333,-4.03475,NaN,NaN,250,-0.602083333333334
2024-10-15 00:00:00,6404.5,12.8304166666667,4.62391666666667,60.65125,2.59854166666667,196.3125,2.62020833333333,-0.0306666666666667,717.2606,20.6959166666667,2.62458333333333,-31.6658333333333,-5.81095833333333,-0.239428571428571,18.069125,-25.85625,-7.78725,0,0.000208333333333333,175.86625,0,0.522083333333333,0.0534166666666667,-10.97325,-3.185625,NaN,NaN,250,-0.766666666666667
2024-10-16 00:00:00,6428.5,12.8783333333333,5.97045833333333,58.1833333333333,2.58466666666667,212.020833333333,2.61254166666667,-0.0240833333333333,713.460533333333,25.9747916666667,3.30320833333333,-28.9845833333333,-6.40033333333333,Inf,22.6677916666667,-22.5834166666667,0.0829999999999981,0.000666666666666667,0.0264166666666667,156.90925,0.000666666666666667,46.5229166666667,1.682125,-3.01366666666667,-3.09725,NaN,NaN,250,-0.602083333333334
2024-10-17 00:00:00,6452.5,12.8979166666667,5.17183333333333,59.6883333333333,2.57245833333333,248.754166666667,2.59670833333333,-0.00849100378787879,704.808795833333,20.3487916666667,4.03220833333333,-24.18725,-4.49295833333333,Inf,16.316375,-19.6935,-3.37733333333334,0.0130833333333333,0.24975,165.59325,0.0130833333333333,164.45875,11.819625,-3.83704166666667,-0.46025,NaN,NaN,250,-0.21227509469697
2024-10-18 00:00:00,6476.5,12.9816666666667,0.353958333333333,92.7983333333333,2.60158333333333,235.883333333333,2.60320833333333,-0.0192443181818182,707.776216666667,22.592125,7.94366666666667,-4.65575,-1.85370833333333,-Inf,14.6519166666667,-2.80083333333333,11.8505416666667,0.000166666666666667,0.004625,118.039583333333,0.000166666666666667,1.14291666666667,1.05791666666667,17.9385,6.08904166666667,NaN,NaN,250,-0.481107954545455
2024-10-19 00:00:00,6500.5,12.8429166666667,1.1855,82.52,2.60675,204.916666666667,2.612125,-0.020108428030303,714.902145833333,17.4988333333333,2.91975,-26.1054166666667,-2.02879166666667,Inf,14.5787083333333,-24.0758333333333,-9.49795833333333,0,0,161.219166666667,0,0,0,-8.60825,0.891041666666666,NaN,NaN,250,-0.502710700757576
2024-10-20 00:00:00,6524.5,12.8966666666667,3.84979166666667,70.4133333333333,2.58679166666667,210.029166666667,2.604625,-0.015,713.665791666667,26.9166666666667,3.23091666666667,-23.8016666666667,-4.71216666666667,NaN,23.6857916666667,-19.0899166666667,4.6,0,0,176.36625,0,0,0,3.11625,-1.48104166666667,NaN,NaN,250,-0.375
2024-10-21 00:00:00,6548.5,12.8866666666667,0.277916666666667,95.1041666666666,2.59258333333333,216.520833333333,2.59391666666667,-0.00740277777777778,711.084945833333,15.4580833333333,10.5743333333333,-7.86420833333333,-0.556666666666667,Inf,4.88320833333333,-7.30733333333333,-2.42395833333333,0.00025,0.017125,178.488416666667,0.00025,96.9979166666666,1.69008333333333,7.594875,10.017875,NaN,NaN,250,-0.185069444444444
2024-10-22 00:00:00,6572.5,12.8220833333333,2.54654166666667,78.9429166666667,2.58866666666667,189.970833333333,2.600625,-0.0111666666666667,714.826420833333,14.8348333333333,5.25775,-26.866125,-6.35541666666667,Inf,9.574125,-20.5107083333333,-10.9377083333333,0.000208333333333333,0.0115833333333333,200.43875,0.000208333333333333,50.0458333333333,1.20591666666667,-12.0319583333333,-1.09708333333333,NaN,NaN,250,-0.279166666666667
2024-10-23 00:00:00,6596.5,12.77125,4.68691666666667,55.385,2.58654166666667,206.475,2.60854166666667,-0.0180833333333333,715.436275,13.808875,3.591625,-34.5258333333333,-12.1739583333333,NaN,10.2188333333333,-22.35125,-12.1345416666667,0.000541666666666667,0.02325,157.47875,0.000541666666666667,60.5215,2.743375,-20.7162083333333,-8.58229166666667,NaN,NaN,250,-0.452083333333334
2024-10-24 00:00:00,6620.5,12.8304166666667,1.603625,69.2058333333333,2.596,203.5625,2.60358333333333,-0.0174583333333333,710.384491666667,11.6215,6.22454166666667,-28.4390416666667,-5.13775,Inf,5.39808333333333,-23.30125,-17.9027083333333,0.00191666666666667,0.0728333333333333,148.991833333333,0.00191666666666667,90.0050833333333,3.19258333333333,-16.8169583333333,1.08570833333333,NaN,NaN,250,-0.436458333333334
2024-10-25 00:00:00,6644.5,12.7679166666667,1.66375,65.16375,2.60025,195.770833333333,2.60808333333333,-0.0182916666666667,715.194241666667,11.6438333333333,5.539375,-34.2570833333333,-6.10679166666667,Inf,6.1055,-28.15125,-22.0449166666667,8.33333333333333e-05,0.005375,181.91875,8.33333333333333e-05,1.54525,8.33333333333333e-05,-22.6118333333333,-0.567541666666667,NaN,NaN,250,-0.457291666666667
2024-10-26 00:00:00,6668.5,12.7495833333333,3.684875,50.8070833333333,2.586375,192.8125,2.60358333333333,-0.01375,717.791245833333,9.52225,3.582,-34.8904166666667,-11.10875,-0.0312222222222222,5.94016666666667,-23.7825,-17.8435416666667,0.000125,0.00704166666666667,166.6535,0.000125,11.5125,0.70625,-25.371,-7.52658333333333,NaN,NaN,250,-0.34375
2024-10-27 00:00:00,6692.5,12.8966666666667,4.22183333333333,43.7116666666667,2.58379166666667,223.170833333333,2.60325,-0.0160833333333333,714.214358333333,21.628125,5.27733333333333,-33.86,-12.2556666666667,-0.527631578947369,16.3450833333333,-21.6034583333333,-5.25625,0.0005,0.0204583333333333,177.918333333333,0.0005,60.225,1.466625,-12.2334583333333,-6.979625,NaN,NaN,250,-0.402083333333333
2024-10-28 00:00:00,6716.5,12.82,5.96779166666667,43.92875,2.57154166666667,236.829166666667,2.59945833333333,-0.00991666666666667,705.727941666667,13.4663333333333,2.44391666666667,-28.87125,-12.9982083333333,Inf,11.0235416666667,-15.8717916666667,-4.84891666666667,0.004625,0.1265,177.304583333333,0.004625,132.486333333333,5.439375,-15.4052083333333,-10.5529583333333,NaN,NaN,250,-0.247916666666667
2024-10-29 00:00:00,6740.5,12.7358333333333,0.0467500000000001,81.535,2.56391666666667,222.866666666667,2.56404166666667,0.00810156249999999,699.31255,6.371375,5.22379166666667,-7.54604166666666,-3.33154166666667,Inf,1.14808333333333,-4.21495833333333,-3.06683333333333,0.000541666666666667,0.0260833333333333,138.893333333333,0.000541666666666667,50.200625,0.089,-1.17479166666666,1.89216666666667,NaN,NaN,250,0.2025390625
2024-10-30 00:00:00,6764.5,12.6741666666667,-5.494875,91.2416666666667,2.49375,237.2,2.4685,0.0956692708333333,704.360191666667,3.74579166666667,11.4832083333333,0.0419583333333333,-1.56991666666667,1.839625,-7.73645833333333,1.611875,-6.12508333333333,0,0.00075,110.599166666667,0,12.9916666666667,8.33333333333333e-05,3.787875,9.91233333333333,NaN,NaN,250,2.39173177083333
2024-10-31 00:00:00,6788.5,12.65875,-5.63616666666667,82.48875,2.48883333333333,225.8125,2.462875,0.121208333333333,706.067395833334,2.798625,7.20233333333333,-0.0466666666666667,-4.92033333333333,1.26414285714286,-4.403625,4.87408333333333,0.470166666666667,0.000708333333333333,0.0336666666666667,209.446,0.000708333333333333,30.7341666666667,0.883916666666667,2.75145833333333,2.28158333333333,NaN,NaN,250,3.03020833333333
2024-11-01 00:00:00,6812.5,12.7291666666667,-3.31958333333333,71.605,2.51425,219.2875,2.49891666666667,0.0910416666666667,707.632291666667,2.18325,5.48041666666667,-0.129375,-5.982625,0.585818181818182,-3.29741666666667,5.853375,2.555625,0.000583333333333333,0.0235,199.138333333333,0.000583333333333333,55.1581666666667,2.882375,2.05383333333333,-0.501958333333333,NaN,NaN,250,2.27604166666667
2024-11-02 00:00:00,6836.5,12.7595833333333,-1.53833333333333,64.4875,2.51829166666667,240.191666666667,2.51116666666667,0.0785833333333333,704.70645,5.024,5.84816666666667,-9.957875,-5.32983333333333,Inf,-0.823833333333333,-4.62791666666667,-5.45183333333333,0.000166666666666667,0.00908333333333333,178.369166666667,0.000166666666666667,43.325,0.298041666666667,-4.93454166666667,0.51825,NaN,NaN,250,1.96458333333333
2024-11-03 00:00:00,6860.5,12.9270833333333,-3.60925,83.8991666666667,2.46066666666667,237.116666666667,2.444375,0.098015243902439,699.41945,14.7126666666667,10.8047083333333,-4.61529166666667,-2.7455,0.472866666666667,3.90775,-1.869125,2.03829166666667,0,0,78.9203333333333,0,0,0,10.0984166666667,8.05970833333333,NaN,NaN,250,2.45038109756098
2024-11-04 00:00:00,6884.5,12.68,-6.04866666666667,90.4375,2.34145833333333,240.629166666667,2.31525,0.169984756097561,703.350025,5.50691666666667,12.3682083333333,-0.0592916666666667,-2.45654166666667,-Inf,-6.86141666666667,2.39725,-4.46441666666667,0.00170833333333333,0.0382083333333333,39.5494166666667,0.00170833333333333,20.0208333333333,3.36483333333333,5.448125,9.91129166666667,NaN,NaN,250,4.24961890243902
2024-11-05 00:00:00,6908.5,12.61625,-8.27479166666667,89.3375,2.35745833333333,227.316666666667,2.32166666666667,0.259166666666667,700.2109875,2.393,5.72283333333333,-0.0119166666666667,-1.43033333333333,Inf,-3.329375,1.418375,-1.91158333333333,0.002,0.0412916666666667,139.007833333333,0.002,32.2865833333333,3.435,2.381375,4.293375,NaN,NaN,250,6.47916666666667
2024-11-06 00:00:00,6932.5,12.6308333333333,-10.9091666666667,87.9208333333333,2.11554166666667,246.579166666667,2.07245833333333,0.315254901960784,705.620241666667,5.214,13.8237083333333,-0.202041666666667,-2.3535,-Inf,-8.60970833333333,2.151375,-6.45858333333333,0,0,246.619666666667,0,0,0,5.01175,11.4705833333333,NaN,NaN,250,7.88137254901961
2024-11-07 00:00:00,6956.5,12.6191666666667,-9.12754166666667,88.1408333333333,2.29908333333333,302.070833333333,2.26020833333333,0.29078431372549,710.260320833333,6.40616666666667,7.15304166666667,-0.657958333333333,-0.266458333333333,0.983333333333333,-0.74725,-0.391541666666667,-1.13879166666667,0,8.33333333333333e-05,254.804166666667,0,10.7208333333333,0,5.74783333333333,6.887,NaN,NaN,250,7.26960784313725
2024-11-08 00:00:00,6980.5,12.6175,-4.94516666666667,94.3333333333333,2.30979166666667,240.175,2.28866666666667,0.286660059676044,708.858058333333,5.82245833333333,7.18679166666667,-0.260291666666667,-0.562458333333333,-Inf,-1.36475,0.302208333333333,-1.06220833333333,4.16666666666667e-05,0.001625,253.879166666667,4.16666666666667e-05,11.3708333333333,0,5.56191666666667,6.62445833333333,NaN,NaN,250,7.16650149190111
2024-11-09 00:00:00,7004.5,12.6166666666667,-4.35429166666667,93.5958333333333,2.258125,239.570833333333,2.23995833333333,0.321086956521739,704.756,5.381,7.73225,-0.294333333333333,-0.531666666666667,-532.387733333333,-2.35166666666667,0.237333333333333,-2.11441666666667,0.000791666666666667,0.03125,266.75,0.000791666666666667,107.6125,1.12579166666667,5.08616666666667,7.20095833333333,NaN,NaN,250,8.02717391304348
2024-11-10 00:00:00,7028.5,12.6241666666667,-4.22758333333333,91.5125,2.27425,204.508333333333,2.25645833333333,0.332797101449275,711.3130125,1.35670833333333,2.27129166666667,-0.876083333333333,-0.275916666666667,0.630619047619047,-0.91475,-0.600166666666667,-1.514875,0.000208333333333333,0.00916666666666667,245.9625,0.000208333333333333,26.9833333333333,0.911708333333333,0.4805,1.9955,NaN,NaN,250,8.31992753623188
2024-11-11 00:00:00,7052.5,12.6504166666667,-5.251875,87.6929166666667,2.30291666666667,211.958333333333,2.28066666666667,0.309125,710.6779625,2.26441666666667,2.857,-2.67916666666667,-3.48916666666667,348.160913043478,-0.592625,0.810333333333333,0.217708333333333,0,8.33333333333333e-05,216.175,0,0.005,0,-0.414875,-0.632666666666667,NaN,NaN,229,7.0789625
2024-11-12 00:00:00,7076.5,12.6904166666667,-5.03375,87.6208333333333,2.28366666666667,237.633333333333,2.26245833333333,0.331604166666667,702.302108333333,5.04266666666667,4.82345833333333,-2.63608333333333,-4.685125,0.614444444444444,0.218333333333333,2.049125,2.26758333333333,0.00025,0.00920833333333333,163.309416666667,0.00025,12.8891666666667,0.758041666666667,2.40620833333333,0.138625,NaN,NaN,228,7.560575
2024-11-13 00:00:00,7100.5,12.6179166666667,-7.01029166666667,88.5541666666667,2.10595833333333,233.925,2.07883333333333,0.477916666666667,708.622416666667,1.3075,4.74729166666667,-0.095875,-5.60275,Inf,-3.43966666666667,5.50666666666667,2.06666666666667,0.000375,0.0159166666666667,136.21,0.000375,58.3704166666667,3.08291666666667,1.21145833333333,-0.855375,NaN,NaN,199,9.51054166666667
2024-11-14 00:00:00,4451.5,12.6316666666667,-4.666625,79.1129166666667,2.18729166666667,194.079166666667,2.16845833333333,0.421541666666667,684.714679166667,0.935041666666666,3.97208333333333,-10.5447083333333,-7.84916666666667,0.653272727272727,-3.03658333333333,-2.69575,-5.73283333333333,0,0,191.391666666667,0,0,0,-9.60983333333333,-3.87754166666667,NaN,NaN,175,7.37697916666667
2024-11-15 00:00:00,20.5,12.695,-3.19545833333333,71.7320833333333,2.219625,187.220833333333,2.2065,0.3835,701.495983333333,10.0948333333333,6.54591666666667,-27.2470833333333,-7.09583333333333,0.0426428571428571,3.5475,-20.1504166666667,-16.6035,0.000458333333333333,0.021625,195.230833333333,0.000458333333333333,41.6125,1.48583333333333,-17.1527083333333,-0.549,NaN,NaN,189,7.24815
2024-11-16 00:00:00,44.5,12.6925,-6.63095833333333,76.13875,2.25666666666667,196.570833333333,2.22920833333333,0.360708333333333,699.482641666666,10.5269583333333,8.01370833333333,-16.1277916666667,-5.83191666666667,Inf,2.51295833333333,-10.2959583333333,-7.78216666666667,0.000208333333333333,0.00891666666666667,147.984916666667,0.000208333333333333,28.9602083333333,1.79329166666667,-5.59966666666667,2.18275,NaN,NaN,223,8.04379583333334
2024-11-17 00:00:00,68.5,12.6058333333333,-8.06145833333333,72.8195833333333,2.27683333333333,218.958333333333,2.24291666666667,0.343,702.662216666667,2.382625,3.76091666666667,-0.810916666666667,-6.523,Inf,-1.37841666666667,5.712125,4.333125,0.00379166666666667,0.0644583333333333,127.7275,0.00379166666666667,39.9516666666667,7.890125,1.57191666666667,-2.76170833333333,NaN,NaN,222,7.6146
2024-11-18 00:00:00,92.5,12.75125,-6.35595833333333,76.0245833333333,2.25729166666667,223.925,2.23104166666667,0.348875,697.255466666667,17.1975,9.45383333333333,-1.190375,-4.407625,0.511230769230769,7.746125,3.217125,10.9634166666667,0.00541666666666667,0.100041666666667,138.21925,0.00541666666666667,110.980416666667,7.71333333333333,16.0104166666667,5.04679166666667,NaN,NaN,230,8.024125
2024-11-19 00:00:00,116.5,12.5929166666667,-13.6183333333333,84.2845833333333,2.25583333333333,234.566666666667,2.19883333333333,0.382770833333333,701.416354166667,7.15216666666667,8.78166666666667,-0.0636666666666666,-1.66675,0.60675,-1.62920833333333,1.60304166666667,-0.0262083333333334,0.00141666666666667,0.0631666666666667,123.398333333333,0.00141666666666667,67.9458333333333,4.268875,7.08854166666667,7.11470833333333,-0.0435714285714286,-1.86585714285714,260,9.95204166666666
2024-11-20 00:00:00,140.5,12.57375,-9.56883333333333,68.8233333333333,2.24891666666667,201.158333333333,2.209125,0.380833333333333,710.320933333333,0.18975,3.751375,-0.440333333333333,-7.43141666666667,0.981727272727273,-3.56145833333333,6.991,3.42945833333333,0.00179166666666667,0.0504166666666667,210.535833333333,0.00179166666666667,121.747083333333,8.2375,-0.2505,-3.68020833333333,-0.2383,-6.1374,259,9.86358333333333
2024-11-21 00:00:00,164.5,12.5970833333333,-2.39429166666667,51.9741666666667,2.237375,189.316666666667,2.22741666666667,0.362583333333333,713.6388875,2.04483333333333,4.77104166666667,-1.66116666666667,-9.47658333333333,Inf,-2.72558333333333,7.81454166666667,5.08966666666667,0.000458333333333333,0.0196666666666667,166.704583333333,0.000458333333333333,58.5958333333333,1.52104166666667,0.38375,-4.70533333333333,NaN,NaN,230,8.33941666666667
2024-11-22 00:00:00,188.5,12.6716666666667,-1.829,52.9466666666667,2.24704166666667,176.783333333333,2.23933333333333,0.350666666666667,712.507204166667,11.3562083333333,6.80625,-25.774625,-9.48758333333334,Inf,4.54983333333333,-16.286125,-11.738125,0,8.33333333333333e-05,198.254166666667,0,13.3958333333333,0,-14.418125,-2.680875,NaN,NaN,212,7.43413333333333
2024-11-23 00:00:00,212.5,12.7570833333333,1.542125,37.0516666666667,2.24704166666667,180.704166666667,2.253125,0.336875,705.216004166667,16.3145,8.52191666666667,-30.2425,-13.78,0.555666666666667,7.79129166666667,-16.4623333333333,-8.66975,0.00525,0.15675,129.211458333333,0.00525,133.999583333333,7.10141666666667,-13.9293333333333,-5.25783333333333,NaN,NaN,250,8.421875
2024-11-24 00:00:00,236.5,12.6883333333333,-3.1195,72.345,2.24695833333333,201.679166666667,2.23416666666667,0.349833333333333,702.276325,10.9536666666667,6.1235,-4.61041666666667,-4.33225,-Inf,4.83025,-0.277833333333333,4.55291666666667,0.00554166666666667,0.142791666666667,96.0305416666667,0.00554166666666667,67.7487083333333,4.03854166666667,6.34325,1.79041666666667,0.0773333333333333,-2.44266666666667,266,9.30556666666666
2024-11-25 00:00:00,260.5,12.5633333333333,-11.2645833333333,82.2745833333333,2.23866666666667,226.408333333333,2.19179166666667,0.3851875,708.912258333333,1.526375,3.384875,-0.0867916666666666,-7.20379166666667,Inf,-1.85820833333333,7.117375,5.259375,0,0,156.767916666667,0,0,0,1.43983333333333,-3.81958333333333,-0.00925,-7.12654166666667,236,9.090425
2024-11-26 00:00:00,284.5,12.5591666666667,-4.86345833333333,92.77,2.14079166666667,200.3875,2.12154166666667,0.46875,703.984883333333,1.70908333333333,4.72870833333333,-0.0570416666666667,-0.784,1.52918181818182,-3.01979166666667,0.726916666666667,-2.29258333333333,0,0,78.1041666666667,0,0,0,1.65216666666667,3.94525,0.00994736842105263,-0.365052631578947,223,10.453125
2024-11-27 00:00:00,308.5,12.5566666666667,-8.582625,89.2,1.875875,216.15,1.84608333333333,0.725041666666667,703.720633333333,4.41366666666667,15.1177916666667,0.005375,-3.61545833333333,2.7845,-10.7051666666667,3.620875,-7.084,0.000125,0.00625,87.4779166666667,0.000125,33.6429166666667,8.33333333333333e-05,4.41854166666667,11.5034166666667,0.0975833333333333,-3.52325,168,12.1807
2024-11-28 00:00:00,332.5,12.5454166666667,-12.8475,83.2729166666667,1.92920833333333,215.9875,1.88333333333333,0.705916666666667,707.115054166667,4.47716666666667,4.22204166666667,-12.357625,-7.404375,0.3421875,0.254375,-4.953875,-4.699625,0.002125,0.0770833333333333,123.527833333333,0.002125,76.0344583333333,5.19229166666667,-7.88054166666667,-3.18154166666667,-12.2712916666667,-7.316875,152,10.7299333333333
2024-11-29 00:00:00,356.5,12.5416666666667,-11.6175,83.7291666666667,1.97883333333333,203.8,1.93629166666667,0.6537421875,707.710520833333,4.305,4.34320833333333,-12.8975,-7.438625,Inf,-0.0375,-5.45883333333333,-5.49691666666667,0,0,200.279166666667,0,0,0,-8.59125,-3.09545833333333,-12.7966666666667,-7.33820833333333,187,12.22497890625
2024-11-30 00:00:00,380.5,12.5375,-9.17141666666667,74.18,2.004,224.295833333333,1.96995833333333,0.619028645833333,708.764875,4.9465,4.59683333333333,-8.90608333333333,-6.74616666666667,Inf,0.3505,-2.159125,-1.8085,0.000125,0.006,183.44125,0.000125,13.69875,0.285125,-3.95904166666667,-2.150625,-8.82191666666667,-6.662875,186,11.5139328125
2024-12-01 00:00:00,404.5,12.54125,-6.956375,65.96625,2.02670833333333,192.566666666667,2.00070833333333,0.589291666666667,712.256933333333,4.02529166666667,3.647875,-32.14625,-8.55725,Inf,0.378083333333333,-23.5879166666667,-23.2108333333333,0.00133333333333333,0.0434583333333333,140.876666666667,0.00133333333333333,71.1108333333333,4.16341666666667,-28.1208333333333,-4.909875,-30.614,-7.2988,196,11.5501166666667
2024-12-02 00:00:00,428.5,12.5370833333333,-5.10991666666667,78.09,2.04375,204.05,2.02441666666667,0.565583333333333,715.120575,3.65458333333333,3.24879166666667,-31.7520833333333,-7.94795833333333,0.149933333333333,0.405791666666667,-23.8033333333333,-23.3983333333333,0.000708333333333333,0.0239583333333333,168.199166666667,0.000708333333333333,21.3141666666667,2.10633333333333,-28.0975,-4.69941666666667,-30.548,-6.96106666666667,206,11.6510166666667
2024-12-03 00:00:00,452.5,12.5516666666667,-4.979625,70.2341666666667,2.05841666666667,189.483333333333,2.039625,0.550375,714.680554166667,5.23345833333333,3.95720833333333,-32.7604166666667,-8.865,0.146133333333333,1.27645833333333,-23.8954166666667,-22.617875,4.16666666666667e-05,0.00333333333333333,201.357916666667,4.16666666666667e-05,13.9875,0.000125,-27.526875,-4.90879166666667,-31.01,-6.72481818181818,229,12.6035875
2024-12-04 00:00:00,476.5,12.5254166666667,-4.97633333333333,69.7879166666667,2.07541666666667,200.183333333333,2.05629166666667,0.533708333333333,713.748966666667,3.50583333333333,3.00433333333333,-31.7866666666667,-8.55575,0.275933333333333,0.500875,-23.2304166666667,-22.7275,0,8.33333333333333e-05,187.025,0,2.1025,0,-28.2804166666667,-5.5515,-30.4544444444444,-6.94422222222222,216,11.5281
2024-12-05 00:00:00,500.5,12.5220833333333,-6.21170833333333,67.2620833333334,2.09029166666667,209.804166666667,2.0665,0.523458333333333,713.757241666667,3.37670833333333,2.934625,-31.4804166666667,-8.23208333333333,Inf,0.442791666666667,-23.2483333333333,-22.8045833333333,0,0,196.75,0,0,0,-28.1020833333333,-5.29741666666667,-28.9938461538462,-6.14730769230769,242,12.6676916666667
2024-12-06 00:00:00,524.5,12.51875,-6.76525,69.6879166666667,2.09733333333333,196.908333333333,2.07116666666667,0.518833333333333,713.495575,3.36970833333333,2.920875,-32.3095833333333,-8.16604166666667,0.0717222222222222,0.4485,-24.1445833333333,-23.69625,0,0,194.595833333333,0,0,0,-28.9408333333333,-5.24479166666667,-29.8383333333333,-5.97691666666667,252,13.0746
2024-12-07 00:00:00,548.5,12.6420833333333,-4.66908333333333,61.2570833333333,2.09508333333333,190.283333333333,2.07704166666667,0.512958333333333,711.057620833334,14.0897916666667,8.07220833333333,-31.8145833333333,-9.30941666666667,-0.0496,6.01825,-22.5070833333333,-16.4882083333333,0.000291666666666667,0.011,177.204583333333,0.000291666666666667,32.9404166666667,0.94075,-17.72625,-1.236375,-34.334,-8.2752,241,12.3622958333333
2024-12-08 00:00:00,572.5,12.535,-3.48933333333333,66.005,2.0955,193.758333333333,2.08204166666667,0.508,704.099658333333,3.68083333333333,3.04025,-27.8632083333333,-8.09120833333333,Inf,0.640416666666667,-19.7715416666667,-19.131,0.000541666666666667,0.032,175.1775,0.000541666666666667,79.0920833333333,0.90975,-24.1822916666667,-5.0515,0.055,-1.059,214,10.8712
2024-12-09 00:00:00,596.5,12.51,-11.98375,83.96625,2.03929166666667,210.308333333333,1.99391666666667,0.592583333333333,704.3560375,5.60166666666667,11.72525,-0.06575,-4.1275,1.52627272727273,-6.12345833333333,4.06158333333333,-2.06141666666667,0,8.33333333333333e-05,87.2662083333333,0,0.942083333333333,0,5.53533333333333,7.597625,0.024875,-4.036375,231,13.688675
2024-12-10 00:00:00,620.5,12.4954166666667,-13.8375,86.0458333333333,1.973625,201.950833333333,1.92283333333333,0.607458333333334,707.237791666667,3.24970833333333,9.55458333333333,-0.04625,-1.88158333333333,1.65258333333333,-6.30441666666667,1.83520833333333,-4.46991666666667,0.00175,0.06075,131.8715,0.00175,104.54625,5.25808333333333,3.20320833333333,7.673125,0.0259166666666667,-1.80929166666667,260,15.7939166666667
2024-12-11 00:00:00,644.5,12.5016666666667,-9.56958333333333,84.13625,2.01970833333333,179.091666666667,1.98391666666667,0.606,708.718833333333,1.22116666666667,4.66275,-0.0702083333333333,-6.19204166666667,-531.671266666667,-3.44175,6.12220833333333,2.67995833333333,0.0132916666666667,0.117208333333333,179.265166666667,0.0132916666666667,59.984375,7.68991666666667,1.15095833333333,-1.52920833333333,0.0205416666666667,-6.10129166666667,254,15.3924
2024-12-12 00:00:00,668.5,12.4929166666667,-7.13716666666667,67.525,2.03225,182.433333333333,2.005375,0.584625,705.7176125,-0.0322500000000001,3.12383333333333,-0.479416666666667,-9.33304166666667,1.20552173913043,-3.1555,8.85304166666667,5.697125,0,0,193.265,0,0,0,-0.511708333333333,-6.20870833333333,-0.301375,-8.4436875,230,13.446375
2024-12-13 00:00:00,692.5,12.56875,-7.51316666666667,68.7195833333333,2.04695833333333,188.170833333333,2.01870833333333,0.571375,702.79165,10.6970416666667,6.96029166666667,-13.303875,-6.21445833333334,Inf,3.73566666666667,-7.09041666666667,-3.35420833333333,0.000875,0.0393333333333333,173.734583333333,0.000875,70.7042916666667,1.63816666666667,-2.60729166666667,0.746416666666666,-12.6793157894737,-6.08036842105263,218,12.455975
2024-12-14 00:00:00,716.5,12.5158333333333,-4.67791666666667,69.1579166666667,2.04320833333333,190.833333333333,2.0255,0.564041666666667,707.203525,6.817625,4.77395833333333,-18.76875,-7.37025,Inf,2.04391666666667,-11.3977916666667,-9.353875,0.00908333333333334,0.14575,169.917416666667,0.00908333333333334,101.765833333333,13.6560833333333,-11.9505416666667,-2.59670833333333,-17.5372727272727,-6.04118181818182,253,14.2702541666667
2024-12-15 00:00:00,740.5,12.51,-5.71316666666667,75.3258333333333,2.056625,195.654166666667,2.035,0.55675,705.34075,7.90854166666667,4.65633333333333,-5.09383333333333,-2.62520833333333,0.278882352941177,3.25270833333333,-2.46941666666667,0.783041666666667,0.0120416666666667,0.18775,121.500166666667,0.0120416666666667,103.264166666667,12.1460416666667,2.81383333333333,2.03120833333333,-0.0681666666666667,-0.190333333333333,252,14.0301
2024-12-16 00:00:00,764.5,12.5445833333333,-4.88908333333333,53.2216666666667,2.04795833333333,201.545833333333,2.02941666666667,0.560833333333333,708.219275,8.40379166666667,5.34004166666667,-8.94145833333333,-7.89341666666667,0.219117647058824,3.06379166666667,-1.04833333333333,2.016,0.00295833333333333,0.0892916666666667,169.635833333333,0.00295833333333333,189.8,6.28775,-0.537833333333333,-2.55291666666667,-0.724727272727273,-5.67354545454546,291,16.32025
2024-12-17 00:00:00,788.5,12.46875,-5.417375,82.4191666666667,2.02270833333333,206.0125,2.00254166666667,0.582458333333333,708.9896375,1.89529166666667,2.67183333333333,-2.0285,-2.57683333333333,0.616285714285714,-0.776583333333333,0.548541666666667,-0.227875,0.00116666666666667,0.0599583333333333,156.6925,0.00116666666666667,50.6525,2.5485,-0.133291666666667,0.0952499999999999,0.00635294117647059,-1.15811764705882,263,15.3186541666667
2024-12-18 00:00:00,812.5,12.5383333333333,-5.34495833333333,78.2808333333333,2.00158333333333,191.958333333333,1.98191666666667,0.607708333333333,713.679354166667,2.669125,7.31666666666667,-0.176833333333333,-6.8015,0.541090909090909,-4.64708333333333,6.62495833333333,1.977625,0.00866666666666667,0.09875,122.482,0.00866666666666667,45.6567916666667,6.94620833333333,2.49279166666667,0.515125,-0.0530769230769231,-5.31076923076923,249,15.1319375
2024-12-19 00:00:00,836.5,12.4725,-4.60608333333333,55.1458333333333,2.01558333333333,191.245833333333,1.9985,0.5915,714.621575,-0.168416666666667,3.69120833333333,-0.6955,-9.69383333333333,Inf,-3.85991666666667,8.99945833333333,5.13908333333333,0.00320833333333333,0.0702916666666667,211.137916666667,0.00320833333333333,58.2129166666667,3.30545833333333,-0.863875,-6.00266666666667,-0.78325,-7.511,223,13.19045
2024-12-20 00:00:00,860.5,12.4791666666667,-4.52983333333333,49.4979166666667,2.02654166666667,191.4,2.0095,0.5805,715.4308,6.76245833333333,5.34770833333333,-10.852125,-10.0936666666667,Inf,1.41191666666667,-0.758166666666667,0.652791666666666,0.000541666666666667,0.0215833333333333,169.95375,0.000541666666666667,26.8841666666667,1.70404166666667,-4.0915,-4.7455,-1.072,-7.80436363636364,252,14.6286
2024-12-21 00:00:00,884.5,12.4670833333333,-2.69379166666667,52.9666666666667,2.02854166666667,191.366666666667,2.01841666666667,0.571583333333333,713.554920833333,5.32483333333333,4.005125,-32.3095833333333,-10.547875,Inf,1.32016666666667,-21.7616666666667,-20.4408333333333,0,0,192.50625,0,0,0,-26.98425,-6.54366666666667,-31.07,-7.74,253,14.4610583333333
2024-12-22 00:00:00,908.5,12.5083333333333,-1.64029166666667,58.4558333333333,2.03170833333333,185.866666666667,2.02558333333333,0.564541666666666,708.938,8.62579166666667,5.4125,-28.9649583333333,-9.49033333333333,Inf,3.21354166666667,-19.475875,-16.2613333333333,0.0005,0.027,194.847083333333,0.0005,59.6333333333333,1.37170833333333,-20.3392083333333,-4.07770833333333,NaN,NaN,240,13.549
2024-12-23 00:00:00,932.5,12.6095833333333,-2.66295833333333,82.0004166666667,2.02870833333333,187.733333333333,2.01883333333333,0.568657407407407,709.1556625,20.0702083333333,11.070875,-1.582125,-3.31366666666667,Inf,9.00158333333333,1.73158333333333,10.7332083333333,0.00120833333333333,0.0543333333333333,129.46375,0.00120833333333333,61.1895833333333,1.42504166666667,18.49175,7.75654166666667,-0.044,-1.1244,242,13.7615092592593
2024-12-24 00:00:00,956.5,12.4920833333333,-5.42566666666667,86.4829166666667,2.01466666666667,233.4,1.994625,0.590780092592592,709.502891666667,5.174375,5.03995833333333,-0.168458333333333,-5.01516666666667,0.122428571428571,0.134541666666667,4.84666666666667,4.98158333333333,4.16666666666667e-05,0.00258333333333333,157.997916666667,4.16666666666667e-05,1.96791666666667,0,5.00575,0.0248333333333335,-0.0889090909090909,-4.68104545454545,239,14.119644212963
2024-12-25 00:00:00,980.5,12.4629166666667,-3.99541666666667,84.63625,1.97991666666667,209.566666666667,1.96520833333333,0.609333333333333,702.561566666667,4.76791666666667,8.12191666666667,-0.164,-3.54008333333333,Inf,-3.353625,3.376125,0.022125,0,0,97.1505416666666,0,0,0,4.60416666666667,4.58141666666667,-0.0851538461538461,-3.31015384615385,240,14.624
2024-12-26 00:00:00,1004.5,12.46625,-5.22625,84.2354166666667,1.99020833333333,196.579166666667,1.971,0.619208333333333,701.210329166667,5.971,9.63895833333333,-0.0735416666666667,-2.30833333333333,0.392111111111111,-3.66804166666667,2.23483333333333,-1.43316666666667,0.00445833333333333,0.113416666666667,78.9305,0.00445833333333333,75.1920833333333,8.2445,5.89766666666667,7.3305,0.0009375,-1.504,255,15.7898125
2024-12-27 00:00:00,1028.5,12.435,-7.89645833333333,88.1654166666667,1.913625,219.804166666667,1.88575,0.685541666666667,698.370258333333,2.01995833333333,6.37929166666667,-0.044375,-3.2005,Inf,-4.35975,3.15604166666667,-1.20375,0.000125,0.00670833333333333,128.781541666667,0.000125,55.4,0.654208333333333,1.97508333333333,3.179375,0.062125,-3.09395833333333,248,17.0014333333333
2024-12-28 00:00:00,1052.5,12.43,-5.52683333333333,89.9125,1.906125,198.6625,1.886875,0.703541666666667,702.541466666667,2.51425,8.0585,-0.0522916666666667,-2.60816666666667,-Inf,-5.54570833333333,2.55583333333333,-2.98970833333333,0.00208333333333333,0.0824583333333333,145.471208333333,0.00208333333333333,134.767625,3.55229166666667,2.46191666666667,5.45058333333333,0.03835,-2.38745,254,17.8699583333333
2024-12-29 00:00:00,1076.5,12.5229166666667,-2.86704166666667,94.0291666666667,1.76445833333333,195.354166666667,1.75495833333333,0.834,703.395704166667,3.01516666666667,9.467875,-0.0409583333333333,-2.47925,2.55711111111111,-6.452375,2.438,-4.01458333333333,0.00125,0.0606666666666667,162.033083333333,0.00125,56.7795833333333,2.23,2.974,6.98808333333333,0.0151,-0.3241,238,19.8492
2024-12-30 00:00:00,1100.5,12.43875,-9.31895833333333,88.6,1.73254166666667,198.133333333333,1.70266666666667,0.88675,701.557154166666,2.11004166666667,7.473375,0.0373333333333333,-1.73025,2.9362,-5.36266666666667,1.76745833333333,-3.59520833333333,0.00741666666666667,0.224833333333333,127.030125,0.00741666666666667,91.89125,7.39733333333333,2.1475,5.74275,0.127318181818182,-1.70945454545455,234,20.74995
2024-12-31 00:00:00,1124.5,12.4179166666667,-14.9954166666667,84.4770833333333,1.753,222.8625,1.70420833333333,0.884875,704.845258333333,1.919125,7.35304166666667,0.00608333333333333,-5.91195833333333,2.2334,-5.43525,5.91841666666667,0.483333333333333,4.16666666666667e-05,0.003,90.7739166666667,4.16666666666667e-05,5.207875,8.33333333333333e-05,1.92483333333333,1.44104166666667,0.075625,-5.842375,249,22.0333875
2025-01-01 00:00:00,1148.5,12.4166666666667,-12.8808333333333,80.7191666666667,1.73354166666667,206.916666666667,1.69175,0.872916666666667,704.579145833333,2.06091666666667,9.66758333333333,-0.0720833333333333,-4.41658333333333,2.02791666666667,-7.60641666666667,4.34483333333333,-3.262,0.000291666666666667,0.0157083333333333,167.130291666667,0.000291666666666667,87.32,1.998875,1.98866666666667,5.25020833333333,0.01575,-4.32916666666667,268,23.3941666666667
2025-01-02 00:00:00,1172.5,12.4058333333333,-7.02670833333333,92.5375,1.56595833333333,236.775,1.54566666666667,1.01991666666667,708.0208625,7.51191666666667,7.41045833333334,-0.109416666666667,-2.55983333333333,Inf,0.102041666666667,2.45033333333333,2.55233333333333,0.00291666666666667,0.071125,179.162083333333,0.00291666666666667,84.63375,6.04741666666667,7.40258333333333,4.85041666666667,-0.00995833333333333,-2.460375,242,24.6819833333333
2025-01-03 00:00:00,1196.5,12.46,-4.35216666666667,86.4625,1.61941666666667,196.266666666667,1.60645833333333,0.983541666666667,710.130104166667,6.04641666666667,5.959625,-0.388458333333333,-8.615375,0.0775238095238095,0.0877916666666668,8.22595833333333,8.31341666666667,0.000125,0.00654166666666667,202.600833333333,0.000125,4.08333333333333,0.73875,5.65858333333334,-2.65529166666667,-0.2646875,-7.9950625,230,22.6214583333333
2025-01-04 00:00:00,1220.5,12.4566666666667,-4.99729166666667,83.3141666666667,1.62541666666667,200.475,1.61054166666667,0.981125,701.255445833333,8.37991666666667,6.24508333333333,-0.280958333333333,-5.72529166666666,0.2368,2.13525,5.443875,7.57883333333333,0.000333333333333333,0.00916666666666667,121.160166666667,0.000333333333333333,56.6783333333333,1.15025,8.09891666666667,0.520041666666667,-0.161,-4.61684615384615,231,22.6639875
2025-01-05 00:00:00,1244.5,12.40375,-10.0508333333333,89.8333333333333,1.37991666666667,242.645833333333,1.35441666666667,1.16566927083333,705.130479166667,5.745125,14.338,-0.028125,-2.17416666666667,-886.571666666667,-8.59325,2.14620833333333,-6.44779166666666,4.16666666666667e-05,0.00270833333333333,49.3329166666667,4.16666666666667e-05,3.13775,0.000125,5.71679166666667,12.1641666666667,0.0722916666666667,-2.07383333333333,208,24.2459208333333
2025-01-06 00:00:00,1268.5,12.4008333333333,-9.53170833333334,89.2791666666667,1.414375,277.679166666667,1.38958333333333,1.17171875,707.164579166666,5.44791666666667,10.3104583333333,-0.347583333333333,-3.63870833333333,-Inf,-4.86329166666667,3.29066666666667,-1.57220833333333,0,0,84.7445833333333,0,0,0,5.10029166666667,6.67204166666667,-0.256791666666667,-3.54741666666667,202,23.66871875
2025-01-07 00:00:00,1292.5,12.3941666666667,-16.71125,82.3833333333333,1.474875,227.420833333333,1.42883333333333,1.15677864583333,710.051358333333,3.61916666666667,4.96495833333333,-0.407833333333333,-2.49120833333333,1.49941666666667,-1.34558333333333,2.08341666666667,0.737291666666667,0,0,159.867166666667,0,0,0,3.211375,2.47345833333333,-0.351666666666667,-2.43508333333333,231,26.72158671875
2025-01-08 00:00:00,1316.5,12.3816666666667,-16.0929166666667,82.9575,1.48041666666667,240.45,1.43554166666667,1.11329310344828,708.9229625,1.602,2.15683333333333,0.0639583333333334,-0.258875,-Inf,-0.554875,0.32275,-0.232166666666667,0.000416666666666667,0.022,167.205833333333,0.000416666666666667,40.7416666666667,1.23166666666667,1.66591666666667,1.898,0.126333333333333,-0.196458333333333,253,28.1663155172414
2025-01-09 00:00:00,1340.5,12.38,-13.9108333333333,86.1541666666667,1.28304166666667,201.573458333333,1.25120833333333,1.14826572008114,707.633616666667,4.46104166666667,5.28445833333333,-0.0654166666666667,-0.119333333333333,0.981461538461539,-0.824208333333333,0.054,-0.770333333333333,0,0,107.618416666667,0,0,0,4.39570833333333,5.16545833333333,-0.00366666666666667,-0.0575416666666667,232,26.6397647058824
2025-01-10 00:00:00,1364.5,12.3720833333333,-13.8924166666667,84.0616666666667,1.055125,189.052916666667,1.02604166666667,1.28271299019608,706.1832625,3.62975,3.831625,-0.18475,-0.0995,Inf,-0.201958333333333,-0.0852083333333333,-0.287166666666667,0.002625,0.0478333333333333,135.277375,0.002625,34.4262916666667,5.74316666666667,3.44483333333333,3.73204166666667,-0.122041666666667,-0.036625,259,33.2222664460784
2025-01-11 00:00:00,1388.5,12.3666666666667,-9.84354166666667,88.75,0.00216666666666667,0.390833333333333,0.00216666666666667,1.21863235294118,699.859879166667,3.82804166666667,3.504125,-0.0112916666666667,0.01925,0.719636363636364,0.32425,-0.0305,0.293666666666667,8.33333333333333e-05,0.00508333333333333,106.55125,8.33333333333333e-05,10.674125,8.33333333333333e-05,3.81670833333333,3.52225,0.0887916666666667,0.119333333333333,251,30.5876720588235
2025-01-12 00:00:00,1412.5,12.3575,-13.9033333333333,83.9358333333333,0,0,0,1.17133823529412,703.236075,3.92125,3.9965,-0.0397916666666666,0.0666666666666667,1.05245454545455,-0.076375,-0.106458333333333,-0.182958333333333,0,0,146.887083333333,0,0,0,3.88104166666667,4.06454166666667,0.02625,0.132708333333333,240,28.1121176470588
2025-01-13 00:00:00,1436.5,12.3525,-18.2370833333333,81.4004166666667,0,0,0,1.12404411764706,705.338270833333,3.66366666666667,3.887,-0.146125,-0.061125,-614.546923076923,-0.223416666666667,-0.085,-0.308458333333333,0.00120833333333333,0.038625,99.0269166666667,0.00120833333333333,51.6520833333333,3.557375,3.51733333333333,3.826125,-0.090625,-0.00529166666666666,252,28.3259117647059
2025-01-14 00:00:00,1460.5,12.405,-14.9745833333333,81.8920833333333,0.666375,95.6520833333333,0.648583333333333,1.07724264705882,708.721454166667,11.3308333333333,8.26254166666667,-1.080875,-2.70445833333333,0.226285714285714,3.06658333333333,1.62354166666667,4.690125,0.00120833333333333,0.02875,114.505416666667,0.00120833333333333,8.11708333333334,3.47625,10.24725,5.55808333333333,-0.724086956521739,-2.51234782608696,263,28.3314816176471
2025-01-15 00:00:00,1484.5,12.3554166666667,-11.0645,88.4083333333333,1.56504166666667,215.879166666667,1.533,1.05241666666667,713.3246875,2.28070833333333,3.82279166666667,-0.514833333333333,-6.46608333333333,-444.049111111111,-1.54141666666667,5.95133333333333,4.41,0,0.001125,149.648333333333,0,19.5916666666667,0,1.76625,-2.644,-0.42975,-6.38091666666667,267,28.099525
2025-01-16 00:00:00,1508.5,12.3520833333333,-5.82683333333333,84.505,1.575375,210.779166666667,1.558625,1.03054166666667,710.067454166667,2.00041666666667,4.05316666666667,-0.8645,-7.46541666666667,Inf,-2.05308333333333,6.60116666666667,4.54791666666667,4.16666666666667e-05,0.00370833333333333,169.859583333333,4.16666666666667e-05,44.9810833333333,1.08716666666667,1.13566666666667,-3.41220833333333,-0.777631578947368,-7.13352631578947,253,26.0727041666667
2025-01-17 00:00:00,1532.5,12.43625,-8.50133333333333,73.8220833333333,1.570625,212.220833333333,1.54629166666667,1.04120833333333,699.532995833333,11.6856666666667,8.59245833333333,-0.888125,-5.91958333333333,0.164222222222222,3.093375,5.03129166666667,8.12491666666667,0.000125,0.007875,155.420416666667,0.000125,28.1170833333333,0.291708333333333,10.7970416666667,2.67233333333333,-0.6960625,-5.7408125,264,27.4879
2025-01-18 00:00:00,1556.5,12.3645833333333,-19.2933333333333,79.8195833333333,1.46408333333333,217.216666666667,1.41125,1.17883333333333,701.450966666666,12.1525833333333,17.0799583333333,-0.617458333333333,-2.15216666666667,1.10935714285714,-4.92770833333333,1.53470833333333,-3.39275,0,0.000166666666666667,118.760833333333,0,22.8666666666667,8.33333333333333e-05,11.534375,14.9281666666667,-0.561916666666667,-2.09654166666667,258,30.4139
2025-01-19 00:00:00,1580.5,12.3445833333333,-20.1604166666667,80.3145833333333,1.47570833333333,194.2125,1.42025,1.17029166666667,700.587295833333,7.98820833333333,13.8569166666667,-0.147708333333333,-2.90325,0.684055555555556,-5.86804166666667,2.75541666666667,-3.11270833333333,0.00508333333333333,0.0991666666666667,86.5865416666667,0.00508333333333333,69.0635833333333,5.86433333333333,7.84066666666666,10.9536666666667,-0.0929583333333333,-2.84841666666667,279,32.6511375
2025-01-20 00:00:00,1604.5,12.3275,-24.4945833333333,74.91125,1.492625,196.525,1.42395833333333,1.16579166666667,702.937341666667,1.29879166666667,7.785375,-0.116875,-4.76054166666667,2.38131818181818,-6.486625,4.64320833333333,-1.84279166666667,0.00316666666666667,0.0725833333333333,164.469708333333,0.00316666666666667,15.8346666666667,4.47220833333333,1.18191666666667,3.02483333333333,-0.062125,-4.70591666666667,282,32.875325
2025-01-21 00:00:00,1628.5,12.3229166666667,-17.3691666666667,73.4858333333333,1.48966666666667,190.891666666667,1.44125,1.14891666666667,706.6477,1.57354166666667,9.74775,-0.244833333333333,-6.1265,1.76928571428571,-8.17404166666667,5.8815,-2.292625,0.0174583333333333,0.1625,131.381333333333,0.0174583333333333,155.472541666667,17.2747083333333,1.32870833333333,3.6215,-0.188791666666667,-6.07016666666667,286,32.8590166666667
2025-01-22 00:00:00,1652.5,12.31875,-16.3820833333333,77.16125,1.49020833333333,191.970833333333,1.444875,1.14570833333333,706.883908333333,3.20720833333333,14.9296666666667,-0.0252916666666667,-2.71708333333333,2.45675,-11.7227916666667,2.69179166666667,-9.03083333333333,0.001125,0.0460416666666667,151.05125,0.001125,86.025,3.925125,3.18129166666667,12.2125833333333,0.0295833333333333,-2.66220833333333,277,31.7361208333333
2025-01-23 00:00:00,1676.5,12.3070833333333,-17.0516666666667,80.78875,1.48616666666667,199.3875,1.43908333333333,1.15054166666667,709.951566666667,1.697,9.15545833333333,-0.0687916666666667,-4.54925,2.96607692307692,-7.45820833333333,4.48154166666667,-2.97708333333333,0.0105833333333333,0.1255,139.438583333333,0.0105833333333333,85.3077083333333,13.5194166666667,1.62829166666667,4.605875,-0.0136666666666667,-4.494875,282,32.445275
2025-01-24 00:00:00,1700.5,12.36875,-10.8312916666667,82.7320833333333,1.35491666666667,201.166666666667,1.32766666666667,1.16590885416667,704.1038625,1.69933333333333,9.72091666666667,-0.0922916666666667,-4.04754166666667,2.60723076923077,-8.02079166666667,3.95541666666667,-4.06545833333333,0.00483333333333333,0.0480833333333333,154.424416666667,0.00483333333333333,92.8266666666667,6.77575,1.607375,5.67233333333333,-0.04615,-3.63795,286,33.3449932291667
2025-01-25 00:00:00,1724.5,12.3091666666667,-14.1754166666667,85.65875,1.20883333333333,248.308333333333,1.177125,1.28365625,702.7503875,3.07179166666667,7.07475,-0.277791666666667,-1.84691666666667,728.861818181818,-4.00383333333333,1.569125,-2.43441666666667,0,8.33333333333333e-05,168.1245,0,9.88333333333333,8.33333333333333e-05,2.79345833333333,5.22775,-0.216791666666667,-1.78575,233,29.909190625
2025-01-26 00:00:00,1748.5,12.315,-9.66795833333333,89.9208333333333,1.05979166666667,264.979166666667,1.04066666666667,1.41415625,705.756070833333,6.227375,12.9102083333333,-0.0655,-5.49979166666667,1.95788888888889,-6.682,5.43366666666667,-1.24766666666667,0.000166666666666667,0.00870833333333333,162.591708333333,0.000166666666666667,25.6229166666667,1.5955,6.16220833333333,7.40954166666667,0.0125,-5.42245833333333,225,31.818515625
2025-01-27 00:00:00,1772.5,12.32125,-12.4459583333333,87.7,1.11991666666667,269.941666666667,1.09404166666667,1.48226376488095,708.034329166667,2.46875,4.77020833333333,-0.191375,-9.50875,1.6292,-2.301,9.31804166666667,7.016375,0,0,179.62625,0,0,0,2.27770833333333,-4.738625,-0.116375,-9.43358333333333,230,34.0920665922619
2025-01-28 00:00:00,1796.5,12.31375,-14.4585,83.37625,1.15708333333333,262.9375,1.125875,1.46136390692641,706.791095833334,2.574375,4.63258333333333,-0.325333333333333,-8.37858333333333,Inf,-2.05870833333333,8.05333333333333,5.99475,0,0,201.329166666667,0,0,0,2.24916666666667,-3.74570833333333,-0.210380952380952,-7.70528571428571,248,36.2418248917749
2025-01-29 00:00:00,1820.5,12.3245833333333,-14.679125,80.8629166666667,1.19566666666667,350.9625,1.162625,1.42731168831169,704.238641666667,2.80554166666667,4.75729166666667,-0.515666666666667,-7.570375,Inf,-1.95275,7.055125,5.10216666666667,0,0,204.341666666667,0,0,0,2.28954166666667,-2.81345833333333,-0.253263157894737,-6.06294736842105,259,36.9673727272727
2025-01-30 00:00:00,1844.5,12.38625,-13.744375,73.80875,1.22816666666667,299.904166666667,1.19675,1.3948961038961,703.185908333333,4.63695833333333,7.22866666666667,-1.43445833333333,-7.69995833333333,Inf,-2.59133333333333,6.2655,3.67375,0,0.00116666666666667,186.929583333333,0,13.8041666666667,8.33333333333333e-05,3.20266666666667,-0.470666666666667,-0.986368421052632,-5.95352631578947,273,38.0806636363636
2025-01-31 00:00:00,1868.5,12.4158333333333,-7.18079166666667,63.4370833333333,1.240125,266.85,1.22358333333333,1.36265007836991,708.094583333333,7.05083333333333,7.89466666666667,-7.53620833333333,-10.1685833333333,Inf,-0.845208333333333,2.63245833333333,1.78720833333333,0.000166666666666667,0.00866666666666667,168.024583333333,0.000166666666666667,23.4458333333333,0.265208333333333,-0.484958333333334,-2.272125,-2.55383333333333,-8.60708333333333,284,38.6992622257053
2025-02-01 00:00:00,1892.5,12.3425,-4.236125,82.3629166666667,1.251625,279.516666666667,1.241875,1.34853448275862,704.8430875,5.13204166666667,6.34695833333333,-2.17441666666667,-2.71254166666667,Inf,-1.21408333333333,0.538166666666667,-0.67625,0.00333333333333333,0.105708333333333,123.782,0.00333333333333333,115.501333333333,6.55379166666667,2.9575,3.63408333333333,-0.069,-0.996,269,36.2755775862069
2025-02-02 00:00:00,1916.5,12.3033333333333,-0.522625,80.2541666666667,1.25741666666667,232.279166666667,1.25625,1.33146695402299,704.586254166667,4.695875,4.45533333333333,-2.59545833333333,-3.426875,0.701416666666667,0.240625,0.831458333333334,1.072125,0.00329166666666667,0.111791666666667,137.500625,0.00329166666666667,101.150916666667,9.142375,2.10033333333333,1.02808333333333,NaN,NaN,265,35.2838742816092
2025-02-03 00:00:00,1940.5,12.40125,1.61841666666667,58.19625,1.284,219.145833333333,1.28791666666667,1.30116666666667,706.267420833333,11.7215416666667,7.10683333333334,-26.0258333333333,-12.57375,Inf,4.61429166666667,-13.4517083333333,-8.83783333333333,0.00704166666666667,0.224458333333333,184.949583333333,0.00704166666666667,158.699458333333,11.73425,-14.3037083333333,-5.46658333333333,NaN,NaN,270,35.1315
2025-02-04 00:00:00,1964.5,12.4779166666667,2.28416666666667,56.7166666666667,1.311125,207.6625,1.31658333333333,1.27341666666667,707.145620833333,19.7271666666667,12.1779166666667,-20.81625,-12.1514166666667,Inf,7.54945833333333,-8.66579166666667,-1.11695833333333,0.00279166666666667,0.0933333333333333,193.570708333333,0.00279166666666667,150.099583333333,4.34016666666667,-1.09,0.0269166666666667,NaN,NaN,280,35.6556666666667
2025-02-05 00:00:00,1988.5,12.4658333333333,-0.719916666666667,65.0495833333333,1.34516666666667,203.7,1.34341666666667,1.24658333333333,701.3300375,17.768125,10.8232083333333,-17.832125,-8.55875,0.504090909090909,6.94520833333333,-9.274,-2.32904166666667,0.0234583333333333,0.335416666666667,120.621083333333,0.0234583333333333,136.265,19.463,-0.0654166666666677,2.26504166666667,NaN,NaN,292,36.4002333333333
2025-02-06 00:00:00,2012.5,12.4945833333333,-1.17408333333333,62.7558333333333,1.37275,197.845833333333,1.36966666666667,1.22175,703.487541666667,14.37375,8.77625,-17.2156666666667,-8.26295833333333,Inf,5.59866666666667,-8.95183333333333,-3.35395833333333,0.00433333333333333,0.133958333333333,122.969875,0.00433333333333333,83.082875,7.55720833333333,-2.84045833333333,0.5135,NaN,NaN,304,37.1412
2025-02-07 00:00:00,2036.5,12.565,-0.643458333333333,59.1729166666667,1.37516666666667,202.8625,1.373625,1.21502083333333,701.1560625,25.090375,14.144875,-12.983125,-9.30866666666667,-Inf,10.943,-3.674,7.26895833333333,0.0166666666666667,0.303041666666667,103.54675,0.0166666666666667,111.683666666667,12.0055416666667,12.1039583333333,4.83491666666667,NaN,NaN,298,36.2076208333334
2025-02-08 00:00:00,2060.5,12.5,-9.66933333333333,87.8,1.09166666666667,240.070833333333,1.07229166666667,1.4282375,703.548058333333,7.785875,17.5770833333333,-0.03825,-2.15791666666667,Inf,-9.79220833333333,2.11966666666667,-7.67191666666667,0.000125,0.00745833333333333,63.587,0.000125,23.76375,8.33333333333333e-05,7.74720833333334,15.4194583333333,0.0265333333333333,-1.72026666666667,256,36.56288
2025-02-09 00:00:00,2084.5,12.4966666666667,-13.6566666666667,84.25375,1.13208333333333,233.414583333333,1.103375,1.42884583333333,706.139666666667,7.83158333333333,12.8906666666667,-10.32675,-5.50016666666667,Inf,-5.05854166666667,-4.82775,-9.88541666666667,0,0.000166666666666667,150.466125,0,4.779,0.0680833333333333,-2.49645833333333,7.38954166666667,-10.2684166666667,-5.44029166666667,267,38.15018375
2025-02-10 00:00:00,2108.5,12.52875,-12.755125,84.43,1.207875,244.645833333333,1.1795,1.36807598039216,702.8081375,8.51241666666667,8.3435,-15.2500416666667,-7.744625,0.25145,0.169083333333333,-7.50566666666667,-7.33670833333333,0,0,174.974583333333,0,0,0,-6.73708333333333,0.599458333333333,-15.188875,-7.68270833333333,277,37.8957046568627
2025-02-11 00:00:00,2132.5,12.5845833333333,-12.5479166666667,82.7208333333333,1.26608333333333,257.141666666667,1.23679166666667,1.35195735294118,694.1913375,18.4340416666667,16.518,-2.524,-3.78079166666667,Inf,1.915125,1.25683333333333,3.17179166666667,0,0,98.0641666666667,0,0,0,15.911375,12.7368333333333,-3.08842105263158,-3.44047368421053,294,39.7475461764706
2025-02-12 00:00:00,2156.5,12.48375,-19.9904166666667,77.585,1.227375,249.35,1.18170833333333,1.40237675438596,691.682116666667,5.42854166666667,17.3563333333333,-4.16666666666696e-05,-2.98008333333333,3.1794,-11.9271666666667,2.979875,-8.94758333333333,0.000708333333333333,0.0346666666666667,136.62725,0.000708333333333333,26.0370833333333,1.57029166666667,5.428375,14.376125,0.0547916666666667,-2.92520833333333,288,40.3884505263158
2025-02-13 00:00:00,2180.5,12.53125,-12.754375,74.075,1.2455,258.0625,1.21579166666667,1.40520175438596,700.292979166667,5.433,13.3764166666667,-0.799625,-7.190125,1.8204,-7.943375,6.390375,-1.55225,0.000541666666666667,0.028625,195.06875,0.000541666666666667,77.0254166666667,0.685583333333333,4.63295833333333,6.18745833333333,-0.1945,-8.13807142857143,287,40.3292903508772
2025-02-14 00:00:00,2204.5,12.535,-4.36120833333333,87.1791666666667,1.19916666666667,258.1875,1.18966666666667,1.40309649122807,699.181958333333,9.52258333333334,15.648125,-0.341291666666667,-3.61775,-498.7698125,-6.125875,3.27625,-2.84983333333333,0.000708333333333333,0.0352083333333333,44.7025416666667,0.000708333333333333,46.9370833333333,0.748,9.182,12.0309166666667,NaN,NaN,277,38.8657728070175
2025-02-15 00:00:00,2228.5,12.4241666666667,-8.02758333333333,89.5833333333333,1.071875,237.283333333333,1.056375,1.52050833333333,701.286741666667,5.33179166666667,15.1359583333333,0.00441666666666666,-3.030125,1.67086666666667,-9.805125,3.03454166666667,-6.77016666666667,0.001,0.03925,107.512583333333,0.001,23.29625,1.63604166666667,5.33608333333333,12.1057916666667,0.0583846153846154,-1.85076923076923,279,42.4221825
2025-02-16 00:00:00,2252.5,12.3808333333333,-9.963375,89.0208333333333,0.969125,241.2875,0.951166666666667,1.65853333333333,703.1809,19.2094583333333,17.2702083333333,-0.285208333333333,-3.96358333333333,0.708642857142877,1.94216666666667,3.6785,5.62020833333333,0.000291666666666667,0.0174166666666667,160.787,0.000291666666666667,53.55125,1.45891666666667,18.9273333333333,13.3047916666667,-0.265222222222222,-3.679,262,43.4535733333333
2025-02-17 00:00:00,2276.5,12.35,-6.77795833333333,92.8375,0.895625,217.65,0.884458333333333,1.700375,699.62435,6.07854166666667,17.46325,-0.0119583333333333,-2.324125,2.81444444444444,-11.3825416666667,2.31220833333333,-9.07070833333333,0.00108333333333333,0.05425,99.3425,0.00108333333333333,29.124,1.77358333333333,6.06666666666667,15.1377916666667,0.0428461538461539,-0.722538461538462,262,44.549825
2025-02-18 00:00:00,2300.5,12.3254166666667,-9.11991666666667,90.0416666666667,0.824208333333333,257.075,0.810416666666667,1.74380281690141,701.393116666667,7.10833333333333,20.95525,-0.1195,-2.760625,2.9185,-13.8502083333333,2.64116666666667,-11.2084583333333,0.000541666666666667,0.028375,92.1910833333333,0.000541666666666667,28.484625,0.383791666666667,6.98941666666667,18.1990833333333,0.0435555555555556,-1.84655555555556,260,45.3388732394366
2025-02-19 00:00:00,2324.5,12.31375,-9.9515,87.9,0.748416666666667,263.175,0.734708333333333,1.76070422535211,705.188054166667,11.2544583333333,20.091375,-0.094375,-5.64595833333333,0.892954545454546,-8.83508333333333,5.55154166666667,-3.28454166666667,0.00104166666666667,0.0467916666666667,144.120541666667,0.00104166666666667,21.8795833333333,1.63570833333333,11.1601666666667,14.4442083333333,-0.00288888888888889,-3.85027777777778,270,47.539014084507
2025-02-20 00:00:00,2348.5,12.4045833333333,-6.37129166666667,89.40125,0.812083333333333,257.858333333333,0.802583333333333,1.77757629107981,704.051125,19.7162083333333,22.2252916666667,-2.855875,-4.00770833333333,NaN,-2.5095,1.15220833333333,-1.35695833333333,4.16666666666667e-05,0.0015,69.2625833333333,4.16666666666667e-05,4.45641666666667,0.020625,16.8619583333333,18.2181666666667,-0.0265454545454545,-2.06354545454545,279,49.5943785211267
2025-02-21 00:00:00,2372.5,12.4816666666667,-8.38233333333333,89.8791666666667,0.83275,253.779166666667,0.819833333333333,1.77159722222222,708.070208333333,9.16679166666667,11.80875,-0.08625,-7.35970833333333,1.433,-2.64270833333333,7.27320833333333,4.63129166666667,0.000333333333333333,0.01925,130.216791666667,0.000333333333333333,26.36,0.0454583333333333,9.080375,4.44975,-0.0177,-5.7137,278,49.2504027777778
2025-02-22 00:00:00,2396.5,12.5979166666667,-8.162625,82.8916666666667,0.863125,277.1,0.850291666666667,1.73097853535354,710.463179166667,11.8259583333333,13.6830416666667,-0.0757083333333333,-11.5470833333333,0.8148,-1.85666666666667,11.4720833333333,9.61533333333333,0.0005,0.0344166666666667,176.20125,0.0005,63.4805833333333,0.910625,11.7494166666667,2.13591666666667,-0.0883125,-9.880625,277,47.948105429293
2025-02-23 00:00:00,2420.5,12.6316666666667,-4.47016666666667,77.55875,0.935166666666666,269.816666666667,0.927541666666667,1.66875757575758,710.123841666667,17.4670833333333,17.43525,-0.745416666666667,-10.5883333333333,0.533818181818182,0.0339166666666668,9.84266666666667,9.87670833333333,0.00770833333333333,0.174041666666667,167.123541666667,0.00770833333333333,132.252583333333,11.7932083333333,16.7255416666667,6.849875,-0.0831818181818182,-9.70545454545455,280,46.7252121212121
2025-02-24 00:00:00,2444.5,12.6566666666667,-1.51420833333333,78.9170833333333,0.954291666666667,214.733333333333,0.951666666666667,1.635125,709.825075,20.312875,16.470125,-16.4754166666667,-9.15991666666667,Inf,3.84179166666667,-7.31558333333333,-3.47345833333333,0.00141666666666667,0.075,236.482916666667,0.00141666666666667,173.30875,1.82833333333333,3.83925,7.30945833333333,NaN,NaN,284,46.43755
2025-02-25 00:00:00,2468.5,12.6695833333333,-2.27729166666667,68.85875,0.967916666666667,212.7625,0.963791666666666,1.62538333333333,706.693458333333,30.8028333333333,18.6800833333333,-23.0927916666667,-10.353625,0.444631578947369,12.1244583333333,-12.7400833333333,-0.616375,0.0137916666666667,0.259125,144.3975,0.0137916666666667,59.75625,10.20675,7.70695833333333,8.325625,NaN,NaN,288,46.81104
2025-02-26 00:00:00,2492.5,12.6825,-10.1871666666667,71.4575,0.998625,259.2375,0.97975,1.60315833333333,709.122408333333,27.8834166666667,18.0130416666667,-33.1529166666667,-10.3090416666667,0.156952380952381,9.86541666666667,-22.8433333333333,-12.9752916666667,0.000208333333333333,0.013375,160.643666666667,0.000208333333333333,15.1995833333333,8.33333333333333e-05,-5.26875,7.70404166666667,-32.5492857142857,-8.46685714285714,297,47.6138025
2025-02-27 00:00:00,2516.5,12.6741666666667,-6.60566666666667,56.8166666666667,1.00916666666667,226.229166666667,0.996875,1.58758333333333,714.096204166667,25.45925,13.3312083333333,-35.2033333333333,-13.655,Inf,12.128625,-21.5483333333333,-9.421625,0.000291666666666667,0.0143333333333333,175.435,0.000291666666666667,6.74375,0.761958333333333,-9.74291666666667,-0.322875,-32.126,-9.561,301,47.7862583333333
2025-02-28 00:00:00,2540.5,12.68125,-3.826375,50.7254166666667,1.030375,199.2,1.02320833333333,1.56695833333333,711.203679166666,27.207375,14.058375,-37.17375,-14.9970833333333,Inf,13.147125,-22.1783333333333,-9.02758333333333,0.000291666666666667,0.0145,196.788333333333,0.000291666666666667,24.6829166666667,1.16729166666667,-9.96829166666667,-0.935375000000001,NaN,NaN,302,47.3221416666667
2025-03-01 00:00:00,2564.5,12.6879166666667,-4.18870833333333,56.4625,1.05733333333333,206.7375,1.04920833333333,1.54233333333333,709.139058333333,28.67325,14.0140416666667,-38.3595833333333,-14.5091666666667,Inf,14.655,-23.85125,-9.1965,0.000166666666666667,0.0105833333333333,162.002791666667,0.000166666666666667,21.3208333333333,0.319875,-9.68675,-0.491416666666667,-30.2,-8.69,307,47.3496333333333
2025-03-02 00:00:00,2588.5,12.7058333333333,-4.28233333333333,60.29,1.074875,198.658333333333,1.06633333333333,1.523625,703.963495833333,28.6362083333333,14.81675,-33.00125,-12.6980833333333,Inf,13.8165,-20.3045833333333,-6.485375,0,0,202.7375,0,0,0,-4.36691666666667,2.118625,-29.8775,-7.322125,311,47.3847375
2025-03-03 00:00:00,2612.5,12.6754166666667,-4.09633333333333,78.14375,1.07716666666667,204.5875,1.06904166666667,1.52185049019608,697.079058333333,12.6940833333333,8.93833333333333,-14.694625,-6.80829166666667,0.6415,3.75433333333333,-7.88533333333333,-4.13129166666667,0,0,143.622083333333,0,0,0,-2,2.129875,NaN,NaN,314,47.7861053921569
2025-03-04 00:00:00,2636.5,12.5883333333333,-7.20558333333333,89.9333333333333,0.953583333333334,248.983333333333,0.940958333333333,1.60460784313725,700.498104166667,6.206,23.8336666666667,-0.0105,-3.20908333333333,669.782333333333,-17.6240416666667,3.19895833333333,-14.4245833333333,0.000416666666666667,0.021625,140.977916666667,0.000416666666666667,9.75,0.271333333333333,6.19495833333333,20.6179583333333,-0.00475,-2.069,304,48.7800784313725
2025-03-05 00:00:00,2660.5,12.7054166666667,-6.58754166666667,89.1179166666666,0.967583333333333,219.325,0.955833333333333,1.633625,703.726908333333,10.0465416666667,22.4813333333333,0.00758333333333332,-6.776875,Inf,-12.4351666666667,6.784875,-5.65166666666667,0.000291666666666667,0.008375,166.059708333333,0.000291666666666667,12.0191666666667,0.783833333333333,10.0535,15.7049583333333,0.0379,-3.407,296,48.3553
2025-03-06 00:00:00,2684.5,12.7675,-3.18491666666667,89.6533333333334,0.925958333333333,257.275,0.920458333333333,1.67115948275862,694.832516666667,25.2084166666667,24.1854166666667,-2.669375,-3.74870833333333,0.903142857142857,1.02441666666667,1.07945833333333,2.10458333333333,0.00108333333333333,0.0372083333333333,198.245958333333,0.00108333333333333,16.4241666666667,1.275625,22.541625,20.4337083333333,NaN,NaN,297,49.633436637931
2025-03-07 00:00:00,2708.5,12.7575,-8.10675,85.4879166666667,0.876625,251.679166666667,0.8635,1.70297444581281,698.5221375,21.417125,35.503125,0.09025,-6.32420833333333,-498.9955,-14.09325,6.413875,-7.67979166666667,0.0005,0.0122916666666667,113.742666666667,0.0005,2.54416666666667,0.864875,21.5046666666667,29.1845,0.0267,-3.4019,296,50.4080435960591
2025-03-08 00:00:00,2732.5,12.7545833333333,-11.3691666666667,78.935,0.915,287,0.895625,1.67699404761905,707.907875,28.4143333333333,23.4125,-15.517875,-10.4882916666667,1.31366666666667,5.00325,-5.02925,-0.0258333333333341,0,0,167.301125,0,0,0,12.9,12.92525,-5.258625,-8.1785,292,48.9682261904762
2025-03-09 00:00:00,2756.5,12.7804166666667,-6.16104166666667,72.0929166666667,0.95825,213.925,0.947083333333333,1.64364285714286,711.902958333333,37.50975,22.5956666666667,-34.4170833333333,-12.1978333333333,Inf,14.919125,-22.2191666666667,-7.30375,0.000583333333333333,0.031625,174.003333333333,0.000583333333333333,40.31625,0.733666666666667,3.097375,10.3962916666667,-28.5745454545455,-8.706,302,49.6380142857143
2025-03-10 00:00:00,2780.5,12.80625,-2.58779166666667,53.2833333333333,0.978458333333333,189.879166666667,0.97375,1.61695833333333,706.985375,39.0593333333333,21.5670833333333,-39.8420833333333,-16.02,Inf,17.495375,-23.8229166666667,-6.33291666666667,0.001375,0.04325,204.488333333333,0.001375,47.5945833333333,2.95304166666667,-0.783791666666667,5.548375,NaN,NaN,308,49.8023166666667
2025-03-11 00:00:00,2804.5,12.8679166666667,-2.21004166666667,56.4175,0.988333333333333,190.204166666667,0.984291666666667,1.597125,702.618066666667,44.8823333333333,24.77325,-33.5833333333333,-14.0591666666667,0.146611111111111,20.111875,-19.5241666666667,0.588875,0.001625,0.0554166666666667,203.06125,0.001625,63.1845833333333,3.13254166666667,11.30125,10.7135416666667,NaN,NaN,312,49.8303
2025-03-12 00:00:00,2828.5,12.8725,-2.01379166666667,58.2654166666667,1.01833333333333,195.925,1.01458333333333,1.575125,702.7713625,42.9488333333333,22.4293333333333,-33.7925,-13.3312083333333,Inf,20.5185833333333,-20.4591666666667,0.0592916666666667,0.000416666666666667,0.0207083333333333,189.332083333333,0.000416666666666667,28.7726666666667,0.953291666666667,9.155875,9.09745833333333,NaN,NaN,317,49.9314625
2025-03-13 00:00:00,2852.5,12.92625,-1.66791666666667,63.2879166666667,1.03379166666667,200.070833333333,1.0305,1.55958333333333,697.5097,50.166,25.8878333333333,-35.3416666666667,-12.7155833333333,Inf,24.2825,-22.6258333333333,1.655875,0.00279166666666667,0.082,239.565791666667,0.00279166666666667,88.2839583333333,4.46604166666667,14.8284583333333,13.1677916666667,NaN,NaN,322,50.2185833333333
2025-03-14 00:00:00,2876.5,12.8345833333333,-7.82325,87.7729166666667,0.8825,239.591666666667,0.869916666666667,1.69178472222222,689.684970833334,14.8729583333333,32.080875,-5.851,-5.34708333333333,1.52953333333333,-17.2065833333333,-0.502875,-17.7100416666667,0.00270833333333333,0.0816666666666667,112.909166666667,0.00270833333333333,54.0291666666667,3.7875,9.02216666666666,26.730125,-0.072,-1.5665,330,55.8288958333333
2025-03-15 00:00:00,2900.5,12.8770833333333,-9.963375,86.8958333333333,0.807875,233.170833333333,0.792875,1.79444444444444,695.25285,21.7323333333333,29.609125,-0.79025,-3.84570833333333,1.22228571428571,-7.87458333333333,3.05583333333333,-4.817875,0.001375,0.0534166666666667,64.5765,0.001375,37.1554166666667,1.05095833333333,20.9405416666667,25.76375,-0.0548,-3.2108,307,55.0894444444444
2025-03-16 00:00:00,2924.5,12.8770833333333,-7.08975,84.4479166666667,0.80275,250.541666666667,0.792166666666667,1.79702083333333,703.587208333333,15.5897083333333,32.2127083333333,0.1045,-6.74091666666667,1.49928571428571,-16.6241666666667,6.84575,-9.77758333333333,0.00233333333333333,0.0777916666666667,185.608333333333,0.00233333333333333,107.105,3.930875,15.6950833333333,25.4719166666667,0.0415,-0.901125,311,55.8873479166667
2025-03-17 00:00:00,2948.5,13.0608333333333,-1.162375,63.15375,0.847333333333333,192.4,0.845625,1.744375,704.752704166667,46.2693333333333,39.5155833333333,-11.089125,-10.1392083333333,0.546066666666667,6.75295833333333,-0.949750000000001,5.79983333333333,0.009375,0.212416666666667,149.592416666667,0.009375,136.068541666667,9.98479166666666,35.1783333333333,29.3793333333333,NaN,NaN,300,52.33125
2025-03-18 00:00:00,2972.5,12.9845833333333,-4.403625,74.8770833333333,0.850833333333333,213.741666666667,0.844333333333333,1.74002083333333,696.728729166667,37.9946666666667,26.9371666666667,-15.589625,-8.025875,Inf,11.0639583333333,-7.56408333333333,3.5,0.008375,0.139833333333333,169.463958333333,0.008375,68.8375416666667,6.238125,22.4065416666667,18.9102083333333,NaN,NaN,307,53.4186395833333
2025-03-19 00:00:00,2996.5,12.7929166666667,-11.9245833333333,82.4904166666667,0.788916666666667,214.804166666667,0.771416666666667,1.8135625,707.643675,14.4686666666667,37.5165833333333,0.0129166666666667,-6.64625,2.32715384615389,-23.0510833333333,6.65995833333333,-16.3870416666667,0.000791666666666667,0.031625,129.0425,0.000791666666666667,22.0241666666667,0.261375,14.4857083333333,30.8728333333333,0.0118181818181818,-4.85209090909091,297,53.86280625
2025-03-20 00:00:00,3020.5,12.8970833333333,-8.956375,74.43125,0.824833333333333,194.95,0.81125,1.78091145833333,705.910529166667,10.6246666666667,31.4003333333333,-0.0116666666666667,-10.039625,NaN,-20.776875,10.0276666666667,-10.745,0.002125,0.0759166666666667,162.670125,0.002125,89.12525,4.54633333333333,10.6123333333333,21.3589166666667,-0.0418181818181818,-8.67918181818182,297,52.8930703125
2025-03-21 00:00:00,3044.5,13.06125,-7.61116666666667,78.7054166666667,0.818166666666667,227.279166666667,0.80675,1.774859375,704.536041666667,43.9224166666667,46.3729583333333,-10.858125,-7.39779166666667,617.095461538462,-2.44741666666667,-3.46,-5.90808333333333,0.000625,0.0164166666666667,190.390166666667,0.000625,22.5908333333333,0.6655,33.0650833333333,38.972875,0.0423333333333333,-5.17233333333333,297,52.7133234375
2025-03-22 00:00:00,3068.5,12.8733333333333,-4.75004166666667,87.11625,0.817,214.8625,0.809791666666667,1.775875,701.8996125,18.2864166666667,14.306,-2.00941666666667,-2.96341666666667,0.625833333333333,3.97758333333333,0.954375,4.93158333333333,0.0140416666666667,0.19925,143.669583333333,0.0140416666666667,52.2370416666667,15.83875,16.27775,11.3430416666667,NaN,NaN,306,54.341775
2025-03-23 00:00:00,3092.5,13.0908333333333,-4.35258333333333,74.5058333333333,0.807625,237.9125,0.801166666666667,1.7805625,706.6702875,51.5076666666667,39.858125,-10.420625,-8.8155,Inf,11.65425,-1.60516666666667,10.049375,0.00620833333333333,0.132791666666667,232.579166666667,0.00620833333333333,127.594166666667,9.206375,41.093375,31.0395,NaN,NaN,315,56.08771875
2025-03-24 00:00:00,3116.5,13.1516666666667,-0.189291666666667,86.4645833333333,0.812208333333333,210.295833333333,0.811791666666667,1.77625,710.5577375,60.485625,42.675375,-12.5689583333333,-7.1725,0.4970000000001,17.807375,-5.39570833333333,12.41,0.00254166666666667,0.0907083333333333,176.096,0.00254166666666667,108.89575,8.08995833333333,47.9146666666667,35.50275,NaN,NaN,306,54.35325
2025-03-25 00:00:00,3140.5,13.1158333333333,1.072375,68.5483333333333,0.86625,198.833333333333,0.867916666666667,1.72236274509804,714.838254166667,68.921,36.278875,-27.5465833333333,-11.5687916666667,0.36525,32.6429583333333,-15.9782083333333,16.6680833333333,0.000166666666666667,0.00804166666666667,143.1555,0.000166666666666667,15.7391666666667,0.489583333333333,41.3770833333333,24.7094583333333,NaN,NaN,316,54.426662745098
2025-03-26 00:00:00,3164.5,13.045,0.499625,58.1716666666667,0.901416666666667,224.916666666667,0.902208333333333,1.68609558823529,712.845383333333,60.517875,29.5505,-37.4375,-15.8422083333333,0.33275,30.964125,-21.5958333333333,9.36741666666667,0.000458333333333333,0.0259166666666667,178.656,0.000458333333333333,13.5458333333333,0.297,23.0817083333333,13.7104583333333,NaN,NaN,336,56.6528117647059
2025-03-27 00:00:00,3188.5,13.0958333333333,1.42441666666667,64.7604166666667,0.930166666666667,207.820833333333,0.932666666666667,1.6575,709.091929166667,38.4842083333333,20.7787083333333,-25.7608333333333,-13.8291666666667,0.265375,17.7044583333333,-11.9312916666667,5.77341666666667,8.33333333333333e-05,0.00320833333333333,176.420416666667,8.33333333333333e-05,16.2208333333333,0.062625,12.7255416666667,6.94858333333333,NaN,NaN,334,55.3605
2025-03-28 00:00:00,3212.5,13.225,2.686875,68.9641666666667,0.93675,221.9875,0.941333333333333,1.648625,703.523495833333,40.28075,22.5788333333333,-19.81825,-12.51675,Inf,17.700625,-7.301625,10.4010833333333,0.00166666666666667,0.0544583333333334,135.544291666667,0.00166666666666667,82.5320833333333,3.41391666666667,20.4605416666667,10.0624166666667,NaN,NaN,340,56.05325
2025-03-29 00:00:00,3236.5,13.2045833333333,-0.843125,92.0908333333334,0.841125,233.708333333333,0.839958333333333,1.75354166666667,701.159070833333,42.3897083333333,38.0929166666667,-8.38833333333333,-4.89225,1.4035,4.29795833333333,-3.49583333333333,0.803,0,0.000125,82.0075,0,0.48875,0,33.99825,33.1960833333333,NaN,NaN,309,54.1844375
2025-03-30 00:00:00,3260.5,13.1204166666667,-3.28466666666667,90.8579166666666,0.762416666666667,241.483333333333,0.757791666666667,1.82725,701.941166666667,24.6017083333333,40.2253333333333,-3.50520833333333,-4.59808333333333,Inf,-15.6283333333333,1.093375,-14.5367083333333,0.00254166666666667,0.0799166666666667,80.2720416666667,0.00254166666666667,21.4275,2.75933333333333,21.09275,35.6267916666667,NaN,NaN,300,54.8175
2025-03-31 00:00:00,3284.5,13.38875,-2.221,77.4466666666667,0.798833333333333,223.704166666667,0.795458333333333,1.79995833333333,701.499616666667,47.8144166666667,42.4016666666667,-7.34854166666667,-5.98066666666667,Inf,5.41520833333333,-1.36908333333333,4.04658333333333,0.001625,0.0574166666666667,110.684208333333,0.001625,21.8532916666667,2.28795833333333,40.4719583333333,36.4253333333333,NaN,NaN,309,55.6187125
2025-04-01 00:00:00,3308.5,13.19125,-5.30525,86.5366666666666,0.750833333333333,273,0.743541666666667,1.83079166666667,692.035229166667,15.96875,34.4897916666667,-0.0165,-4.53370833333333,1.77169230769231,-18.52125,4.51745833333333,-14.0045,0.000125,0.00591666666666667,102.249208333333,0.000125,14.695375,0.000125,15.9529166666667,29.956125,NaN,NaN,316,57.8530166666667
2025-04-02 00:00:00,3332.5,13.2241666666667,-10.0215416666667,77.58375,0.7,254.283333333333,0.687041666666667,1.87420833333333,694.758041666667,49.2469166666667,53.0285416666667,-14.9732916666667,-7.868625,Inf,-3.785625,-7.10420833333333,-10.88725,0.00229166666666667,0.0697083333333333,143.244458333333,0.00229166666666667,36.8483333333333,3.54775,34.273,45.167125,NaN,NaN,296,55.4765666666667
2025-04-03 00:00:00,3356.5,13.3033333333333,-10.084625,76.275,0.736375,218.395833333333,0.7225,1.86566666666667,699.7574625,79.174875,57.7010833333333,-18.4669166666667,-8.9935,0.941789473684211,21.4780416666667,-9.47354166666667,12.00275,0.00429166666666667,0.107166666666667,154.718666666667,0.00429166666666667,52.6004166666667,2.148375,60.7117916666667,48.708875,NaN,NaN,311,58.0222333333334
2025-04-04 00:00:00,3380.5,13.1883333333333,-8.89504166666667,88.6604166666667,0.703291666666667,199.65,0.691583333333333,1.89579166666667,706.442383333333,16.92875,32.5678333333333,0.00441666666666667,-4.84629166666667,1.13482352941176,-15.63825,4.85,-10.787625,0,0,88.9425,0,0,0,16.933375,27.7197916666667,NaN,NaN,315,59.7174375
2025-04-05 00:00:00,3404.5,13.08625,-10.3022916666667,74.29875,0.711083333333333,193.7,0.697416666666667,1.89258333333333,711.023870833333,51.93475,46.7867916666667,-18.75725,-9.078375,1.59270588235294,5.14883333333333,-9.67816666666667,-4.53104166666667,0.000125,0.00808333333333333,114.42975,0.000125,3.42083333333333,0,33.1785833333333,37.705875,NaN,NaN,313,59.2378583333333
2025-04-06 00:00:00,3428.5,13.2520833333333,-6.60729166666667,66.0875,0.744083333333333,191.554166666667,0.735,1.855,710.29125,59.2420833333333,41.9088333333333,-30.2116666666667,-12.1332916666667,0.555411764705882,17.3322916666667,-18.07875,-0.740583333333332,0.000375,0.0169583333333333,166.094583333333,0.000375,4.6625,0.070125,29.033375,29.7735833333333,NaN,NaN,346,64.183
2025-04-07 00:00:00,3452.5,13.2220833333333,-2.87479166666667,63.2795833333333,0.769041666666667,198.8625,0.764958333333333,1.82504166666667,709.9941,67.3799166666667,41.3692916666667,-35.2808333333333,-13.8597916666667,0.581588235294118,26.0273333333333,-21.4204166666667,4.603125,0.00325,0.0680833333333333,168.579625,0.00325,32.1845833333333,4.098,32.1047083333333,27.5017916666667,NaN,NaN,345,62.9639375
2025-04-08 00:00:00,3476.5,13.32125,0.954625,60.43,0.793125,196.075,0.794416666666667,1.795,708.511841666667,65.455375,37.337625,-29.7483333333333,-14.7692083333333,-532.812533333333,28.1140833333333,-14.9798333333333,13.135625,0.00233333333333333,0.0646666666666667,192.479166666667,0.00233333333333333,55.0045833333333,5.32183333333333,35.7064166666667,22.57,NaN,NaN,342,61.389
2025-04-09 00:00:00,3500.5,13.4354166666667,1.510375,56.8879166666667,0.8175,193.933333333333,0.81975,1.77025,712.6344,78.126125,43.6688333333333,-28.6091666666667,-13.3192916666667,-444.078611111111,34.4587916666667,-15.2896666666667,19.167875,0.0105,0.22175,176.781333333333,0.0105,96.9925,10.0902916666667,49.5144166666667,30.3524166666667,NaN,NaN,339,60.011475
2025-04-10 00:00:00,3524.5,13.2775,-0.318833333333333,58.0995833333333,0.842291666666667,216.7875,0.841791666666667,1.74723333333333,718.416925,71.0037083333333,38.746625,-38.0925,-14.69175,0.149909090909091,32.2455833333333,-23.3991666666667,8.85041666666667,0.000583333333333333,0.0354583333333333,185.867916666667,0.000583333333333333,2.4575,0,32.9175416666667,24.054125,NaN,NaN,348,60.80372
2025-04-11 00:00:00,3548.5,13.2595833333333,1.7775,53.7554166666667,0.861291666666667,271.479166666667,0.864041666666667,1.71815,715.649683333333,72.920875,39.117875,-34.3966666666667,-18.471625,0.365625,33.7892916666666,-15.9253333333333,17.8622916666667,0.000666666666666667,0.0401666666666667,166.925416666667,0.000666666666666667,15.3247083333333,0.61475,38.508875,20.645125,NaN,NaN,355,60.994325
2025-04-12 00:00:00,3572.5,13.39625,4.58670833333333,51.6133333333333,0.896541666666667,193.129166666667,0.904,1.68653333333333,708.6936875,79.6999166666667,41.6767083333333,-28.90875,-20.4884166666667,Inf,38.0386666666667,-8.418875,29.6237083333333,0.00345833333333333,0.086875,189.595,0.00345833333333333,61.53125,5.570875,50.8040416666667,21.191375,NaN,NaN,350,59.0286666666667
2025-04-13 00:00:00,3596.5,13.2395833333333,1.03245833333333,75.4175,0.872958333333333,191.5675,0.874916666666667,1.67124166666667,707.817541666667,45.9515416666667,25.9447083333333,-9.62808333333333,-7.746875,-1066.07726666667,20.0012916666667,-1.88095833333333,18.1190416666667,0.00141666666666667,0.030875,143.961708333333,0.00141666666666667,23.7708333333333,2.08,36.3222083333333,18.194,NaN,NaN,357,59.6633275
2025-04-14 00:00:00,3620.5,13.16375,-1.84270833333333,65.5254166666667,0.9275,221.466666666667,0.924166666666667,1.66429166666667,712.014604166667,65.3947083333333,44.656625,-22.280875,-9.09695833333333,Inf,20.7562916666667,-13.18425,7.57316666666667,0.00166666666666667,0.0718333333333333,142.150833333333,0.00166666666666667,24.3245833333333,1.12283333333333,43.1352916666667,35.5589583333333,NaN,NaN,368,61.2459333333333
2025-04-15 00:00:00,3644.5,13.2654166666667,-0.289041666666667,52.78375,0.956291666666666,193.366666666667,0.955625,1.63383333333333,711.922295833333,65.8643333333333,34.3356666666667,-38.3995833333333,-14.252,Inf,31.5289166666667,-24.1483333333333,7.38025,0.00166666666666667,0.0389583333333333,168.567541666667,0.00166666666666667,47.7520833333333,4.12170833333333,27.4675833333333,20.0870833333333,NaN,NaN,370,60.4518333333334
2025-04-16 00:00:00,3668.5,13.32875,2.23791666666667,67.68125,0.9615,194.05,0.965375,1.625921875,706.656645833334,55.4051666666667,28.84625,-21.8244583333333,-13.8365833333333,0.461538461538462,26.557375,-7.98779166666666,18.5705416666667,0.000625,0.027625,159.69625,0.000625,35.7783333333333,1.36179166666667,33.5837083333333,15.0122083333333,NaN,NaN,378,61.459846875
2025-04-17 00:00:00,3692.5,13.2733333333333,0.812875,82.1304166666666,0.933208333333333,215.416666666667,0.934625,1.64170758928571,699.5315375,64.2305,50.253625,-13.8497083333333,-6.78791666666667,445.660222222222,13.971125,-7.06179166666667,6.91133333333333,0.003875,0.0694583333333333,135.320666666667,0.003875,53.4258333333333,3.66258333333333,50.3755833333333,43.4701666666667,NaN,NaN,351,57.6239363839286
2025-04-18 00:00:00,3716.5,13.1175,-8.89979166666667,87.5208333333333,0.788875,219.2375,0.775958333333333,1.72244642857143,701.4563625,30.2895,46.8458333333333,-0.343791666666667,-3.25204166666667,422.463052631579,-16.5615,2.90820833333333,-13.6509583333333,0,8.33333333333333e-05,38.988125,0,1.64875,0,29.9426666666667,43.5853333333333,NaN,NaN,366,63.0415392857143
2025-04-19 00:00:00,3740.5,13.2316666666667,-8.0925,79.0016666666667,0.8145,186.441666666667,0.802291666666667,1.78665327380952,705.073741666667,37.8812083333333,37.5901666666667,-13.08225,-8.594625,0.7289,0.291583333333334,-4.48808333333333,-4.19404166666667,0,0,115.375,0,0,0,24.7982916666667,28.993375,NaN,NaN,347,61.9968686011905
2025-04-20 00:00:00,3764.5,13.4020833333333,-3.26570833333333,76.0816666666667,0.846916666666667,220.108333333333,0.841708333333333,1.7384375,706.9800625,76.5276666666667,52.4949583333333,-22.391875,-8.654125,Inf,24.0421666666667,-13.7363333333333,10.3067916666667,0.00125,0.0492916666666667,140.809291666667,0.00125,72.03625,3.3385,54.138625,43.8375416666667,NaN,NaN,362,62.9314375
2025-04-21 00:00:00,3788.5,13.47875,0.484041666666667,62.8645833333333,0.873833333333333,188.25,0.874625,1.71541666666667,707.088908333333,57.8120416666667,37.3113333333333,-23.12625,-10.9734166666667,Inf,20.5046666666667,-12.1536666666667,8.34958333333334,0.0132083333333333,0.180416666666667,167.619666666667,0.0132083333333333,27.6520833333333,10.3659166666667,34.6827083333333,26.3404583333333,NaN,NaN,369,63.298875
2025-04-22 00:00:00,3812.5,13.3554166666667,1.42579166666667,61.32875,0.890916666666667,184.270833333333,0.893208333333333,1.69704166666667,707.893179166667,73.769625,40.86625,-28.02125,-14.5204166666667,0.08245,32.9010416666667,-13.5004166666667,19.402625,0.00354166666666667,0.0654583333333333,166.702916666667,0.00354166666666667,33.08375,4.539625,45.7421666666667,26.3430833333333,NaN,NaN,369,62.6208375
2025-04-23 00:00:00,3836.5,13.4445833333333,0.723083333333333,65.5904166666667,0.917708333333333,198.475,0.918875,1.67108333333333,707.775075,58.9185,34.464375,-25.525,-11.93325,0.0110454545454545,24.4540416666667,-13.5915833333333,10.8623333333333,0.000125,0.007,167.492916666667,0.000125,10.825,0,33.3916666666667,22.530625,NaN,NaN,377,62.9998416666667
2025-04-24 00:00:00,3860.5,13.2904166666667,0.617291666666667,75.0525,0.940083333333333,191.229166666667,0.941166666666667,1.649,707.8864125,58.9801666666667,33.455625,-15.379125,-9.29029166666667,Inf,25.52725,-6.08904166666667,19.437625,8.33333333333333e-05,0.00291666666666667,188.413333333333,8.33333333333333e-05,3.70791666666667,0.51625,43.5961666666667,24.16275,NaN,NaN,385,63.4865
2025-04-25 00:00:00,3884.5,13.3841666666667,-0.0047916666666666,80.97875,0.956791666666667,184.4,0.956708333333334,1.63320833333333,709.330329166667,75.3012916666667,38.5050833333333,-12.7544166666667,-8.56183333333333,Inf,36.797875,-4.192125,32.5968333333333,0,0,139.804083333333,0,0,0,62.5419583333333,29.9475416666667,NaN,NaN,394,64.3484083333334
2025-04-26 00:00:00,3908.5,13.3745833333333,2.69695833333333,62.3,0.97375,187.745833333333,0.978416666666667,1.61158333333333,706.723358333334,95.175375,42.4990833333333,-28.2275416666667,-16.548375,-Inf,52.6868333333333,-11.680125,41.0020416666667,0.00191666666666667,0.0711666666666667,179.270833333333,0.00191666666666667,33.9436666666667,2.23329166666667,66.936,25.9462083333333,NaN,NaN,401,64.6244916666667
2025-04-27 00:00:00,3932.5,13.28875,2.09479166666667,61.0045833333333,0.9985,180.9375,1.00225,1.58404166666667,703.973320833333,83.6797083333333,37.047125,-29.4427083333333,-14.4820416666667,Inf,46.62975,-14.9602083333333,31.6749583333333,0.00025,0.01425,178.748666666667,0.00025,22.3481666666667,0.743791666666667,54.2324166666667,22.565125,NaN,NaN,407,64.4704958333333
2025-04-28 00:00:00,3956.5,13.32375,-1.15620833333333,75.4429166666667,1.00870833333333,202.241666666667,1.00641666666667,1.56428422619048,705.388883333333,89.2948333333333,48.2984166666667,-13.969625,-5.39416666666666,Inf,40.996375,-8.57595833333333,32.415875,0.001375,0.0420416666666667,96.3824583333333,0.001375,34.9945833333333,1.64808333333333,75.3275416666667,42.9024583333333,NaN,NaN,413,64.6049385416667
2025-04-29 00:00:00,3980.5,13.3233333333333,-0.362083333333333,67.1216666666667,1.037125,193.416666666667,1.03633333333333,1.55352529761905,709.0065625,109.292958333333,46.2388333333333,-11.610125,-11.3100833333333,-0.143954545454545,63.054,-0.300666666666667,62.7479166666667,0.000583333333333333,0.028625,176.198333333333,0.000583333333333333,14.3072083333333,0.22475,97.672875,34.9288333333333,NaN,NaN,390,60.5874866071429
2025-04-30 00:00:00,4004.5,13.3404166666667,-0.299083333333334,83.3208333333333,1.04345833333333,220.141666666667,1.04304166666667,1.54741666666667,706.301016666666,59.3070833333333,27.27,-4.40075,-5.85220833333333,0.726684210526316,32.0430416666667,1.45179166666667,33.495625,0.00025,0.013625,96.1289166666666,0.00025,30.5216666666667,0.763041666666667,54.910875,21.4133333333333,NaN,NaN,390,60.34925
2025-05-01 00:00:00,4028.5,13.34,-0.941541666666667,86.6708333333333,0.992416666666667,206.766666666667,0.990791666666667,1.58204166666667,708.965154166667,51.5891666666667,49.4312916666667,-5.608625,-4.36720833333333,-Inf,2.16591666666667,-1.24154166666667,0.925791666666667,0,0,118.761666666667,0,0,0,45.9872083333333,45.067,NaN,NaN,377,59.6429708333333
2025-05-02 00:00:00,4052.5,13.29125,-2.29033333333333,63.7404166666667,1.02941666666667,196.775,1.025,1.56441666666667,711.136995833333,101.931083333333,51.6174166666667,-25.9592916666667,-12.0069583333333,0.392909090909091,50.3099583333333,-13.9549166666667,36.3518333333333,0.000416666666666667,0.0247916666666667,177.269166666667,0.000416666666666667,2.02166666666667,0,75.9704583333333,39.61175,NaN,NaN,374,58.5091833333333
2025-05-03 00:00:00,4076.5,13.2520833333333,2.27441666666667,54.3920833333333,1.04720833333333,184.8,1.05129166666667,1.53904166666667,710.006966666667,103.511375,44.8817083333333,-36.6104166666667,-18.9546666666667,0.1225,58.630625,-17.6545833333333,40.9778333333333,0.000291666666666667,0.0177083333333333,183.383333333333,0.000291666666666667,9.4775,8.33333333333333e-05,66.9190416666667,25.92475,NaN,NaN,406,62.4850916666667
2025-05-04 00:00:00,4100.5,13.25625,3.22004166666667,62.0020833333333,1.072,187.070833333333,1.07825,1.51195833333333,705.964695833333,82.301375,35.3352083333333,-28.1183333333333,-16.7589166666667,Inf,46.9662916666667,-11.359875,35.6049583333333,0.000291666666666667,0.012875,197.14125,0.000291666666666667,8.33333333333333,0.496666666666667,54.1824166666667,18.576125,NaN,NaN,409,61.8390958333334
2025-05-05 00:00:00,4124.5,13.385,2.23233333333333,76.1241666666667,1.10404166666667,191.166666666667,1.1085,1.48179166666667,703.6912375,97.5201666666667,39.1241666666667,-20.6995,-12.2259583333333,-0.018952380952381,58.4014583333333,-8.47370833333333,49.9208333333333,0.00141666666666667,0.0315833333333333,178.419833333333,0.00141666666666667,26.8166666666667,0.782083333333333,76.82875,26.8989583333333,NaN,NaN,421,62.3834291666667
2025-05-06 00:00:00,4148.5,13.32375,-0.0827916666666667,90.3854166666667,1.11866666666667,198.991666666667,1.118375,1.47241666666667,708.020754166667,59.6275833333333,30.360875,-1.14783333333333,-3.09420833333333,Inf,29.258625,1.9465,31.207625,0.002375,0.072125,91.4125833333333,0.002375,15.0942916666667,1.00575,58.477625,27.271,NaN,NaN,408,60.0746
2025-05-07 00:00:00,4172.5,13.3170833333333,0.016875,84.9004166666667,1.069625,219.275,1.06958333333333,1.492375,711.9070375,83.8467083333334,51.367625,-15.004125,-5.69658333333333,Inf,32.4760833333333,-9.30808333333333,23.166,0.000541666666666667,0.0160833333333333,64.5092083333333,0.000541666666666667,2.65625,0.179625,68.837625,45.673,NaN,NaN,395,58.9488125
2025-05-08 00:00:00,4196.5,13.325,1.52254166666667,70.6975,1.11220833333333,204.395833333333,1.11520833333333,1.47475,714.418095833333,88.9358333333333,38.0913333333333,-28.3375,-13.7623333333333,Inf,50.8407083333333,-14.5744166666667,36.2652916666667,0.000875,0.0450833333333333,167.621791666667,0.000875,10.34375,0.095875,60.5932083333333,24.3312083333333,NaN,NaN,415,61.202125
2025-05-09 00:00:00,4220.5,13.38375,2.12708333333333,76.9570833333333,1.136625,202.0625,1.14095833333333,1.448875,718.509658333333,63.5124166666667,28.98475,-22.981625,-11.74975,Inf,34.5300416666667,-11.2323333333333,23.2956666666667,0,0,163.764166666667,0,0,0,40.5364166666667,17.2367916666667,NaN,NaN,426,61.722075
2025-05-10 00:00:00,4244.5,13.29,3.61454166666667,63.3541666666667,1.165375,192.129166666667,1.17295833333333,1.41725,717.839883333333,104.546958333333,41.8919166666667,-34.9041666666667,-19.868375,-0.0455454545454546,62.67325,-15.0355,47.6376666666667,0.00025,0.0134583333333333,185.139583333333,0.00025,4.74166666666667,0.153166666666667,69.66825,22.0230416666667,NaN,NaN,438,62.07555
2025-05-11 00:00:00,4268.5,13.3416666666667,3.90104166666667,67.9933333333333,1.19475,189.45,1.20325,1.38704166666667,713.8397375,76.340625,33.9199166666667,-23.0591666666667,-17.299125,0.0606111111111111,42.4224166666667,-5.75895833333333,36.662125,0,8.33333333333333e-05,197.379166666667,0,8.02083333333333,0,53.2815,16.6216666666667,NaN,NaN,425,58.9492708333333
2025-05-12 00:00:00,4292.5,13.3466666666667,5.604875,57.1066666666667,1.218,195.325,1.23041666666667,1.359875,708.138158333333,117.671791666667,45.2675833333333,-30.3479166666667,-22.8769166666667,0.480375,72.3868333333333,-7.47195833333333,64.9145833333333,0.000833333333333333,0.0392916666666667,179.204,0.000833333333333333,26.6107083333333,2.382,87.2990833333333,22.38725,NaN,NaN,395,53.7150625
2025-05-13 00:00:00,4316.5,13.385,5.28545833333333,53.0775,1.251,206.170833333333,1.26308333333333,1.32683333333333,703.4962125,92.0486250000001,35.565875,-26.3995833333333,-21.0270833333333,0.240588235294118,56.4720833333333,-5.374375,51.1012083333333,4.16666666666667e-05,0.00258333333333333,190.091666666667,4.16666666666667e-05,9.85,8.33333333333333e-05,65.6450833333333,14.5459583333333,NaN,NaN,373,49.4908833333333
2025-05-14 00:00:00,4340.5,13.08375,0.235458333333334,75.2825,1.25,210.654166666667,1.250625,1.34054166666667,701.705220833333,55.078125,20.115125,-20.0558333333333,-7.88070833333333,0.513166666666667,34.9649166666667,-12.175,22.793625,0.000166666666666667,0.0115833333333333,105.463666666667,0.000166666666666667,10.38,8.33333333333333e-05,35.0203333333333,12.2278333333333,NaN,NaN,414,55.498425
2025-05-15 00:00:00,4364.5,13.15875,-1.831625,89.7254166666667,1.16233333333333,224.766666666667,1.15841666666667,1.43508333333333,703.516004166667,62.6339583333333,54.2817083333333,-2.97295833333333,-3.895875,Inf,8.35808333333333,0.923333333333333,9.2815,0.001,0.0346666666666667,144.788875,0.001,46.16,1.70841666666667,59.6674166666666,50.3839583333333,NaN,NaN,374,53.6721166666667
2025-05-16 00:00:00,4388.5,13.3233333333333,-0.885583333333333,87.9154166666667,1.15129166666667,195.970833333333,1.14933333333333,1.439625,706.23625,79.5579166666667,48.7366666666667,-7.348875,-6.79491666666666,0.735333333333333,30.8142916666667,-0.553208333333333,30.2640833333333,0.00191666666666667,0.063875,185.97875,0.00191666666666667,78.9329166666667,4.850125,72.2105833333333,41.9429166666667,NaN,NaN,363,52.2583875
2025-05-17 00:00:00,4412.5,13.3108333333333,1.70141666666667,83.3454166666667,1.18941666666667,190.241666666667,1.19316666666667,1.39683333333333,706.908095833333,53.34525,27.9857083333333,-4.560625,-7.844625,0.223117647058824,25.3618333333333,3.2845,28.6400416666667,0.00025,0.0152083333333333,160.941375,0.00025,33.8853333333333,1.21016666666667,48.786125,20.1435416666667,NaN,NaN,387,54.05745
2025-05-18 00:00:00,4436.5,13.1620833333333,0.616541666666667,83.5191666666667,1.201125,213.65,1.202375,1.38880729166667,701.1510875,39.8207083333333,23.7019583333333,-8.073625,-5.77358333333333,-Inf,16.1165833333333,-2.29954166666667,13.819,8.33333333333333e-05,0.00620833333333333,162.011416666667,8.33333333333333e-05,5.62916666666667,0,31.7432083333333,17.9266666666667,NaN,NaN,417,57.9132640625
2025-05-19 00:00:00,4460.5,13.2870833333333,-0.959375,84.8341666666667,1.18904166666667,249.695833333333,1.18708333333333,1.39872450657895,702.929508333334,68.6984583333333,47.9765,-3.40066666666667,-3.37816666666667,0.6172,20.7247916666667,-0.0227916666666668,20.7007916666667,0.000375,0.0164583333333333,137.543291666667,0.000375,27.6691666666667,0.35575,65.29725,44.6054166666667,NaN,NaN,417,58.3268119243421
2025-05-20 00:00:00,4484.5,13.3833333333333,0.389416666666667,68.95125,1.197375,229.7,1.19816666666667,1.39805674342105,707.468354166667,80.7405833333333,39.877125,-7.95820833333333,-8.43216666666667,Inf,40.861375,0.473833333333333,41.3355,0.0035,0.0925416666666667,104.577583333333,0.0035,42.0915,6.20466666666667,72.7815,31.4447083333333,NaN,NaN,407,56.9009094572368
2025-05-21 00:00:00,4508.5,13.3691666666667,1.78366666666667,78.12625,1.14654166666667,215.5,1.1505,1.41927025462963,711.1294125,92.8405,53.1655833333333,-18.5335833333333,-10.155625,-443.624222222222,39.6890833333333,-8.37775,31.3113333333333,0.00404166666666667,0.111,137.415,0.00404166666666667,45.6670833333333,4.81375,74.324375,43.013,NaN,NaN,400,56.7708101851852
2025-05-22 00:00:00,4532.5,13.3970833333333,3.07920833333333,61.1075,1.19529166666667,184.4375,1.20183333333333,1.3885,712.088266666667,103.750041666667,41.820375,-25.8860833333333,-17.6872916666667,0.05785,61.928875,-8.199125,53.729875,0.0005,0.021875,191.657083333333,0.0005,36.4666666666667,0.7425,77.8683333333333,24.1327916666667,NaN,NaN,418,58.0393
2025-05-23 00:00:00,4556.5,13.4158333333333,5.35254166666667,59.9283333333333,1.22495833333333,201.145833333333,1.23691666666667,1.35320833333333,709.972666666667,121.177416666667,49.0397083333333,-25.4553333333333,-23.0309166666667,0.243263157894737,72.130875,-2.424125,69.7064583333333,0.00358333333333333,0.069625,200.570833333333,0.00358333333333333,34.7875,2.88795833333333,95.7085833333333,26.0087916666667,NaN,NaN,411,55.6168625
2025-05-24 00:00:00,4580.5,13.3108333333333,3.70495833333333,79.3604166666667,1.26504166666667,191.329166666667,1.27354166666667,1.31691145833333,710.946595833333,78.3312083333333,27.0733333333333,-15.1902083333333,-14.6900833333333,0.05775,51.2525,-0.500333333333333,50.7554166666667,0,0,164.010833333333,0,0,0,63.1405833333333,12.3841666666667,NaN,NaN,429,56.4955015625
2025-05-25 00:00:00,4604.5,13.28125,3.64370833333333,85.3154166666667,1.292375,210.483333333333,1.30095833333333,1.28715104166667,712.129495833333,61.59225,23.2125416666667,-12.3382916666667,-14.1064166666667,Inf,38.3784166666667,1.76845833333333,40.1479166666667,0,0,161.378083333333,0,0,0,49.2588333333333,9.10891666666667,NaN,NaN,444,57.14950625
2025-05-26 00:00:00,4628.5,13.3708333333333,3.168125,81.0466666666667,1.32241666666667,195.075,1.32995833333333,1.26008333333333,711.016183333333,93.8229583333333,35.25375,-19.4479583333333,-13.81375,Inf,58.5572916666667,-5.63320833333333,52.9239166666667,0.000916666666666667,0.0435833333333333,157.938333333333,0.000916666666666667,7.37079166666667,0.807708333333333,74.3630833333333,21.43925,NaN,NaN,448,56.4517333333333
2025-05-27 00:00:00,4652.5,13.3708333333333,3.65916666666667,77.7570833333333,1.36079166666667,194.475,1.36970833333333,1.22120833333333,713.7983375,117.051333333333,40.183,-22.5612916666667,-16.783,-0.07415,76.8910416666667,-5.77891666666666,71.1173333333333,0.00195833333333333,0.0514583333333333,182.78375,0.00195833333333333,9.68666666666667,0.844375,94.4965833333333,23.3974166666667,NaN,NaN,439,53.6110458333334
2025-05-28 00:00:00,4676.5,13.3133333333333,2.22141666666667,94.5904166666667,1.385625,209.4375,1.39133333333333,1.19870833333333,713.3719,44.4875,18.131375,-6.00716666666667,-7.67583333333333,-Inf,26.3492083333333,1.66970833333333,28.0174583333333,0,0,170.784166666667,0,0,0,38.4708333333333,10.4554583333333,NaN,NaN,422,50.5854916666667
2025-05-29 00:00:00,4700.5,13.37,3.09845833333333,87.3104166666667,1.40625,190.5875,1.41429166666667,1.17633333333333,713.931329166667,103.328958333333,35.7634166666667,-18.9910833333333,-12.998,0.195529411764706,67.5701666666667,-5.99195833333333,61.5772083333333,0.0005,0.02425,171.849583333333,0.0005,7.9975,0.561375,84.3362083333333,22.7635833333333,NaN,NaN,473,55.6405666666667
2025-05-30 00:00:00,4724.5,13.23125,4.317375,83.9891666666667,1.437,189.520833333333,1.448375,1.142125,716.9774625,88.08225,28.4829166666667,-19.276625,-16.6769583333333,0.0223684210526316,59.59675,-2.60004166666667,56.9943333333334,0.000916666666666667,0.0290416666666667,191.370041666667,0.000916666666666667,8.74333333333333,0.066125,68.807375,11.8085416666667,NaN,NaN,483,55.1646375
2025-05-31 00:00:00,4748.5,13.3508333333333,5.936125,78.4904166666667,1.47375,187.9625,1.4895,1.10054166666667,716.1533,129.935208333333,40.375,-16.3049583333333,-23.0585,-0.15225,89.5545,6.75604166666667,96.3028333333333,0.001625,0.081375,189.27125,0.001625,14.2483333333333,1.13958333333333,113.6235,17.3138333333333,NaN,NaN,500,55.0270833333333
2025-06-01 00:00:00,4772.5,13.44,6.04504166666667,74.5808333333333,1.51658333333333,182.4125,1.53316666666667,1.05691666666667,712.8426375,97.2711666666667,28.411125,-21.4147916666667,-21.900625,0.326470588235294,68.8467083333333,0.486625000000001,69.33475,0.00075,0.029375,194.945833333333,0.00075,12.3666666666667,0.38375,75.8391666666667,6.513625,NaN,NaN,500,52.8458333333333
2025-06-02 00:00:00,4796.5,13.4258333333333,5.42616666666667,79.2583333333333,1.554875,192.683333333333,1.57008333333333,1.020125,710.083679166667,73.6794583333333,23.5078333333333,-13.666,-19.4825,Inf,50.17375,5.815125,55.9862916666667,0,0,192.154166666667,0,0,0,60.0022083333333,4.02575,NaN,NaN,500,51.00625
2025-06-03 00:00:00,4820.5,13.4154166666667,3.65279166666667,85.91625,1.59229166666667,191.845833333333,1.60295833333333,0.987,709.163858333333,86.1042916666667,25.7370833333333,-10.4465416666667,-13.871875,0.296133333333333,60.372625,3.42558333333333,63.7980833333333,0.00025,0.0143333333333333,122.971333333333,0.00025,28.5625,0.000125,75.6597083333333,11.863375,NaN,NaN,500,49.35
2025-06-04 00:00:00,4844.5,13.4683333333333,4.97866666666667,69.05875,1.62045833333333,195.679166666667,1.635125,0.954833333333333,709.802066666667,138.081291666667,40.0974166666667,-28.4069583333333,-20.4127083333333,0.370277777777778,97.9709583333334,-7.99291666666667,89.9852083333333,0.00116666666666667,0.0319583333333333,150.815833333333,0.00116666666666667,8.655,2.01566666666667,109.677291666667,19.6867083333333,NaN,NaN,500,47.7416666666667
2025-06-05 00:00:00,4868.5,13.4979166666667,4.332,82.5604166666667,1.65916666666667,193.2625,1.672125,0.917875,710.842641666667,91.3207083333333,28.6681666666667,-12.7004166666667,-15.8154166666667,470.767705882353,62.6484583333333,3.11575,65.760625,0.00025,0.016,168.21375,0.00025,9.72475,0.923583333333333,78.6174166666667,12.8557083333333,NaN,NaN,500,45.89375
2025-06-06 00:00:00,4892.5,13.155,2.49404166666667,93.0908333333333,1.69454166666667,192.970833333333,1.70225,0.889125,711.968541666667,80.56725,22.336875,-10.007875,-8.691875,Inf,58.2272083333333,-1.315625,56.910875,0.00141666666666667,0.0496666666666667,180.206666666667,0.00141666666666667,20.5091666666667,1.83958333333333,70.5591666666667,13.6444583333333,NaN,NaN,500,44.45625
2025-06-07 00:00:00,4916.5,13.3833333333333,6.06954166666667,73.7883333333333,1.70875,184.508333333333,1.72770833333333,0.862291666666666,713.18435,109.363166666667,33.117625,-23.9595833333333,-20.573625,-0.169684210526316,76.247875,-3.38616666666667,72.8643333333333,0.00320833333333333,0.0894166666666667,164.247916666667,0.00320833333333333,44.6179166666667,4.18208333333333,85.4083333333333,12.5505,NaN,NaN,500,43.1145833333333
2025-06-08 00:00:00,4940.5,13.3208333333333,7.21329166666667,72.18125,1.74808333333333,194.004166666667,1.77091666666667,0.8195,713.6712,80.4804583333333,20.8306666666667,-24.059875,-23.4943333333333,0.282133333333333,59.653875,-0.565250000000003,59.0794583333333,0.001,0.057125,152.81375,0.001,27.3395833333333,0.776666666666667,56.418625,-2.66541666666667,NaN,NaN,500,40.975
2025-06-09 00:00:00,4964.5,13.3025,7.00954166666667,57.4345833333333,1.790375,190.2875,1.81304166666667,0.777875,714.825175,140.364875,35.4256666666667,-39.73125,-26.552125,0.0411363636363636,104.973916666667,-13.1785416666667,91.75725,0.00129166666666667,0.044,173.243333333333,0.00129166666666667,6.99166666666667,0.984333333333333,100.675875,8.871125,NaN,NaN,500,38.89375
2025-06-10 00:00:00,4988.5,13.3191666666667,9.35995833333333,53.2808333333333,1.83358333333333,180.916666666667,1.8645,0.725625,714.9913,115.017708333333,27.57075,-30.2175,-32.90175,0.1248,87.4457916666667,2.68354166666667,90.1317083333333,0.000333333333333333,0.018125,165.287125,0.000333333333333333,3.61833333333333,0.298833333333333,84.8050416666666,-5.32704166666667,NaN,NaN,500,36.28125
2025-06-11 00:00:00,5012.5,13.4308333333333,9.673625,58.2141666666667,1.887125,183.708333333333,1.92004166666667,0.67,714.390408333333,98.7140416666667,23.053375,-23.3334166666667,-32.3404166666667,444.630666666667,75.6625416666667,9.00675,84.6693333333333,0.001375,0.0504583333333333,159.516666666667,0.001375,8.9775,1.036375,75.38525,-9.28495833333333,NaN,NaN,500,33.5
2025-06-12 00:00:00,5036.5,13.2158333333333,9.47054166666667,65.3104166666667,1.93391666666667,185.708333333333,1.96708333333333,0.623,712.543879166667,82.092125,15.784125,-19.459875,-29.2691666666667,0.139722222222222,66.30775,9.809875,76.1184166666667,8.33333333333333e-05,0.004,170.166083333333,8.33333333333333e-05,0.78,0.0555,62.6309166666667,-13.4884583333333,NaN,NaN,500,31.15
2025-06-13 00:00:00,5060.5,13.22125,9.65295833333333,59.2033333333333,1.97745833333333,185.675,2.01183333333333,0.578,712.5467,68.8057083333333,14.5384583333333,-25.924625,-29.7147916666667,0.1319375,54.2676666666667,3.79141666666667,58.0618333333333,0,0,193.333333333333,0,0,0,42.8795833333333,-15.1762916666667,NaN,NaN,500,28.9
2025-06-14 00:00:00,5084.5,13.0754166666667,10.7894583333333,49.8275,2.02454166666667,189.595833333333,2.06379166666667,0.526291666666667,714.896625,116.834083333333,21.1299583333333,-34.0108333333333,-34.8672083333333,0.0138181818181818,95.685125,0.855416666666665,96.5452083333333,0.000125,0.00825,199.608333333333,0.000125,9.14583333333333,0.779166666666667,82.8065416666666,-13.7335416666667,NaN,NaN,500,26.3145833333333
2025-06-15 00:00:00,5108.5,13.1216666666667,11.2141666666667,47.9133333333333,2.07525,186.041666666667,2.11708333333333,0.472875,716.489779166667,109.665708333333,19.2885416666667,-34.4666666666667,-35.1449166666667,Inf,90.3649583333333,0.678000000000001,91.0489166666666,0.000208333333333333,0.0134583333333333,184.922916666667,0.000208333333333333,20.725,0,75.186625,-15.8554583333333,NaN,NaN,500,23.64375
2025-06-16 00:00:00,5132.5,13.1645833333333,11.1633333333333,45.9675,2.12745833333333,182.141666666667,2.17025,0.41975,714.3026375,86.1153333333333,14.505875,-29.545,-33.2839166666667,-0.0711052631578947,71.6090833333333,3.74075,75.3469166666667,0.002625,0.133583333333333,188.92125,0.002625,1.77291666666667,1.07929166666667,56.5753333333333,-18.778375,NaN,NaN,500,20.9875
2025-06-17 00:00:00,5156.5,13.1345833333333,7.68383333333334,71.6825,2.19133333333333,191.170833333333,2.22183333333333,0.3685,711.6335125,67.616125,14.06725,-20.5122916666667,-19.524625,Inf,53.5479583333333,-0.989583333333333,52.5615416666667,0.000791666666666667,0.0330833333333333,145.989875,0.000791666666666667,4.46208333333333,0.457583333333333,47.1069583333333,-5.45725,NaN,NaN,500,18.425
2025-06-18 00:00:00,5180.5,13.085,8.58279166666667,59.9225,2.2355,193.245833333333,2.27008333333333,0.319916666666667,714.847408333333,155.594583333333,24.6239583333333,-35.1925,-23.0763333333333,-0.156818181818182,130.973666666667,-12.115875,118.891833333333,0.0005,0.023875,186.0395,0.0005,2.28333333333333,0.24125,120.42325,1.54645833333333,NaN,NaN,500,15.9958333333333
2025-06-19 00:00:00,5204.5,13.1170833333333,13.3296666666667,42.47,2.28833333333333,192.0625,2.34316666666667,0.246833333333333,714.777770833333,155.838125,21.3925416666667,-38.27875,-33.1030833333333,Inf,134.446791666667,-5.17516666666666,129.289125,0.000916666666666667,0.0405416666666667,168.801416666667,0.000916666666666667,35.3504166666667,1.16595833333333,117.575208333333,-11.7120833333333,NaN,NaN,500,12.3416666666667
2025-06-20 00:00:00,5228.5,13.0179166666667,16.2429166666667,25.1633333333333,2.3785,185.204166666667,2.44825,0.141833333333333,709.012495833333,160.705583333333,19.95325,-42.845,-33.13,-Inf,140.763541666667,-9.71508333333333,131.028791666667,0.0489583333333333,0.335625,161.481833333333,0.0489583333333333,185.25625,14.5356666666667,117.888,-13.1735416666667,NaN,NaN,500,7.09166666666667
2025-06-21 00:00:00,5252.5,13.0079166666667,16.2629166666667,20.605,2.48325,190.016666666667,2.55608333333333,0.0341666666666667,706.830529166667,164.424125,17.4865833333333,-49.9254166666667,-26.0616666666667,0.155666666666667,146.926666666667,-23.8658333333333,123.056,0.00570833333333333,0.111791666666667,191.425583333333,0.00570833333333333,124.361708333333,6.27625,114.476125,-8.57420833333333,NaN,NaN,500,1.70833333333333
2025-06-22 00:00:00,5276.5,13.015,12.77025,34.8595833333333,2.54016666666667,196.358333333333,2.598625,-0.00916666666666668,708.298745833333,153.776708333333,15.2891666666667,-44.1670833333333,-10.9659166666667,Inf,138.517041666667,-33.19875,105.294458333333,0.00954166666666667,0.117125,146.647083333333,0.00954166666666667,97.0041666666667,7.31625,109.609541666667,4.31983333333333,NaN,NaN,500,-0.458333333333334
2025-06-23 00:00:00,5300.5,13.0041666666667,9.644625,52.8891666666667,2.55391666666667,202.083333333333,2.598,-0.00809068627450981,713.61535,161.042958333333,15.3235833333333,-41.9033333333333,-2.742625,Inf,145.736208333333,-39.1620833333333,106.583916666667,0.00525,0.0872083333333333,144.275375,0.00525,16.34875,3.14541666666667,119.13775,12.5795,NaN,NaN,500,-0.404534313725491
2025-06-24 00:00:00,5324.5,13.0708333333333,11.0341666666667,62.7283333333333,2.54666666666667,213.854166666667,2.59729166666667,-0.00940931372549021,714.763391666667,85.02925,8.79516666666667,-29.8466666666667,-4.875625,-0.127909090909091,76.2415,-24.9722916666667,51.2615416666667,0.000416666666666667,0.01775,147.00375,0.000416666666666667,5.81833333333333,1.38858333333333,55.1821666666667,3.91933333333333,NaN,NaN,500,-0.47046568627451
2025-06-25 00:00:00,5348.5,13.1391666666667,9.40504166666666,57.4970833333333,2.55404166666667,188.2,2.59745833333333,-0.0075,714.6281,77.3570833333333,8.52775,-28.29625,-3.28970833333333,Inf,68.8298333333333,-25.0054166666667,43.8216666666667,0.000833333333333333,0.0437916666666667,120.726375,0.000833333333333333,25.9125,2.05083333333333,49.061375,5.23775,NaN,NaN,500,-0.375
2025-06-26 00:00:00,5372.5,13.0875,9.61129166666666,54.6241666666667,2.54945833333333,198.845833333333,2.59345833333333,-0.00395833333333334,714.9927625,144.1905,13.5061666666667,-36.7170833333333,-2.10225,-0.15895652173913,130.670125,-34.6145833333333,96.0555416666667,0.00158333333333333,0.0690416666666667,180.365416666667,0.00158333333333333,10.948125,1.5335,107.454708333333,11.4039583333333,NaN,NaN,500,-0.197916666666667
2025-06-27 00:00:00,5396.5,13.0845833333333,11.3505416666667,47.40625,2.544,192.916666666667,2.59570833333333,-0.00620833333333334,715.099041666667,94.5732083333334,10.8554583333333,-35.7633333333333,-5.0055,-0.201181818181818,83.7115,-30.76,52.9515416666667,0.000375,0.0188333333333333,185.18875,0.000375,8.19583333333333,0.469166666666667,58.8053333333333,5.848875,NaN,NaN,500,-0.310416666666667
2025-06-28 00:00:00,5420.5,12.9895833333333,12.558125,40.3025,2.53308333333333,200.170833333333,2.590125,-0.00158333333333333,716.002441666667,154.377958333333,14.2198333333333,-38.51125,-4.82154166666667,-Inf,140.157375,-33.69,106.465916666667,0.00166666666666667,0.0519583333333333,157.075166666667,0.00166666666666667,26.2825,1.13429166666667,115.861,9.39454166666667,NaN,NaN,500,-0.0791666666666667
2025-06-29 00:00:00,5444.5,13.0333333333333,12.28,44.6433333333333,2.525875,217.175,2.58154166666667,0.00908333333333333,716.813683333333,122.090375,12.0242916666667,-38.7433333333333,-4.9985,Inf,110.03775,-33.7445833333333,76.309875,0.00225,0.0772083333333333,142.72125,0.00225,33.4316666666667,2.29125,83.3404166666667,7.02633333333333,NaN,NaN,500,0.454166666666667
2025-06-30 00:00:00,5468.5,12.9875,11.156,63.0191666666667,2.52008333333333,214.629166666667,2.57070833333333,0.018875,717.958345833333,155.592916666667,14.9965,-39.38625,-0.572666666666667,-0.0187727272727273,140.597541666667,-38.8116666666667,101.80225,0.000666666666666667,0.0337083333333333,174.6225,0.000666666666666667,16.0320833333333,0.66075,116.241333333333,14.42175,NaN,NaN,500,0.94375
2025-07-01 00:00:00,5492.5,13.1366666666667,13.3237083333333,51.7270833333333,2.50229166666667,224.316666666667,2.562125,0.0275833333333333,717.384495833333,95.18725,10.9925416666667,-32.86125,-5.278,-0.1036,84.1952916666667,-27.582375,56.6121666666667,0.00208333333333333,0.056125,141.751583333333,0.00208333333333333,6.13041666666667,1.62841666666667,62.3235,5.71545833333333,NaN,NaN,500,1.37916666666667
2025-07-02 00:00:00,5516.5,13.0670833333333,13.138375,53.5025,2.50016666666667,231.425,2.55929166666667,0.0298496376811594,715.747133333333,47.58725,5.5655,-24.3829166666667,-6.54779166666667,NaN,42.0270833333333,-17.8345833333333,24.187,0,0,146.656541666667,0,0,0,23.204,-0.982541666666667,NaN,NaN,NaN,NaN
2025-07-03 00:00:00,5540.5,12.9795833333333,12.5185,59.9225,2.50225,227.379166666667,2.55854166666667,0.0344420289855073,713.206741666667,96.8585416666667,9.76175,-26.1661666666667,-4.73725,-0.03435,87.1016666666666,-21.4287083333333,65.6728333333333,0,0,159.147791666667,0,0,0,70.6733333333333,5.0245,NaN,NaN,NaN,NaN
2025-07-04 00:00:00,5564.5,13.0375,11.3062083333333,79.085,2.49883333333333,226.554166666667,2.54983333333333,0.0410052083333333,714.324754166667,106.094708333333,10.1275,-18.9213333333333,-1.87970833333333,-0.0262777777777778,95.970125,-17.0414583333333,78.9310416666666,0.000458333333333333,0.0250416666666667,99.2639166666667,0.000458333333333333,26.1204166666667,0.351791666666667,87.1824166666666,8.24816666666667,NaN,NaN,NaN,NaN
2025-07-05 00:00:00,5588.5,13.0658333333333,11.4669583333333,66.5604166666667,2.49204166666667,231.554166666667,2.54354166666667,0.048853587962963,718.076120833333,100.161875,10.5305,-26.3391666666667,-3.90720833333333,-Inf,89.6177916666667,-22.4329166666667,67.1815416666667,0.000125,0.00566666666666667,201.51125,0.000125,14.79375,0.055375,73.8073333333333,6.62358333333334,NaN,NaN,NaN,NaN
2025-07-06 00:00:00,5612.5,13.0329166666667,10.23175,62.98125,2.49945833333333,233.995833333333,2.54545833333333,0.044365162037037,717.213741666667,81.7460416666667,9.35075,-31.5766666666667,-4.23304166666667,-0.112136363636364,72.3954166666667,-27.3445833333333,45.0490833333333,0,0,181.79375,0,0,0,50.1661666666667,5.11745833333333,NaN,NaN,NaN,NaN
2025-07-07 00:00:00,5636.5,13.025,11.8587916666667,47.65625,2.48566666666667,214.1,2.53841666666667,0.0512760416666667,717.278870833333,117.913541666667,12.8520416666667,-38.1845833333333,-7.78804166666667,-0.122045454545455,105.084166666667,-30.3979166666667,74.6939583333333,0.00145833333333333,0.0602083333333333,164.2875,0.00145833333333333,12.3341666666667,0.34175,79.7354166666667,5.06404166666667,NaN,NaN,NaN,NaN
2025-07-08 00:00:00,5660.5,13.065,13.032625,42.6766666666667,2.46529166666667,240.020833333333,2.522875,0.06775,719.677879166667,124.344208333333,13.2052916666667,-37.975,-8.27983333333333,-Inf,111.138958333333,-29.6958333333333,81.4619166666667,0.00441666666666667,0.117125,164.242083333333,0.00441666666666667,19.7775,3.14079166666667,86.3915,4.92570833333333,NaN,NaN,NaN,NaN
2025-07-09 00:00:00,5684.5,12.9975,15.2155,34.6820833333333,2.43958333333333,228.895833333333,2.50591666666667,0.0831666666666667,718.757725,127.806083333333,15.3308333333333,-38.7845833333333,-9.34929166666666,-0.0218421052631579,112.493541666667,-29.4365,83.0464166666666,0.00279166666666667,0.083375,168.2225,0.00279166666666667,8.47041666666667,1.771375,89.031875,5.98270833333333,NaN,NaN,NaN,NaN
2025-07-10 00:00:00,5708.5,13.09375,12.387625,57.3095833333333,2.445375,231.2,2.49995833333333,0.0892038043478261,715.385054166666,102.338875,12.025875,-28.6969166666667,-5.40679166666667,-0.0022857142857143,90.3075,-23.2903333333333,67.0194583333333,0.00120833333333333,0.0484583333333333,138.398375,0.00120833333333333,12.2416666666667,0.850041666666667,73.6399583333333,6.6185,NaN,NaN,NaN,NaN
2025-07-11 00:00:00,5732.5,13.1533333333333,11.8130833333333,60.6816666666667,2.41595833333333,274.879166666667,2.46741666666667,0.0913478260869565,715.204770833333,69.4182916666667,9.49879166666667,-27.9270833333333,-5.02204166666667,0.0426842105263158,59.92225,-22.904625,37.0205416666667,0.000416666666666667,0.01525,112.760083333333,0.000416666666666667,4.92166666666667,0.777083333333333,41.4946666666667,4.47725,NaN,NaN,NaN,NaN
2025-07-12 00:00:00,5756.5,13.0279166666667,13.323,55.0354166666667,2.43745833333333,239.95,2.49570833333333,0.0973962862318841,716.093645833333,102.693333333333,14.172875,-34.5587083333333,-5.65175,0.162833333333333,88.5225,-28.9077916666667,59.6154166666667,0.00191666666666667,0.0710416666666667,136.619,0.00191666666666667,20.8179166666667,3.72775,68.1395416666667,8.51866666666667,NaN,NaN,NaN,NaN
2025-07-13 00:00:00,5780.5,13.1079166666667,13.4855,50.1670833333333,2.42945833333333,246.254166666667,2.48841666666667,0.0998854166666667,717.800833333333,78.931625,10.75325,-29.4858333333333,-6.884875,-727.246772727273,68.1809583333334,-22.6016666666667,45.583625,0.000375,0.0185,140.133208333333,0.000375,5.625,0.74875,49.4508333333333,3.86875,NaN,NaN,NaN,NaN
2025-07-14 00:00:00,5804.5,13.0325,12.419,63.05375,2.435625,227.3625,2.49004166666667,0.100822916666667,717.056491666667,63.582125,9.15766666666667,-25.7067916666667,-4.547875,0.0238888888888889,54.42025,-21.15925,33.2687083333333,0.000125,0.00783333333333333,162.445833333333,0.000125,3.4875,0,37.8705,4.60945833333334,NaN,NaN,NaN,NaN
2025-07-15 00:00:00,5828.5,13.0904166666667,13.56875,45.0520833333333,2.42391666666667,232.091666666667,2.48304166666667,0.107695465686274,714.826320833333,108.9065,15.6207916666667,-37.5283333333333,-7.61470833333333,-0.0933809523809524,93.27375,-29.9129166666667,63.356375,0.00354166666666667,0.0638333333333333,151.581208333333,0.00354166666666667,11.6004166666667,5.57208333333333,71.36175,8.00554166666667,NaN,NaN,NaN,NaN
2025-07-16 00:00:00,5852.5,13.0245833333333,13.659,53.17,2.41920833333333,245.541666666667,2.47879166666667,0.115275888480392,714.585116666667,103.658291666667,13.1816666666667,-27.781,-5.91025,Inf,90.4872083333333,-21.8710833333333,68.6134583333333,0.000958333333333333,0.044,151.653416666667,0.000958333333333333,5.95429166666667,1.52575,75.88425,7.271625,NaN,NaN,NaN,NaN
2025-07-17 00:00:00,5871,13.0084615384615,10.4606153846154,63.5376923076923,2.43453846153846,244.776923076923,2.48030769230769,0.105456730769231,715.255715384615,66.2863846153846,12.5867692307692,-29.2115384615385,-2.46176923076923,0.154333333333333,53.6915384615385,-26.7492307692308,26.9407692307692,7.69230769230769e-05,0.00461538461538461,144.966153846154,7.69230769230769e-05,3.37923076923077,0.0684615384615385,37.0653076923077,10.1257692307692,NaN,NaN,NaN,NaN
